Fecha,CCAA,Tipo_Producto,Producto_slug,Consumo_Tm
2023-01,Andalucía,BIODIESEL,Biodiesel,0
2023-01,Andalucía,BIOETANOL,Bioetanol,0
2023-01,Andalucía,FUELÓLEO  BIA,Fueloleo_BIA,4099
2023-01,Andalucía,GLP,GLP,30252
2023-01,Andalucía,GASÓLEO A,GasoleoA,246092
2023-01,Andalucía,GASÓLEO B,GasoleoB,50637
2023-01,Andalucía,GASÓLEO C,GasoleoC,6946
2023-01,Andalucía,GASOLINA  AUTO. S/PB 95 I.O.,Gasolina95,58488
2023-01,Andalucía,GASOLINA  AUTO. S/PB 98 I.O.,Gasolina98,2240
2023-01,Andalucía,OTRAS GASOLINAS,OtrasGasolinas,64
2023-01,Andalucía,OTROS FUELÓLEOS,OtrosFueloleos,251765
2023-01,Andalucía,OTROS GASOLEOS,OtrosGasoleos,71233
2023-01,Andalucía,OTROS QUEROSENOS,OtrosQueroseno,0
2023-01,Andalucía,QUEROSENO AVIACIÓN,QuerosenoAviacion,34932
2023-01,Aragón,BIODIESEL,Biodiesel,0
2023-01,Aragón,BIOETANOL,Bioetanol,0
2023-01,Aragón,FUELÓLEO  BIA,Fueloleo_BIA,518
2023-01,Aragón,GLP,GLP,6508
2023-01,Aragón,GASÓLEO A,GasoleoA,57680
2023-01,Aragón,GASÓLEO B,GasoleoB,21393
2023-01,Aragón,GASÓLEO C,GasoleoC,10629
2023-01,Aragón,GASOLINA  AUTO. S/PB 95 I.O.,Gasolina95,10232
2023-01,Aragón,GASOLINA  AUTO. S/PB 98 I.O.,Gasolina98,334
2023-01,Aragón,OTRAS GASOLINAS,OtrasGasolinas,2
2023-01,Aragón,OTROS FUELÓLEOS,OtrosFueloleos,0
2023-01,Aragón,OTROS GASOLEOS,OtrosGasoleos,17
2023-01,Aragón,OTROS QUEROSENOS,OtrosQueroseno,1
2023-01,Aragón,QUEROSENO AVIACIÓN,QuerosenoAviacion,5255
2023-01,"Asturias, Principado de",BIODIESEL,Biodiesel,0
2023-01,"Asturias, Principado de",BIOETANOL,Bioetanol,0
2023-01,"Asturias, Principado de",FUELÓLEO  BIA,Fueloleo_BIA,7370
2023-01,"Asturias, Principado de",GLP,GLP,3208
2023-01,"Asturias, Principado de",GASÓLEO A,GasoleoA,28805
2023-01,"Asturias, Principado de",GASÓLEO B,GasoleoB,6562
2023-01,"Asturias, Principado de",GASÓLEO C,GasoleoC,3702
2023-01,"Asturias, Principado de",GASOLINA  AUTO. S/PB 95 I.O.,Gasolina95,6378
2023-01,"Asturias, Principado de",GASOLINA  AUTO. S/PB 98 I.O.,Gasolina98,330
2023-01,"Asturias, Principado de",OTRAS GASOLINAS,OtrasGasolinas,3
2023-01,"Asturias, Principado de",OTROS FUELÓLEOS,OtrosFueloleos,481
2023-01,"Asturias, Principado de",OTROS GASOLEOS,OtrosGasoleos,3926
2023-01,"Asturias, Principado de",OTROS QUEROSENOS,OtrosQueroseno,0
2023-01,"Asturias, Principado de",QUEROSENO AVIACIÓN,QuerosenoAviacion,1133
2023-01,"Balears, Illes",BIODIESEL,Biodiesel,0
2023-01,"Balears, Illes",BIOETANOL,Bioetanol,0
2023-01,"Balears, Illes",FUELÓLEO  BIA,Fueloleo_BIA,25
2023-01,"Balears, Illes",GLP,GLP,4545
2023-01,"Balears, Illes",GASÓLEO A,GasoleoA,19729
2023-01,"Balears, Illes",GASÓLEO B,GasoleoB,4459
2023-01,"Balears, Illes",GASÓLEO C,GasoleoC,19160
2023-01,"Balears, Illes",GASOLINA  AUTO. S/PB 95 I.O.,Gasolina95,12625
2023-01,"Balears, Illes",GASOLINA  AUTO. S/PB 98 I.O.,Gasolina98,547
2023-01,"Balears, Illes",OTRAS GASOLINAS,OtrasGasolinas,13
2023-01,"Balears, Illes",OTROS FUELÓLEOS,OtrosFueloleos,0
2023-01,"Balears, Illes",OTROS GASOLEOS,OtrosGasoleos,1844
2023-01,"Balears, Illes",OTROS QUEROSENOS,OtrosQueroseno,0
2023-01,"Balears, Illes",QUEROSENO AVIACIÓN,QuerosenoAviacion,12237
2023-01,Canarias,BIODIESEL,Biodiesel,0
2023-01,Canarias,BIOETANOL,Bioetanol,0
2023-01,Canarias,FUELÓLEO  BIA,Fueloleo_BIA,63447
2023-01,Canarias,GLP,GLP,7453
2023-01,Canarias,GASÓLEO A,GasoleoA,49936
2023-01,Canarias,GASÓLEO B,GasoleoB,0
2023-01,Canarias,GASÓLEO C,GasoleoC,0
2023-01,Canarias,GASOLINA  AUTO. S/PB 95 I.O.,Gasolina95,33996
2023-01,Canarias,GASOLINA  AUTO. S/PB 98 I.O.,Gasolina98,7349
2023-01,Canarias,OTRAS GASOLINAS,OtrasGasolinas,6
2023-01,Canarias,OTROS FUELÓLEOS,OtrosFueloleos,100122
2023-01,Canarias,OTROS GASOLEOS,OtrosGasoleos,133781
2023-01,Canarias,OTROS QUEROSENOS,OtrosQueroseno,1
2023-01,Canarias,QUEROSENO AVIACIÓN,QuerosenoAviacion,106337
2023-01,Cantabria,BIODIESEL,Biodiesel,0
2023-01,Cantabria,BIOETANOL,Bioetanol,0
2023-01,Cantabria,FUELÓLEO  BIA,Fueloleo_BIA,524
2023-01,Cantabria,GLP,GLP,2352
2023-01,Cantabria,GASÓLEO A,GasoleoA,20423
2023-01,Cantabria,GASÓLEO B,GasoleoB,4306
2023-01,Cantabria,GASÓLEO C,GasoleoC,289
2023-01,Cantabria,GASOLINA  AUTO. S/PB 95 I.O.,Gasolina95,4390
2023-01,Cantabria,GASOLINA  AUTO. S/PB 98 I.O.,Gasolina98,146
2023-01,Cantabria,OTRAS GASOLINAS,OtrasGasolinas,1
2023-01,Cantabria,OTROS FUELÓLEOS,OtrosFueloleos,0
2023-01,Cantabria,OTROS GASOLEOS,OtrosGasoleos,286
2023-01,Cantabria,OTROS QUEROSENOS,OtrosQueroseno,0
2023-01,Cantabria,QUEROSENO AVIACIÓN,QuerosenoAviacion,782
2023-01,Castilla - La Mancha,BIODIESEL,Biodiesel,0
2023-01,Castilla - La Mancha,BIOETANOL,Bioetanol,0
2023-01,Castilla - La Mancha,FUELÓLEO  BIA,Fueloleo_BIA,2532
2023-01,Castilla - La Mancha,GLP,GLP,7966
2023-01,Castilla - La Mancha,GASÓLEO A,GasoleoA,92295
2023-01,Castilla - La Mancha,GASÓLEO B,GasoleoB,44238
2023-01,Castilla - La Mancha,GASÓLEO C,GasoleoC,14607
2023-01,Castilla - La Mancha,GASOLINA  AUTO. S/PB 95 I.O.,Gasolina95,14944
2023-01,Castilla - La Mancha,GASOLINA  AUTO. S/PB 98 I.O.,Gasolina98,503
2023-01,Castilla - La Mancha,OTRAS GASOLINAS,OtrasGasolinas,27
2023-01,Castilla - La Mancha,OTROS FUELÓLEOS,OtrosFueloleos,0
2023-01,Castilla - La Mancha,OTROS GASOLEOS,OtrosGasoleos,0
2023-01,Castilla - La Mancha,OTROS QUEROSENOS,OtrosQueroseno,0
2023-01,Castilla - La Mancha,QUEROSENO AVIACIÓN,QuerosenoAviacion,144
2023-01,Castilla y León,BIODIESEL,Biodiesel,0
2023-01,Castilla y León,BIOETANOL,Bioetanol,0
2023-01,Castilla y León,FUELÓLEO  BIA,Fueloleo_BIA,1255
2023-01,Castilla y León,GLP,GLP,9088
2023-01,Castilla y León,GASÓLEO A,GasoleoA,114070
2023-01,Castilla y León,GASÓLEO B,GasoleoB,39849
2023-01,Castilla y León,GASÓLEO C,GasoleoC,18258
2023-01,Castilla y León,GASOLINA  AUTO. S/PB 95 I.O.,Gasolina95,18051
2023-01,Castilla y León,GASOLINA  AUTO. S/PB 98 I.O.,Gasolina98,746
2023-01,Castilla y León,OTRAS GASOLINAS,OtrasGasolinas,18
2023-01,Castilla y León,OTROS FUELÓLEOS,OtrosFueloleos,0
2023-01,Castilla y León,OTROS GASOLEOS,OtrosGasoleos,0
2023-01,Castilla y León,OTROS QUEROSENOS,OtrosQueroseno,0
2023-01,Castilla y León,QUEROSENO AVIACIÓN,QuerosenoAviacion,153
2023-01,Cataluña,BIODIESEL,Biodiesel,85
2023-01,Cataluña,BIOETANOL,Bioetanol,0
2023-01,Cataluña,FUELÓLEO  BIA,Fueloleo_BIA,1385
2023-01,Cataluña,GLP,GLP,25202
2023-01,Cataluña,GASÓLEO A,GasoleoA,272954
2023-01,Cataluña,GASÓLEO B,GasoleoB,41870
2023-01,Cataluña,GASÓLEO C,GasoleoC,10906
2023-01,Cataluña,GASOLINA  AUTO. S/PB 95 I.O.,Gasolina95,67508
2023-01,Cataluña,GASOLINA  AUTO. S/PB 98 I.O.,Gasolina98,2929
2023-01,Cataluña,OTRAS GASOLINAS,OtrasGasolinas,52
2023-01,Cataluña,OTROS FUELÓLEOS,OtrosFueloleos,67314
2023-01,Cataluña,OTROS GASOLEOS,OtrosGasoleos,42626
2023-01,Cataluña,OTROS QUEROSENOS,OtrosQueroseno,3
2023-01,Cataluña,QUEROSENO AVIACIÓN,QuerosenoAviacion,69480
2023-01,Ceuta,BIODIESEL,Biodiesel,0
2023-01,Ceuta,BIOETANOL,Bioetanol,0
2023-01,Ceuta,FUELÓLEO  BIA,Fueloleo_BIA,2500
2023-01,Ceuta,GLP,GLP,245
2023-01,Ceuta,GASÓLEO A,GasoleoA,1009
2023-01,Ceuta,GASÓLEO B,GasoleoB,0
2023-01,Ceuta,GASÓLEO C,GasoleoC,1281
2023-01,Ceuta,GASOLINA  AUTO. S/PB 95 I.O.,Gasolina95,446
2023-01,Ceuta,GASOLINA  AUTO. S/PB 98 I.O.,Gasolina98,44
2023-01,Ceuta,OTRAS GASOLINAS,OtrasGasolinas,0
2023-01,Ceuta,OTROS FUELÓLEOS,OtrosFueloleos,7127
2023-01,Ceuta,OTROS GASOLEOS,OtrosGasoleos,4504
2023-01,Ceuta,OTROS QUEROSENOS,OtrosQueroseno,0
2023-01,Ceuta,QUEROSENO AVIACIÓN,QuerosenoAviacion,54
2023-01,Comunitat Valenciana,BIODIESEL,Biodiesel,52
2023-01,Comunitat Valenciana,BIOETANOL,Bioetanol,0
2023-01,Comunitat Valenciana,FUELÓLEO  BIA,Fueloleo_BIA,321
2023-01,Comunitat Valenciana,GLP,GLP,18180
2023-01,Comunitat Valenciana,GASÓLEO A,GasoleoA,144586
2023-01,Comunitat Valenciana,GASÓLEO B,GasoleoB,19038
2023-01,Comunitat Valenciana,GASÓLEO C,GasoleoC,3429
2023-01,Comunitat Valenciana,GASOLINA  AUTO. S/PB 95 I.O.,Gasolina95,42263
2023-01,Comunitat Valenciana,GASOLINA  AUTO. S/PB 98 I.O.,Gasolina98,1548
2023-01,Comunitat Valenciana,OTRAS GASOLINAS,OtrasGasolinas,44
2023-01,Comunitat Valenciana,OTROS FUELÓLEOS,OtrosFueloleos,21906
2023-01,Comunitat Valenciana,OTROS GASOLEOS,OtrosGasoleos,18202
2023-01,Comunitat Valenciana,OTROS QUEROSENOS,OtrosQueroseno,0
2023-01,Comunitat Valenciana,QUEROSENO AVIACIÓN,QuerosenoAviacion,25642
2023-01,ESPAÑA,BIODIESEL,Biodiesel,167
2023-01,ESPAÑA,BIOETANOL,Bioetanol,0
2023-01,ESPAÑA,FUELÓLEO  BIA,Fueloleo_BIA,102129
2023-01,ESPAÑA,GLP,GLP,165346
2023-01,ESPAÑA,GASÓLEO A,GasoleoA,1569235
2023-01,ESPAÑA,GASÓLEO B,GasoleoB,317668
2023-01,ESPAÑA,GASÓLEO C,GasoleoC,141175
2023-01,ESPAÑA,GASOLINA  AUTO. S/PB 95 I.O.,Gasolina95,377544
2023-01,ESPAÑA,GASOLINA  AUTO. S/PB 98 I.O.,Gasolina98,20565
2023-01,ESPAÑA,OTRAS GASOLINAS,OtrasGasolinas,287
2023-01,ESPAÑA,OTROS FUELÓLEOS,OtrosFueloleos,451560
2023-01,ESPAÑA,OTROS GASOLEOS,OtrosGasoleos,290392
2023-01,ESPAÑA,OTROS QUEROSENOS,OtrosQueroseno,9
2023-01,ESPAÑA,QUEROSENO AVIACIÓN,QuerosenoAviacion,443010
2023-01,Extremadura,BIODIESEL,Biodiesel,0
2023-01,Extremadura,BIOETANOL,Bioetanol,0
2023-01,Extremadura,FUELÓLEO  BIA,Fueloleo_BIA,402
2023-01,Extremadura,GLP,GLP,6397
2023-01,Extremadura,GASÓLEO A,GasoleoA,47073
2023-01,Extremadura,GASÓLEO B,GasoleoB,8931
2023-01,Extremadura,GASÓLEO C,GasoleoC,2130
2023-01,Extremadura,GASOLINA  AUTO. S/PB 95 I.O.,Gasolina95,6791
2023-01,Extremadura,GASOLINA  AUTO. S/PB 98 I.O.,Gasolina98,187
2023-01,Extremadura,OTRAS GASOLINAS,OtrasGasolinas,1
2023-01,Extremadura,OTROS FUELÓLEOS,OtrosFueloleos,0
2023-01,Extremadura,OTROS GASOLEOS,OtrosGasoleos,0
2023-01,Extremadura,OTROS QUEROSENOS,OtrosQueroseno,0
2023-01,Extremadura,QUEROSENO AVIACIÓN,QuerosenoAviacion,49
2023-01,Galicia,BIODIESEL,Biodiesel,0
2023-01,Galicia,BIOETANOL,Bioetanol,0
2023-01,Galicia,FUELÓLEO  BIA,Fueloleo_BIA,13729
2023-01,Galicia,GLP,GLP,12933
2023-01,Galicia,GASÓLEO A,GasoleoA,94526
2023-01,Galicia,GASÓLEO B,GasoleoB,18741
2023-01,Galicia,GASÓLEO C,GasoleoC,21054
2023-01,Galicia,GASOLINA  AUTO. S/PB 95 I.O.,Gasolina95,17363
2023-01,Galicia,GASOLINA  AUTO. S/PB 98 I.O.,Gasolina98,734
2023-01,Galicia,OTRAS GASOLINAS,OtrasGasolinas,4
2023-01,Galicia,OTROS FUELÓLEOS,OtrosFueloleos,2603
2023-01,Galicia,OTROS GASOLEOS,OtrosGasoleos,11536
2023-01,Galicia,OTROS QUEROSENOS,OtrosQueroseno,0
2023-01,Galicia,QUEROSENO AVIACIÓN,QuerosenoAviacion,4360
2023-01,"Madrid, Comunidad de",BIODIESEL,Biodiesel,26
2023-01,"Madrid, Comunidad de",BIOETANOL,Bioetanol,0
2023-01,"Madrid, Comunidad de",FUELÓLEO  BIA,Fueloleo_BIA,230
2023-01,"Madrid, Comunidad de",GLP,GLP,13985
2023-01,"Madrid, Comunidad de",GASÓLEO A,GasoleoA,135631
2023-01,"Madrid, Comunidad de",GASÓLEO B,GasoleoB,20336
2023-01,"Madrid, Comunidad de",GASÓLEO C,GasoleoC,17571
2023-01,"Madrid, Comunidad de",GASOLINA  AUTO. S/PB 95 I.O.,Gasolina95,53184
2023-01,"Madrid, Comunidad de",GASOLINA  AUTO. S/PB 98 I.O.,Gasolina98,1731
2023-01,"Madrid, Comunidad de",OTRAS GASOLINAS,OtrasGasolinas,50
2023-01,"Madrid, Comunidad de",OTROS FUELÓLEOS,OtrosFueloleos,38
2023-01,"Madrid, Comunidad de",OTROS GASOLEOS,OtrosGasoleos,0
2023-01,"Madrid, Comunidad de",OTROS QUEROSENOS,OtrosQueroseno,0
2023-01,"Madrid, Comunidad de",QUEROSENO AVIACIÓN,QuerosenoAviacion,176030
2023-01,Melilla,BIODIESEL,Biodiesel,0
2023-01,Melilla,BIOETANOL,Bioetanol,0
2023-01,Melilla,FUELÓLEO  BIA,Fueloleo_BIA,2330
2023-01,Melilla,GLP,GLP,227
2023-01,Melilla,GASÓLEO A,GasoleoA,1042
2023-01,Melilla,GASÓLEO B,GasoleoB,0
2023-01,Melilla,GASÓLEO C,GasoleoC,0
2023-01,Melilla,GASOLINA  AUTO. S/PB 95 I.O.,Gasolina95,474
2023-01,Melilla,GASOLINA  AUTO. S/PB 98 I.O.,Gasolina98,0
2023-01,Melilla,OTRAS GASOLINAS,OtrasGasolinas,0
2023-01,Melilla,OTROS FUELÓLEOS,OtrosFueloleos,0
2023-01,Melilla,OTROS GASOLEOS,OtrosGasoleos,0
2023-01,Melilla,OTROS QUEROSENOS,OtrosQueroseno,0
2023-01,Melilla,QUEROSENO AVIACIÓN,QuerosenoAviacion,133
2023-01,"Murcia, Región de",BIODIESEL,Biodiesel,0
2023-01,"Murcia, Región de",BIOETANOL,Bioetanol,0
2023-01,"Murcia, Región de",FUELÓLEO  BIA,Fueloleo_BIA,421
2023-01,"Murcia, Región de",GLP,GLP,5330
2023-01,"Murcia, Región de",GASÓLEO A,GasoleoA,65694
2023-01,"Murcia, Región de",GASÓLEO B,GasoleoB,11571
2023-01,"Murcia, Región de",GASÓLEO C,GasoleoC,910
2023-01,"Murcia, Región de",GASOLINA  AUTO. S/PB 95 I.O.,Gasolina95,10265
2023-01,"Murcia, Región de",GASOLINA  AUTO. S/PB 98 I.O.,Gasolina98,388
2023-01,"Murcia, Región de",OTRAS GASOLINAS,OtrasGasolinas,0
2023-01,"Murcia, Región de",OTROS FUELÓLEOS,OtrosFueloleos,204
2023-01,"Murcia, Región de",OTROS GASOLEOS,OtrosGasoleos,1116
2023-01,"Murcia, Región de",OTROS QUEROSENOS,OtrosQueroseno,0
2023-01,"Murcia, Región de",QUEROSENO AVIACIÓN,QuerosenoAviacion,415
2023-01,"Navarra, Comunidad Foral de",BIODIESEL,Biodiesel,0
2023-01,"Navarra, Comunidad Foral de",BIOETANOL,Bioetanol,0
2023-01,"Navarra, Comunidad Foral de",FUELÓLEO  BIA,Fueloleo_BIA,227
2023-01,"Navarra, Comunidad Foral de",GLP,GLP,3720
2023-01,"Navarra, Comunidad Foral de",GASÓLEO A,GasoleoA,47704
2023-01,"Navarra, Comunidad Foral de",GASÓLEO B,GasoleoB,7874
2023-01,"Navarra, Comunidad Foral de",GASÓLEO C,GasoleoC,908
2023-01,"Navarra, Comunidad Foral de",GASOLINA  AUTO. S/PB 95 I.O.,Gasolina95,4797
2023-01,"Navarra, Comunidad Foral de",GASOLINA  AUTO. S/PB 98 I.O.,Gasolina98,133
2023-01,"Navarra, Comunidad Foral de",OTRAS GASOLINAS,OtrasGasolinas,1
2023-01,"Navarra, Comunidad Foral de",OTROS FUELÓLEOS,OtrosFueloleos,0
2023-01,"Navarra, Comunidad Foral de",OTROS GASOLEOS,OtrosGasoleos,0
2023-01,"Navarra, Comunidad Foral de",OTROS QUEROSENOS,OtrosQueroseno,0
2023-01,"Navarra, Comunidad Foral de",QUEROSENO AVIACIÓN,QuerosenoAviacion,63
2023-01,País Vasco,BIODIESEL,Biodiesel,4
2023-01,País Vasco,BIOETANOL,Bioetanol,0
2023-01,País Vasco,FUELÓLEO  BIA,Fueloleo_BIA,733
2023-01,País Vasco,GLP,GLP,7044
2023-01,País Vasco,GASÓLEO A,GasoleoA,119752
2023-01,País Vasco,GASÓLEO B,GasoleoB,14602
2023-01,País Vasco,GASÓLEO C,GasoleoC,7499
2023-01,País Vasco,GASOLINA  AUTO. S/PB 95 I.O.,Gasolina95,13659
2023-01,País Vasco,GASOLINA  AUTO. S/PB 98 I.O.,Gasolina98,617
2023-01,País Vasco,OTRAS GASOLINAS,OtrasGasolinas,1
2023-01,País Vasco,OTROS FUELÓLEOS,OtrosFueloleos,0
2023-01,País Vasco,OTROS GASOLEOS,OtrosGasoleos,1321
2023-01,País Vasco,OTROS QUEROSENOS,OtrosQueroseno,4
2023-01,País Vasco,QUEROSENO AVIACIÓN,QuerosenoAviacion,5810
2023-01,"Rioja, La",BIODIESEL,Biodiesel,0
2023-01,"Rioja, La",BIOETANOL,Bioetanol,0
2023-01,"Rioja, La",FUELÓLEO  BIA,Fueloleo_BIA,81
2023-01,"Rioja, La",GLP,GLP,711
2023-01,"Rioja, La",GASÓLEO A,GasoleoA,10234
2023-01,"Rioja, La",GASÓLEO B,GasoleoB,3261
2023-01,"Rioja, La",GASÓLEO C,GasoleoC,1896
2023-01,"Rioja, La",GASOLINA  AUTO. S/PB 95 I.O.,Gasolina95,1690
2023-01,"Rioja, La",GASOLINA  AUTO. S/PB 98 I.O.,Gasolina98,59
2023-01,"Rioja, La",OTRAS GASOLINAS,OtrasGasolinas,0
2023-01,"Rioja, La",OTROS FUELÓLEOS,OtrosFueloleos,0
2023-01,"Rioja, La",OTROS GASOLEOS,OtrosGasoleos,0
2023-01,"Rioja, La",OTROS QUEROSENOS,OtrosQueroseno,0
2023-01,"Rioja, La",QUEROSENO AVIACIÓN,QuerosenoAviacion,1
2023-02,Andalucía,BIODIESEL,Biodiesel,0
2023-02,Andalucía,BIOETANOL,Bioetanol,0
2023-02,Andalucía,FUELÓLEO  BIA,Fueloleo_BIA,2104
2023-02,Andalucía,GLP,GLP,28534
2023-02,Andalucía,GASÓLEO A,GasoleoA,261675
2023-02,Andalucía,GASÓLEO B,GasoleoB,54911
2023-02,Andalucía,GASÓLEO C,GasoleoC,8022
2023-02,Andalucía,GASOLINA  AUTO. S/PB 95 I.O.,Gasolina95,60259
2023-02,Andalucía,GASOLINA  AUTO. S/PB 98 I.O.,Gasolina98,2362
2023-02,Andalucía,OTRAS GASOLINAS,OtrasGasolinas,77
2023-02,Andalucía,OTROS FUELÓLEOS,OtrosFueloleos,204789
2023-02,Andalucía,OTROS GASOLEOS,OtrosGasoleos,46966
2023-02,Andalucía,OTROS QUEROSENOS,OtrosQueroseno,0
2023-02,Andalucía,QUEROSENO AVIACIÓN,QuerosenoAviacion,32623
2023-02,Aragón,BIODIESEL,Biodiesel,0
2023-02,Aragón,BIOETANOL,Bioetanol,0
2023-02,Aragón,FUELÓLEO  BIA,Fueloleo_BIA,503
2023-02,Aragón,GLP,GLP,7047
2023-02,Aragón,GASÓLEO A,GasoleoA,63296
2023-02,Aragón,GASÓLEO B,GasoleoB,25029
2023-02,Aragón,GASÓLEO C,GasoleoC,14796
2023-02,Aragón,GASOLINA  AUTO. S/PB 95 I.O.,Gasolina95,11285
2023-02,Aragón,GASOLINA  AUTO. S/PB 98 I.O.,Gasolina98,368
2023-02,Aragón,OTRAS GASOLINAS,OtrasGasolinas,2
2023-02,Aragón,OTROS FUELÓLEOS,OtrosFueloleos,0
2023-02,Aragón,OTROS GASOLEOS,OtrosGasoleos,17
2023-02,Aragón,OTROS QUEROSENOS,OtrosQueroseno,0
2023-02,Aragón,QUEROSENO AVIACIÓN,QuerosenoAviacion,5103
2023-02,"Asturias, Principado de",BIODIESEL,Biodiesel,0
2023-02,"Asturias, Principado de",BIOETANOL,Bioetanol,0
2023-02,"Asturias, Principado de",FUELÓLEO  BIA,Fueloleo_BIA,6203
2023-02,"Asturias, Principado de",GLP,GLP,3539
2023-02,"Asturias, Principado de",GASÓLEO A,GasoleoA,31707
2023-02,"Asturias, Principado de",GASÓLEO B,GasoleoB,8094
2023-02,"Asturias, Principado de",GASÓLEO C,GasoleoC,4833
2023-02,"Asturias, Principado de",GASOLINA  AUTO. S/PB 95 I.O.,Gasolina95,7149
2023-02,"Asturias, Principado de",GASOLINA  AUTO. S/PB 98 I.O.,Gasolina98,374
2023-02,"Asturias, Principado de",OTRAS GASOLINAS,OtrasGasolinas,2
2023-02,"Asturias, Principado de",OTROS FUELÓLEOS,OtrosFueloleos,533
2023-02,"Asturias, Principado de",OTROS GASOLEOS,OtrosGasoleos,2734
2023-02,"Asturias, Principado de",OTROS QUEROSENOS,OtrosQueroseno,0
2023-02,"Asturias, Principado de",QUEROSENO AVIACIÓN,QuerosenoAviacion,1115
2023-02,"Balears, Illes",BIODIESEL,Biodiesel,0
2023-02,"Balears, Illes",BIOETANOL,Bioetanol,0
2023-02,"Balears, Illes",FUELÓLEO  BIA,Fueloleo_BIA,50
2023-02,"Balears, Illes",GLP,GLP,5025
2023-02,"Balears, Illes",GASÓLEO A,GasoleoA,23260
2023-02,"Balears, Illes",GASÓLEO B,GasoleoB,4461
2023-02,"Balears, Illes",GASÓLEO C,GasoleoC,14556
2023-02,"Balears, Illes",GASOLINA  AUTO. S/PB 95 I.O.,Gasolina95,14371
2023-02,"Balears, Illes",GASOLINA  AUTO. S/PB 98 I.O.,Gasolina98,625
2023-02,"Balears, Illes",OTRAS GASOLINAS,OtrasGasolinas,11
2023-02,"Balears, Illes",OTROS FUELÓLEOS,OtrosFueloleos,0
2023-02,"Balears, Illes",OTROS GASOLEOS,OtrosGasoleos,1531
2023-02,"Balears, Illes",OTROS QUEROSENOS,OtrosQueroseno,0
2023-02,"Balears, Illes",QUEROSENO AVIACIÓN,QuerosenoAviacion,11871
2023-02,Canarias,BIODIESEL,Biodiesel,0
2023-02,Canarias,BIOETANOL,Bioetanol,0
2023-02,Canarias,FUELÓLEO  BIA,Fueloleo_BIA,49987
2023-02,Canarias,GLP,GLP,7282
2023-02,Canarias,GASÓLEO A,GasoleoA,50882
2023-02,Canarias,GASÓLEO B,GasoleoB,0
2023-02,Canarias,GASÓLEO C,GasoleoC,0
2023-02,Canarias,GASOLINA  AUTO. S/PB 95 I.O.,Gasolina95,32361
2023-02,Canarias,GASOLINA  AUTO. S/PB 98 I.O.,Gasolina98,7086
2023-02,Canarias,OTRAS GASOLINAS,OtrasGasolinas,5
2023-02,Canarias,OTROS FUELÓLEOS,OtrosFueloleos,101701
2023-02,Canarias,OTROS GASOLEOS,OtrosGasoleos,166680
2023-02,Canarias,OTROS QUEROSENOS,OtrosQueroseno,6
2023-02,Canarias,QUEROSENO AVIACIÓN,QuerosenoAviacion,95555
2023-02,Cantabria,BIODIESEL,Biodiesel,0
2023-02,Cantabria,BIOETANOL,Bioetanol,0
2023-02,Cantabria,FUELÓLEO  BIA,Fueloleo_BIA,485
2023-02,Cantabria,GLP,GLP,2983
2023-02,Cantabria,GASÓLEO A,GasoleoA,22830
2023-02,Cantabria,GASÓLEO B,GasoleoB,5808
2023-02,Cantabria,GASÓLEO C,GasoleoC,361
2023-02,Cantabria,GASOLINA  AUTO. S/PB 95 I.O.,Gasolina95,4946
2023-02,Cantabria,GASOLINA  AUTO. S/PB 98 I.O.,Gasolina98,214
2023-02,Cantabria,OTRAS GASOLINAS,OtrasGasolinas,1
2023-02,Cantabria,OTROS FUELÓLEOS,OtrosFueloleos,0
2023-02,Cantabria,OTROS GASOLEOS,OtrosGasoleos,382
2023-02,Cantabria,OTROS QUEROSENOS,OtrosQueroseno,0
2023-02,Cantabria,QUEROSENO AVIACIÓN,QuerosenoAviacion,664
2023-02,Castilla - La Mancha,BIODIESEL,Biodiesel,0
2023-02,Castilla - La Mancha,BIOETANOL,Bioetanol,0
2023-02,Castilla - La Mancha,FUELÓLEO  BIA,Fueloleo_BIA,405
2023-02,Castilla - La Mancha,GLP,GLP,7808
2023-02,Castilla - La Mancha,GASÓLEO A,GasoleoA,97967
2023-02,Castilla - La Mancha,GASÓLEO B,GasoleoB,48290
2023-02,Castilla - La Mancha,GASÓLEO C,GasoleoC,21221
2023-02,Castilla - La Mancha,GASOLINA  AUTO. S/PB 95 I.O.,Gasolina95,15856
2023-02,Castilla - La Mancha,GASOLINA  AUTO. S/PB 98 I.O.,Gasolina98,544
2023-02,Castilla - La Mancha,OTRAS GASOLINAS,OtrasGasolinas,3
2023-02,Castilla - La Mancha,OTROS FUELÓLEOS,OtrosFueloleos,0
2023-02,Castilla - La Mancha,OTROS GASOLEOS,OtrosGasoleos,0
2023-02,Castilla - La Mancha,OTROS QUEROSENOS,OtrosQueroseno,0
2023-02,Castilla - La Mancha,QUEROSENO AVIACIÓN,QuerosenoAviacion,149
2023-02,Castilla y León,BIODIESEL,Biodiesel,0
2023-02,Castilla y León,BIOETANOL,Bioetanol,0
2023-02,Castilla y León,FUELÓLEO  BIA,Fueloleo_BIA,2820
2023-02,Castilla y León,GLP,GLP,9132
2023-02,Castilla y León,GASÓLEO A,GasoleoA,126882
2023-02,Castilla y León,GASÓLEO B,GasoleoB,59406
2023-02,Castilla y León,GASÓLEO C,GasoleoC,24753
2023-02,Castilla y León,GASOLINA  AUTO. S/PB 95 I.O.,Gasolina95,19725
2023-02,Castilla y León,GASOLINA  AUTO. S/PB 98 I.O.,Gasolina98,817
2023-02,Castilla y León,OTRAS GASOLINAS,OtrasGasolinas,35
2023-02,Castilla y León,OTROS FUELÓLEOS,OtrosFueloleos,0
2023-02,Castilla y León,OTROS GASOLEOS,OtrosGasoleos,0
2023-02,Castilla y León,OTROS QUEROSENOS,OtrosQueroseno,0
2023-02,Castilla y León,QUEROSENO AVIACIÓN,QuerosenoAviacion,152
2023-02,Cataluña,BIODIESEL,Biodiesel,82
2023-02,Cataluña,BIOETANOL,Bioetanol,0
2023-02,Cataluña,FUELÓLEO  BIA,Fueloleo_BIA,1347
2023-02,Cataluña,GLP,GLP,22859
2023-02,Cataluña,GASÓLEO A,GasoleoA,320105
2023-02,Cataluña,GASÓLEO B,GasoleoB,51221
2023-02,Cataluña,GASÓLEO C,GasoleoC,13111
2023-02,Cataluña,GASOLINA  AUTO. S/PB 95 I.O.,Gasolina95,72116
2023-02,Cataluña,GASOLINA  AUTO. S/PB 98 I.O.,Gasolina98,3193
2023-02,Cataluña,OTRAS GASOLINAS,OtrasGasolinas,273
2023-02,Cataluña,OTROS FUELÓLEOS,OtrosFueloleos,60817
2023-02,Cataluña,OTROS GASOLEOS,OtrosGasoleos,41569
2023-02,Cataluña,OTROS QUEROSENOS,OtrosQueroseno,5
2023-02,Cataluña,QUEROSENO AVIACIÓN,QuerosenoAviacion,67400
2023-02,Ceuta,BIODIESEL,Biodiesel,0
2023-02,Ceuta,BIOETANOL,Bioetanol,0
2023-02,Ceuta,FUELÓLEO  BIA,Fueloleo_BIA,3802
2023-02,Ceuta,GLP,GLP,250
2023-02,Ceuta,GASÓLEO A,GasoleoA,975
2023-02,Ceuta,GASÓLEO B,GasoleoB,0
2023-02,Ceuta,GASÓLEO C,GasoleoC,172
2023-02,Ceuta,GASOLINA  AUTO. S/PB 95 I.O.,Gasolina95,401
2023-02,Ceuta,GASOLINA  AUTO. S/PB 98 I.O.,Gasolina98,32
2023-02,Ceuta,OTRAS GASOLINAS,OtrasGasolinas,0
2023-02,Ceuta,OTROS FUELÓLEOS,OtrosFueloleos,9398
2023-02,Ceuta,OTROS GASOLEOS,OtrosGasoleos,5791
2023-02,Ceuta,OTROS QUEROSENOS,OtrosQueroseno,0
2023-02,Ceuta,QUEROSENO AVIACIÓN,QuerosenoAviacion,55
2023-02,Comunitat Valenciana,BIODIESEL,Biodiesel,50
2023-02,Comunitat Valenciana,BIOETANOL,Bioetanol,0
2023-02,Comunitat Valenciana,FUELÓLEO  BIA,Fueloleo_BIA,956
2023-02,Comunitat Valenciana,GLP,GLP,19894
2023-02,Comunitat Valenciana,GASÓLEO A,GasoleoA,155581
2023-02,Comunitat Valenciana,GASÓLEO B,GasoleoB,21333
2023-02,Comunitat Valenciana,GASÓLEO C,GasoleoC,5737
2023-02,Comunitat Valenciana,GASOLINA  AUTO. S/PB 95 I.O.,Gasolina95,45819
2023-02,Comunitat Valenciana,GASOLINA  AUTO. S/PB 98 I.O.,Gasolina98,1641
2023-02,Comunitat Valenciana,OTRAS GASOLINAS,OtrasGasolinas,15
2023-02,Comunitat Valenciana,OTROS FUELÓLEOS,OtrosFueloleos,24468
2023-02,Comunitat Valenciana,OTROS GASOLEOS,OtrosGasoleos,27301
2023-02,Comunitat Valenciana,OTROS QUEROSENOS,OtrosQueroseno,0
2023-02,Comunitat Valenciana,QUEROSENO AVIACIÓN,QuerosenoAviacion,23315
2023-02,ESPAÑA,BIODIESEL,Biodiesel,162
2023-02,ESPAÑA,BIOETANOL,Bioetanol,0
2023-02,ESPAÑA,FUELÓLEO  BIA,Fueloleo_BIA,87596
2023-02,ESPAÑA,GLP,GLP,162280
2023-02,ESPAÑA,GASÓLEO A,GasoleoA,1710109
2023-02,ESPAÑA,GASÓLEO B,GasoleoB,378555
2023-02,ESPAÑA,GASÓLEO C,GasoleoC,178293
2023-02,ESPAÑA,GASOLINA  AUTO. S/PB 95 I.O.,Gasolina95,401724
2023-02,ESPAÑA,GASOLINA  AUTO. S/PB 98 I.O.,Gasolina98,21809
2023-02,ESPAÑA,OTRAS GASOLINAS,OtrasGasolinas,502
2023-02,ESPAÑA,OTROS FUELÓLEOS,OtrosFueloleos,404418
2023-02,ESPAÑA,OTROS GASOLEOS,OtrosGasoleos,306940
2023-02,ESPAÑA,OTROS QUEROSENOS,OtrosQueroseno,11
2023-02,ESPAÑA,QUEROSENO AVIACIÓN,QuerosenoAviacion,410157
2023-02,Extremadura,BIODIESEL,Biodiesel,0
2023-02,Extremadura,BIOETANOL,Bioetanol,0
2023-02,Extremadura,FUELÓLEO  BIA,Fueloleo_BIA,464
2023-02,Extremadura,GLP,GLP,5758
2023-02,Extremadura,GASÓLEO A,GasoleoA,48148
2023-02,Extremadura,GASÓLEO B,GasoleoB,12818
2023-02,Extremadura,GASÓLEO C,GasoleoC,2321
2023-02,Extremadura,GASOLINA  AUTO. S/PB 95 I.O.,Gasolina95,7192
2023-02,Extremadura,GASOLINA  AUTO. S/PB 98 I.O.,Gasolina98,194
2023-02,Extremadura,OTRAS GASOLINAS,OtrasGasolinas,1
2023-02,Extremadura,OTROS FUELÓLEOS,OtrosFueloleos,0
2023-02,Extremadura,OTROS GASOLEOS,OtrosGasoleos,0
2023-02,Extremadura,OTROS QUEROSENOS,OtrosQueroseno,0
2023-02,Extremadura,QUEROSENO AVIACIÓN,QuerosenoAviacion,93
2023-02,Galicia,BIODIESEL,Biodiesel,0
2023-02,Galicia,BIOETANOL,Bioetanol,0
2023-02,Galicia,FUELÓLEO  BIA,Fueloleo_BIA,13382
2023-02,Galicia,GLP,GLP,12418
2023-02,Galicia,GASÓLEO A,GasoleoA,100826
2023-02,Galicia,GASÓLEO B,GasoleoB,24370
2023-02,Galicia,GASÓLEO C,GasoleoC,26676
2023-02,Galicia,GASOLINA  AUTO. S/PB 95 I.O.,Gasolina95,19293
2023-02,Galicia,GASOLINA  AUTO. S/PB 98 I.O.,Gasolina98,882
2023-02,Galicia,OTRAS GASOLINAS,OtrasGasolinas,6
2023-02,Galicia,OTROS FUELÓLEOS,OtrosFueloleos,2676
2023-02,Galicia,OTROS GASOLEOS,OtrosGasoleos,11840
2023-02,Galicia,OTROS QUEROSENOS,OtrosQueroseno,0
2023-02,Galicia,QUEROSENO AVIACIÓN,QuerosenoAviacion,3942
2023-02,"Madrid, Comunidad de",BIODIESEL,Biodiesel,26
2023-02,"Madrid, Comunidad de",BIOETANOL,Bioetanol,0
2023-02,"Madrid, Comunidad de",FUELÓLEO  BIA,Fueloleo_BIA,257
2023-02,"Madrid, Comunidad de",GLP,GLP,13320
2023-02,"Madrid, Comunidad de",GASÓLEO A,GasoleoA,143849
2023-02,"Madrid, Comunidad de",GASÓLEO B,GasoleoB,17785
2023-02,"Madrid, Comunidad de",GASÓLEO C,GasoleoC,24149
2023-02,"Madrid, Comunidad de",GASOLINA  AUTO. S/PB 95 I.O.,Gasolina95,56544
2023-02,"Madrid, Comunidad de",GASOLINA  AUTO. S/PB 98 I.O.,Gasolina98,2071
2023-02,"Madrid, Comunidad de",OTRAS GASOLINAS,OtrasGasolinas,68
2023-02,"Madrid, Comunidad de",OTROS FUELÓLEOS,OtrosFueloleos,36
2023-02,"Madrid, Comunidad de",OTROS GASOLEOS,OtrosGasoleos,0
2023-02,"Madrid, Comunidad de",OTROS QUEROSENOS,OtrosQueroseno,0
2023-02,"Madrid, Comunidad de",QUEROSENO AVIACIÓN,QuerosenoAviacion,162230
2023-02,Melilla,BIODIESEL,Biodiesel,0
2023-02,Melilla,BIOETANOL,Bioetanol,0
2023-02,Melilla,FUELÓLEO  BIA,Fueloleo_BIA,3698
2023-02,Melilla,GLP,GLP,207
2023-02,Melilla,GASÓLEO A,GasoleoA,1050
2023-02,Melilla,GASÓLEO B,GasoleoB,0
2023-02,Melilla,GASÓLEO C,GasoleoC,0
2023-02,Melilla,GASOLINA  AUTO. S/PB 95 I.O.,Gasolina95,499
2023-02,Melilla,GASOLINA  AUTO. S/PB 98 I.O.,Gasolina98,0
2023-02,Melilla,OTRAS GASOLINAS,OtrasGasolinas,0
2023-02,Melilla,OTROS FUELÓLEOS,OtrosFueloleos,0
2023-02,Melilla,OTROS GASOLEOS,OtrosGasoleos,0
2023-02,Melilla,OTROS QUEROSENOS,OtrosQueroseno,0
2023-02,Melilla,QUEROSENO AVIACIÓN,QuerosenoAviacion,122
2023-02,"Murcia, Región de",BIODIESEL,Biodiesel,0
2023-02,"Murcia, Región de",BIOETANOL,Bioetanol,0
2023-02,"Murcia, Región de",FUELÓLEO  BIA,Fueloleo_BIA,314
2023-02,"Murcia, Región de",GLP,GLP,5669
2023-02,"Murcia, Región de",GASÓLEO A,GasoleoA,72698
2023-02,"Murcia, Región de",GASÓLEO B,GasoleoB,12932
2023-02,"Murcia, Región de",GASÓLEO C,GasoleoC,1333
2023-02,"Murcia, Región de",GASOLINA  AUTO. S/PB 95 I.O.,Gasolina95,11483
2023-02,"Murcia, Región de",GASOLINA  AUTO. S/PB 98 I.O.,Gasolina98,466
2023-02,"Murcia, Región de",OTRAS GASOLINAS,OtrasGasolinas,0
2023-02,"Murcia, Región de",OTROS FUELÓLEOS,OtrosFueloleos,0
2023-02,"Murcia, Región de",OTROS GASOLEOS,OtrosGasoleos,816
2023-02,"Murcia, Región de",OTROS QUEROSENOS,OtrosQueroseno,0
2023-02,"Murcia, Región de",QUEROSENO AVIACIÓN,QuerosenoAviacion,403
2023-02,"Navarra, Comunidad Foral de",BIODIESEL,Biodiesel,0
2023-02,"Navarra, Comunidad Foral de",BIOETANOL,Bioetanol,0
2023-02,"Navarra, Comunidad Foral de",FUELÓLEO  BIA,Fueloleo_BIA,208
2023-02,"Navarra, Comunidad Foral de",GLP,GLP,2242
2023-02,"Navarra, Comunidad Foral de",GASÓLEO A,GasoleoA,50361
2023-02,"Navarra, Comunidad Foral de",GASÓLEO B,GasoleoB,10410
2023-02,"Navarra, Comunidad Foral de",GASÓLEO C,GasoleoC,1571
2023-02,"Navarra, Comunidad Foral de",GASOLINA  AUTO. S/PB 95 I.O.,Gasolina95,5544
2023-02,"Navarra, Comunidad Foral de",GASOLINA  AUTO. S/PB 98 I.O.,Gasolina98,178
2023-02,"Navarra, Comunidad Foral de",OTRAS GASOLINAS,OtrasGasolinas,1
2023-02,"Navarra, Comunidad Foral de",OTROS FUELÓLEOS,OtrosFueloleos,0
2023-02,"Navarra, Comunidad Foral de",OTROS GASOLEOS,OtrosGasoleos,0
2023-02,"Navarra, Comunidad Foral de",OTROS QUEROSENOS,OtrosQueroseno,0
2023-02,"Navarra, Comunidad Foral de",QUEROSENO AVIACIÓN,QuerosenoAviacion,115
2023-02,País Vasco,BIODIESEL,Biodiesel,4
2023-02,País Vasco,BIOETANOL,Bioetanol,0
2023-02,País Vasco,FUELÓLEO  BIA,Fueloleo_BIA,466
2023-02,País Vasco,GLP,GLP,7682
2023-02,País Vasco,GASÓLEO A,GasoleoA,125814
2023-02,País Vasco,GASÓLEO B,GasoleoB,17075
2023-02,País Vasco,GASÓLEO C,GasoleoC,11748
2023-02,País Vasco,GASOLINA  AUTO. S/PB 95 I.O.,Gasolina95,15068
2023-02,País Vasco,GASOLINA  AUTO. S/PB 98 I.O.,Gasolina98,688
2023-02,País Vasco,OTRAS GASOLINAS,OtrasGasolinas,2
2023-02,País Vasco,OTROS FUELÓLEOS,OtrosFueloleos,0
2023-02,País Vasco,OTROS GASOLEOS,OtrosGasoleos,1313
2023-02,País Vasco,OTROS QUEROSENOS,OtrosQueroseno,0
2023-02,País Vasco,QUEROSENO AVIACIÓN,QuerosenoAviacion,5247
2023-02,"Rioja, La",BIODIESEL,Biodiesel,0
2023-02,"Rioja, La",BIOETANOL,Bioetanol,0
2023-02,"Rioja, La",FUELÓLEO  BIA,Fueloleo_BIA,145
2023-02,"Rioja, La",GLP,GLP,631
2023-02,"Rioja, La",GASÓLEO A,GasoleoA,12203
2023-02,"Rioja, La",GASÓLEO B,GasoleoB,4612
2023-02,"Rioja, La",GASÓLEO C,GasoleoC,2933
2023-02,"Rioja, La",GASOLINA  AUTO. S/PB 95 I.O.,Gasolina95,1813
2023-02,"Rioja, La",GASOLINA  AUTO. S/PB 98 I.O.,Gasolina98,74
2023-02,"Rioja, La",OTRAS GASOLINAS,OtrasGasolinas,0
2023-02,"Rioja, La",OTROS FUELÓLEOS,OtrosFueloleos,0
2023-02,"Rioja, La",OTROS GASOLEOS,OtrosGasoleos,0
2023-02,"Rioja, La",OTROS QUEROSENOS,OtrosQueroseno,0
2023-02,"Rioja, La",QUEROSENO AVIACIÓN,QuerosenoAviacion,3
2023-03,Andalucía,BIODIESEL,Biodiesel,0
2023-03,Andalucía,BIOETANOL,Bioetanol,0
2023-03,Andalucía,FUELÓLEO  BIA,Fueloleo_BIA,2158
2023-03,Andalucía,GLP,GLP,28748
2023-03,Andalucía,GASÓLEO A,GasoleoA,302382
2023-03,Andalucía,GASÓLEO B,GasoleoB,57439
2023-03,Andalucía,GASÓLEO C,GasoleoC,6037
2023-03,Andalucía,GASOLINA  AUTO. S/PB 95 I.O.,Gasolina95,71627
2023-03,Andalucía,GASOLINA  AUTO. S/PB 98 I.O.,Gasolina98,2893
2023-03,Andalucía,OTRAS GASOLINAS,OtrasGasolinas,85
2023-03,Andalucía,OTROS FUELÓLEOS,OtrosFueloleos,315583
2023-03,Andalucía,OTROS GASOLEOS,OtrosGasoleos,72091
2023-03,Andalucía,OTROS QUEROSENOS,OtrosQueroseno,0
2023-03,Andalucía,QUEROSENO AVIACIÓN,QuerosenoAviacion,44057
2023-03,Aragón,BIODIESEL,Biodiesel,28
2023-03,Aragón,BIOETANOL,Bioetanol,0
2023-03,Aragón,FUELÓLEO  BIA,Fueloleo_BIA,631
2023-03,Aragón,GLP,GLP,5120
2023-03,Aragón,GASÓLEO A,GasoleoA,69624
2023-03,Aragón,GASÓLEO B,GasoleoB,22099
2023-03,Aragón,GASÓLEO C,GasoleoC,9286
2023-03,Aragón,GASOLINA  AUTO. S/PB 95 I.O.,Gasolina95,12870
2023-03,Aragón,GASOLINA  AUTO. S/PB 98 I.O.,Gasolina98,567
2023-03,Aragón,OTRAS GASOLINAS,OtrasGasolinas,8
2023-03,Aragón,OTROS FUELÓLEOS,OtrosFueloleos,0
2023-03,Aragón,OTROS GASOLEOS,OtrosGasoleos,17
2023-03,Aragón,OTROS QUEROSENOS,OtrosQueroseno,0
2023-03,Aragón,QUEROSENO AVIACIÓN,QuerosenoAviacion,7048
2023-03,"Asturias, Principado de",BIODIESEL,Biodiesel,0
2023-03,"Asturias, Principado de",BIOETANOL,Bioetanol,0
2023-03,"Asturias, Principado de",FUELÓLEO  BIA,Fueloleo_BIA,5869
2023-03,"Asturias, Principado de",GLP,GLP,2956
2023-03,"Asturias, Principado de",GASÓLEO A,GasoleoA,35776
2023-03,"Asturias, Principado de",GASÓLEO B,GasoleoB,6804
2023-03,"Asturias, Principado de",GASÓLEO C,GasoleoC,3565
2023-03,"Asturias, Principado de",GASOLINA  AUTO. S/PB 95 I.O.,Gasolina95,8137
2023-03,"Asturias, Principado de",GASOLINA  AUTO. S/PB 98 I.O.,Gasolina98,471
2023-03,"Asturias, Principado de",OTRAS GASOLINAS,OtrasGasolinas,3
2023-03,"Asturias, Principado de",OTROS FUELÓLEOS,OtrosFueloleos,456
2023-03,"Asturias, Principado de",OTROS GASOLEOS,OtrosGasoleos,4389
2023-03,"Asturias, Principado de",OTROS QUEROSENOS,OtrosQueroseno,0
2023-03,"Asturias, Principado de",QUEROSENO AVIACIÓN,QuerosenoAviacion,1348
2023-03,"Balears, Illes",BIODIESEL,Biodiesel,0
2023-03,"Balears, Illes",BIOETANOL,Bioetanol,0
2023-03,"Balears, Illes",FUELÓLEO  BIA,Fueloleo_BIA,0
2023-03,"Balears, Illes",GLP,GLP,4620
2023-03,"Balears, Illes",GASÓLEO A,GasoleoA,27515
2023-03,"Balears, Illes",GASÓLEO B,GasoleoB,4246
2023-03,"Balears, Illes",GASÓLEO C,GasoleoC,17270
2023-03,"Balears, Illes",GASOLINA  AUTO. S/PB 95 I.O.,Gasolina95,17261
2023-03,"Balears, Illes",GASOLINA  AUTO. S/PB 98 I.O.,Gasolina98,858
2023-03,"Balears, Illes",OTRAS GASOLINAS,OtrasGasolinas,17
2023-03,"Balears, Illes",OTROS FUELÓLEOS,OtrosFueloleos,0
2023-03,"Balears, Illes",OTROS GASOLEOS,OtrosGasoleos,1976
2023-03,"Balears, Illes",OTROS QUEROSENOS,OtrosQueroseno,0
2023-03,"Balears, Illes",QUEROSENO AVIACIÓN,QuerosenoAviacion,21153
2023-03,Canarias,BIODIESEL,Biodiesel,0
2023-03,Canarias,BIOETANOL,Bioetanol,0
2023-03,Canarias,FUELÓLEO  BIA,Fueloleo_BIA,79772
2023-03,Canarias,GLP,GLP,7667
2023-03,Canarias,GASÓLEO A,GasoleoA,59954
2023-03,Canarias,GASÓLEO B,GasoleoB,0
2023-03,Canarias,GASÓLEO C,GasoleoC,0
2023-03,Canarias,GASOLINA  AUTO. S/PB 95 I.O.,Gasolina95,38080
2023-03,Canarias,GASOLINA  AUTO. S/PB 98 I.O.,Gasolina98,8732
2023-03,Canarias,OTRAS GASOLINAS,OtrasGasolinas,6
2023-03,Canarias,OTROS FUELÓLEOS,OtrosFueloleos,87240
2023-03,Canarias,OTROS GASOLEOS,OtrosGasoleos,175810
2023-03,Canarias,OTROS QUEROSENOS,OtrosQueroseno,4
2023-03,Canarias,QUEROSENO AVIACIÓN,QuerosenoAviacion,106660
2023-03,Cantabria,BIODIESEL,Biodiesel,0
2023-03,Cantabria,BIOETANOL,Bioetanol,0
2023-03,Cantabria,FUELÓLEO  BIA,Fueloleo_BIA,344
2023-03,Cantabria,GLP,GLP,2060
2023-03,Cantabria,GASÓLEO A,GasoleoA,25866
2023-03,Cantabria,GASÓLEO B,GasoleoB,5029
2023-03,Cantabria,GASÓLEO C,GasoleoC,280
2023-03,Cantabria,GASOLINA  AUTO. S/PB 95 I.O.,Gasolina95,5908
2023-03,Cantabria,GASOLINA  AUTO. S/PB 98 I.O.,Gasolina98,207
2023-03,Cantabria,OTRAS GASOLINAS,OtrasGasolinas,1
2023-03,Cantabria,OTROS FUELÓLEOS,OtrosFueloleos,80
2023-03,Cantabria,OTROS GASOLEOS,OtrosGasoleos,1055
2023-03,Cantabria,OTROS QUEROSENOS,OtrosQueroseno,0
2023-03,Cantabria,QUEROSENO AVIACIÓN,QuerosenoAviacion,842
2023-03,Castilla - La Mancha,BIODIESEL,Biodiesel,0
2023-03,Castilla - La Mancha,BIOETANOL,Bioetanol,0
2023-03,Castilla - La Mancha,FUELÓLEO  BIA,Fueloleo_BIA,749
2023-03,Castilla - La Mancha,GLP,GLP,6416
2023-03,Castilla - La Mancha,GASÓLEO A,GasoleoA,109586
2023-03,Castilla - La Mancha,GASÓLEO B,GasoleoB,35346
2023-03,Castilla - La Mancha,GASÓLEO C,GasoleoC,14098
2023-03,Castilla - La Mancha,GASOLINA  AUTO. S/PB 95 I.O.,Gasolina95,19076
2023-03,Castilla - La Mancha,GASOLINA  AUTO. S/PB 98 I.O.,Gasolina98,695
2023-03,Castilla - La Mancha,OTRAS GASOLINAS,OtrasGasolinas,1
2023-03,Castilla - La Mancha,OTROS FUELÓLEOS,OtrosFueloleos,0
2023-03,Castilla - La Mancha,OTROS GASOLEOS,OtrosGasoleos,0
2023-03,Castilla - La Mancha,OTROS QUEROSENOS,OtrosQueroseno,0
2023-03,Castilla - La Mancha,QUEROSENO AVIACIÓN,QuerosenoAviacion,1609
2023-03,Castilla y León,BIODIESEL,Biodiesel,0
2023-03,Castilla y León,BIOETANOL,Bioetanol,0
2023-03,Castilla y León,FUELÓLEO  BIA,Fueloleo_BIA,1392
2023-03,Castilla y León,GLP,GLP,7996
2023-03,Castilla y León,GASÓLEO A,GasoleoA,142701
2023-03,Castilla y León,GASÓLEO B,GasoleoB,51395
2023-03,Castilla y León,GASÓLEO C,GasoleoC,19912
2023-03,Castilla y León,GASOLINA  AUTO. S/PB 95 I.O.,Gasolina95,22944
2023-03,Castilla y León,GASOLINA  AUTO. S/PB 98 I.O.,Gasolina98,1100
2023-03,Castilla y León,OTRAS GASOLINAS,OtrasGasolinas,49
2023-03,Castilla y León,OTROS FUELÓLEOS,OtrosFueloleos,0
2023-03,Castilla y León,OTROS GASOLEOS,OtrosGasoleos,0
2023-03,Castilla y León,OTROS QUEROSENOS,OtrosQueroseno,0
2023-03,Castilla y León,QUEROSENO AVIACIÓN,QuerosenoAviacion,544
2023-03,Cataluña,BIODIESEL,Biodiesel,119
2023-03,Cataluña,BIOETANOL,Bioetanol,11
2023-03,Cataluña,FUELÓLEO  BIA,Fueloleo_BIA,950
2023-03,Cataluña,GLP,GLP,16022
2023-03,Cataluña,GASÓLEO A,GasoleoA,310829
2023-03,Cataluña,GASÓLEO B,GasoleoB,40617
2023-03,Cataluña,GASÓLEO C,GasoleoC,8053
2023-03,Cataluña,GASOLINA  AUTO. S/PB 95 I.O.,Gasolina95,84275
2023-03,Cataluña,GASOLINA  AUTO. S/PB 98 I.O.,Gasolina98,4002
2023-03,Cataluña,OTRAS GASOLINAS,OtrasGasolinas,76
2023-03,Cataluña,OTROS FUELÓLEOS,OtrosFueloleos,63575
2023-03,Cataluña,OTROS GASOLEOS,OtrosGasoleos,35866
2023-03,Cataluña,OTROS QUEROSENOS,OtrosQueroseno,0
2023-03,Cataluña,QUEROSENO AVIACIÓN,QuerosenoAviacion,74944
2023-03,Ceuta,BIODIESEL,Biodiesel,0
2023-03,Ceuta,BIOETANOL,Bioetanol,0
2023-03,Ceuta,FUELÓLEO  BIA,Fueloleo_BIA,2595
2023-03,Ceuta,GLP,GLP,232
2023-03,Ceuta,GASÓLEO A,GasoleoA,1130
2023-03,Ceuta,GASÓLEO B,GasoleoB,0
2023-03,Ceuta,GASÓLEO C,GasoleoC,55
2023-03,Ceuta,GASOLINA  AUTO. S/PB 95 I.O.,Gasolina95,510
2023-03,Ceuta,GASOLINA  AUTO. S/PB 98 I.O.,Gasolina98,66
2023-03,Ceuta,OTRAS GASOLINAS,OtrasGasolinas,0
2023-03,Ceuta,OTROS FUELÓLEOS,OtrosFueloleos,7842
2023-03,Ceuta,OTROS GASOLEOS,OtrosGasoleos,9244
2023-03,Ceuta,OTROS QUEROSENOS,OtrosQueroseno,0
2023-03,Ceuta,QUEROSENO AVIACIÓN,QuerosenoAviacion,54
2023-03,Comunitat Valenciana,BIODIESEL,Biodiesel,25
2023-03,Comunitat Valenciana,BIOETANOL,Bioetanol,0
2023-03,Comunitat Valenciana,FUELÓLEO  BIA,Fueloleo_BIA,577
2023-03,Comunitat Valenciana,GLP,GLP,14804
2023-03,Comunitat Valenciana,GASÓLEO A,GasoleoA,176509
2023-03,Comunitat Valenciana,GASÓLEO B,GasoleoB,19797
2023-03,Comunitat Valenciana,GASÓLEO C,GasoleoC,3711
2023-03,Comunitat Valenciana,GASOLINA  AUTO. S/PB 95 I.O.,Gasolina95,52315
2023-03,Comunitat Valenciana,GASOLINA  AUTO. S/PB 98 I.O.,Gasolina98,2153
2023-03,Comunitat Valenciana,OTRAS GASOLINAS,OtrasGasolinas,24
2023-03,Comunitat Valenciana,OTROS FUELÓLEOS,OtrosFueloleos,33344
2023-03,Comunitat Valenciana,OTROS GASOLEOS,OtrosGasoleos,21764
2023-03,Comunitat Valenciana,OTROS QUEROSENOS,OtrosQueroseno,7
2023-03,Comunitat Valenciana,QUEROSENO AVIACIÓN,QuerosenoAviacion,31737
2023-03,ESPAÑA,BIODIESEL,Biodiesel,205
2023-03,ESPAÑA,BIOETANOL,Bioetanol,17
2023-03,ESPAÑA,FUELÓLEO  BIA,Fueloleo_BIA,113346
2023-03,ESPAÑA,GLP,GLP,138262
2023-03,ESPAÑA,GASÓLEO A,GasoleoA,1898666
2023-03,ESPAÑA,GASÓLEO B,GasoleoB,335803
2023-03,ESPAÑA,GASÓLEO C,GasoleoC,133878
2023-03,ESPAÑA,GASOLINA  AUTO. S/PB 95 I.O.,Gasolina95,467242
2023-03,ESPAÑA,GASOLINA  AUTO. S/PB 98 I.O.,Gasolina98,26998
2023-03,ESPAÑA,OTRAS GASOLINAS,OtrasGasolinas,372
2023-03,ESPAÑA,OTROS FUELÓLEOS,OtrosFueloleos,513271
2023-03,ESPAÑA,OTROS GASOLEOS,OtrosGasoleos,336769
2023-03,ESPAÑA,OTROS QUEROSENOS,OtrosQueroseno,13
2023-03,ESPAÑA,QUEROSENO AVIACIÓN,QuerosenoAviacion,491714
2023-03,Extremadura,BIODIESEL,Biodiesel,0
2023-03,Extremadura,BIOETANOL,Bioetanol,0
2023-03,Extremadura,FUELÓLEO  BIA,Fueloleo_BIA,387
2023-03,Extremadura,GLP,GLP,5389
2023-03,Extremadura,GASÓLEO A,GasoleoA,55816
2023-03,Extremadura,GASÓLEO B,GasoleoB,12787
2023-03,Extremadura,GASÓLEO C,GasoleoC,1729
2023-03,Extremadura,GASOLINA  AUTO. S/PB 95 I.O.,Gasolina95,8364
2023-03,Extremadura,GASOLINA  AUTO. S/PB 98 I.O.,Gasolina98,232
2023-03,Extremadura,OTRAS GASOLINAS,OtrasGasolinas,1
2023-03,Extremadura,OTROS FUELÓLEOS,OtrosFueloleos,0
2023-03,Extremadura,OTROS GASOLEOS,OtrosGasoleos,0
2023-03,Extremadura,OTROS QUEROSENOS,OtrosQueroseno,0
2023-03,Extremadura,QUEROSENO AVIACIÓN,QuerosenoAviacion,61
2023-03,Galicia,BIODIESEL,Biodiesel,0
2023-03,Galicia,BIOETANOL,Bioetanol,0
2023-03,Galicia,FUELÓLEO  BIA,Fueloleo_BIA,13847
2023-03,Galicia,GLP,GLP,12007
2023-03,Galicia,GASÓLEO A,GasoleoA,115030
2023-03,Galicia,GASÓLEO B,GasoleoB,23370
2023-03,Galicia,GASÓLEO C,GasoleoC,19485
2023-03,Galicia,GASOLINA  AUTO. S/PB 95 I.O.,Gasolina95,21580
2023-03,Galicia,GASOLINA  AUTO. S/PB 98 I.O.,Gasolina98,1019
2023-03,Galicia,OTRAS GASOLINAS,OtrasGasolinas,6
2023-03,Galicia,OTROS FUELÓLEOS,OtrosFueloleos,5036
2023-03,Galicia,OTROS GASOLEOS,OtrosGasoleos,10954
2023-03,Galicia,OTROS QUEROSENOS,OtrosQueroseno,0
2023-03,Galicia,QUEROSENO AVIACIÓN,QuerosenoAviacion,4577
2023-03,"Madrid, Comunidad de",BIODIESEL,Biodiesel,25
2023-03,"Madrid, Comunidad de",BIOETANOL,Bioetanol,0
2023-03,"Madrid, Comunidad de",FUELÓLEO  BIA,Fueloleo_BIA,441
2023-03,"Madrid, Comunidad de",GLP,GLP,11239
2023-03,"Madrid, Comunidad de",GASÓLEO A,GasoleoA,164028
2023-03,"Madrid, Comunidad de",GASÓLEO B,GasoleoB,13971
2023-03,"Madrid, Comunidad de",GASÓLEO C,GasoleoC,18743
2023-03,"Madrid, Comunidad de",GASOLINA  AUTO. S/PB 95 I.O.,Gasolina95,64315
2023-03,"Madrid, Comunidad de",GASOLINA  AUTO. S/PB 98 I.O.,Gasolina98,2365
2023-03,"Madrid, Comunidad de",OTRAS GASOLINAS,OtrasGasolinas,65
2023-03,"Madrid, Comunidad de",OTROS FUELÓLEOS,OtrosFueloleos,39
2023-03,"Madrid, Comunidad de",OTROS GASOLEOS,OtrosGasoleos,17
2023-03,"Madrid, Comunidad de",OTROS QUEROSENOS,OtrosQueroseno,0
2023-03,"Madrid, Comunidad de",QUEROSENO AVIACIÓN,QuerosenoAviacion,189799
2023-03,Melilla,BIODIESEL,Biodiesel,0
2023-03,Melilla,BIOETANOL,Bioetanol,0
2023-03,Melilla,FUELÓLEO  BIA,Fueloleo_BIA,2391
2023-03,Melilla,GLP,GLP,222
2023-03,Melilla,GASÓLEO A,GasoleoA,1165
2023-03,Melilla,GASÓLEO B,GasoleoB,0
2023-03,Melilla,GASÓLEO C,GasoleoC,0
2023-03,Melilla,GASOLINA  AUTO. S/PB 95 I.O.,Gasolina95,540
2023-03,Melilla,GASOLINA  AUTO. S/PB 98 I.O.,Gasolina98,0
2023-03,Melilla,OTRAS GASOLINAS,OtrasGasolinas,0
2023-03,Melilla,OTROS FUELÓLEOS,OtrosFueloleos,0
2023-03,Melilla,OTROS GASOLEOS,OtrosGasoleos,0
2023-03,Melilla,OTROS QUEROSENOS,OtrosQueroseno,0
2023-03,Melilla,QUEROSENO AVIACIÓN,QuerosenoAviacion,125
2023-03,"Murcia, Región de",BIODIESEL,Biodiesel,0
2023-03,"Murcia, Región de",BIOETANOL,Bioetanol,6
2023-03,"Murcia, Región de",FUELÓLEO  BIA,Fueloleo_BIA,461
2023-03,"Murcia, Región de",GLP,GLP,4800
2023-03,"Murcia, Región de",GASÓLEO A,GasoleoA,84527
2023-03,"Murcia, Región de",GASÓLEO B,GasoleoB,13112
2023-03,"Murcia, Región de",GASÓLEO C,GasoleoC,737
2023-03,"Murcia, Región de",GASOLINA  AUTO. S/PB 95 I.O.,Gasolina95,13356
2023-03,"Murcia, Región de",GASOLINA  AUTO. S/PB 98 I.O.,Gasolina98,554
2023-03,"Murcia, Región de",OTRAS GASOLINAS,OtrasGasolinas,26
2023-03,"Murcia, Región de",OTROS FUELÓLEOS,OtrosFueloleos,76
2023-03,"Murcia, Región de",OTROS GASOLEOS,OtrosGasoleos,1311
2023-03,"Murcia, Región de",OTROS QUEROSENOS,OtrosQueroseno,0
2023-03,"Murcia, Región de",QUEROSENO AVIACIÓN,QuerosenoAviacion,623
2023-03,"Navarra, Comunidad Foral de",BIODIESEL,Biodiesel,0
2023-03,"Navarra, Comunidad Foral de",BIOETANOL,Bioetanol,0
2023-03,"Navarra, Comunidad Foral de",FUELÓLEO  BIA,Fueloleo_BIA,271
2023-03,"Navarra, Comunidad Foral de",GLP,GLP,1428
2023-03,"Navarra, Comunidad Foral de",GASÓLEO A,GasoleoA,57972
2023-03,"Navarra, Comunidad Foral de",GASÓLEO B,GasoleoB,7954
2023-03,"Navarra, Comunidad Foral de",GASÓLEO C,GasoleoC,1271
2023-03,"Navarra, Comunidad Foral de",GASOLINA  AUTO. S/PB 95 I.O.,Gasolina95,6515
2023-03,"Navarra, Comunidad Foral de",GASOLINA  AUTO. S/PB 98 I.O.,Gasolina98,212
2023-03,"Navarra, Comunidad Foral de",OTRAS GASOLINAS,OtrasGasolinas,2
2023-03,"Navarra, Comunidad Foral de",OTROS FUELÓLEOS,OtrosFueloleos,0
2023-03,"Navarra, Comunidad Foral de",OTROS GASOLEOS,OtrosGasoleos,0
2023-03,"Navarra, Comunidad Foral de",OTROS QUEROSENOS,OtrosQueroseno,0
2023-03,"Navarra, Comunidad Foral de",QUEROSENO AVIACIÓN,QuerosenoAviacion,98
2023-03,País Vasco,BIODIESEL,Biodiesel,8
2023-03,País Vasco,BIOETANOL,Bioetanol,0
2023-03,País Vasco,FUELÓLEO  BIA,Fueloleo_BIA,404
2023-03,País Vasco,GLP,GLP,5832
2023-03,País Vasco,GASÓLEO A,GasoleoA,145278
2023-03,País Vasco,GASÓLEO B,GasoleoB,17890
2023-03,País Vasco,GASÓLEO C,GasoleoC,7647
2023-03,País Vasco,GASOLINA  AUTO. S/PB 95 I.O.,Gasolina95,17417
2023-03,País Vasco,GASOLINA  AUTO. S/PB 98 I.O.,Gasolina98,778
2023-03,País Vasco,OTRAS GASOLINAS,OtrasGasolinas,2
2023-03,País Vasco,OTROS FUELÓLEOS,OtrosFueloleos,0
2023-03,País Vasco,OTROS GASOLEOS,OtrosGasoleos,2275
2023-03,País Vasco,OTROS QUEROSENOS,OtrosQueroseno,2
2023-03,País Vasco,QUEROSENO AVIACIÓN,QuerosenoAviacion,6405
2023-03,"Rioja, La",BIODIESEL,Biodiesel,0
2023-03,"Rioja, La",BIOETANOL,Bioetanol,0
2023-03,"Rioja, La",FUELÓLEO  BIA,Fueloleo_BIA,107
2023-03,"Rioja, La",GLP,GLP,704
2023-03,"Rioja, La",GASÓLEO A,GasoleoA,12978
2023-03,"Rioja, La",GASÓLEO B,GasoleoB,3947
2023-03,"Rioja, La",GASÓLEO C,GasoleoC,1999
2023-03,"Rioja, La",GASOLINA  AUTO. S/PB 95 I.O.,Gasolina95,2152
2023-03,"Rioja, La",GASOLINA  AUTO. S/PB 98 I.O.,Gasolina98,94
2023-03,"Rioja, La",OTRAS GASOLINAS,OtrasGasolinas,0
2023-03,"Rioja, La",OTROS FUELÓLEOS,OtrosFueloleos,0
2023-03,"Rioja, La",OTROS GASOLEOS,OtrosGasoleos,0
2023-03,"Rioja, La",OTROS QUEROSENOS,OtrosQueroseno,0
2023-03,"Rioja, La",QUEROSENO AVIACIÓN,QuerosenoAviacion,30
2023-04,Andalucía,BIODIESEL,Biodiesel,46
2023-04,Andalucía,BIOETANOL,Bioetanol,0
2023-04,Andalucía,FUELÓLEO  BIA,Fueloleo_BIA,1504
2023-04,Andalucía,GLP,GLP,20758
2023-04,Andalucía,GASÓLEO A,GasoleoA,281273
2023-04,Andalucía,GASÓLEO B,GasoleoB,48984
2023-04,Andalucía,GASÓLEO C,GasoleoC,2643
2023-04,Andalucía,GASOLINA  AUTO. S/PB 95 I.O.,Gasolina95,71344
2023-04,Andalucía,GASOLINA  AUTO. S/PB 98 I.O.,Gasolina98,2926
2023-04,Andalucía,OTRAS GASOLINAS,OtrasGasolinas,92
2023-04,Andalucía,OTROS FUELÓLEOS,OtrosFueloleos,270020
2023-04,Andalucía,OTROS GASOLEOS,OtrosGasoleos,70660
2023-04,Andalucía,OTROS QUEROSENOS,OtrosQueroseno,0
2023-04,Andalucía,QUEROSENO AVIACIÓN,QuerosenoAviacion,58905
2023-04,Aragón,BIODIESEL,Biodiesel,56
2023-04,Aragón,BIOETANOL,Bioetanol,0
2023-04,Aragón,FUELÓLEO  BIA,Fueloleo_BIA,707
2023-04,Aragón,GLP,GLP,2813
2023-04,Aragón,GASÓLEO A,GasoleoA,62443
2023-04,Aragón,GASÓLEO B,GasoleoB,14769
2023-04,Aragón,GASÓLEO C,GasoleoC,3228
2023-04,Aragón,GASOLINA  AUTO. S/PB 95 I.O.,Gasolina95,13488
2023-04,Aragón,GASOLINA  AUTO. S/PB 98 I.O.,Gasolina98,589
2023-04,Aragón,OTRAS GASOLINAS,OtrasGasolinas,6
2023-04,Aragón,OTROS FUELÓLEOS,OtrosFueloleos,0
2023-04,Aragón,OTROS GASOLEOS,OtrosGasoleos,17
2023-04,Aragón,OTROS QUEROSENOS,OtrosQueroseno,0
2023-04,Aragón,QUEROSENO AVIACIÓN,QuerosenoAviacion,6693
2023-04,"Asturias, Principado de",BIODIESEL,Biodiesel,0
2023-04,"Asturias, Principado de",BIOETANOL,Bioetanol,9
2023-04,"Asturias, Principado de",FUELÓLEO  BIA,Fueloleo_BIA,3212
2023-04,"Asturias, Principado de",GLP,GLP,1802
2023-04,"Asturias, Principado de",GASÓLEO A,GasoleoA,32528
2023-04,"Asturias, Principado de",GASÓLEO B,GasoleoB,4868
2023-04,"Asturias, Principado de",GASÓLEO C,GasoleoC,2267
2023-04,"Asturias, Principado de",GASOLINA  AUTO. S/PB 95 I.O.,Gasolina95,8253
2023-04,"Asturias, Principado de",GASOLINA  AUTO. S/PB 98 I.O.,Gasolina98,499
2023-04,"Asturias, Principado de",OTRAS GASOLINAS,OtrasGasolinas,1
2023-04,"Asturias, Principado de",OTROS FUELÓLEOS,OtrosFueloleos,771
2023-04,"Asturias, Principado de",OTROS GASOLEOS,OtrosGasoleos,3358
2023-04,"Asturias, Principado de",OTROS QUEROSENOS,OtrosQueroseno,0
2023-04,"Asturias, Principado de",QUEROSENO AVIACIÓN,QuerosenoAviacion,1585
2023-04,"Balears, Illes",BIODIESEL,Biodiesel,0
2023-04,"Balears, Illes",BIOETANOL,Bioetanol,0
2023-04,"Balears, Illes",FUELÓLEO  BIA,Fueloleo_BIA,0
2023-04,"Balears, Illes",GLP,GLP,3676
2023-04,"Balears, Illes",GASÓLEO A,GasoleoA,28219
2023-04,"Balears, Illes",GASÓLEO B,GasoleoB,3413
2023-04,"Balears, Illes",GASÓLEO C,GasoleoC,9966
2023-04,"Balears, Illes",GASOLINA  AUTO. S/PB 95 I.O.,Gasolina95,19561
2023-04,"Balears, Illes",GASOLINA  AUTO. S/PB 98 I.O.,Gasolina98,852
2023-04,"Balears, Illes",OTRAS GASOLINAS,OtrasGasolinas,19
2023-04,"Balears, Illes",OTROS FUELÓLEOS,OtrosFueloleos,0
2023-04,"Balears, Illes",OTROS GASOLEOS,OtrosGasoleos,2237
2023-04,"Balears, Illes",OTROS QUEROSENOS,OtrosQueroseno,0
2023-04,"Balears, Illes",QUEROSENO AVIACIÓN,QuerosenoAviacion,49250
2023-04,Canarias,BIODIESEL,Biodiesel,0
2023-04,Canarias,BIOETANOL,Bioetanol,0
2023-04,Canarias,FUELÓLEO  BIA,Fueloleo_BIA,50898
2023-04,Canarias,GLP,GLP,6169
2023-04,Canarias,GASÓLEO A,GasoleoA,51643
2023-04,Canarias,GASÓLEO B,GasoleoB,0
2023-04,Canarias,GASÓLEO C,GasoleoC,0
2023-04,Canarias,GASOLINA  AUTO. S/PB 95 I.O.,Gasolina95,33185
2023-04,Canarias,GASOLINA  AUTO. S/PB 98 I.O.,Gasolina98,7514
2023-04,Canarias,OTRAS GASOLINAS,OtrasGasolinas,1
2023-04,Canarias,OTROS FUELÓLEOS,OtrosFueloleos,105099
2023-04,Canarias,OTROS GASOLEOS,OtrosGasoleos,144520
2023-04,Canarias,OTROS QUEROSENOS,OtrosQueroseno,2
2023-04,Canarias,QUEROSENO AVIACIÓN,QuerosenoAviacion,94397
2023-04,Cantabria,BIODIESEL,Biodiesel,0
2023-04,Cantabria,BIOETANOL,Bioetanol,0
2023-04,Cantabria,FUELÓLEO  BIA,Fueloleo_BIA,253
2023-04,Cantabria,GLP,GLP,1327
2023-04,Cantabria,GASÓLEO A,GasoleoA,25171
2023-04,Cantabria,GASÓLEO B,GasoleoB,4007
2023-04,Cantabria,GASÓLEO C,GasoleoC,124
2023-04,Cantabria,GASOLINA  AUTO. S/PB 95 I.O.,Gasolina95,6294
2023-04,Cantabria,GASOLINA  AUTO. S/PB 98 I.O.,Gasolina98,271
2023-04,Cantabria,OTRAS GASOLINAS,OtrasGasolinas,1
2023-04,Cantabria,OTROS FUELÓLEOS,OtrosFueloleos,0
2023-04,Cantabria,OTROS GASOLEOS,OtrosGasoleos,1357
2023-04,Cantabria,OTROS QUEROSENOS,OtrosQueroseno,0
2023-04,Cantabria,QUEROSENO AVIACIÓN,QuerosenoAviacion,1195
2023-04,Castilla - La Mancha,BIODIESEL,Biodiesel,0
2023-04,Castilla - La Mancha,BIOETANOL,Bioetanol,0
2023-04,Castilla - La Mancha,FUELÓLEO  BIA,Fueloleo_BIA,532
2023-04,Castilla - La Mancha,GLP,GLP,3858
2023-04,Castilla - La Mancha,GASÓLEO A,GasoleoA,99676
2023-04,Castilla - La Mancha,GASÓLEO B,GasoleoB,25377
2023-04,Castilla - La Mancha,GASÓLEO C,GasoleoC,4307
2023-04,Castilla - La Mancha,GASOLINA  AUTO. S/PB 95 I.O.,Gasolina95,19983
2023-04,Castilla - La Mancha,GASOLINA  AUTO. S/PB 98 I.O.,Gasolina98,790
2023-04,Castilla - La Mancha,OTRAS GASOLINAS,OtrasGasolinas,26
2023-04,Castilla - La Mancha,OTROS FUELÓLEOS,OtrosFueloleos,0
2023-04,Castilla - La Mancha,OTROS GASOLEOS,OtrosGasoleos,0
2023-04,Castilla - La Mancha,OTROS QUEROSENOS,OtrosQueroseno,0
2023-04,Castilla - La Mancha,QUEROSENO AVIACIÓN,QuerosenoAviacion,4337
2023-04,Castilla y León,BIODIESEL,Biodiesel,0
2023-04,Castilla y León,BIOETANOL,Bioetanol,0
2023-04,Castilla y León,FUELÓLEO  BIA,Fueloleo_BIA,1271
2023-04,Castilla y León,GLP,GLP,5104
2023-04,Castilla y León,GASÓLEO A,GasoleoA,131697
2023-04,Castilla y León,GASÓLEO B,GasoleoB,40967
2023-04,Castilla y León,GASÓLEO C,GasoleoC,8919
2023-04,Castilla y León,GASOLINA  AUTO. S/PB 95 I.O.,Gasolina95,26378
2023-04,Castilla y León,GASOLINA  AUTO. S/PB 98 I.O.,Gasolina98,1213
2023-04,Castilla y León,OTRAS GASOLINAS,OtrasGasolinas,65
2023-04,Castilla y León,OTROS FUELÓLEOS,OtrosFueloleos,0
2023-04,Castilla y León,OTROS GASOLEOS,OtrosGasoleos,0
2023-04,Castilla y León,OTROS QUEROSENOS,OtrosQueroseno,0
2023-04,Castilla y León,QUEROSENO AVIACIÓN,QuerosenoAviacion,376
2023-04,Cataluña,BIODIESEL,Biodiesel,78
2023-04,Cataluña,BIOETANOL,Bioetanol,0
2023-04,Cataluña,FUELÓLEO  BIA,Fueloleo_BIA,724
2023-04,Cataluña,GLP,GLP,10110
2023-04,Cataluña,GASÓLEO A,GasoleoA,281843
2023-04,Cataluña,GASÓLEO B,GasoleoB,27607
2023-04,Cataluña,GASÓLEO C,GasoleoC,3972
2023-04,Cataluña,GASOLINA  AUTO. S/PB 95 I.O.,Gasolina95,80766
2023-04,Cataluña,GASOLINA  AUTO. S/PB 98 I.O.,Gasolina98,3868
2023-04,Cataluña,OTRAS GASOLINAS,OtrasGasolinas,97
2023-04,Cataluña,OTROS FUELÓLEOS,OtrosFueloleos,80258
2023-04,Cataluña,OTROS GASOLEOS,OtrosGasoleos,42903
2023-04,Cataluña,OTROS QUEROSENOS,OtrosQueroseno,0
2023-04,Cataluña,QUEROSENO AVIACIÓN,QuerosenoAviacion,84291
2023-04,Ceuta,BIODIESEL,Biodiesel,0
2023-04,Ceuta,BIOETANOL,Bioetanol,0
2023-04,Ceuta,FUELÓLEO  BIA,Fueloleo_BIA,4898
2023-04,Ceuta,GLP,GLP,195
2023-04,Ceuta,GASÓLEO A,GasoleoA,917
2023-04,Ceuta,GASÓLEO B,GasoleoB,0
2023-04,Ceuta,GASÓLEO C,GasoleoC,27
2023-04,Ceuta,GASOLINA  AUTO. S/PB 95 I.O.,Gasolina95,418
2023-04,Ceuta,GASOLINA  AUTO. S/PB 98 I.O.,Gasolina98,44
2023-04,Ceuta,OTRAS GASOLINAS,OtrasGasolinas,0
2023-04,Ceuta,OTROS FUELÓLEOS,OtrosFueloleos,7089
2023-04,Ceuta,OTROS GASOLEOS,OtrosGasoleos,9319
2023-04,Ceuta,OTROS QUEROSENOS,OtrosQueroseno,0
2023-04,Ceuta,QUEROSENO AVIACIÓN,QuerosenoAviacion,54
2023-04,Comunitat Valenciana,BIODIESEL,Biodiesel,76
2023-04,Comunitat Valenciana,BIOETANOL,Bioetanol,0
2023-04,Comunitat Valenciana,FUELÓLEO  BIA,Fueloleo_BIA,200
2023-04,Comunitat Valenciana,GLP,GLP,9574
2023-04,Comunitat Valenciana,GASÓLEO A,GasoleoA,161264
2023-04,Comunitat Valenciana,GASÓLEO B,GasoleoB,15592
2023-04,Comunitat Valenciana,GASÓLEO C,GasoleoC,1914
2023-04,Comunitat Valenciana,GASOLINA  AUTO. S/PB 95 I.O.,Gasolina95,52833
2023-04,Comunitat Valenciana,GASOLINA  AUTO. S/PB 98 I.O.,Gasolina98,2086
2023-04,Comunitat Valenciana,OTRAS GASOLINAS,OtrasGasolinas,20
2023-04,Comunitat Valenciana,OTROS FUELÓLEOS,OtrosFueloleos,22792
2023-04,Comunitat Valenciana,OTROS GASOLEOS,OtrosGasoleos,19573
2023-04,Comunitat Valenciana,OTROS QUEROSENOS,OtrosQueroseno,25
2023-04,Comunitat Valenciana,QUEROSENO AVIACIÓN,QuerosenoAviacion,40884
2023-04,ESPAÑA,BIODIESEL,Biodiesel,260
2023-04,ESPAÑA,BIOETANOL,Bioetanol,18
2023-04,ESPAÑA,FUELÓLEO  BIA,Fueloleo_BIA,81483
2023-04,ESPAÑA,GLP,GLP,89647
2023-04,ESPAÑA,GASÓLEO A,GasoleoA,1725288
2023-04,ESPAÑA,GASÓLEO B,GasoleoB,255981
2023-04,ESPAÑA,GASÓLEO C,GasoleoC,59140
2023-04,ESPAÑA,GASOLINA  AUTO. S/PB 95 I.O.,Gasolina95,463987
2023-04,ESPAÑA,GASOLINA  AUTO. S/PB 98 I.O.,Gasolina98,26228
2023-04,ESPAÑA,OTRAS GASOLINAS,OtrasGasolinas,404
2023-04,ESPAÑA,OTROS FUELÓLEOS,OtrosFueloleos,489520
2023-04,ESPAÑA,OTROS GASOLEOS,OtrosGasoleos,306778
2023-04,ESPAÑA,OTROS QUEROSENOS,OtrosQueroseno,30
2023-04,ESPAÑA,QUEROSENO AVIACIÓN,QuerosenoAviacion,544408
2023-04,Extremadura,BIODIESEL,Biodiesel,0
2023-04,Extremadura,BIOETANOL,Bioetanol,0
2023-04,Extremadura,FUELÓLEO  BIA,Fueloleo_BIA,259
2023-04,Extremadura,GLP,GLP,3233
2023-04,Extremadura,GASÓLEO A,GasoleoA,52453
2023-04,Extremadura,GASÓLEO B,GasoleoB,9921
2023-04,Extremadura,GASÓLEO C,GasoleoC,460
2023-04,Extremadura,GASOLINA  AUTO. S/PB 95 I.O.,Gasolina95,9522
2023-04,Extremadura,GASOLINA  AUTO. S/PB 98 I.O.,Gasolina98,297
2023-04,Extremadura,OTRAS GASOLINAS,OtrasGasolinas,1
2023-04,Extremadura,OTROS FUELÓLEOS,OtrosFueloleos,0
2023-04,Extremadura,OTROS GASOLEOS,OtrosGasoleos,0
2023-04,Extremadura,OTROS QUEROSENOS,OtrosQueroseno,0
2023-04,Extremadura,QUEROSENO AVIACIÓN,QuerosenoAviacion,34
2023-04,Galicia,BIODIESEL,Biodiesel,0
2023-04,Galicia,BIOETANOL,Bioetanol,9
2023-04,Galicia,FUELÓLEO  BIA,Fueloleo_BIA,10797
2023-04,Galicia,GLP,GLP,7956
2023-04,Galicia,GASÓLEO A,GasoleoA,106548
2023-04,Galicia,GASÓLEO B,GasoleoB,21451
2023-04,Galicia,GASÓLEO C,GasoleoC,9184
2023-04,Galicia,GASOLINA  AUTO. S/PB 95 I.O.,Gasolina95,22765
2023-04,Galicia,GASOLINA  AUTO. S/PB 98 I.O.,Gasolina98,1137
2023-04,Galicia,OTRAS GASOLINAS,OtrasGasolinas,7
2023-04,Galicia,OTROS FUELÓLEOS,OtrosFueloleos,3415
2023-04,Galicia,OTROS GASOLEOS,OtrosGasoleos,9015
2023-04,Galicia,OTROS QUEROSENOS,OtrosQueroseno,0
2023-04,Galicia,QUEROSENO AVIACIÓN,QuerosenoAviacion,5583
2023-04,"Madrid, Comunidad de",BIODIESEL,Biodiesel,0
2023-04,"Madrid, Comunidad de",BIOETANOL,Bioetanol,0
2023-04,"Madrid, Comunidad de",FUELÓLEO  BIA,Fueloleo_BIA,261
2023-04,"Madrid, Comunidad de",GLP,GLP,6304
2023-04,"Madrid, Comunidad de",GASÓLEO A,GasoleoA,145801
2023-04,"Madrid, Comunidad de",GASÓLEO B,GasoleoB,8519
2023-04,"Madrid, Comunidad de",GASÓLEO C,GasoleoC,6129
2023-04,"Madrid, Comunidad de",GASOLINA  AUTO. S/PB 95 I.O.,Gasolina95,59477
2023-04,"Madrid, Comunidad de",GASOLINA  AUTO. S/PB 98 I.O.,Gasolina98,2354
2023-04,"Madrid, Comunidad de",OTRAS GASOLINAS,OtrasGasolinas,60
2023-04,"Madrid, Comunidad de",OTROS FUELÓLEOS,OtrosFueloleos,25
2023-04,"Madrid, Comunidad de",OTROS GASOLEOS,OtrosGasoleos,0
2023-04,"Madrid, Comunidad de",OTROS QUEROSENOS,OtrosQueroseno,0
2023-04,"Madrid, Comunidad de",QUEROSENO AVIACIÓN,QuerosenoAviacion,186893
2023-04,Melilla,BIODIESEL,Biodiesel,0
2023-04,Melilla,BIOETANOL,Bioetanol,0
2023-04,Melilla,FUELÓLEO  BIA,Fueloleo_BIA,4792
2023-04,Melilla,GLP,GLP,175
2023-04,Melilla,GASÓLEO A,GasoleoA,874
2023-04,Melilla,GASÓLEO B,GasoleoB,0
2023-04,Melilla,GASÓLEO C,GasoleoC,0
2023-04,Melilla,GASOLINA  AUTO. S/PB 95 I.O.,Gasolina95,497
2023-04,Melilla,GASOLINA  AUTO. S/PB 98 I.O.,Gasolina98,0
2023-04,Melilla,OTRAS GASOLINAS,OtrasGasolinas,0
2023-04,Melilla,OTROS FUELÓLEOS,OtrosFueloleos,0
2023-04,Melilla,OTROS GASOLEOS,OtrosGasoleos,0
2023-04,Melilla,OTROS QUEROSENOS,OtrosQueroseno,0
2023-04,Melilla,QUEROSENO AVIACIÓN,QuerosenoAviacion,129
2023-04,"Murcia, Región de",BIODIESEL,Biodiesel,0
2023-04,"Murcia, Región de",BIOETANOL,Bioetanol,0
2023-04,"Murcia, Región de",FUELÓLEO  BIA,Fueloleo_BIA,377
2023-04,"Murcia, Región de",GLP,GLP,3072
2023-04,"Murcia, Región de",GASÓLEO A,GasoleoA,74229
2023-04,"Murcia, Región de",GASÓLEO B,GasoleoB,10561
2023-04,"Murcia, Región de",GASÓLEO C,GasoleoC,331
2023-04,"Murcia, Región de",GASOLINA  AUTO. S/PB 95 I.O.,Gasolina95,12491
2023-04,"Murcia, Región de",GASOLINA  AUTO. S/PB 98 I.O.,Gasolina98,536
2023-04,"Murcia, Región de",OTRAS GASOLINAS,OtrasGasolinas,0
2023-04,"Murcia, Región de",OTROS FUELÓLEOS,OtrosFueloleos,51
2023-04,"Murcia, Región de",OTROS GASOLEOS,OtrosGasoleos,1958
2023-04,"Murcia, Región de",OTROS QUEROSENOS,OtrosQueroseno,0
2023-04,"Murcia, Región de",QUEROSENO AVIACIÓN,QuerosenoAviacion,1814
2023-04,"Navarra, Comunidad Foral de",BIODIESEL,Biodiesel,0
2023-04,"Navarra, Comunidad Foral de",BIOETANOL,Bioetanol,0
2023-04,"Navarra, Comunidad Foral de",FUELÓLEO  BIA,Fueloleo_BIA,287
2023-04,"Navarra, Comunidad Foral de",GLP,GLP,890
2023-04,"Navarra, Comunidad Foral de",GASÓLEO A,GasoleoA,50543
2023-04,"Navarra, Comunidad Foral de",GASÓLEO B,GasoleoB,5724
2023-04,"Navarra, Comunidad Foral de",GASÓLEO C,GasoleoC,679
2023-04,"Navarra, Comunidad Foral de",GASOLINA  AUTO. S/PB 95 I.O.,Gasolina95,6641
2023-04,"Navarra, Comunidad Foral de",GASOLINA  AUTO. S/PB 98 I.O.,Gasolina98,250
2023-04,"Navarra, Comunidad Foral de",OTRAS GASOLINAS,OtrasGasolinas,3
2023-04,"Navarra, Comunidad Foral de",OTROS FUELÓLEOS,OtrosFueloleos,0
2023-04,"Navarra, Comunidad Foral de",OTROS GASOLEOS,OtrosGasoleos,0
2023-04,"Navarra, Comunidad Foral de",OTROS QUEROSENOS,OtrosQueroseno,1
2023-04,"Navarra, Comunidad Foral de",QUEROSENO AVIACIÓN,QuerosenoAviacion,124
2023-04,País Vasco,BIODIESEL,Biodiesel,4
2023-04,País Vasco,BIOETANOL,Bioetanol,0
2023-04,País Vasco,FUELÓLEO  BIA,Fueloleo_BIA,433
2023-04,País Vasco,GLP,GLP,2237
2023-04,País Vasco,GASÓLEO A,GasoleoA,125682
2023-04,País Vasco,GASÓLEO B,GasoleoB,11753
2023-04,País Vasco,GASÓLEO C,GasoleoC,4005
2023-04,País Vasco,GASOLINA  AUTO. S/PB 95 I.O.,Gasolina95,17565
2023-04,País Vasco,GASOLINA  AUTO. S/PB 98 I.O.,Gasolina98,907
2023-04,País Vasco,OTRAS GASOLINAS,OtrasGasolinas,5
2023-04,País Vasco,OTROS FUELÓLEOS,OtrosFueloleos,0
2023-04,País Vasco,OTROS GASOLEOS,OtrosGasoleos,1861
2023-04,País Vasco,OTROS QUEROSENOS,OtrosQueroseno,2
2023-04,País Vasco,QUEROSENO AVIACIÓN,QuerosenoAviacion,7862
2023-04,"Rioja, La",BIODIESEL,Biodiesel,0
2023-04,"Rioja, La",BIOETANOL,Bioetanol,0
2023-04,"Rioja, La",FUELÓLEO  BIA,Fueloleo_BIA,78
2023-04,"Rioja, La",GLP,GLP,394
2023-04,"Rioja, La",GASÓLEO A,GasoleoA,12484
2023-04,"Rioja, La",GASÓLEO B,GasoleoB,2468
2023-04,"Rioja, La",GASÓLEO C,GasoleoC,985
2023-04,"Rioja, La",GASOLINA  AUTO. S/PB 95 I.O.,Gasolina95,2526
2023-04,"Rioja, La",GASOLINA  AUTO. S/PB 98 I.O.,Gasolina98,95
2023-04,"Rioja, La",OTRAS GASOLINAS,OtrasGasolinas,0
2023-04,"Rioja, La",OTROS FUELÓLEOS,OtrosFueloleos,0
2023-04,"Rioja, La",OTROS GASOLEOS,OtrosGasoleos,0
2023-04,"Rioja, La",OTROS QUEROSENOS,OtrosQueroseno,0
2023-04,"Rioja, La",QUEROSENO AVIACIÓN,QuerosenoAviacion,2
2023-05,Andalucía,BIODIESEL,Biodiesel,0
2023-05,Andalucía,BIOETANOL,Bioetanol,0
2023-05,Andalucía,FUELÓLEO  BIA,Fueloleo_BIA,1285
2023-05,Andalucía,GLP,GLP,20711
2023-05,Andalucía,GASÓLEO A,GasoleoA,303914
2023-05,Andalucía,GASÓLEO B,GasoleoB,52221
2023-05,Andalucía,GASÓLEO C,GasoleoC,2788
2023-05,Andalucía,GASOLINA  AUTO. S/PB 95 I.O.,Gasolina95,74722
2023-05,Andalucía,GASOLINA  AUTO. S/PB 98 I.O.,Gasolina98,2732
2023-05,Andalucía,OTRAS GASOLINAS,OtrasGasolinas,76
2023-05,Andalucía,OTROS FUELÓLEOS,OtrosFueloleos,262427
2023-05,Andalucía,OTROS GASOLEOS,OtrosGasoleos,101253
2023-05,Andalucía,OTROS QUEROSENOS,OtrosQueroseno,0
2023-05,Andalucía,QUEROSENO AVIACIÓN,QuerosenoAviacion,59396
2023-05,Aragón,BIODIESEL,Biodiesel,121
2023-05,Aragón,BIOETANOL,Bioetanol,0
2023-05,Aragón,FUELÓLEO  BIA,Fueloleo_BIA,361
2023-05,Aragón,GLP,GLP,2480
2023-05,Aragón,GASÓLEO A,GasoleoA,69816
2023-05,Aragón,GASÓLEO B,GasoleoB,16927
2023-05,Aragón,GASÓLEO C,GasoleoC,2348
2023-05,Aragón,GASOLINA  AUTO. S/PB 95 I.O.,Gasolina95,13452
2023-05,Aragón,GASOLINA  AUTO. S/PB 98 I.O.,Gasolina98,536
2023-05,Aragón,OTRAS GASOLINAS,OtrasGasolinas,2
2023-05,Aragón,OTROS FUELÓLEOS,OtrosFueloleos,0
2023-05,Aragón,OTROS GASOLEOS,OtrosGasoleos,17
2023-05,Aragón,OTROS QUEROSENOS,OtrosQueroseno,0
2023-05,Aragón,QUEROSENO AVIACIÓN,QuerosenoAviacion,4980
2023-05,"Asturias, Principado de",BIODIESEL,Biodiesel,0
2023-05,"Asturias, Principado de",BIOETANOL,Bioetanol,0
2023-05,"Asturias, Principado de",FUELÓLEO  BIA,Fueloleo_BIA,1980
2023-05,"Asturias, Principado de",GLP,GLP,1736
2023-05,"Asturias, Principado de",GASÓLEO A,GasoleoA,34594
2023-05,"Asturias, Principado de",GASÓLEO B,GasoleoB,5081
2023-05,"Asturias, Principado de",GASÓLEO C,GasoleoC,1519
2023-05,"Asturias, Principado de",GASOLINA  AUTO. S/PB 95 I.O.,Gasolina95,8666
2023-05,"Asturias, Principado de",GASOLINA  AUTO. S/PB 98 I.O.,Gasolina98,511
2023-05,"Asturias, Principado de",OTRAS GASOLINAS,OtrasGasolinas,1
2023-05,"Asturias, Principado de",OTROS FUELÓLEOS,OtrosFueloleos,242
2023-05,"Asturias, Principado de",OTROS GASOLEOS,OtrosGasoleos,2900
2023-05,"Asturias, Principado de",OTROS QUEROSENOS,OtrosQueroseno,0
2023-05,"Asturias, Principado de",QUEROSENO AVIACIÓN,QuerosenoAviacion,1301
2023-05,"Balears, Illes",BIODIESEL,Biodiesel,7
2023-05,"Balears, Illes",BIOETANOL,Bioetanol,0
2023-05,"Balears, Illes",FUELÓLEO  BIA,Fueloleo_BIA,0
2023-05,"Balears, Illes",GLP,GLP,4289
2023-05,"Balears, Illes",GASÓLEO A,GasoleoA,33516
2023-05,"Balears, Illes",GASÓLEO B,GasoleoB,4326
2023-05,"Balears, Illes",GASÓLEO C,GasoleoC,12276
2023-05,"Balears, Illes",GASOLINA  AUTO. S/PB 95 I.O.,Gasolina95,22462
2023-05,"Balears, Illes",GASOLINA  AUTO. S/PB 98 I.O.,Gasolina98,875
2023-05,"Balears, Illes",OTRAS GASOLINAS,OtrasGasolinas,24
2023-05,"Balears, Illes",OTROS FUELÓLEOS,OtrosFueloleos,0
2023-05,"Balears, Illes",OTROS GASOLEOS,OtrosGasoleos,3667
2023-05,"Balears, Illes",OTROS QUEROSENOS,OtrosQueroseno,0
2023-05,"Balears, Illes",QUEROSENO AVIACIÓN,QuerosenoAviacion,69001
2023-05,Canarias,BIODIESEL,Biodiesel,0
2023-05,Canarias,BIOETANOL,Bioetanol,0
2023-05,Canarias,FUELÓLEO  BIA,Fueloleo_BIA,77908
2023-05,Canarias,GLP,GLP,6480
2023-05,Canarias,GASÓLEO A,GasoleoA,57553
2023-05,Canarias,GASÓLEO B,GasoleoB,0
2023-05,Canarias,GASÓLEO C,GasoleoC,0
2023-05,Canarias,GASOLINA  AUTO. S/PB 95 I.O.,Gasolina95,36347
2023-05,Canarias,GASOLINA  AUTO. S/PB 98 I.O.,Gasolina98,8485
2023-05,Canarias,OTRAS GASOLINAS,OtrasGasolinas,4
2023-05,Canarias,OTROS FUELÓLEOS,OtrosFueloleos,77937
2023-05,Canarias,OTROS GASOLEOS,OtrosGasoleos,165679
2023-05,Canarias,OTROS QUEROSENOS,OtrosQueroseno,4
2023-05,Canarias,QUEROSENO AVIACIÓN,QuerosenoAviacion,77621
2023-05,Cantabria,BIODIESEL,Biodiesel,0
2023-05,Cantabria,BIOETANOL,Bioetanol,0
2023-05,Cantabria,FUELÓLEO  BIA,Fueloleo_BIA,358
2023-05,Cantabria,GLP,GLP,1105
2023-05,Cantabria,GASÓLEO A,GasoleoA,26331
2023-05,Cantabria,GASÓLEO B,GasoleoB,3710
2023-05,Cantabria,GASÓLEO C,GasoleoC,114
2023-05,Cantabria,GASOLINA  AUTO. S/PB 95 I.O.,Gasolina95,6139
2023-05,Cantabria,GASOLINA  AUTO. S/PB 98 I.O.,Gasolina98,264
2023-05,Cantabria,OTRAS GASOLINAS,OtrasGasolinas,1
2023-05,Cantabria,OTROS FUELÓLEOS,OtrosFueloleos,0
2023-05,Cantabria,OTROS GASOLEOS,OtrosGasoleos,1691
2023-05,Cantabria,OTROS QUEROSENOS,OtrosQueroseno,0
2023-05,Cantabria,QUEROSENO AVIACIÓN,QuerosenoAviacion,1061
2023-05,Castilla - La Mancha,BIODIESEL,Biodiesel,0
2023-05,Castilla - La Mancha,BIOETANOL,Bioetanol,0
2023-05,Castilla - La Mancha,FUELÓLEO  BIA,Fueloleo_BIA,322
2023-05,Castilla - La Mancha,GLP,GLP,3381
2023-05,Castilla - La Mancha,GASÓLEO A,GasoleoA,106419
2023-05,Castilla - La Mancha,GASÓLEO B,GasoleoB,26844
2023-05,Castilla - La Mancha,GASÓLEO C,GasoleoC,3328
2023-05,Castilla - La Mancha,GASOLINA  AUTO. S/PB 95 I.O.,Gasolina95,19699
2023-05,Castilla - La Mancha,GASOLINA  AUTO. S/PB 98 I.O.,Gasolina98,638
2023-05,Castilla - La Mancha,OTRAS GASOLINAS,OtrasGasolinas,4
2023-05,Castilla - La Mancha,OTROS FUELÓLEOS,OtrosFueloleos,0
2023-05,Castilla - La Mancha,OTROS GASOLEOS,OtrosGasoleos,0
2023-05,Castilla - La Mancha,OTROS QUEROSENOS,OtrosQueroseno,0
2023-05,Castilla - La Mancha,QUEROSENO AVIACIÓN,QuerosenoAviacion,163
2023-05,Castilla y León,BIODIESEL,Biodiesel,0
2023-05,Castilla y León,BIOETANOL,Bioetanol,0
2023-05,Castilla y León,FUELÓLEO  BIA,Fueloleo_BIA,1200
2023-05,Castilla y León,GLP,GLP,4830
2023-05,Castilla y León,GASÓLEO A,GasoleoA,144289
2023-05,Castilla y León,GASÓLEO B,GasoleoB,38732
2023-05,Castilla y León,GASÓLEO C,GasoleoC,6915
2023-05,Castilla y León,GASOLINA  AUTO. S/PB 95 I.O.,Gasolina95,25340
2023-05,Castilla y León,GASOLINA  AUTO. S/PB 98 I.O.,Gasolina98,1167
2023-05,Castilla y León,OTRAS GASOLINAS,OtrasGasolinas,63
2023-05,Castilla y León,OTROS FUELÓLEOS,OtrosFueloleos,0
2023-05,Castilla y León,OTROS GASOLEOS,OtrosGasoleos,0
2023-05,Castilla y León,OTROS QUEROSENOS,OtrosQueroseno,0
2023-05,Castilla y León,QUEROSENO AVIACIÓN,QuerosenoAviacion,521
2023-05,Cataluña,BIODIESEL,Biodiesel,169
2023-05,Cataluña,BIOETANOL,Bioetanol,0
2023-05,Cataluña,FUELÓLEO  BIA,Fueloleo_BIA,586
2023-05,Cataluña,GLP,GLP,11183
2023-05,Cataluña,GASÓLEO A,GasoleoA,312732
2023-05,Cataluña,GASÓLEO B,GasoleoB,30414
2023-05,Cataluña,GASÓLEO C,GasoleoC,3455
2023-05,Cataluña,GASOLINA  AUTO. S/PB 95 I.O.,Gasolina95,87610
2023-05,Cataluña,GASOLINA  AUTO. S/PB 98 I.O.,Gasolina98,4103
2023-05,Cataluña,OTRAS GASOLINAS,OtrasGasolinas,74
2023-05,Cataluña,OTROS FUELÓLEOS,OtrosFueloleos,83744
2023-05,Cataluña,OTROS GASOLEOS,OtrosGasoleos,49181
2023-05,Cataluña,OTROS QUEROSENOS,OtrosQueroseno,0
2023-05,Cataluña,QUEROSENO AVIACIÓN,QuerosenoAviacion,96275
2023-05,Ceuta,BIODIESEL,Biodiesel,0
2023-05,Ceuta,BIOETANOL,Bioetanol,0
2023-05,Ceuta,FUELÓLEO  BIA,Fueloleo_BIA,2299
2023-05,Ceuta,GLP,GLP,200
2023-05,Ceuta,GASÓLEO A,GasoleoA,1058
2023-05,Ceuta,GASÓLEO B,GasoleoB,0
2023-05,Ceuta,GASÓLEO C,GasoleoC,54
2023-05,Ceuta,GASOLINA  AUTO. S/PB 95 I.O.,Gasolina95,505
2023-05,Ceuta,GASOLINA  AUTO. S/PB 98 I.O.,Gasolina98,44
2023-05,Ceuta,OTRAS GASOLINAS,OtrasGasolinas,0
2023-05,Ceuta,OTROS FUELÓLEOS,OtrosFueloleos,6350
2023-05,Ceuta,OTROS GASOLEOS,OtrosGasoleos,6481
2023-05,Ceuta,OTROS QUEROSENOS,OtrosQueroseno,0
2023-05,Ceuta,QUEROSENO AVIACIÓN,QuerosenoAviacion,54
2023-05,Comunitat Valenciana,BIODIESEL,Biodiesel,76
2023-05,Comunitat Valenciana,BIOETANOL,Bioetanol,0
2023-05,Comunitat Valenciana,FUELÓLEO  BIA,Fueloleo_BIA,161
2023-05,Comunitat Valenciana,GLP,GLP,9542
2023-05,Comunitat Valenciana,GASÓLEO A,GasoleoA,174990
2023-05,Comunitat Valenciana,GASÓLEO B,GasoleoB,17096
2023-05,Comunitat Valenciana,GASÓLEO C,GasoleoC,1740
2023-05,Comunitat Valenciana,GASOLINA  AUTO. S/PB 95 I.O.,Gasolina95,54426
2023-05,Comunitat Valenciana,GASOLINA  AUTO. S/PB 98 I.O.,Gasolina98,2143
2023-05,Comunitat Valenciana,OTRAS GASOLINAS,OtrasGasolinas,41
2023-05,Comunitat Valenciana,OTROS FUELÓLEOS,OtrosFueloleos,25103
2023-05,Comunitat Valenciana,OTROS GASOLEOS,OtrosGasoleos,18293
2023-05,Comunitat Valenciana,OTROS QUEROSENOS,OtrosQueroseno,14
2023-05,Comunitat Valenciana,QUEROSENO AVIACIÓN,QuerosenoAviacion,41092
2023-05,ESPAÑA,BIODIESEL,Biodiesel,431
2023-05,ESPAÑA,BIOETANOL,Bioetanol,17
2023-05,ESPAÑA,FUELÓLEO  BIA,Fueloleo_BIA,101823
2023-05,ESPAÑA,GLP,GLP,91258
2023-05,ESPAÑA,GASÓLEO A,GasoleoA,1885680
2023-05,ESPAÑA,GASÓLEO B,GasoleoB,276998
2023-05,ESPAÑA,GASÓLEO C,GasoleoC,50471
2023-05,ESPAÑA,GASOLINA  AUTO. S/PB 95 I.O.,Gasolina95,485887
2023-05,ESPAÑA,GASOLINA  AUTO. S/PB 98 I.O.,Gasolina98,26775
2023-05,ESPAÑA,OTRAS GASOLINAS,OtrasGasolinas,363
2023-05,ESPAÑA,OTROS FUELÓLEOS,OtrosFueloleos,458862
2023-05,ESPAÑA,OTROS GASOLEOS,OtrosGasoleos,369376
2023-05,ESPAÑA,OTROS QUEROSENOS,OtrosQueroseno,20
2023-05,ESPAÑA,QUEROSENO AVIACIÓN,QuerosenoAviacion,566120
2023-05,Extremadura,BIODIESEL,Biodiesel,0
2023-05,Extremadura,BIOETANOL,Bioetanol,0
2023-05,Extremadura,FUELÓLEO  BIA,Fueloleo_BIA,446
2023-05,Extremadura,GLP,GLP,2951
2023-05,Extremadura,GASÓLEO A,GasoleoA,56813
2023-05,Extremadura,GASÓLEO B,GasoleoB,10677
2023-05,Extremadura,GASÓLEO C,GasoleoC,289
2023-05,Extremadura,GASOLINA  AUTO. S/PB 95 I.O.,Gasolina95,8855
2023-05,Extremadura,GASOLINA  AUTO. S/PB 98 I.O.,Gasolina98,261
2023-05,Extremadura,OTRAS GASOLINAS,OtrasGasolinas,1
2023-05,Extremadura,OTROS FUELÓLEOS,OtrosFueloleos,0
2023-05,Extremadura,OTROS GASOLEOS,OtrosGasoleos,0
2023-05,Extremadura,OTROS QUEROSENOS,OtrosQueroseno,0
2023-05,Extremadura,QUEROSENO AVIACIÓN,QuerosenoAviacion,114
2023-05,Galicia,BIODIESEL,Biodiesel,0
2023-05,Galicia,BIOETANOL,Bioetanol,0
2023-05,Galicia,FUELÓLEO  BIA,Fueloleo_BIA,10641
2023-05,Galicia,GLP,GLP,7659
2023-05,Galicia,GASÓLEO A,GasoleoA,114434
2023-05,Galicia,GASÓLEO B,GasoleoB,25649
2023-05,Galicia,GASÓLEO C,GasoleoC,6990
2023-05,Galicia,GASOLINA  AUTO. S/PB 95 I.O.,Gasolina95,23013
2023-05,Galicia,GASOLINA  AUTO. S/PB 98 I.O.,Gasolina98,1079
2023-05,Galicia,OTRAS GASOLINAS,OtrasGasolinas,7
2023-05,Galicia,OTROS FUELÓLEOS,OtrosFueloleos,2882
2023-05,Galicia,OTROS GASOLEOS,OtrosGasoleos,16473
2023-05,Galicia,OTROS QUEROSENOS,OtrosQueroseno,0
2023-05,Galicia,QUEROSENO AVIACIÓN,QuerosenoAviacion,5752
2023-05,"Madrid, Comunidad de",BIODIESEL,Biodiesel,0
2023-05,"Madrid, Comunidad de",BIOETANOL,Bioetanol,0
2023-05,"Madrid, Comunidad de",FUELÓLEO  BIA,Fueloleo_BIA,415
2023-05,"Madrid, Comunidad de",GLP,GLP,6321
2023-05,"Madrid, Comunidad de",GASÓLEO A,GasoleoA,154674
2023-05,"Madrid, Comunidad de",GASÓLEO B,GasoleoB,8484
2023-05,"Madrid, Comunidad de",GASÓLEO C,GasoleoC,4491
2023-05,"Madrid, Comunidad de",GASOLINA  AUTO. S/PB 95 I.O.,Gasolina95,62156
2023-05,"Madrid, Comunidad de",GASOLINA  AUTO. S/PB 98 I.O.,Gasolina98,2213
2023-05,"Madrid, Comunidad de",OTRAS GASOLINAS,OtrasGasolinas,60
2023-05,"Madrid, Comunidad de",OTROS FUELÓLEOS,OtrosFueloleos,52
2023-05,"Madrid, Comunidad de",OTROS GASOLEOS,OtrosGasoleos,13
2023-05,"Madrid, Comunidad de",OTROS QUEROSENOS,OtrosQueroseno,0
2023-05,"Madrid, Comunidad de",QUEROSENO AVIACIÓN,QuerosenoAviacion,198375
2023-05,Melilla,BIODIESEL,Biodiesel,0
2023-05,Melilla,BIOETANOL,Bioetanol,0
2023-05,Melilla,FUELÓLEO  BIA,Fueloleo_BIA,2493
2023-05,Melilla,GLP,GLP,185
2023-05,Melilla,GASÓLEO A,GasoleoA,1127
2023-05,Melilla,GASÓLEO B,GasoleoB,0
2023-05,Melilla,GASÓLEO C,GasoleoC,0
2023-05,Melilla,GASOLINA  AUTO. S/PB 95 I.O.,Gasolina95,594
2023-05,Melilla,GASOLINA  AUTO. S/PB 98 I.O.,Gasolina98,0
2023-05,Melilla,OTRAS GASOLINAS,OtrasGasolinas,0
2023-05,Melilla,OTROS FUELÓLEOS,OtrosFueloleos,0
2023-05,Melilla,OTROS GASOLEOS,OtrosGasoleos,0
2023-05,Melilla,OTROS QUEROSENOS,OtrosQueroseno,0
2023-05,Melilla,QUEROSENO AVIACIÓN,QuerosenoAviacion,108
2023-05,"Murcia, Región de",BIODIESEL,Biodiesel,0
2023-05,"Murcia, Región de",BIOETANOL,Bioetanol,17
2023-05,"Murcia, Región de",FUELÓLEO  BIA,Fueloleo_BIA,422
2023-05,"Murcia, Región de",GLP,GLP,3208
2023-05,"Murcia, Región de",GASÓLEO A,GasoleoA,81132
2023-05,"Murcia, Región de",GASÓLEO B,GasoleoB,10870
2023-05,"Murcia, Región de",GASÓLEO C,GasoleoC,348
2023-05,"Murcia, Región de",GASOLINA  AUTO. S/PB 95 I.O.,Gasolina95,12892
2023-05,"Murcia, Región de",GASOLINA  AUTO. S/PB 98 I.O.,Gasolina98,532
2023-05,"Murcia, Región de",OTRAS GASOLINAS,OtrasGasolinas,0
2023-05,"Murcia, Región de",OTROS FUELÓLEOS,OtrosFueloleos,125
2023-05,"Murcia, Región de",OTROS GASOLEOS,OtrosGasoleos,1734
2023-05,"Murcia, Región de",OTROS QUEROSENOS,OtrosQueroseno,0
2023-05,"Murcia, Región de",QUEROSENO AVIACIÓN,QuerosenoAviacion,1837
2023-05,"Navarra, Comunidad Foral de",BIODIESEL,Biodiesel,51
2023-05,"Navarra, Comunidad Foral de",BIOETANOL,Bioetanol,0
2023-05,"Navarra, Comunidad Foral de",FUELÓLEO  BIA,Fueloleo_BIA,269
2023-05,"Navarra, Comunidad Foral de",GLP,GLP,921
2023-05,"Navarra, Comunidad Foral de",GASÓLEO A,GasoleoA,55177
2023-05,"Navarra, Comunidad Foral de",GASÓLEO B,GasoleoB,6185
2023-05,"Navarra, Comunidad Foral de",GASÓLEO C,GasoleoC,429
2023-05,"Navarra, Comunidad Foral de",GASOLINA  AUTO. S/PB 95 I.O.,Gasolina95,7052
2023-05,"Navarra, Comunidad Foral de",GASOLINA  AUTO. S/PB 98 I.O.,Gasolina98,226
2023-05,"Navarra, Comunidad Foral de",OTRAS GASOLINAS,OtrasGasolinas,2
2023-05,"Navarra, Comunidad Foral de",OTROS FUELÓLEOS,OtrosFueloleos,0
2023-05,"Navarra, Comunidad Foral de",OTROS GASOLEOS,OtrosGasoleos,0
2023-05,"Navarra, Comunidad Foral de",OTROS QUEROSENOS,OtrosQueroseno,0
2023-05,"Navarra, Comunidad Foral de",QUEROSENO AVIACIÓN,QuerosenoAviacion,114
2023-05,País Vasco,BIODIESEL,Biodiesel,7
2023-05,País Vasco,BIOETANOL,Bioetanol,0
2023-05,País Vasco,FUELÓLEO  BIA,Fueloleo_BIA,560
2023-05,País Vasco,GLP,GLP,3644
2023-05,País Vasco,GASÓLEO A,GasoleoA,142621
2023-05,País Vasco,GASÓLEO B,GasoleoB,17049
2023-05,País Vasco,GASÓLEO C,GasoleoC,2740
2023-05,País Vasco,GASOLINA  AUTO. S/PB 95 I.O.,Gasolina95,19350
2023-05,País Vasco,GASOLINA  AUTO. S/PB 98 I.O.,Gasolina98,872
2023-05,País Vasco,OTRAS GASOLINAS,OtrasGasolinas,3
2023-05,País Vasco,OTROS FUELÓLEOS,OtrosFueloleos,0
2023-05,País Vasco,OTROS GASOLEOS,OtrosGasoleos,1994
2023-05,País Vasco,OTROS QUEROSENOS,OtrosQueroseno,2
2023-05,País Vasco,QUEROSENO AVIACIÓN,QuerosenoAviacion,8340
2023-05,"Rioja, La",BIODIESEL,Biodiesel,0
2023-05,"Rioja, La",BIOETANOL,Bioetanol,0
2023-05,"Rioja, La",FUELÓLEO  BIA,Fueloleo_BIA,117
2023-05,"Rioja, La",GLP,GLP,432
2023-05,"Rioja, La",GASÓLEO A,GasoleoA,14490
2023-05,"Rioja, La",GASÓLEO B,GasoleoB,2733
2023-05,"Rioja, La",GASÓLEO C,GasoleoC,647
2023-05,"Rioja, La",GASOLINA  AUTO. S/PB 95 I.O.,Gasolina95,2607
2023-05,"Rioja, La",GASOLINA  AUTO. S/PB 98 I.O.,Gasolina98,94
2023-05,"Rioja, La",OTRAS GASOLINAS,OtrasGasolinas,0
2023-05,"Rioja, La",OTROS FUELÓLEOS,OtrosFueloleos,0
2023-05,"Rioja, La",OTROS GASOLEOS,OtrosGasoleos,0
2023-05,"Rioja, La",OTROS QUEROSENOS,OtrosQueroseno,0
2023-05,"Rioja, La",QUEROSENO AVIACIÓN,QuerosenoAviacion,15
2023-06,Andalucía,BIODIESEL,Biodiesel,0
2023-06,Andalucía,BIOETANOL,Bioetanol,0
2023-06,Andalucía,FUELÓLEO  BIA,Fueloleo_BIA,969
2023-06,Andalucía,GLP,GLP,18479
2023-06,Andalucía,GASÓLEO A,GasoleoA,302841
2023-06,Andalucía,GASÓLEO B,GasoleoB,53771
2023-06,Andalucía,GASÓLEO C,GasoleoC,2481
2023-06,Andalucía,GASOLINA  AUTO. S/PB 95 I.O.,Gasolina95,75790
2023-06,Andalucía,GASOLINA  AUTO. S/PB 98 I.O.,Gasolina98,2907
2023-06,Andalucía,OTRAS GASOLINAS,OtrasGasolinas,95
2023-06,Andalucía,OTROS FUELÓLEOS,OtrosFueloleos,253691
2023-06,Andalucía,OTROS GASOLEOS,OtrosGasoleos,71323
2023-06,Andalucía,OTROS QUEROSENOS,OtrosQueroseno,0
2023-06,Andalucía,QUEROSENO AVIACIÓN,QuerosenoAviacion,60321
2023-06,Aragón,BIODIESEL,Biodiesel,136
2023-06,Aragón,BIOETANOL,Bioetanol,0
2023-06,Aragón,FUELÓLEO  BIA,Fueloleo_BIA,169
2023-06,Aragón,GLP,GLP,2109
2023-06,Aragón,GASÓLEO A,GasoleoA,68253
2023-06,Aragón,GASÓLEO B,GasoleoB,19493
2023-06,Aragón,GASÓLEO C,GasoleoC,2407
2023-06,Aragón,GASOLINA  AUTO. S/PB 95 I.O.,Gasolina95,13926
2023-06,Aragón,GASOLINA  AUTO. S/PB 98 I.O.,Gasolina98,583
2023-06,Aragón,OTRAS GASOLINAS,OtrasGasolinas,11
2023-06,Aragón,OTROS FUELÓLEOS,OtrosFueloleos,0
2023-06,Aragón,OTROS GASOLEOS,OtrosGasoleos,17
2023-06,Aragón,OTROS QUEROSENOS,OtrosQueroseno,0
2023-06,Aragón,QUEROSENO AVIACIÓN,QuerosenoAviacion,3971
2023-06,"Asturias, Principado de",BIODIESEL,Biodiesel,0
2023-06,"Asturias, Principado de",BIOETANOL,Bioetanol,0
2023-06,"Asturias, Principado de",FUELÓLEO  BIA,Fueloleo_BIA,1149
2023-06,"Asturias, Principado de",GLP,GLP,1538
2023-06,"Asturias, Principado de",GASÓLEO A,GasoleoA,35245
2023-06,"Asturias, Principado de",GASÓLEO B,GasoleoB,5498
2023-06,"Asturias, Principado de",GASÓLEO C,GasoleoC,1441
2023-06,"Asturias, Principado de",GASOLINA  AUTO. S/PB 95 I.O.,Gasolina95,9010
2023-06,"Asturias, Principado de",GASOLINA  AUTO. S/PB 98 I.O.,Gasolina98,472
2023-06,"Asturias, Principado de",OTRAS GASOLINAS,OtrasGasolinas,3
2023-06,"Asturias, Principado de",OTROS FUELÓLEOS,OtrosFueloleos,160
2023-06,"Asturias, Principado de",OTROS GASOLEOS,OtrosGasoleos,2502
2023-06,"Asturias, Principado de",OTROS QUEROSENOS,OtrosQueroseno,0
2023-06,"Asturias, Principado de",QUEROSENO AVIACIÓN,QuerosenoAviacion,1454
2023-06,"Balears, Illes",BIODIESEL,Biodiesel,0
2023-06,"Balears, Illes",BIOETANOL,Bioetanol,0
2023-06,"Balears, Illes",FUELÓLEO  BIA,Fueloleo_BIA,0
2023-06,"Balears, Illes",GLP,GLP,4006
2023-06,"Balears, Illes",GASÓLEO A,GasoleoA,36609
2023-06,"Balears, Illes",GASÓLEO B,GasoleoB,4916
2023-06,"Balears, Illes",GASÓLEO C,GasoleoC,15907
2023-06,"Balears, Illes",GASOLINA  AUTO. S/PB 95 I.O.,Gasolina95,25399
2023-06,"Balears, Illes",GASOLINA  AUTO. S/PB 98 I.O.,Gasolina98,1052
2023-06,"Balears, Illes",OTRAS GASOLINAS,OtrasGasolinas,30
2023-06,"Balears, Illes",OTROS FUELÓLEOS,OtrosFueloleos,0
2023-06,"Balears, Illes",OTROS GASOLEOS,OtrosGasoleos,5312
2023-06,"Balears, Illes",OTROS QUEROSENOS,OtrosQueroseno,0
2023-06,"Balears, Illes",QUEROSENO AVIACIÓN,QuerosenoAviacion,82289
2023-06,Canarias,BIODIESEL,Biodiesel,0
2023-06,Canarias,BIOETANOL,Bioetanol,0
2023-06,Canarias,FUELÓLEO  BIA,Fueloleo_BIA,76119
2023-06,Canarias,GLP,GLP,6177
2023-06,Canarias,GASÓLEO A,GasoleoA,56078
2023-06,Canarias,GASÓLEO B,GasoleoB,0
2023-06,Canarias,GASÓLEO C,GasoleoC,0
2023-06,Canarias,GASOLINA  AUTO. S/PB 95 I.O.,Gasolina95,34973
2023-06,Canarias,GASOLINA  AUTO. S/PB 98 I.O.,Gasolina98,8284
2023-06,Canarias,OTRAS GASOLINAS,OtrasGasolinas,5
2023-06,Canarias,OTROS FUELÓLEOS,OtrosFueloleos,80474
2023-06,Canarias,OTROS GASOLEOS,OtrosGasoleos,154405
2023-06,Canarias,OTROS QUEROSENOS,OtrosQueroseno,10
2023-06,Canarias,QUEROSENO AVIACIÓN,QuerosenoAviacion,75295
2023-06,Cantabria,BIODIESEL,Biodiesel,0
2023-06,Cantabria,BIOETANOL,Bioetanol,0
2023-06,Cantabria,FUELÓLEO  BIA,Fueloleo_BIA,469
2023-06,Cantabria,GLP,GLP,1189
2023-06,Cantabria,GASÓLEO A,GasoleoA,23185
2023-06,Cantabria,GASÓLEO B,GasoleoB,2827
2023-06,Cantabria,GASÓLEO C,GasoleoC,110
2023-06,Cantabria,GASOLINA  AUTO. S/PB 95 I.O.,Gasolina95,6225
2023-06,Cantabria,GASOLINA  AUTO. S/PB 98 I.O.,Gasolina98,315
2023-06,Cantabria,OTRAS GASOLINAS,OtrasGasolinas,2
2023-06,Cantabria,OTROS FUELÓLEOS,OtrosFueloleos,0
2023-06,Cantabria,OTROS GASOLEOS,OtrosGasoleos,1699
2023-06,Cantabria,OTROS QUEROSENOS,OtrosQueroseno,0
2023-06,Cantabria,QUEROSENO AVIACIÓN,QuerosenoAviacion,917
2023-06,Castilla - La Mancha,BIODIESEL,Biodiesel,6
2023-06,Castilla - La Mancha,BIOETANOL,Bioetanol,0
2023-06,Castilla - La Mancha,FUELÓLEO  BIA,Fueloleo_BIA,363
2023-06,Castilla - La Mancha,GLP,GLP,3274
2023-06,Castilla - La Mancha,GASÓLEO A,GasoleoA,96611
2023-06,Castilla - La Mancha,GASÓLEO B,GasoleoB,31237
2023-06,Castilla - La Mancha,GASÓLEO C,GasoleoC,2967
2023-06,Castilla - La Mancha,GASOLINA  AUTO. S/PB 95 I.O.,Gasolina95,20154
2023-06,Castilla - La Mancha,GASOLINA  AUTO. S/PB 98 I.O.,Gasolina98,704
2023-06,Castilla - La Mancha,OTRAS GASOLINAS,OtrasGasolinas,2
2023-06,Castilla - La Mancha,OTROS FUELÓLEOS,OtrosFueloleos,0
2023-06,Castilla - La Mancha,OTROS GASOLEOS,OtrosGasoleos,0
2023-06,Castilla - La Mancha,OTROS QUEROSENOS,OtrosQueroseno,0
2023-06,Castilla - La Mancha,QUEROSENO AVIACIÓN,QuerosenoAviacion,170
2023-06,Castilla y León,BIODIESEL,Biodiesel,0
2023-06,Castilla y León,BIOETANOL,Bioetanol,12
2023-06,Castilla y León,FUELÓLEO  BIA,Fueloleo_BIA,938
2023-06,Castilla y León,GLP,GLP,4248
2023-06,Castilla y León,GASÓLEO A,GasoleoA,142120
2023-06,Castilla y León,GASÓLEO B,GasoleoB,34674
2023-06,Castilla y León,GASÓLEO C,GasoleoC,4967
2023-06,Castilla y León,GASOLINA  AUTO. S/PB 95 I.O.,Gasolina95,26597
2023-06,Castilla y León,GASOLINA  AUTO. S/PB 98 I.O.,Gasolina98,1233
2023-06,Castilla y León,OTRAS GASOLINAS,OtrasGasolinas,96
2023-06,Castilla y León,OTROS FUELÓLEOS,OtrosFueloleos,0
2023-06,Castilla y León,OTROS GASOLEOS,OtrosGasoleos,0
2023-06,Castilla y León,OTROS QUEROSENOS,OtrosQueroseno,0
2023-06,Castilla y León,QUEROSENO AVIACIÓN,QuerosenoAviacion,416
2023-06,Cataluña,BIODIESEL,Biodiesel,133
2023-06,Cataluña,BIOETANOL,Bioetanol,0
2023-06,Cataluña,FUELÓLEO  BIA,Fueloleo_BIA,759
2023-06,Cataluña,GLP,GLP,9313
2023-06,Cataluña,GASÓLEO A,GasoleoA,329272
2023-06,Cataluña,GASÓLEO B,GasoleoB,31933
2023-06,Cataluña,GASÓLEO C,GasoleoC,3159
2023-06,Cataluña,GASOLINA  AUTO. S/PB 95 I.O.,Gasolina95,90315
2023-06,Cataluña,GASOLINA  AUTO. S/PB 98 I.O.,Gasolina98,4361
2023-06,Cataluña,OTRAS GASOLINAS,OtrasGasolinas,86
2023-06,Cataluña,OTROS FUELÓLEOS,OtrosFueloleos,63593
2023-06,Cataluña,OTROS GASOLEOS,OtrosGasoleos,32545
2023-06,Cataluña,OTROS QUEROSENOS,OtrosQueroseno,0
2023-06,Cataluña,QUEROSENO AVIACIÓN,QuerosenoAviacion,105186
2023-06,Ceuta,BIODIESEL,Biodiesel,0
2023-06,Ceuta,BIOETANOL,Bioetanol,0
2023-06,Ceuta,FUELÓLEO  BIA,Fueloleo_BIA,2294
2023-06,Ceuta,GLP,GLP,170
2023-06,Ceuta,GASÓLEO A,GasoleoA,1042
2023-06,Ceuta,GASÓLEO B,GasoleoB,0
2023-06,Ceuta,GASÓLEO C,GasoleoC,27
2023-06,Ceuta,GASOLINA  AUTO. S/PB 95 I.O.,Gasolina95,529
2023-06,Ceuta,GASOLINA  AUTO. S/PB 98 I.O.,Gasolina98,43
2023-06,Ceuta,OTRAS GASOLINAS,OtrasGasolinas,0
2023-06,Ceuta,OTROS FUELÓLEOS,OtrosFueloleos,7290
2023-06,Ceuta,OTROS GASOLEOS,OtrosGasoleos,8770
2023-06,Ceuta,OTROS QUEROSENOS,OtrosQueroseno,0
2023-06,Ceuta,QUEROSENO AVIACIÓN,QuerosenoAviacion,54
2023-06,Comunitat Valenciana,BIODIESEL,Biodiesel,25
2023-06,Comunitat Valenciana,BIOETANOL,Bioetanol,0
2023-06,Comunitat Valenciana,FUELÓLEO  BIA,Fueloleo_BIA,422
2023-06,Comunitat Valenciana,GLP,GLP,8947
2023-06,Comunitat Valenciana,GASÓLEO A,GasoleoA,171725
2023-06,Comunitat Valenciana,GASÓLEO B,GasoleoB,17674
2023-06,Comunitat Valenciana,GASÓLEO C,GasoleoC,1666
2023-06,Comunitat Valenciana,GASOLINA  AUTO. S/PB 95 I.O.,Gasolina95,58987
2023-06,Comunitat Valenciana,GASOLINA  AUTO. S/PB 98 I.O.,Gasolina98,2264
2023-06,Comunitat Valenciana,OTRAS GASOLINAS,OtrasGasolinas,7
2023-06,Comunitat Valenciana,OTROS FUELÓLEOS,OtrosFueloleos,22700
2023-06,Comunitat Valenciana,OTROS GASOLEOS,OtrosGasoleos,46530
2023-06,Comunitat Valenciana,OTROS QUEROSENOS,OtrosQueroseno,14
2023-06,Comunitat Valenciana,QUEROSENO AVIACIÓN,QuerosenoAviacion,42214
2023-06,ESPAÑA,BIODIESEL,Biodiesel,379
2023-06,ESPAÑA,BIOETANOL,Bioetanol,28
2023-06,ESPAÑA,FUELÓLEO  BIA,Fueloleo_BIA,97823
2023-06,ESPAÑA,GLP,GLP,83865
2023-06,ESPAÑA,GASÓLEO A,GasoleoA,1922421
2023-06,ESPAÑA,GASÓLEO B,GasoleoB,278365
2023-06,ESPAÑA,GASÓLEO C,GasoleoC,49254
2023-06,ESPAÑA,GASOLINA  AUTO. S/PB 95 I.O.,Gasolina95,504533
2023-06,ESPAÑA,GASOLINA  AUTO. S/PB 98 I.O.,Gasolina98,27975
2023-06,ESPAÑA,OTRAS GASOLINAS,OtrasGasolinas,431
2023-06,ESPAÑA,OTROS FUELÓLEOS,OtrosFueloleos,431338
2023-06,ESPAÑA,OTROS GASOLEOS,OtrosGasoleos,343451
2023-06,ESPAÑA,OTROS QUEROSENOS,OtrosQueroseno,25
2023-06,ESPAÑA,QUEROSENO AVIACIÓN,QuerosenoAviacion,585552
2023-06,Extremadura,BIODIESEL,Biodiesel,0
2023-06,Extremadura,BIOETANOL,Bioetanol,0
2023-06,Extremadura,FUELÓLEO  BIA,Fueloleo_BIA,157
2023-06,Extremadura,GLP,GLP,2726
2023-06,Extremadura,GASÓLEO A,GasoleoA,59240
2023-06,Extremadura,GASÓLEO B,GasoleoB,12893
2023-06,Extremadura,GASÓLEO C,GasoleoC,313
2023-06,Extremadura,GASOLINA  AUTO. S/PB 95 I.O.,Gasolina95,8933
2023-06,Extremadura,GASOLINA  AUTO. S/PB 98 I.O.,Gasolina98,247
2023-06,Extremadura,OTRAS GASOLINAS,OtrasGasolinas,6
2023-06,Extremadura,OTROS FUELÓLEOS,OtrosFueloleos,0
2023-06,Extremadura,OTROS GASOLEOS,OtrosGasoleos,0
2023-06,Extremadura,OTROS QUEROSENOS,OtrosQueroseno,0
2023-06,Extremadura,QUEROSENO AVIACIÓN,QuerosenoAviacion,75
2023-06,Galicia,BIODIESEL,Biodiesel,4
2023-06,Galicia,BIOETANOL,Bioetanol,0
2023-06,Galicia,FUELÓLEO  BIA,Fueloleo_BIA,9830
2023-06,Galicia,GLP,GLP,7017
2023-06,Galicia,GASÓLEO A,GasoleoA,115666
2023-06,Galicia,GASÓLEO B,GasoleoB,20838
2023-06,Galicia,GASÓLEO C,GasoleoC,6498
2023-06,Galicia,GASOLINA  AUTO. S/PB 95 I.O.,Gasolina95,24089
2023-06,Galicia,GASOLINA  AUTO. S/PB 98 I.O.,Gasolina98,1167
2023-06,Galicia,OTRAS GASOLINAS,OtrasGasolinas,5
2023-06,Galicia,OTROS FUELÓLEOS,OtrosFueloleos,3366
2023-06,Galicia,OTROS GASOLEOS,OtrosGasoleos,15670
2023-06,Galicia,OTROS QUEROSENOS,OtrosQueroseno,0
2023-06,Galicia,QUEROSENO AVIACIÓN,QuerosenoAviacion,5693
2023-06,"Madrid, Comunidad de",BIODIESEL,Biodiesel,42
2023-06,"Madrid, Comunidad de",BIOETANOL,Bioetanol,0
2023-06,"Madrid, Comunidad de",FUELÓLEO  BIA,Fueloleo_BIA,592
2023-06,"Madrid, Comunidad de",GLP,GLP,5919
2023-06,"Madrid, Comunidad de",GASÓLEO A,GasoleoA,166937
2023-06,"Madrid, Comunidad de",GASÓLEO B,GasoleoB,9254
2023-06,"Madrid, Comunidad de",GASÓLEO C,GasoleoC,4061
2023-06,"Madrid, Comunidad de",GASOLINA  AUTO. S/PB 95 I.O.,Gasolina95,64461
2023-06,"Madrid, Comunidad de",GASOLINA  AUTO. S/PB 98 I.O.,Gasolina98,2392
2023-06,"Madrid, Comunidad de",OTRAS GASOLINAS,OtrasGasolinas,69
2023-06,"Madrid, Comunidad de",OTROS FUELÓLEOS,OtrosFueloleos,39
2023-06,"Madrid, Comunidad de",OTROS GASOLEOS,OtrosGasoleos,0
2023-06,"Madrid, Comunidad de",OTROS QUEROSENOS,OtrosQueroseno,0
2023-06,"Madrid, Comunidad de",QUEROSENO AVIACIÓN,QuerosenoAviacion,196290
2023-06,Melilla,BIODIESEL,Biodiesel,0
2023-06,Melilla,BIOETANOL,Bioetanol,0
2023-06,Melilla,FUELÓLEO  BIA,Fueloleo_BIA,2498
2023-06,Melilla,GLP,GLP,154
2023-06,Melilla,GASÓLEO A,GasoleoA,1155
2023-06,Melilla,GASÓLEO B,GasoleoB,0
2023-06,Melilla,GASÓLEO C,GasoleoC,0
2023-06,Melilla,GASOLINA  AUTO. S/PB 95 I.O.,Gasolina95,587
2023-06,Melilla,GASOLINA  AUTO. S/PB 98 I.O.,Gasolina98,0
2023-06,Melilla,OTRAS GASOLINAS,OtrasGasolinas,0
2023-06,Melilla,OTROS FUELÓLEOS,OtrosFueloleos,0
2023-06,Melilla,OTROS GASOLEOS,OtrosGasoleos,0
2023-06,Melilla,OTROS QUEROSENOS,OtrosQueroseno,0
2023-06,Melilla,QUEROSENO AVIACIÓN,QuerosenoAviacion,197
2023-06,"Murcia, Región de",BIODIESEL,Biodiesel,0
2023-06,"Murcia, Región de",BIOETANOL,Bioetanol,16
2023-06,"Murcia, Región de",FUELÓLEO  BIA,Fueloleo_BIA,418
2023-06,"Murcia, Región de",GLP,GLP,2915
2023-06,"Murcia, Región de",GASÓLEO A,GasoleoA,92943
2023-06,"Murcia, Región de",GASÓLEO B,GasoleoB,11892
2023-06,"Murcia, Región de",GASÓLEO C,GasoleoC,288
2023-06,"Murcia, Región de",GASOLINA  AUTO. S/PB 95 I.O.,Gasolina95,13827
2023-06,"Murcia, Región de",GASOLINA  AUTO. S/PB 98 I.O.,Gasolina98,609
2023-06,"Murcia, Región de",OTRAS GASOLINAS,OtrasGasolinas,3
2023-06,"Murcia, Región de",OTROS FUELÓLEOS,OtrosFueloleos,25
2023-06,"Murcia, Región de",OTROS GASOLEOS,OtrosGasoleos,1658
2023-06,"Murcia, Región de",OTROS QUEROSENOS,OtrosQueroseno,0
2023-06,"Murcia, Región de",QUEROSENO AVIACIÓN,QuerosenoAviacion,2005
2023-06,"Navarra, Comunidad Foral de",BIODIESEL,Biodiesel,0
2023-06,"Navarra, Comunidad Foral de",BIOETANOL,Bioetanol,0
2023-06,"Navarra, Comunidad Foral de",FUELÓLEO  BIA,Fueloleo_BIA,164
2023-06,"Navarra, Comunidad Foral de",GLP,GLP,1478
2023-06,"Navarra, Comunidad Foral de",GASÓLEO A,GasoleoA,49964
2023-06,"Navarra, Comunidad Foral de",GASÓLEO B,GasoleoB,6563
2023-06,"Navarra, Comunidad Foral de",GASÓLEO C,GasoleoC,340
2023-06,"Navarra, Comunidad Foral de",GASOLINA  AUTO. S/PB 95 I.O.,Gasolina95,7179
2023-06,"Navarra, Comunidad Foral de",GASOLINA  AUTO. S/PB 98 I.O.,Gasolina98,260
2023-06,"Navarra, Comunidad Foral de",OTRAS GASOLINAS,OtrasGasolinas,3
2023-06,"Navarra, Comunidad Foral de",OTROS FUELÓLEOS,OtrosFueloleos,0
2023-06,"Navarra, Comunidad Foral de",OTROS GASOLEOS,OtrosGasoleos,0
2023-06,"Navarra, Comunidad Foral de",OTROS QUEROSENOS,OtrosQueroseno,0
2023-06,"Navarra, Comunidad Foral de",QUEROSENO AVIACIÓN,QuerosenoAviacion,143
2023-06,País Vasco,BIODIESEL,Biodiesel,33
2023-06,País Vasco,BIOETANOL,Bioetanol,0
2023-06,País Vasco,FUELÓLEO  BIA,Fueloleo_BIA,486
2023-06,País Vasco,GLP,GLP,3818
2023-06,País Vasco,GASÓLEO A,GasoleoA,162481
2023-06,País Vasco,GASÓLEO B,GasoleoB,12206
2023-06,País Vasco,GASÓLEO C,GasoleoC,2144
2023-06,País Vasco,GASOLINA  AUTO. S/PB 95 I.O.,Gasolina95,20975
2023-06,País Vasco,GASOLINA  AUTO. S/PB 98 I.O.,Gasolina98,970
2023-06,País Vasco,OTRAS GASOLINAS,OtrasGasolinas,8
2023-06,País Vasco,OTROS FUELÓLEOS,OtrosFueloleos,0
2023-06,País Vasco,OTROS GASOLEOS,OtrosGasoleos,3020
2023-06,País Vasco,OTROS QUEROSENOS,OtrosQueroseno,1
2023-06,País Vasco,QUEROSENO AVIACIÓN,QuerosenoAviacion,8843
2023-06,"Rioja, La",BIODIESEL,Biodiesel,0
2023-06,"Rioja, La",BIOETANOL,Bioetanol,0
2023-06,"Rioja, La",FUELÓLEO  BIA,Fueloleo_BIA,27
2023-06,"Rioja, La",GLP,GLP,388
2023-06,"Rioja, La",GASÓLEO A,GasoleoA,11054
2023-06,"Rioja, La",GASÓLEO B,GasoleoB,2696
2023-06,"Rioja, La",GASÓLEO C,GasoleoC,478
2023-06,"Rioja, La",GASOLINA  AUTO. S/PB 95 I.O.,Gasolina95,2577
2023-06,"Rioja, La",GASOLINA  AUTO. S/PB 98 I.O.,Gasolina98,112
2023-06,"Rioja, La",OTRAS GASOLINAS,OtrasGasolinas,0
2023-06,"Rioja, La",OTROS FUELÓLEOS,OtrosFueloleos,0
2023-06,"Rioja, La",OTROS GASOLEOS,OtrosGasoleos,0
2023-06,"Rioja, La",OTROS QUEROSENOS,OtrosQueroseno,0
2023-06,"Rioja, La",QUEROSENO AVIACIÓN,QuerosenoAviacion,19
2023-07,Andalucía,BIODIESEL,Biodiesel,0
2023-07,Andalucía,BIOETANOL,Bioetanol,0
2023-07,Andalucía,FUELÓLEO  BIA,Fueloleo_BIA,1256
2023-07,Andalucía,GLP,GLP,15139
2023-07,Andalucía,GASÓLEO A,GasoleoA,307739
2023-07,Andalucía,GASÓLEO B,GasoleoB,50822
2023-07,Andalucía,GASÓLEO C,GasoleoC,2467
2023-07,Andalucía,GASOLINA  AUTO. S/PB 95 I.O.,Gasolina95,83713
2023-07,Andalucía,GASOLINA  AUTO. S/PB 98 I.O.,Gasolina98,3525
2023-07,Andalucía,OTRAS GASOLINAS,OtrasGasolinas,81
2023-07,Andalucía,OTROS FUELÓLEOS,OtrosFueloleos,305392
2023-07,Andalucía,OTROS GASOLEOS,OtrosGasoleos,91456
2023-07,Andalucía,OTROS QUEROSENOS,OtrosQueroseno,0
2023-07,Andalucía,QUEROSENO AVIACIÓN,QuerosenoAviacion,63026
2023-07,Aragón,BIODIESEL,Biodiesel,47
2023-07,Aragón,BIOETANOL,Bioetanol,0
2023-07,Aragón,FUELÓLEO  BIA,Fueloleo_BIA,179
2023-07,Aragón,GLP,GLP,2125
2023-07,Aragón,GASÓLEO A,GasoleoA,70725
2023-07,Aragón,GASÓLEO B,GasoleoB,20526
2023-07,Aragón,GASÓLEO C,GasoleoC,1773
2023-07,Aragón,GASOLINA  AUTO. S/PB 95 I.O.,Gasolina95,15760
2023-07,Aragón,GASOLINA  AUTO. S/PB 98 I.O.,Gasolina98,672
2023-07,Aragón,OTRAS GASOLINAS,OtrasGasolinas,12
2023-07,Aragón,OTROS FUELÓLEOS,OtrosFueloleos,0
2023-07,Aragón,OTROS GASOLEOS,OtrosGasoleos,17
2023-07,Aragón,OTROS QUEROSENOS,OtrosQueroseno,0
2023-07,Aragón,QUEROSENO AVIACIÓN,QuerosenoAviacion,5910
2023-07,"Asturias, Principado de",BIODIESEL,Biodiesel,0
2023-07,"Asturias, Principado de",BIOETANOL,Bioetanol,0
2023-07,"Asturias, Principado de",FUELÓLEO  BIA,Fueloleo_BIA,827
2023-07,"Asturias, Principado de",GLP,GLP,1810
2023-07,"Asturias, Principado de",GASÓLEO A,GasoleoA,35760
2023-07,"Asturias, Principado de",GASÓLEO B,GasoleoB,4987
2023-07,"Asturias, Principado de",GASÓLEO C,GasoleoC,1447
2023-07,"Asturias, Principado de",GASOLINA  AUTO. S/PB 95 I.O.,Gasolina95,10159
2023-07,"Asturias, Principado de",GASOLINA  AUTO. S/PB 98 I.O.,Gasolina98,633
2023-07,"Asturias, Principado de",OTRAS GASOLINAS,OtrasGasolinas,2
2023-07,"Asturias, Principado de",OTROS FUELÓLEOS,OtrosFueloleos,176
2023-07,"Asturias, Principado de",OTROS GASOLEOS,OtrosGasoleos,3052
2023-07,"Asturias, Principado de",OTROS QUEROSENOS,OtrosQueroseno,0
2023-07,"Asturias, Principado de",QUEROSENO AVIACIÓN,QuerosenoAviacion,1896
2023-07,"Balears, Illes",BIODIESEL,Biodiesel,7
2023-07,"Balears, Illes",BIOETANOL,Bioetanol,0
2023-07,"Balears, Illes",FUELÓLEO  BIA,Fueloleo_BIA,0
2023-07,"Balears, Illes",GLP,GLP,3903
2023-07,"Balears, Illes",GASÓLEO A,GasoleoA,40841
2023-07,"Balears, Illes",GASÓLEO B,GasoleoB,5479
2023-07,"Balears, Illes",GASÓLEO C,GasoleoC,13687
2023-07,"Balears, Illes",GASOLINA  AUTO. S/PB 95 I.O.,Gasolina95,29929
2023-07,"Balears, Illes",GASOLINA  AUTO. S/PB 98 I.O.,Gasolina98,1193
2023-07,"Balears, Illes",OTRAS GASOLINAS,OtrasGasolinas,32
2023-07,"Balears, Illes",OTROS FUELÓLEOS,OtrosFueloleos,0
2023-07,"Balears, Illes",OTROS GASOLEOS,OtrosGasoleos,5665
2023-07,"Balears, Illes",OTROS QUEROSENOS,OtrosQueroseno,0
2023-07,"Balears, Illes",QUEROSENO AVIACIÓN,QuerosenoAviacion,94477
2023-07,Canarias,BIODIESEL,Biodiesel,0
2023-07,Canarias,BIOETANOL,Bioetanol,0
2023-07,Canarias,FUELÓLEO  BIA,Fueloleo_BIA,45033
2023-07,Canarias,GLP,GLP,5703
2023-07,Canarias,GASÓLEO A,GasoleoA,55669
2023-07,Canarias,GASÓLEO B,GasoleoB,0
2023-07,Canarias,GASÓLEO C,GasoleoC,0
2023-07,Canarias,GASOLINA  AUTO. S/PB 95 I.O.,Gasolina95,35609
2023-07,Canarias,GASOLINA  AUTO. S/PB 98 I.O.,Gasolina98,8376
2023-07,Canarias,OTRAS GASOLINAS,OtrasGasolinas,1
2023-07,Canarias,OTROS FUELÓLEOS,OtrosFueloleos,82781
2023-07,Canarias,OTROS GASOLEOS,OtrosGasoleos,130950
2023-07,Canarias,OTROS QUEROSENOS,OtrosQueroseno,9
2023-07,Canarias,QUEROSENO AVIACIÓN,QuerosenoAviacion,80188
2023-07,Cantabria,BIODIESEL,Biodiesel,0
2023-07,Cantabria,BIOETANOL,Bioetanol,0
2023-07,Cantabria,FUELÓLEO  BIA,Fueloleo_BIA,259
2023-07,Cantabria,GLP,GLP,1202
2023-07,Cantabria,GASÓLEO A,GasoleoA,25716
2023-07,Cantabria,GASÓLEO B,GasoleoB,3494
2023-07,Cantabria,GASÓLEO C,GasoleoC,65
2023-07,Cantabria,GASOLINA  AUTO. S/PB 95 I.O.,Gasolina95,7775
2023-07,Cantabria,GASOLINA  AUTO. S/PB 98 I.O.,Gasolina98,340
2023-07,Cantabria,OTRAS GASOLINAS,OtrasGasolinas,1
2023-07,Cantabria,OTROS FUELÓLEOS,OtrosFueloleos,0
2023-07,Cantabria,OTROS GASOLEOS,OtrosGasoleos,1468
2023-07,Cantabria,OTROS QUEROSENOS,OtrosQueroseno,0
2023-07,Cantabria,QUEROSENO AVIACIÓN,QuerosenoAviacion,1284
2023-07,Castilla - La Mancha,BIODIESEL,Biodiesel,0
2023-07,Castilla - La Mancha,BIOETANOL,Bioetanol,0
2023-07,Castilla - La Mancha,FUELÓLEO  BIA,Fueloleo_BIA,224
2023-07,Castilla - La Mancha,GLP,GLP,2787
2023-07,Castilla - La Mancha,GASÓLEO A,GasoleoA,105591
2023-07,Castilla - La Mancha,GASÓLEO B,GasoleoB,34979
2023-07,Castilla - La Mancha,GASÓLEO C,GasoleoC,2347
2023-07,Castilla - La Mancha,GASOLINA  AUTO. S/PB 95 I.O.,Gasolina95,24915
2023-07,Castilla - La Mancha,GASOLINA  AUTO. S/PB 98 I.O.,Gasolina98,821
2023-07,Castilla - La Mancha,OTRAS GASOLINAS,OtrasGasolinas,24
2023-07,Castilla - La Mancha,OTROS FUELÓLEOS,OtrosFueloleos,0
2023-07,Castilla - La Mancha,OTROS GASOLEOS,OtrosGasoleos,0
2023-07,Castilla - La Mancha,OTROS QUEROSENOS,OtrosQueroseno,0
2023-07,Castilla - La Mancha,QUEROSENO AVIACIÓN,QuerosenoAviacion,114
2023-07,Castilla y León,BIODIESEL,Biodiesel,0
2023-07,Castilla y León,BIOETANOL,Bioetanol,0
2023-07,Castilla y León,FUELÓLEO  BIA,Fueloleo_BIA,657
2023-07,Castilla y León,GLP,GLP,4176
2023-07,Castilla y León,GASÓLEO A,GasoleoA,156052
2023-07,Castilla y León,GASÓLEO B,GasoleoB,49062
2023-07,Castilla y León,GASÓLEO C,GasoleoC,3732
2023-07,Castilla y León,GASOLINA  AUTO. S/PB 95 I.O.,Gasolina95,29794
2023-07,Castilla y León,GASOLINA  AUTO. S/PB 98 I.O.,Gasolina98,1873
2023-07,Castilla y León,OTRAS GASOLINAS,OtrasGasolinas,74
2023-07,Castilla y León,OTROS FUELÓLEOS,OtrosFueloleos,0
2023-07,Castilla y León,OTROS GASOLEOS,OtrosGasoleos,0
2023-07,Castilla y León,OTROS QUEROSENOS,OtrosQueroseno,0
2023-07,Castilla y León,QUEROSENO AVIACIÓN,QuerosenoAviacion,525
2023-07,Cataluña,BIODIESEL,Biodiesel,170
2023-07,Cataluña,BIOETANOL,Bioetanol,0
2023-07,Cataluña,FUELÓLEO  BIA,Fueloleo_BIA,543
2023-07,Cataluña,GLP,GLP,11582
2023-07,Cataluña,GASÓLEO A,GasoleoA,319217
2023-07,Cataluña,GASÓLEO B,GasoleoB,27104
2023-07,Cataluña,GASÓLEO C,GasoleoC,2989
2023-07,Cataluña,GASOLINA  AUTO. S/PB 95 I.O.,Gasolina95,97847
2023-07,Cataluña,GASOLINA  AUTO. S/PB 98 I.O.,Gasolina98,4684
2023-07,Cataluña,OTRAS GASOLINAS,OtrasGasolinas,93
2023-07,Cataluña,OTROS FUELÓLEOS,OtrosFueloleos,71548
2023-07,Cataluña,OTROS GASOLEOS,OtrosGasoleos,40664
2023-07,Cataluña,OTROS QUEROSENOS,OtrosQueroseno,4
2023-07,Cataluña,QUEROSENO AVIACIÓN,QuerosenoAviacion,121346
2023-07,Ceuta,BIODIESEL,Biodiesel,0
2023-07,Ceuta,BIOETANOL,Bioetanol,0
2023-07,Ceuta,FUELÓLEO  BIA,Fueloleo_BIA,4992
2023-07,Ceuta,GLP,GLP,136
2023-07,Ceuta,GASÓLEO A,GasoleoA,1101
2023-07,Ceuta,GASÓLEO B,GasoleoB,0
2023-07,Ceuta,GASÓLEO C,GasoleoC,0
2023-07,Ceuta,GASOLINA  AUTO. S/PB 95 I.O.,Gasolina95,519
2023-07,Ceuta,GASOLINA  AUTO. S/PB 98 I.O.,Gasolina98,69
2023-07,Ceuta,OTRAS GASOLINAS,OtrasGasolinas,0
2023-07,Ceuta,OTROS FUELÓLEOS,OtrosFueloleos,4825
2023-07,Ceuta,OTROS GASOLEOS,OtrosGasoleos,4154
2023-07,Ceuta,OTROS QUEROSENOS,OtrosQueroseno,0
2023-07,Ceuta,QUEROSENO AVIACIÓN,QuerosenoAviacion,54
2023-07,Comunitat Valenciana,BIODIESEL,Biodiesel,0
2023-07,Comunitat Valenciana,BIOETANOL,Bioetanol,0
2023-07,Comunitat Valenciana,FUELÓLEO  BIA,Fueloleo_BIA,166
2023-07,Comunitat Valenciana,GLP,GLP,8160
2023-07,Comunitat Valenciana,GASÓLEO A,GasoleoA,182432
2023-07,Comunitat Valenciana,GASÓLEO B,GasoleoB,17806
2023-07,Comunitat Valenciana,GASÓLEO C,GasoleoC,1469
2023-07,Comunitat Valenciana,GASOLINA  AUTO. S/PB 95 I.O.,Gasolina95,66995
2023-07,Comunitat Valenciana,GASOLINA  AUTO. S/PB 98 I.O.,Gasolina98,2799
2023-07,Comunitat Valenciana,OTRAS GASOLINAS,OtrasGasolinas,27
2023-07,Comunitat Valenciana,OTROS FUELÓLEOS,OtrosFueloleos,24766
2023-07,Comunitat Valenciana,OTROS GASOLEOS,OtrosGasoleos,18075
2023-07,Comunitat Valenciana,OTROS QUEROSENOS,OtrosQueroseno,0
2023-07,Comunitat Valenciana,QUEROSENO AVIACIÓN,QuerosenoAviacion,46234
2023-07,ESPAÑA,BIODIESEL,Biodiesel,257
2023-07,ESPAÑA,BIOETANOL,Bioetanol,4
2023-07,ESPAÑA,FUELÓLEO  BIA,Fueloleo_BIA,69916
2023-07,ESPAÑA,GLP,GLP,78745
2023-07,ESPAÑA,GASÓLEO A,GasoleoA,1932517
2023-07,ESPAÑA,GASÓLEO B,GasoleoB,287727
2023-07,ESPAÑA,GASÓLEO C,GasoleoC,43216
2023-07,ESPAÑA,GASOLINA  AUTO. S/PB 95 I.O.,Gasolina95,552718
2023-07,ESPAÑA,GASOLINA  AUTO. S/PB 98 I.O.,Gasolina98,31405
2023-07,ESPAÑA,OTRAS GASOLINAS,OtrasGasolinas,451
2023-07,ESPAÑA,OTROS FUELÓLEOS,OtrosFueloleos,490741
2023-07,ESPAÑA,OTROS GASOLEOS,OtrosGasoleos,311489
2023-07,ESPAÑA,OTROS QUEROSENOS,OtrosQueroseno,15
2023-07,ESPAÑA,QUEROSENO AVIACIÓN,QuerosenoAviacion,648496
2023-07,Extremadura,BIODIESEL,Biodiesel,13
2023-07,Extremadura,BIOETANOL,Bioetanol,0
2023-07,Extremadura,FUELÓLEO  BIA,Fueloleo_BIA,228
2023-07,Extremadura,GLP,GLP,2164
2023-07,Extremadura,GASÓLEO A,GasoleoA,60302
2023-07,Extremadura,GASÓLEO B,GasoleoB,10796
2023-07,Extremadura,GASÓLEO C,GasoleoC,250
2023-07,Extremadura,GASOLINA  AUTO. S/PB 95 I.O.,Gasolina95,10306
2023-07,Extremadura,GASOLINA  AUTO. S/PB 98 I.O.,Gasolina98,340
2023-07,Extremadura,OTRAS GASOLINAS,OtrasGasolinas,8
2023-07,Extremadura,OTROS FUELÓLEOS,OtrosFueloleos,0
2023-07,Extremadura,OTROS GASOLEOS,OtrosGasoleos,0
2023-07,Extremadura,OTROS QUEROSENOS,OtrosQueroseno,0
2023-07,Extremadura,QUEROSENO AVIACIÓN,QuerosenoAviacion,59
2023-07,Galicia,BIODIESEL,Biodiesel,0
2023-07,Galicia,BIOETANOL,Bioetanol,0
2023-07,Galicia,FUELÓLEO  BIA,Fueloleo_BIA,8615
2023-07,Galicia,GLP,GLP,6863
2023-07,Galicia,GASÓLEO A,GasoleoA,116670
2023-07,Galicia,GASÓLEO B,GasoleoB,19223
2023-07,Galicia,GASÓLEO C,GasoleoC,6510
2023-07,Galicia,GASOLINA  AUTO. S/PB 95 I.O.,Gasolina95,27837
2023-07,Galicia,GASOLINA  AUTO. S/PB 98 I.O.,Gasolina98,1414
2023-07,Galicia,OTRAS GASOLINAS,OtrasGasolinas,12
2023-07,Galicia,OTROS FUELÓLEOS,OtrosFueloleos,1214
2023-07,Galicia,OTROS GASOLEOS,OtrosGasoleos,11616
2023-07,Galicia,OTROS QUEROSENOS,OtrosQueroseno,0
2023-07,Galicia,QUEROSENO AVIACIÓN,QuerosenoAviacion,6631
2023-07,"Madrid, Comunidad de",BIODIESEL,Biodiesel,12
2023-07,"Madrid, Comunidad de",BIOETANOL,Bioetanol,0
2023-07,"Madrid, Comunidad de",FUELÓLEO  BIA,Fueloleo_BIA,311
2023-07,"Madrid, Comunidad de",GLP,GLP,5174
2023-07,"Madrid, Comunidad de",GASÓLEO A,GasoleoA,159358
2023-07,"Madrid, Comunidad de",GASÓLEO B,GasoleoB,8791
2023-07,"Madrid, Comunidad de",GASÓLEO C,GasoleoC,3715
2023-07,"Madrid, Comunidad de",GASOLINA  AUTO. S/PB 95 I.O.,Gasolina95,64113
2023-07,"Madrid, Comunidad de",GASOLINA  AUTO. S/PB 98 I.O.,Gasolina98,2482
2023-07,"Madrid, Comunidad de",OTRAS GASOLINAS,OtrasGasolinas,70
2023-07,"Madrid, Comunidad de",OTROS FUELÓLEOS,OtrosFueloleos,39
2023-07,"Madrid, Comunidad de",OTROS GASOLEOS,OtrosGasoleos,0
2023-07,"Madrid, Comunidad de",OTROS QUEROSENOS,OtrosQueroseno,0
2023-07,"Madrid, Comunidad de",QUEROSENO AVIACIÓN,QuerosenoAviacion,214419
2023-07,Melilla,BIODIESEL,Biodiesel,0
2023-07,Melilla,BIOETANOL,Bioetanol,0
2023-07,Melilla,FUELÓLEO  BIA,Fueloleo_BIA,5478
2023-07,Melilla,GLP,GLP,113
2023-07,Melilla,GASÓLEO A,GasoleoA,1237
2023-07,Melilla,GASÓLEO B,GasoleoB,0
2023-07,Melilla,GASÓLEO C,GasoleoC,0
2023-07,Melilla,GASOLINA  AUTO. S/PB 95 I.O.,Gasolina95,631
2023-07,Melilla,GASOLINA  AUTO. S/PB 98 I.O.,Gasolina98,0
2023-07,Melilla,OTRAS GASOLINAS,OtrasGasolinas,0
2023-07,Melilla,OTROS FUELÓLEOS,OtrosFueloleos,0
2023-07,Melilla,OTROS GASOLEOS,OtrosGasoleos,0
2023-07,Melilla,OTROS QUEROSENOS,OtrosQueroseno,0
2023-07,Melilla,QUEROSENO AVIACIÓN,QuerosenoAviacion,165
2023-07,"Murcia, Región de",BIODIESEL,Biodiesel,0
2023-07,"Murcia, Región de",BIOETANOL,Bioetanol,4
2023-07,"Murcia, Región de",FUELÓLEO  BIA,Fueloleo_BIA,366
2023-07,"Murcia, Región de",GLP,GLP,2399
2023-07,"Murcia, Región de",GASÓLEO A,GasoleoA,89135
2023-07,"Murcia, Región de",GASÓLEO B,GasoleoB,12662
2023-07,"Murcia, Región de",GASÓLEO C,GasoleoC,302
2023-07,"Murcia, Región de",GASOLINA  AUTO. S/PB 95 I.O.,Gasolina95,15796
2023-07,"Murcia, Región de",GASOLINA  AUTO. S/PB 98 I.O.,Gasolina98,630
2023-07,"Murcia, Región de",OTRAS GASOLINAS,OtrasGasolinas,4
2023-07,"Murcia, Región de",OTROS FUELÓLEOS,OtrosFueloleos,0
2023-07,"Murcia, Región de",OTROS GASOLEOS,OtrosGasoleos,1379
2023-07,"Murcia, Región de",OTROS QUEROSENOS,OtrosQueroseno,0
2023-07,"Murcia, Región de",QUEROSENO AVIACIÓN,QuerosenoAviacion,1764
2023-07,"Navarra, Comunidad Foral de",BIODIESEL,Biodiesel,0
2023-07,"Navarra, Comunidad Foral de",BIOETANOL,Bioetanol,0
2023-07,"Navarra, Comunidad Foral de",FUELÓLEO  BIA,Fueloleo_BIA,315
2023-07,"Navarra, Comunidad Foral de",GLP,GLP,1887
2023-07,"Navarra, Comunidad Foral de",GASÓLEO A,GasoleoA,44222
2023-07,"Navarra, Comunidad Foral de",GASÓLEO B,GasoleoB,6317
2023-07,"Navarra, Comunidad Foral de",GASÓLEO C,GasoleoC,201
2023-07,"Navarra, Comunidad Foral de",GASOLINA  AUTO. S/PB 95 I.O.,Gasolina95,6801
2023-07,"Navarra, Comunidad Foral de",GASOLINA  AUTO. S/PB 98 I.O.,Gasolina98,262
2023-07,"Navarra, Comunidad Foral de",OTRAS GASOLINAS,OtrasGasolinas,3
2023-07,"Navarra, Comunidad Foral de",OTROS FUELÓLEOS,OtrosFueloleos,0
2023-07,"Navarra, Comunidad Foral de",OTROS GASOLEOS,OtrosGasoleos,0
2023-07,"Navarra, Comunidad Foral de",OTROS QUEROSENOS,OtrosQueroseno,0
2023-07,"Navarra, Comunidad Foral de",QUEROSENO AVIACIÓN,QuerosenoAviacion,205
2023-07,País Vasco,BIODIESEL,Biodiesel,8
2023-07,País Vasco,BIOETANOL,Bioetanol,0
2023-07,País Vasco,FUELÓLEO  BIA,Fueloleo_BIA,427
2023-07,País Vasco,GLP,GLP,2869
2023-07,País Vasco,GASÓLEO A,GasoleoA,147261
2023-07,País Vasco,GASÓLEO B,GasoleoB,12184
2023-07,País Vasco,GASÓLEO C,GasoleoC,1802
2023-07,País Vasco,GASOLINA  AUTO. S/PB 95 I.O.,Gasolina95,21252
2023-07,País Vasco,GASOLINA  AUTO. S/PB 98 I.O.,Gasolina98,1185
2023-07,País Vasco,OTRAS GASOLINAS,OtrasGasolinas,7
2023-07,País Vasco,OTROS FUELÓLEOS,OtrosFueloleos,0
2023-07,País Vasco,OTROS GASOLEOS,OtrosGasoleos,2993
2023-07,País Vasco,OTROS QUEROSENOS,OtrosQueroseno,2
2023-07,País Vasco,QUEROSENO AVIACIÓN,QuerosenoAviacion,10177
2023-07,"Rioja, La",BIODIESEL,Biodiesel,0
2023-07,"Rioja, La",BIOETANOL,Bioetanol,0
2023-07,"Rioja, La",FUELÓLEO  BIA,Fueloleo_BIA,40
2023-07,"Rioja, La",GLP,GLP,553
2023-07,"Rioja, La",GASÓLEO A,GasoleoA,13489
2023-07,"Rioja, La",GASÓLEO B,GasoleoB,3495
2023-07,"Rioja, La",GASÓLEO C,GasoleoC,460
2023-07,"Rioja, La",GASOLINA  AUTO. S/PB 95 I.O.,Gasolina95,2967
2023-07,"Rioja, La",GASOLINA  AUTO. S/PB 98 I.O.,Gasolina98,107
2023-07,"Rioja, La",OTRAS GASOLINAS,OtrasGasolinas,0
2023-07,"Rioja, La",OTROS FUELÓLEOS,OtrosFueloleos,0
2023-07,"Rioja, La",OTROS GASOLEOS,OtrosGasoleos,0
2023-07,"Rioja, La",OTROS QUEROSENOS,OtrosQueroseno,0
2023-07,"Rioja, La",QUEROSENO AVIACIÓN,QuerosenoAviacion,22
2023-08,Andalucía,BIODIESEL,Biodiesel,0
2023-08,Andalucía,BIOETANOL,Bioetanol,0
2023-08,Andalucía,FUELÓLEO  BIA,Fueloleo_BIA,29469
2023-08,Andalucía,GLP,GLP,16622
2023-08,Andalucía,GASÓLEO A,GasoleoA,301542
2023-08,Andalucía,GASÓLEO B,GasoleoB,45238
2023-08,Andalucía,GASÓLEO C,GasoleoC,1991
2023-08,Andalucía,GASOLINA  AUTO. S/PB 95 I.O.,Gasolina95,86743
2023-08,Andalucía,GASOLINA  AUTO. S/PB 98 I.O.,Gasolina98,3601
2023-08,Andalucía,OTRAS GASOLINAS,OtrasGasolinas,69
2023-08,Andalucía,OTROS FUELÓLEOS,OtrosFueloleos,308489
2023-08,Andalucía,OTROS GASOLEOS,OtrosGasoleos,52002
2023-08,Andalucía,OTROS QUEROSENOS,OtrosQueroseno,0
2023-08,Andalucía,QUEROSENO AVIACIÓN,QuerosenoAviacion,63198
2023-08,Aragón,BIODIESEL,Biodiesel,76
2023-08,Aragón,BIOETANOL,Bioetanol,0
2023-08,Aragón,FUELÓLEO  BIA,Fueloleo_BIA,95
2023-08,Aragón,GLP,GLP,2892
2023-08,Aragón,GASÓLEO A,GasoleoA,67283
2023-08,Aragón,GASÓLEO B,GasoleoB,15188
2023-08,Aragón,GASÓLEO C,GasoleoC,1473
2023-08,Aragón,GASOLINA  AUTO. S/PB 95 I.O.,Gasolina95,17194
2023-08,Aragón,GASOLINA  AUTO. S/PB 98 I.O.,Gasolina98,744
2023-08,Aragón,OTRAS GASOLINAS,OtrasGasolinas,15
2023-08,Aragón,OTROS FUELÓLEOS,OtrosFueloleos,0
2023-08,Aragón,OTROS GASOLEOS,OtrosGasoleos,0
2023-08,Aragón,OTROS QUEROSENOS,OtrosQueroseno,0
2023-08,Aragón,QUEROSENO AVIACIÓN,QuerosenoAviacion,8002
2023-08,"Asturias, Principado de",BIODIESEL,Biodiesel,0
2023-08,"Asturias, Principado de",BIOETANOL,Bioetanol,0
2023-08,"Asturias, Principado de",FUELÓLEO  BIA,Fueloleo_BIA,634
2023-08,"Asturias, Principado de",GLP,GLP,1858
2023-08,"Asturias, Principado de",GASÓLEO A,GasoleoA,36596
2023-08,"Asturias, Principado de",GASÓLEO B,GasoleoB,4897
2023-08,"Asturias, Principado de",GASÓLEO C,GasoleoC,1102
2023-08,"Asturias, Principado de",GASOLINA  AUTO. S/PB 95 I.O.,Gasolina95,11501
2023-08,"Asturias, Principado de",GASOLINA  AUTO. S/PB 98 I.O.,Gasolina98,722
2023-08,"Asturias, Principado de",OTRAS GASOLINAS,OtrasGasolinas,4
2023-08,"Asturias, Principado de",OTROS FUELÓLEOS,OtrosFueloleos,349
2023-08,"Asturias, Principado de",OTROS GASOLEOS,OtrosGasoleos,3557
2023-08,"Asturias, Principado de",OTROS QUEROSENOS,OtrosQueroseno,0
2023-08,"Asturias, Principado de",QUEROSENO AVIACIÓN,QuerosenoAviacion,2400
2023-08,"Balears, Illes",BIODIESEL,Biodiesel,7
2023-08,"Balears, Illes",BIOETANOL,Bioetanol,0
2023-08,"Balears, Illes",FUELÓLEO  BIA,Fueloleo_BIA,0
2023-08,"Balears, Illes",GLP,GLP,4497
2023-08,"Balears, Illes",GASÓLEO A,GasoleoA,39944
2023-08,"Balears, Illes",GASÓLEO B,GasoleoB,5341
2023-08,"Balears, Illes",GASÓLEO C,GasoleoC,19213
2023-08,"Balears, Illes",GASOLINA  AUTO. S/PB 95 I.O.,Gasolina95,31279
2023-08,"Balears, Illes",GASOLINA  AUTO. S/PB 98 I.O.,Gasolina98,1228
2023-08,"Balears, Illes",OTRAS GASOLINAS,OtrasGasolinas,30
2023-08,"Balears, Illes",OTROS FUELÓLEOS,OtrosFueloleos,0
2023-08,"Balears, Illes",OTROS GASOLEOS,OtrosGasoleos,5558
2023-08,"Balears, Illes",OTROS QUEROSENOS,OtrosQueroseno,0
2023-08,"Balears, Illes",QUEROSENO AVIACIÓN,QuerosenoAviacion,94955
2023-08,Canarias,BIODIESEL,Biodiesel,0
2023-08,Canarias,BIOETANOL,Bioetanol,0
2023-08,Canarias,FUELÓLEO  BIA,Fueloleo_BIA,111122
2023-08,Canarias,GLP,GLP,5973
2023-08,Canarias,GASÓLEO A,GasoleoA,54496
2023-08,Canarias,GASÓLEO B,GasoleoB,0
2023-08,Canarias,GASÓLEO C,GasoleoC,0
2023-08,Canarias,GASOLINA  AUTO. S/PB 95 I.O.,Gasolina95,36775
2023-08,Canarias,GASOLINA  AUTO. S/PB 98 I.O.,Gasolina98,8103
2023-08,Canarias,OTRAS GASOLINAS,OtrasGasolinas,5
2023-08,Canarias,OTROS FUELÓLEOS,OtrosFueloleos,70128
2023-08,Canarias,OTROS GASOLEOS,OtrosGasoleos,116210
2023-08,Canarias,OTROS QUEROSENOS,OtrosQueroseno,0
2023-08,Canarias,QUEROSENO AVIACIÓN,QuerosenoAviacion,82483
2023-08,Cantabria,BIODIESEL,Biodiesel,0
2023-08,Cantabria,BIOETANOL,Bioetanol,0
2023-08,Cantabria,FUELÓLEO  BIA,Fueloleo_BIA,27
2023-08,Cantabria,GLP,GLP,1490
2023-08,Cantabria,GASÓLEO A,GasoleoA,28076
2023-08,Cantabria,GASÓLEO B,GasoleoB,3117
2023-08,Cantabria,GASÓLEO C,GasoleoC,48
2023-08,Cantabria,GASOLINA  AUTO. S/PB 95 I.O.,Gasolina95,9698
2023-08,Cantabria,GASOLINA  AUTO. S/PB 98 I.O.,Gasolina98,420
2023-08,Cantabria,OTRAS GASOLINAS,OtrasGasolinas,2
2023-08,Cantabria,OTROS FUELÓLEOS,OtrosFueloleos,0
2023-08,Cantabria,OTROS GASOLEOS,OtrosGasoleos,985
2023-08,Cantabria,OTROS QUEROSENOS,OtrosQueroseno,0
2023-08,Cantabria,QUEROSENO AVIACIÓN,QuerosenoAviacion,1371
2023-08,Castilla - La Mancha,BIODIESEL,Biodiesel,0
2023-08,Castilla - La Mancha,BIOETANOL,Bioetanol,0
2023-08,Castilla - La Mancha,FUELÓLEO  BIA,Fueloleo_BIA,214
2023-08,Castilla - La Mancha,GLP,GLP,3311
2023-08,Castilla - La Mancha,GASÓLEO A,GasoleoA,102239
2023-08,Castilla - La Mancha,GASÓLEO B,GasoleoB,28023
2023-08,Castilla - La Mancha,GASÓLEO C,GasoleoC,2016
2023-08,Castilla - La Mancha,GASOLINA  AUTO. S/PB 95 I.O.,Gasolina95,24267
2023-08,Castilla - La Mancha,GASOLINA  AUTO. S/PB 98 I.O.,Gasolina98,828
2023-08,Castilla - La Mancha,OTRAS GASOLINAS,OtrasGasolinas,3
2023-08,Castilla - La Mancha,OTROS FUELÓLEOS,OtrosFueloleos,0
2023-08,Castilla - La Mancha,OTROS GASOLEOS,OtrosGasoleos,0
2023-08,Castilla - La Mancha,OTROS QUEROSENOS,OtrosQueroseno,0
2023-08,Castilla - La Mancha,QUEROSENO AVIACIÓN,QuerosenoAviacion,73
2023-08,Castilla y León,BIODIESEL,Biodiesel,0
2023-08,Castilla y León,BIOETANOL,Bioetanol,0
2023-08,Castilla y León,FUELÓLEO  BIA,Fueloleo_BIA,555
2023-08,Castilla y León,GLP,GLP,5293
2023-08,Castilla y León,GASÓLEO A,GasoleoA,148323
2023-08,Castilla y León,GASÓLEO B,GasoleoB,32066
2023-08,Castilla y León,GASÓLEO C,GasoleoC,3249
2023-08,Castilla y León,GASOLINA  AUTO. S/PB 95 I.O.,Gasolina95,38239
2023-08,Castilla y León,GASOLINA  AUTO. S/PB 98 I.O.,Gasolina98,2375
2023-08,Castilla y León,OTRAS GASOLINAS,OtrasGasolinas,66
2023-08,Castilla y León,OTROS FUELÓLEOS,OtrosFueloleos,0
2023-08,Castilla y León,OTROS GASOLEOS,OtrosGasoleos,0
2023-08,Castilla y León,OTROS QUEROSENOS,OtrosQueroseno,0
2023-08,Castilla y León,QUEROSENO AVIACIÓN,QuerosenoAviacion,630
2023-08,Cataluña,BIODIESEL,Biodiesel,169
2023-08,Cataluña,BIOETANOL,Bioetanol,0
2023-08,Cataluña,FUELÓLEO  BIA,Fueloleo_BIA,16157
2023-08,Cataluña,GLP,GLP,9432
2023-08,Cataluña,GASÓLEO A,GasoleoA,283692
2023-08,Cataluña,GASÓLEO B,GasoleoB,22400
2023-08,Cataluña,GASÓLEO C,GasoleoC,2203
2023-08,Cataluña,GASOLINA  AUTO. S/PB 95 I.O.,Gasolina95,96748
2023-08,Cataluña,GASOLINA  AUTO. S/PB 98 I.O.,Gasolina98,4811
2023-08,Cataluña,OTRAS GASOLINAS,OtrasGasolinas,190
2023-08,Cataluña,OTROS FUELÓLEOS,OtrosFueloleos,81326
2023-08,Cataluña,OTROS GASOLEOS,OtrosGasoleos,19644
2023-08,Cataluña,OTROS QUEROSENOS,OtrosQueroseno,2
2023-08,Cataluña,QUEROSENO AVIACIÓN,QuerosenoAviacion,122792
2023-08,Ceuta,BIODIESEL,Biodiesel,0
2023-08,Ceuta,BIOETANOL,Bioetanol,0
2023-08,Ceuta,FUELÓLEO  BIA,Fueloleo_BIA,2297
2023-08,Ceuta,GLP,GLP,131
2023-08,Ceuta,GASÓLEO A,GasoleoA,1147
2023-08,Ceuta,GASÓLEO B,GasoleoB,0
2023-08,Ceuta,GASÓLEO C,GasoleoC,0
2023-08,Ceuta,GASOLINA  AUTO. S/PB 95 I.O.,Gasolina95,536
2023-08,Ceuta,GASOLINA  AUTO. S/PB 98 I.O.,Gasolina98,42
2023-08,Ceuta,OTRAS GASOLINAS,OtrasGasolinas,0
2023-08,Ceuta,OTROS FUELÓLEOS,OtrosFueloleos,7523
2023-08,Ceuta,OTROS GASOLEOS,OtrosGasoleos,6880
2023-08,Ceuta,OTROS QUEROSENOS,OtrosQueroseno,0
2023-08,Ceuta,QUEROSENO AVIACIÓN,QuerosenoAviacion,0
2023-08,Comunitat Valenciana,BIODIESEL,Biodiesel,0
2023-08,Comunitat Valenciana,BIOETANOL,Bioetanol,0
2023-08,Comunitat Valenciana,FUELÓLEO  BIA,Fueloleo_BIA,84
2023-08,Comunitat Valenciana,GLP,GLP,8441
2023-08,Comunitat Valenciana,GASÓLEO A,GasoleoA,161441
2023-08,Comunitat Valenciana,GASÓLEO B,GasoleoB,14637
2023-08,Comunitat Valenciana,GASÓLEO C,GasoleoC,1109
2023-08,Comunitat Valenciana,GASOLINA  AUTO. S/PB 95 I.O.,Gasolina95,67682
2023-08,Comunitat Valenciana,GASOLINA  AUTO. S/PB 98 I.O.,Gasolina98,2637
2023-08,Comunitat Valenciana,OTRAS GASOLINAS,OtrasGasolinas,27
2023-08,Comunitat Valenciana,OTROS FUELÓLEOS,OtrosFueloleos,25346
2023-08,Comunitat Valenciana,OTROS GASOLEOS,OtrosGasoleos,21295
2023-08,Comunitat Valenciana,OTROS QUEROSENOS,OtrosQueroseno,0
2023-08,Comunitat Valenciana,QUEROSENO AVIACIÓN,QuerosenoAviacion,46686
2023-08,ESPAÑA,BIODIESEL,Biodiesel,525
2023-08,ESPAÑA,BIOETANOL,Bioetanol,0
2023-08,ESPAÑA,FUELÓLEO  BIA,Fueloleo_BIA,173774
2023-08,ESPAÑA,GLP,GLP,81719
2023-08,ESPAÑA,GASÓLEO A,GasoleoA,1788313
2023-08,ESPAÑA,GASÓLEO B,GasoleoB,233504
2023-08,ESPAÑA,GASÓLEO C,GasoleoC,42120
2023-08,ESPAÑA,GASOLINA  AUTO. S/PB 95 I.O.,Gasolina95,565088
2023-08,ESPAÑA,GASOLINA  AUTO. S/PB 98 I.O.,Gasolina98,32006
2023-08,ESPAÑA,OTRAS GASOLINAS,OtrasGasolinas,498
2023-08,ESPAÑA,OTROS FUELÓLEOS,OtrosFueloleos,494917
2023-08,ESPAÑA,OTROS GASOLEOS,OtrosGasoleos,242695
2023-08,ESPAÑA,OTROS QUEROSENOS,OtrosQueroseno,4
2023-08,ESPAÑA,QUEROSENO AVIACIÓN,QuerosenoAviacion,660304
2023-08,Extremadura,BIODIESEL,Biodiesel,0
2023-08,Extremadura,BIOETANOL,Bioetanol,0
2023-08,Extremadura,FUELÓLEO  BIA,Fueloleo_BIA,154
2023-08,Extremadura,GLP,GLP,2780
2023-08,Extremadura,GASÓLEO A,GasoleoA,58853
2023-08,Extremadura,GASÓLEO B,GasoleoB,11030
2023-08,Extremadura,GASÓLEO C,GasoleoC,266
2023-08,Extremadura,GASOLINA  AUTO. S/PB 95 I.O.,Gasolina95,11758
2023-08,Extremadura,GASOLINA  AUTO. S/PB 98 I.O.,Gasolina98,363
2023-08,Extremadura,OTRAS GASOLINAS,OtrasGasolinas,9
2023-08,Extremadura,OTROS FUELÓLEOS,OtrosFueloleos,0
2023-08,Extremadura,OTROS GASOLEOS,OtrosGasoleos,0
2023-08,Extremadura,OTROS QUEROSENOS,OtrosQueroseno,0
2023-08,Extremadura,QUEROSENO AVIACIÓN,QuerosenoAviacion,110
2023-08,Galicia,BIODIESEL,Biodiesel,0
2023-08,Galicia,BIOETANOL,Bioetanol,0
2023-08,Galicia,FUELÓLEO  BIA,Fueloleo_BIA,8494
2023-08,Galicia,GLP,GLP,7864
2023-08,Galicia,GASÓLEO A,GasoleoA,118038
2023-08,Galicia,GASÓLEO B,GasoleoB,16263
2023-08,Galicia,GASÓLEO C,GasoleoC,5295
2023-08,Galicia,GASOLINA  AUTO. S/PB 95 I.O.,Gasolina95,31228
2023-08,Galicia,GASOLINA  AUTO. S/PB 98 I.O.,Gasolina98,1695
2023-08,Galicia,OTRAS GASOLINAS,OtrasGasolinas,10
2023-08,Galicia,OTROS FUELÓLEOS,OtrosFueloleos,1608
2023-08,Galicia,OTROS GASOLEOS,OtrosGasoleos,11973
2023-08,Galicia,OTROS QUEROSENOS,OtrosQueroseno,0
2023-08,Galicia,QUEROSENO AVIACIÓN,QuerosenoAviacion,7810
2023-08,"Madrid, Comunidad de",BIODIESEL,Biodiesel,92
2023-08,"Madrid, Comunidad de",BIOETANOL,Bioetanol,0
2023-08,"Madrid, Comunidad de",FUELÓLEO  BIA,Fueloleo_BIA,471
2023-08,"Madrid, Comunidad de",GLP,GLP,4648
2023-08,"Madrid, Comunidad de",GASÓLEO A,GasoleoA,132543
2023-08,"Madrid, Comunidad de",GASÓLEO B,GasoleoB,7060
2023-08,"Madrid, Comunidad de",GASÓLEO C,GasoleoC,2190
2023-08,"Madrid, Comunidad de",GASOLINA  AUTO. S/PB 95 I.O.,Gasolina95,53034
2023-08,"Madrid, Comunidad de",GASOLINA  AUTO. S/PB 98 I.O.,Gasolina98,2018
2023-08,"Madrid, Comunidad de",OTRAS GASOLINAS,OtrasGasolinas,60
2023-08,"Madrid, Comunidad de",OTROS FUELÓLEOS,OtrosFueloleos,47
2023-08,"Madrid, Comunidad de",OTROS GASOLEOS,OtrosGasoleos,17
2023-08,"Madrid, Comunidad de",OTROS QUEROSENOS,OtrosQueroseno,0
2023-08,"Madrid, Comunidad de",QUEROSENO AVIACIÓN,QuerosenoAviacion,216549
2023-08,Melilla,BIODIESEL,Biodiesel,0
2023-08,Melilla,BIOETANOL,Bioetanol,0
2023-08,Melilla,FUELÓLEO  BIA,Fueloleo_BIA,2990
2023-08,Melilla,GLP,GLP,119
2023-08,Melilla,GASÓLEO A,GasoleoA,1389
2023-08,Melilla,GASÓLEO B,GasoleoB,0
2023-08,Melilla,GASÓLEO C,GasoleoC,0
2023-08,Melilla,GASOLINA  AUTO. S/PB 95 I.O.,Gasolina95,635
2023-08,Melilla,GASOLINA  AUTO. S/PB 98 I.O.,Gasolina98,0
2023-08,Melilla,OTRAS GASOLINAS,OtrasGasolinas,0
2023-08,Melilla,OTROS FUELÓLEOS,OtrosFueloleos,0
2023-08,Melilla,OTROS GASOLEOS,OtrosGasoleos,0
2023-08,Melilla,OTROS QUEROSENOS,OtrosQueroseno,0
2023-08,Melilla,QUEROSENO AVIACIÓN,QuerosenoAviacion,171
2023-08,"Murcia, Región de",BIODIESEL,Biodiesel,0
2023-08,"Murcia, Región de",BIOETANOL,Bioetanol,0
2023-08,"Murcia, Región de",FUELÓLEO  BIA,Fueloleo_BIA,260
2023-08,"Murcia, Región de",GLP,GLP,2831
2023-08,"Murcia, Región de",GASÓLEO A,GasoleoA,79827
2023-08,"Murcia, Región de",GASÓLEO B,GasoleoB,11193
2023-08,"Murcia, Región de",GASÓLEO C,GasoleoC,145
2023-08,"Murcia, Región de",GASOLINA  AUTO. S/PB 95 I.O.,Gasolina95,15664
2023-08,"Murcia, Región de",GASOLINA  AUTO. S/PB 98 I.O.,Gasolina98,609
2023-08,"Murcia, Región de",OTRAS GASOLINAS,OtrasGasolinas,0
2023-08,"Murcia, Región de",OTROS FUELÓLEOS,OtrosFueloleos,101
2023-08,"Murcia, Región de",OTROS GASOLEOS,OtrosGasoleos,1795
2023-08,"Murcia, Región de",OTROS QUEROSENOS,OtrosQueroseno,0
2023-08,"Murcia, Región de",QUEROSENO AVIACIÓN,QuerosenoAviacion,1804
2023-08,"Navarra, Comunidad Foral de",BIODIESEL,Biodiesel,0
2023-08,"Navarra, Comunidad Foral de",BIOETANOL,Bioetanol,0
2023-08,"Navarra, Comunidad Foral de",FUELÓLEO  BIA,Fueloleo_BIA,115
2023-08,"Navarra, Comunidad Foral de",GLP,GLP,809
2023-08,"Navarra, Comunidad Foral de",GASÓLEO A,GasoleoA,40557
2023-08,"Navarra, Comunidad Foral de",GASÓLEO B,GasoleoB,4940
2023-08,"Navarra, Comunidad Foral de",GASÓLEO C,GasoleoC,163
2023-08,"Navarra, Comunidad Foral de",GASOLINA  AUTO. S/PB 95 I.O.,Gasolina95,8098
2023-08,"Navarra, Comunidad Foral de",GASOLINA  AUTO. S/PB 98 I.O.,Gasolina98,284
2023-08,"Navarra, Comunidad Foral de",OTRAS GASOLINAS,OtrasGasolinas,3
2023-08,"Navarra, Comunidad Foral de",OTROS FUELÓLEOS,OtrosFueloleos,0
2023-08,"Navarra, Comunidad Foral de",OTROS GASOLEOS,OtrosGasoleos,0
2023-08,"Navarra, Comunidad Foral de",OTROS QUEROSENOS,OtrosQueroseno,0
2023-08,"Navarra, Comunidad Foral de",QUEROSENO AVIACIÓN,QuerosenoAviacion,151
2023-08,País Vasco,BIODIESEL,Biodiesel,181
2023-08,País Vasco,BIOETANOL,Bioetanol,0
2023-08,País Vasco,FUELÓLEO  BIA,Fueloleo_BIA,616
2023-08,País Vasco,GLP,GLP,2283
2023-08,País Vasco,GASÓLEO A,GasoleoA,119979
2023-08,País Vasco,GASÓLEO B,GasoleoB,9857
2023-08,País Vasco,GASÓLEO C,GasoleoC,1309
2023-08,País Vasco,GASOLINA  AUTO. S/PB 95 I.O.,Gasolina95,20582
2023-08,País Vasco,GASOLINA  AUTO. S/PB 98 I.O.,Gasolina98,1356
2023-08,País Vasco,OTRAS GASOLINAS,OtrasGasolinas,5
2023-08,País Vasco,OTROS FUELÓLEOS,OtrosFueloleos,0
2023-08,País Vasco,OTROS GASOLEOS,OtrosGasoleos,2779
2023-08,País Vasco,OTROS QUEROSENOS,OtrosQueroseno,2
2023-08,País Vasco,QUEROSENO AVIACIÓN,QuerosenoAviacion,11106
2023-08,"Rioja, La",BIODIESEL,Biodiesel,0
2023-08,"Rioja, La",BIOETANOL,Bioetanol,0
2023-08,"Rioja, La",FUELÓLEO  BIA,Fueloleo_BIA,20
2023-08,"Rioja, La",GLP,GLP,445
2023-08,"Rioja, La",GASÓLEO A,GasoleoA,12348
2023-08,"Rioja, La",GASÓLEO B,GasoleoB,2254
2023-08,"Rioja, La",GASÓLEO C,GasoleoC,348
2023-08,"Rioja, La",GASOLINA  AUTO. S/PB 95 I.O.,Gasolina95,3427
2023-08,"Rioja, La",GASOLINA  AUTO. S/PB 98 I.O.,Gasolina98,170
2023-08,"Rioja, La",OTRAS GASOLINAS,OtrasGasolinas,0
2023-08,"Rioja, La",OTROS FUELÓLEOS,OtrosFueloleos,0
2023-08,"Rioja, La",OTROS GASOLEOS,OtrosGasoleos,0
2023-08,"Rioja, La",OTROS QUEROSENOS,OtrosQueroseno,0
2023-08,"Rioja, La",QUEROSENO AVIACIÓN,QuerosenoAviacion,13
2023-09,Andalucía,BIODIESEL,Biodiesel,19
2023-09,Andalucía,BIOETANOL,Bioetanol,0
2023-09,Andalucía,FUELÓLEO  BIA,Fueloleo_BIA,31911
2023-09,Andalucía,GLP,GLP,17821
2023-09,Andalucía,GASÓLEO A,GasoleoA,284714
2023-09,Andalucía,GASÓLEO B,GasoleoB,51228
2023-09,Andalucía,GASÓLEO C,GasoleoC,3042
2023-09,Andalucía,GASOLINA  AUTO. S/PB 95 I.O.,Gasolina95,74574
2023-09,Andalucía,GASOLINA  AUTO. S/PB 98 I.O.,Gasolina98,2895
2023-09,Andalucía,OTRAS GASOLINAS,OtrasGasolinas,96
2023-09,Andalucía,OTROS FUELÓLEOS,OtrosFueloleos,275260
2023-09,Andalucía,OTROS GASOLEOS,OtrosGasoleos,52551
2023-09,Andalucía,OTROS QUEROSENOS,OtrosQueroseno,0
2023-09,Andalucía,QUEROSENO AVIACIÓN,QuerosenoAviacion,59465
2023-09,Aragón,BIODIESEL,Biodiesel,49
2023-09,Aragón,BIOETANOL,Bioetanol,0
2023-09,Aragón,FUELÓLEO  BIA,Fueloleo_BIA,188
2023-09,Aragón,GLP,GLP,2675
2023-09,Aragón,GASÓLEO A,GasoleoA,65338
2023-09,Aragón,GASÓLEO B,GasoleoB,19966
2023-09,Aragón,GASÓLEO C,GasoleoC,2904
2023-09,Aragón,GASOLINA  AUTO. S/PB 95 I.O.,Gasolina95,13994
2023-09,Aragón,GASOLINA  AUTO. S/PB 98 I.O.,Gasolina98,548
2023-09,Aragón,OTRAS GASOLINAS,OtrasGasolinas,16
2023-09,Aragón,OTROS FUELÓLEOS,OtrosFueloleos,0
2023-09,Aragón,OTROS GASOLEOS,OtrosGasoleos,17
2023-09,Aragón,OTROS QUEROSENOS,OtrosQueroseno,0
2023-09,Aragón,QUEROSENO AVIACIÓN,QuerosenoAviacion,8404
2023-09,"Asturias, Principado de",BIODIESEL,Biodiesel,0
2023-09,"Asturias, Principado de",BIOETANOL,Bioetanol,0
2023-09,"Asturias, Principado de",FUELÓLEO  BIA,Fueloleo_BIA,593
2023-09,"Asturias, Principado de",GLP,GLP,1753
2023-09,"Asturias, Principado de",GASÓLEO A,GasoleoA,32349
2023-09,"Asturias, Principado de",GASÓLEO B,GasoleoB,4860
2023-09,"Asturias, Principado de",GASÓLEO C,GasoleoC,1711
2023-09,"Asturias, Principado de",GASOLINA  AUTO. S/PB 95 I.O.,Gasolina95,9256
2023-09,"Asturias, Principado de",GASOLINA  AUTO. S/PB 98 I.O.,Gasolina98,487
2023-09,"Asturias, Principado de",OTRAS GASOLINAS,OtrasGasolinas,3
2023-09,"Asturias, Principado de",OTROS FUELÓLEOS,OtrosFueloleos,731
2023-09,"Asturias, Principado de",OTROS GASOLEOS,OtrosGasoleos,2194
2023-09,"Asturias, Principado de",OTROS QUEROSENOS,OtrosQueroseno,0
2023-09,"Asturias, Principado de",QUEROSENO AVIACIÓN,QuerosenoAviacion,2136
2023-09,"Balears, Illes",BIODIESEL,Biodiesel,7
2023-09,"Balears, Illes",BIOETANOL,Bioetanol,0
2023-09,"Balears, Illes",FUELÓLEO  BIA,Fueloleo_BIA,0
2023-09,"Balears, Illes",GLP,GLP,4095
2023-09,"Balears, Illes",GASÓLEO A,GasoleoA,32686
2023-09,"Balears, Illes",GASÓLEO B,GasoleoB,4209
2023-09,"Balears, Illes",GASÓLEO C,GasoleoC,11957
2023-09,"Balears, Illes",GASOLINA  AUTO. S/PB 95 I.O.,Gasolina95,25236
2023-09,"Balears, Illes",GASOLINA  AUTO. S/PB 98 I.O.,Gasolina98,939
2023-09,"Balears, Illes",OTRAS GASOLINAS,OtrasGasolinas,27
2023-09,"Balears, Illes",OTROS FUELÓLEOS,OtrosFueloleos,0
2023-09,"Balears, Illes",OTROS GASOLEOS,OtrosGasoleos,4352
2023-09,"Balears, Illes",OTROS QUEROSENOS,OtrosQueroseno,0
2023-09,"Balears, Illes",QUEROSENO AVIACIÓN,QuerosenoAviacion,80046
2023-09,Canarias,BIODIESEL,Biodiesel,0
2023-09,Canarias,BIOETANOL,Bioetanol,0
2023-09,Canarias,FUELÓLEO  BIA,Fueloleo_BIA,108140
2023-09,Canarias,GLP,GLP,5718
2023-09,Canarias,GASÓLEO A,GasoleoA,52979
2023-09,Canarias,GASÓLEO B,GasoleoB,0
2023-09,Canarias,GASÓLEO C,GasoleoC,1920
2023-09,Canarias,GASOLINA  AUTO. S/PB 95 I.O.,Gasolina95,35433
2023-09,Canarias,GASOLINA  AUTO. S/PB 98 I.O.,Gasolina98,7947
2023-09,Canarias,OTRAS GASOLINAS,OtrasGasolinas,5
2023-09,Canarias,OTROS FUELÓLEOS,OtrosFueloleos,97169
2023-09,Canarias,OTROS GASOLEOS,OtrosGasoleos,116682
2023-09,Canarias,OTROS QUEROSENOS,OtrosQueroseno,8
2023-09,Canarias,QUEROSENO AVIACIÓN,QuerosenoAviacion,81261
2023-09,Cantabria,BIODIESEL,Biodiesel,0
2023-09,Cantabria,BIOETANOL,Bioetanol,0
2023-09,Cantabria,FUELÓLEO  BIA,Fueloleo_BIA,628
2023-09,Cantabria,GLP,GLP,1006
2023-09,Cantabria,GASÓLEO A,GasoleoA,24690
2023-09,Cantabria,GASÓLEO B,GasoleoB,3288
2023-09,Cantabria,GASÓLEO C,GasoleoC,61
2023-09,Cantabria,GASOLINA  AUTO. S/PB 95 I.O.,Gasolina95,6884
2023-09,Cantabria,GASOLINA  AUTO. S/PB 98 I.O.,Gasolina98,299
2023-09,Cantabria,OTRAS GASOLINAS,OtrasGasolinas,2
2023-09,Cantabria,OTROS FUELÓLEOS,OtrosFueloleos,26
2023-09,Cantabria,OTROS GASOLEOS,OtrosGasoleos,732
2023-09,Cantabria,OTROS QUEROSENOS,OtrosQueroseno,0
2023-09,Cantabria,QUEROSENO AVIACIÓN,QuerosenoAviacion,1126
2023-09,Castilla - La Mancha,BIODIESEL,Biodiesel,4
2023-09,Castilla - La Mancha,BIOETANOL,Bioetanol,0
2023-09,Castilla - La Mancha,FUELÓLEO  BIA,Fueloleo_BIA,235
2023-09,Castilla - La Mancha,GLP,GLP,3468
2023-09,Castilla - La Mancha,GASÓLEO A,GasoleoA,99014
2023-09,Castilla - La Mancha,GASÓLEO B,GasoleoB,33675
2023-09,Castilla - La Mancha,GASÓLEO C,GasoleoC,5232
2023-09,Castilla - La Mancha,GASOLINA  AUTO. S/PB 95 I.O.,Gasolina95,19807
2023-09,Castilla - La Mancha,GASOLINA  AUTO. S/PB 98 I.O.,Gasolina98,681
2023-09,Castilla - La Mancha,OTRAS GASOLINAS,OtrasGasolinas,3
2023-09,Castilla - La Mancha,OTROS FUELÓLEOS,OtrosFueloleos,0
2023-09,Castilla - La Mancha,OTROS GASOLEOS,OtrosGasoleos,0
2023-09,Castilla - La Mancha,OTROS QUEROSENOS,OtrosQueroseno,0
2023-09,Castilla - La Mancha,QUEROSENO AVIACIÓN,QuerosenoAviacion,32
2023-09,Castilla y León,BIODIESEL,Biodiesel,0
2023-09,Castilla y León,BIOETANOL,Bioetanol,0
2023-09,Castilla y León,FUELÓLEO  BIA,Fueloleo_BIA,873
2023-09,Castilla y León,GLP,GLP,4655
2023-09,Castilla y León,GASÓLEO A,GasoleoA,142563
2023-09,Castilla y León,GASÓLEO B,GasoleoB,45543
2023-09,Castilla y León,GASÓLEO C,GasoleoC,7737
2023-09,Castilla y León,GASOLINA  AUTO. S/PB 95 I.O.,Gasolina95,26536
2023-09,Castilla y León,GASOLINA  AUTO. S/PB 98 I.O.,Gasolina98,1270
2023-09,Castilla y León,OTRAS GASOLINAS,OtrasGasolinas,42
2023-09,Castilla y León,OTROS FUELÓLEOS,OtrosFueloleos,0
2023-09,Castilla y León,OTROS GASOLEOS,OtrosGasoleos,0
2023-09,Castilla y León,OTROS QUEROSENOS,OtrosQueroseno,0
2023-09,Castilla y León,QUEROSENO AVIACIÓN,QuerosenoAviacion,684
2023-09,Cataluña,BIODIESEL,Biodiesel,109
2023-09,Cataluña,BIOETANOL,Bioetanol,0
2023-09,Cataluña,FUELÓLEO  BIA,Fueloleo_BIA,16738
2023-09,Cataluña,GLP,GLP,17787
2023-09,Cataluña,GASÓLEO A,GasoleoA,304063
2023-09,Cataluña,GASÓLEO B,GasoleoB,27062
2023-09,Cataluña,GASÓLEO C,GasoleoC,4319
2023-09,Cataluña,GASOLINA  AUTO. S/PB 95 I.O.,Gasolina95,87381
2023-09,Cataluña,GASOLINA  AUTO. S/PB 98 I.O.,Gasolina98,3887
2023-09,Cataluña,OTRAS GASOLINAS,OtrasGasolinas,105
2023-09,Cataluña,OTROS FUELÓLEOS,OtrosFueloleos,68615
2023-09,Cataluña,OTROS GASOLEOS,OtrosGasoleos,17375
2023-09,Cataluña,OTROS QUEROSENOS,OtrosQueroseno,0
2023-09,Cataluña,QUEROSENO AVIACIÓN,QuerosenoAviacion,114398
2023-09,Ceuta,BIODIESEL,Biodiesel,0
2023-09,Ceuta,BIOETANOL,Bioetanol,0
2023-09,Ceuta,FUELÓLEO  BIA,Fueloleo_BIA,4904
2023-09,Ceuta,GLP,GLP,159
2023-09,Ceuta,GASÓLEO A,GasoleoA,1036
2023-09,Ceuta,GASÓLEO B,GasoleoB,0
2023-09,Ceuta,GASÓLEO C,GasoleoC,27
2023-09,Ceuta,GASOLINA  AUTO. S/PB 95 I.O.,Gasolina95,493
2023-09,Ceuta,GASOLINA  AUTO. S/PB 98 I.O.,Gasolina98,63
2023-09,Ceuta,OTRAS GASOLINAS,OtrasGasolinas,0
2023-09,Ceuta,OTROS FUELÓLEOS,OtrosFueloleos,6129
2023-09,Ceuta,OTROS GASOLEOS,OtrosGasoleos,7143
2023-09,Ceuta,OTROS QUEROSENOS,OtrosQueroseno,0
2023-09,Ceuta,QUEROSENO AVIACIÓN,QuerosenoAviacion,81
2023-09,Comunitat Valenciana,BIODIESEL,Biodiesel,0
2023-09,Comunitat Valenciana,BIOETANOL,Bioetanol,0
2023-09,Comunitat Valenciana,FUELÓLEO  BIA,Fueloleo_BIA,265
2023-09,Comunitat Valenciana,GLP,GLP,8478
2023-09,Comunitat Valenciana,GASÓLEO A,GasoleoA,156903
2023-09,Comunitat Valenciana,GASÓLEO B,GasoleoB,16948
2023-09,Comunitat Valenciana,GASÓLEO C,GasoleoC,1854
2023-09,Comunitat Valenciana,GASOLINA  AUTO. S/PB 95 I.O.,Gasolina95,56371
2023-09,Comunitat Valenciana,GASOLINA  AUTO. S/PB 98 I.O.,Gasolina98,2151
2023-09,Comunitat Valenciana,OTRAS GASOLINAS,OtrasGasolinas,43
2023-09,Comunitat Valenciana,OTROS FUELÓLEOS,OtrosFueloleos,19748
2023-09,Comunitat Valenciana,OTROS GASOLEOS,OtrosGasoleos,26897
2023-09,Comunitat Valenciana,OTROS QUEROSENOS,OtrosQueroseno,0
2023-09,Comunitat Valenciana,QUEROSENO AVIACIÓN,QuerosenoAviacion,40554
2023-09,ESPAÑA,BIODIESEL,Biodiesel,389
2023-09,ESPAÑA,BIOETANOL,Bioetanol,0
2023-09,ESPAÑA,FUELÓLEO  BIA,Fueloleo_BIA,180582
2023-09,ESPAÑA,GLP,GLP,91033
2023-09,ESPAÑA,GASÓLEO A,GasoleoA,1797665
2023-09,ESPAÑA,GASÓLEO B,GasoleoB,283425
2023-09,ESPAÑA,GASÓLEO C,GasoleoC,60519
2023-09,ESPAÑA,GASOLINA  AUTO. S/PB 95 I.O.,Gasolina95,494005
2023-09,ESPAÑA,GASOLINA  AUTO. S/PB 98 I.O.,Gasolina98,26749
2023-09,ESPAÑA,OTRAS GASOLINAS,OtrasGasolinas,454
2023-09,ESPAÑA,OTROS FUELÓLEOS,OtrosFueloleos,469190
2023-09,ESPAÑA,OTROS GASOLEOS,OtrosGasoleos,242969
2023-09,ESPAÑA,OTROS QUEROSENOS,OtrosQueroseno,9
2023-09,ESPAÑA,QUEROSENO AVIACIÓN,QuerosenoAviacion,613396
2023-09,Extremadura,BIODIESEL,Biodiesel,0
2023-09,Extremadura,BIOETANOL,Bioetanol,0
2023-09,Extremadura,FUELÓLEO  BIA,Fueloleo_BIA,230
2023-09,Extremadura,GLP,GLP,3114
2023-09,Extremadura,GASÓLEO A,GasoleoA,57130
2023-09,Extremadura,GASÓLEO B,GasoleoB,10829
2023-09,Extremadura,GASÓLEO C,GasoleoC,466
2023-09,Extremadura,GASOLINA  AUTO. S/PB 95 I.O.,Gasolina95,9029
2023-09,Extremadura,GASOLINA  AUTO. S/PB 98 I.O.,Gasolina98,273
2023-09,Extremadura,OTRAS GASOLINAS,OtrasGasolinas,13
2023-09,Extremadura,OTROS FUELÓLEOS,OtrosFueloleos,0
2023-09,Extremadura,OTROS GASOLEOS,OtrosGasoleos,0
2023-09,Extremadura,OTROS QUEROSENOS,OtrosQueroseno,0
2023-09,Extremadura,QUEROSENO AVIACIÓN,QuerosenoAviacion,54
2023-09,Galicia,BIODIESEL,Biodiesel,0
2023-09,Galicia,BIOETANOL,Bioetanol,0
2023-09,Galicia,FUELÓLEO  BIA,Fueloleo_BIA,8596
2023-09,Galicia,GLP,GLP,7123
2023-09,Galicia,GASÓLEO A,GasoleoA,115169
2023-09,Galicia,GASÓLEO B,GasoleoB,22033
2023-09,Galicia,GASÓLEO C,GasoleoC,9228
2023-09,Galicia,GASOLINA  AUTO. S/PB 95 I.O.,Gasolina95,24160
2023-09,Galicia,GASOLINA  AUTO. S/PB 98 I.O.,Gasolina98,1123
2023-09,Galicia,OTRAS GASOLINAS,OtrasGasolinas,11
2023-09,Galicia,OTROS FUELÓLEOS,OtrosFueloleos,1474
2023-09,Galicia,OTROS GASOLEOS,OtrosGasoleos,11546
2023-09,Galicia,OTROS QUEROSENOS,OtrosQueroseno,0
2023-09,Galicia,QUEROSENO AVIACIÓN,QuerosenoAviacion,6503
2023-09,"Madrid, Comunidad de",BIODIESEL,Biodiesel,26
2023-09,"Madrid, Comunidad de",BIOETANOL,Bioetanol,0
2023-09,"Madrid, Comunidad de",FUELÓLEO  BIA,Fueloleo_BIA,420
2023-09,"Madrid, Comunidad de",GLP,GLP,6111
2023-09,"Madrid, Comunidad de",GASÓLEO A,GasoleoA,152310
2023-09,"Madrid, Comunidad de",GASÓLEO B,GasoleoB,8791
2023-09,"Madrid, Comunidad de",GASÓLEO C,GasoleoC,6153
2023-09,"Madrid, Comunidad de",GASOLINA  AUTO. S/PB 95 I.O.,Gasolina95,61668
2023-09,"Madrid, Comunidad de",GASOLINA  AUTO. S/PB 98 I.O.,Gasolina98,2321
2023-09,"Madrid, Comunidad de",OTRAS GASOLINAS,OtrasGasolinas,63
2023-09,"Madrid, Comunidad de",OTROS FUELÓLEOS,OtrosFueloleos,38
2023-09,"Madrid, Comunidad de",OTROS GASOLEOS,OtrosGasoleos,0
2023-09,"Madrid, Comunidad de",OTROS QUEROSENOS,OtrosQueroseno,1
2023-09,"Madrid, Comunidad de",QUEROSENO AVIACIÓN,QuerosenoAviacion,206368
2023-09,Melilla,BIODIESEL,Biodiesel,0
2023-09,Melilla,BIOETANOL,Bioetanol,0
2023-09,Melilla,FUELÓLEO  BIA,Fueloleo_BIA,5700
2023-09,Melilla,GLP,GLP,139
2023-09,Melilla,GASÓLEO A,GasoleoA,1065
2023-09,Melilla,GASÓLEO B,GasoleoB,0
2023-09,Melilla,GASÓLEO C,GasoleoC,0
2023-09,Melilla,GASOLINA  AUTO. S/PB 95 I.O.,Gasolina95,515
2023-09,Melilla,GASOLINA  AUTO. S/PB 98 I.O.,Gasolina98,0
2023-09,Melilla,OTRAS GASOLINAS,OtrasGasolinas,0
2023-09,Melilla,OTROS FUELÓLEOS,OtrosFueloleos,0
2023-09,Melilla,OTROS GASOLEOS,OtrosGasoleos,0
2023-09,Melilla,OTROS QUEROSENOS,OtrosQueroseno,0
2023-09,Melilla,QUEROSENO AVIACIÓN,QuerosenoAviacion,153
2023-09,"Murcia, Región de",BIODIESEL,Biodiesel,0
2023-09,"Murcia, Región de",BIOETANOL,Bioetanol,0
2023-09,"Murcia, Región de",FUELÓLEO  BIA,Fueloleo_BIA,430
2023-09,"Murcia, Región de",GLP,GLP,2820
2023-09,"Murcia, Región de",GASÓLEO A,GasoleoA,78772
2023-09,"Murcia, Región de",GASÓLEO B,GasoleoB,11440
2023-09,"Murcia, Región de",GASÓLEO C,GasoleoC,325
2023-09,"Murcia, Región de",GASOLINA  AUTO. S/PB 95 I.O.,Gasolina95,13434
2023-09,"Murcia, Región de",GASOLINA  AUTO. S/PB 98 I.O.,Gasolina98,576
2023-09,"Murcia, Región de",OTRAS GASOLINAS,OtrasGasolinas,17
2023-09,"Murcia, Región de",OTROS FUELÓLEOS,OtrosFueloleos,0
2023-09,"Murcia, Región de",OTROS GASOLEOS,OtrosGasoleos,1844
2023-09,"Murcia, Región de",OTROS QUEROSENOS,OtrosQueroseno,0
2023-09,"Murcia, Región de",QUEROSENO AVIACIÓN,QuerosenoAviacion,1607
2023-09,"Navarra, Comunidad Foral de",BIODIESEL,Biodiesel,0
2023-09,"Navarra, Comunidad Foral de",BIOETANOL,Bioetanol,0
2023-09,"Navarra, Comunidad Foral de",FUELÓLEO  BIA,Fueloleo_BIA,291
2023-09,"Navarra, Comunidad Foral de",GLP,GLP,927
2023-09,"Navarra, Comunidad Foral de",GASÓLEO A,GasoleoA,44042
2023-09,"Navarra, Comunidad Foral de",GASÓLEO B,GasoleoB,6807
2023-09,"Navarra, Comunidad Foral de",GASÓLEO C,GasoleoC,465
2023-09,"Navarra, Comunidad Foral de",GASOLINA  AUTO. S/PB 95 I.O.,Gasolina95,6946
2023-09,"Navarra, Comunidad Foral de",GASOLINA  AUTO. S/PB 98 I.O.,Gasolina98,237
2023-09,"Navarra, Comunidad Foral de",OTRAS GASOLINAS,OtrasGasolinas,5
2023-09,"Navarra, Comunidad Foral de",OTROS FUELÓLEOS,OtrosFueloleos,0
2023-09,"Navarra, Comunidad Foral de",OTROS GASOLEOS,OtrosGasoleos,0
2023-09,"Navarra, Comunidad Foral de",OTROS QUEROSENOS,OtrosQueroseno,0
2023-09,"Navarra, Comunidad Foral de",QUEROSENO AVIACIÓN,QuerosenoAviacion,125
2023-09,País Vasco,BIODIESEL,Biodiesel,175
2023-09,País Vasco,BIOETANOL,Bioetanol,0
2023-09,País Vasco,FUELÓLEO  BIA,Fueloleo_BIA,409
2023-09,País Vasco,GLP,GLP,2839
2023-09,País Vasco,GASÓLEO A,GasoleoA,139800
2023-09,País Vasco,GASÓLEO B,GasoleoB,13795
2023-09,País Vasco,GASÓLEO C,GasoleoC,2415
2023-09,País Vasco,GASOLINA  AUTO. S/PB 95 I.O.,Gasolina95,19601
2023-09,País Vasco,GASOLINA  AUTO. S/PB 98 I.O.,Gasolina98,948
2023-09,País Vasco,OTRAS GASOLINAS,OtrasGasolinas,3
2023-09,País Vasco,OTROS FUELÓLEOS,OtrosFueloleos,0
2023-09,País Vasco,OTROS GASOLEOS,OtrosGasoleos,1636
2023-09,País Vasco,OTROS QUEROSENOS,OtrosQueroseno,0
2023-09,País Vasco,QUEROSENO AVIACIÓN,QuerosenoAviacion,10383
2023-09,"Rioja, La",BIODIESEL,Biodiesel,0
2023-09,"Rioja, La",BIOETANOL,Bioetanol,0
2023-09,"Rioja, La",FUELÓLEO  BIA,Fueloleo_BIA,31
2023-09,"Rioja, La",GLP,GLP,345
2023-09,"Rioja, La",GASÓLEO A,GasoleoA,13042
2023-09,"Rioja, La",GASÓLEO B,GasoleoB,2951
2023-09,"Rioja, La",GASÓLEO C,GasoleoC,703
2023-09,"Rioja, La",GASOLINA  AUTO. S/PB 95 I.O.,Gasolina95,2687
2023-09,"Rioja, La",GASOLINA  AUTO. S/PB 98 I.O.,Gasolina98,104
2023-09,"Rioja, La",OTRAS GASOLINAS,OtrasGasolinas,0
2023-09,"Rioja, La",OTROS FUELÓLEOS,OtrosFueloleos,0
2023-09,"Rioja, La",OTROS GASOLEOS,OtrosGasoleos,0
2023-09,"Rioja, La",OTROS QUEROSENOS,OtrosQueroseno,0
2023-09,"Rioja, La",QUEROSENO AVIACIÓN,QuerosenoAviacion,16
2023-10,Andalucía,BIODIESEL,Biodiesel,43
2023-10,Andalucía,BIOETANOL,Bioetanol,0
2023-10,Andalucía,FUELÓLEO  BIA,Fueloleo_BIA,1774
2023-10,Andalucía,GLP,GLP,20118
2023-10,Andalucía,GASÓLEO A,GasoleoA,288953
2023-10,Andalucía,GASÓLEO B,GasoleoB,50379
2023-10,Andalucía,GASÓLEO C,GasoleoC,4572
2023-10,Andalucía,GASOLINA  AUTO. S/PB 95 I.O.,Gasolina95,73840
2023-10,Andalucía,GASOLINA  AUTO. S/PB 98 I.O.,Gasolina98,2802
2023-10,Andalucía,OTRAS GASOLINAS,OtrasGasolinas,86
2023-10,Andalucía,OTROS FUELÓLEOS,OtrosFueloleos,261531
2023-10,Andalucía,OTROS GASOLEOS,OtrosGasoleos,94338
2023-10,Andalucía,OTROS QUEROSENOS,OtrosQueroseno,0
2023-10,Andalucía,QUEROSENO AVIACIÓN,QuerosenoAviacion,58476
2023-10,Aragón,BIODIESEL,Biodiesel,53
2023-10,Aragón,BIOETANOL,Bioetanol,0
2023-10,Aragón,FUELÓLEO  BIA,Fueloleo_BIA,122
2023-10,Aragón,GLP,GLP,2772
2023-10,Aragón,GASÓLEO A,GasoleoA,64530
2023-10,Aragón,GASÓLEO B,GasoleoB,21729
2023-10,Aragón,GASÓLEO C,GasoleoC,5839
2023-10,Aragón,GASOLINA  AUTO. S/PB 95 I.O.,Gasolina95,13471
2023-10,Aragón,GASOLINA  AUTO. S/PB 98 I.O.,Gasolina98,544
2023-10,Aragón,OTRAS GASOLINAS,OtrasGasolinas,8
2023-10,Aragón,OTROS FUELÓLEOS,OtrosFueloleos,0
2023-10,Aragón,OTROS GASOLEOS,OtrosGasoleos,17
2023-10,Aragón,OTROS QUEROSENOS,OtrosQueroseno,0
2023-10,Aragón,QUEROSENO AVIACIÓN,QuerosenoAviacion,9166
2023-10,"Asturias, Principado de",BIODIESEL,Biodiesel,0
2023-10,"Asturias, Principado de",BIOETANOL,Bioetanol,0
2023-10,"Asturias, Principado de",FUELÓLEO  BIA,Fueloleo_BIA,765
2023-10,"Asturias, Principado de",GLP,GLP,2025
2023-10,"Asturias, Principado de",GASÓLEO A,GasoleoA,32891
2023-10,"Asturias, Principado de",GASÓLEO B,GasoleoB,5406
2023-10,"Asturias, Principado de",GASÓLEO C,GasoleoC,2635
2023-10,"Asturias, Principado de",GASOLINA  AUTO. S/PB 95 I.O.,Gasolina95,8765
2023-10,"Asturias, Principado de",GASOLINA  AUTO. S/PB 98 I.O.,Gasolina98,462
2023-10,"Asturias, Principado de",OTRAS GASOLINAS,OtrasGasolinas,3
2023-10,"Asturias, Principado de",OTROS FUELÓLEOS,OtrosFueloleos,1134
2023-10,"Asturias, Principado de",OTROS GASOLEOS,OtrosGasoleos,2191
2023-10,"Asturias, Principado de",OTROS QUEROSENOS,OtrosQueroseno,0
2023-10,"Asturias, Principado de",QUEROSENO AVIACIÓN,QuerosenoAviacion,1597
2023-10,"Balears, Illes",BIODIESEL,Biodiesel,0
2023-10,"Balears, Illes",BIOETANOL,Bioetanol,0
2023-10,"Balears, Illes",FUELÓLEO  BIA,Fueloleo_BIA,0
2023-10,"Balears, Illes",GLP,GLP,3719
2023-10,"Balears, Illes",GASÓLEO A,GasoleoA,30075
2023-10,"Balears, Illes",GASÓLEO B,GasoleoB,3740
2023-10,"Balears, Illes",GASÓLEO C,GasoleoC,12324
2023-10,"Balears, Illes",GASOLINA  AUTO. S/PB 95 I.O.,Gasolina95,22531
2023-10,"Balears, Illes",GASOLINA  AUTO. S/PB 98 I.O.,Gasolina98,989
2023-10,"Balears, Illes",OTRAS GASOLINAS,OtrasGasolinas,22
2023-10,"Balears, Illes",OTROS FUELÓLEOS,OtrosFueloleos,0
2023-10,"Balears, Illes",OTROS GASOLEOS,OtrosGasoleos,3798
2023-10,"Balears, Illes",OTROS QUEROSENOS,OtrosQueroseno,0
2023-10,"Balears, Illes",QUEROSENO AVIACIÓN,QuerosenoAviacion,66208
2023-10,Canarias,BIODIESEL,Biodiesel,75
2023-10,Canarias,BIOETANOL,Bioetanol,0
2023-10,Canarias,FUELÓLEO  BIA,Fueloleo_BIA,51749
2023-10,Canarias,GLP,GLP,5936
2023-10,Canarias,GASÓLEO A,GasoleoA,54832
2023-10,Canarias,GASÓLEO B,GasoleoB,0
2023-10,Canarias,GASÓLEO C,GasoleoC,388
2023-10,Canarias,GASOLINA  AUTO. S/PB 95 I.O.,Gasolina95,36415
2023-10,Canarias,GASOLINA  AUTO. S/PB 98 I.O.,Gasolina98,8255
2023-10,Canarias,OTRAS GASOLINAS,OtrasGasolinas,6
2023-10,Canarias,OTROS FUELÓLEOS,OtrosFueloleos,79823
2023-10,Canarias,OTROS GASOLEOS,OtrosGasoleos,175598
2023-10,Canarias,OTROS QUEROSENOS,OtrosQueroseno,0
2023-10,Canarias,QUEROSENO AVIACIÓN,QuerosenoAviacion,95075
2023-10,Cantabria,BIODIESEL,Biodiesel,0
2023-10,Cantabria,BIOETANOL,Bioetanol,0
2023-10,Cantabria,FUELÓLEO  BIA,Fueloleo_BIA,372
2023-10,Cantabria,GLP,GLP,962
2023-10,Cantabria,GASÓLEO A,GasoleoA,23654
2023-10,Cantabria,GASÓLEO B,GasoleoB,3758
2023-10,Cantabria,GASÓLEO C,GasoleoC,179
2023-10,Cantabria,GASOLINA  AUTO. S/PB 95 I.O.,Gasolina95,6621
2023-10,Cantabria,GASOLINA  AUTO. S/PB 98 I.O.,Gasolina98,262
2023-10,Cantabria,OTRAS GASOLINAS,OtrasGasolinas,3
2023-10,Cantabria,OTROS FUELÓLEOS,OtrosFueloleos,350
2023-10,Cantabria,OTROS GASOLEOS,OtrosGasoleos,638
2023-10,Cantabria,OTROS QUEROSENOS,OtrosQueroseno,0
2023-10,Cantabria,QUEROSENO AVIACIÓN,QuerosenoAviacion,926
2023-10,Castilla - La Mancha,BIODIESEL,Biodiesel,4
2023-10,Castilla - La Mancha,BIOETANOL,Bioetanol,0
2023-10,Castilla - La Mancha,FUELÓLEO  BIA,Fueloleo_BIA,299
2023-10,Castilla - La Mancha,GLP,GLP,3983
2023-10,Castilla - La Mancha,GASÓLEO A,GasoleoA,102025
2023-10,Castilla - La Mancha,GASÓLEO B,GasoleoB,36936
2023-10,Castilla - La Mancha,GASÓLEO C,GasoleoC,11033
2023-10,Castilla - La Mancha,GASOLINA  AUTO. S/PB 95 I.O.,Gasolina95,20452
2023-10,Castilla - La Mancha,GASOLINA  AUTO. S/PB 98 I.O.,Gasolina98,718
2023-10,Castilla - La Mancha,OTRAS GASOLINAS,OtrasGasolinas,3
2023-10,Castilla - La Mancha,OTROS FUELÓLEOS,OtrosFueloleos,0
2023-10,Castilla - La Mancha,OTROS GASOLEOS,OtrosGasoleos,0
2023-10,Castilla - La Mancha,OTROS QUEROSENOS,OtrosQueroseno,0
2023-10,Castilla - La Mancha,QUEROSENO AVIACIÓN,QuerosenoAviacion,53
2023-10,Castilla y León,BIODIESEL,Biodiesel,25
2023-10,Castilla y León,BIOETANOL,Bioetanol,0
2023-10,Castilla y León,FUELÓLEO  BIA,Fueloleo_BIA,529
2023-10,Castilla y León,GLP,GLP,5928
2023-10,Castilla y León,GASÓLEO A,GasoleoA,142447
2023-10,Castilla y León,GASÓLEO B,GasoleoB,48297
2023-10,Castilla y León,GASÓLEO C,GasoleoC,12952
2023-10,Castilla y León,GASOLINA  AUTO. S/PB 95 I.O.,Gasolina95,26291
2023-10,Castilla y León,GASOLINA  AUTO. S/PB 98 I.O.,Gasolina98,1106
2023-10,Castilla y León,OTRAS GASOLINAS,OtrasGasolinas,59
2023-10,Castilla y León,OTROS FUELÓLEOS,OtrosFueloleos,0
2023-10,Castilla y León,OTROS GASOLEOS,OtrosGasoleos,0
2023-10,Castilla y León,OTROS QUEROSENOS,OtrosQueroseno,0
2023-10,Castilla y León,QUEROSENO AVIACIÓN,QuerosenoAviacion,458
2023-10,Cataluña,BIODIESEL,Biodiesel,93
2023-10,Cataluña,BIOETANOL,Bioetanol,0
2023-10,Cataluña,FUELÓLEO  BIA,Fueloleo_BIA,421
2023-10,Cataluña,GLP,GLP,15180
2023-10,Cataluña,GASÓLEO A,GasoleoA,306355
2023-10,Cataluña,GASÓLEO B,GasoleoB,33434
2023-10,Cataluña,GASÓLEO C,GasoleoC,6898
2023-10,Cataluña,GASOLINA  AUTO. S/PB 95 I.O.,Gasolina95,89255
2023-10,Cataluña,GASOLINA  AUTO. S/PB 98 I.O.,Gasolina98,3846
2023-10,Cataluña,OTRAS GASOLINAS,OtrasGasolinas,76
2023-10,Cataluña,OTROS FUELÓLEOS,OtrosFueloleos,63689
2023-10,Cataluña,OTROS GASOLEOS,OtrosGasoleos,33671
2023-10,Cataluña,OTROS QUEROSENOS,OtrosQueroseno,0
2023-10,Cataluña,QUEROSENO AVIACIÓN,QuerosenoAviacion,111809
2023-10,Ceuta,BIODIESEL,Biodiesel,0
2023-10,Ceuta,BIOETANOL,Bioetanol,0
2023-10,Ceuta,FUELÓLEO  BIA,Fueloleo_BIA,2599
2023-10,Ceuta,GLP,GLP,181
2023-10,Ceuta,GASÓLEO A,GasoleoA,973
2023-10,Ceuta,GASÓLEO B,GasoleoB,0
2023-10,Ceuta,GASÓLEO C,GasoleoC,0
2023-10,Ceuta,GASOLINA  AUTO. S/PB 95 I.O.,Gasolina95,511
2023-10,Ceuta,GASOLINA  AUTO. S/PB 98 I.O.,Gasolina98,43
2023-10,Ceuta,OTRAS GASOLINAS,OtrasGasolinas,0
2023-10,Ceuta,OTROS FUELÓLEOS,OtrosFueloleos,8200
2023-10,Ceuta,OTROS GASOLEOS,OtrosGasoleos,6509
2023-10,Ceuta,OTROS QUEROSENOS,OtrosQueroseno,0
2023-10,Ceuta,QUEROSENO AVIACIÓN,QuerosenoAviacion,54
2023-10,Comunitat Valenciana,BIODIESEL,Biodiesel,17
2023-10,Comunitat Valenciana,BIOETANOL,Bioetanol,0
2023-10,Comunitat Valenciana,FUELÓLEO  BIA,Fueloleo_BIA,273
2023-10,Comunitat Valenciana,GLP,GLP,9673
2023-10,Comunitat Valenciana,GASÓLEO A,GasoleoA,160928
2023-10,Comunitat Valenciana,GASÓLEO B,GasoleoB,17220
2023-10,Comunitat Valenciana,GASÓLEO C,GasoleoC,2844
2023-10,Comunitat Valenciana,GASOLINA  AUTO. S/PB 95 I.O.,Gasolina95,57190
2023-10,Comunitat Valenciana,GASOLINA  AUTO. S/PB 98 I.O.,Gasolina98,2198
2023-10,Comunitat Valenciana,OTRAS GASOLINAS,OtrasGasolinas,24
2023-10,Comunitat Valenciana,OTROS FUELÓLEOS,OtrosFueloleos,27214
2023-10,Comunitat Valenciana,OTROS GASOLEOS,OtrosGasoleos,14582
2023-10,Comunitat Valenciana,OTROS QUEROSENOS,OtrosQueroseno,1
2023-10,Comunitat Valenciana,QUEROSENO AVIACIÓN,QuerosenoAviacion,42335
2023-10,ESPAÑA,BIODIESEL,Biodiesel,520
2023-10,ESPAÑA,BIOETANOL,Bioetanol,0
2023-10,ESPAÑA,FUELÓLEO  BIA,Fueloleo_BIA,72292
2023-10,ESPAÑA,GLP,GLP,96844
2023-10,ESPAÑA,GASÓLEO A,GasoleoA,1820535
2023-10,ESPAÑA,GASÓLEO B,GasoleoB,298817
2023-10,ESPAÑA,GASÓLEO C,GasoleoC,94181
2023-10,ESPAÑA,GASOLINA  AUTO. S/PB 95 I.O.,Gasolina95,494976
2023-10,ESPAÑA,GASOLINA  AUTO. S/PB 98 I.O.,Gasolina98,26575
2023-10,ESPAÑA,OTRAS GASOLINAS,OtrasGasolinas,352
2023-10,ESPAÑA,OTROS FUELÓLEOS,OtrosFueloleos,443687
2023-10,ESPAÑA,OTROS GASOLEOS,OtrosGasoleos,346362
2023-10,ESPAÑA,OTROS QUEROSENOS,OtrosQueroseno,3
2023-10,ESPAÑA,QUEROSENO AVIACIÓN,QuerosenoAviacion,616708
2023-10,Extremadura,BIODIESEL,Biodiesel,16
2023-10,Extremadura,BIOETANOL,Bioetanol,0
2023-10,Extremadura,FUELÓLEO  BIA,Fueloleo_BIA,251
2023-10,Extremadura,GLP,GLP,3529
2023-10,Extremadura,GASÓLEO A,GasoleoA,57143
2023-10,Extremadura,GASÓLEO B,GasoleoB,10776
2023-10,Extremadura,GASÓLEO C,GasoleoC,958
2023-10,Extremadura,GASOLINA  AUTO. S/PB 95 I.O.,Gasolina95,8714
2023-10,Extremadura,GASOLINA  AUTO. S/PB 98 I.O.,Gasolina98,256
2023-10,Extremadura,OTRAS GASOLINAS,OtrasGasolinas,1
2023-10,Extremadura,OTROS FUELÓLEOS,OtrosFueloleos,0
2023-10,Extremadura,OTROS GASOLEOS,OtrosGasoleos,0
2023-10,Extremadura,OTROS QUEROSENOS,OtrosQueroseno,0
2023-10,Extremadura,QUEROSENO AVIACIÓN,QuerosenoAviacion,53
2023-10,Galicia,BIODIESEL,Biodiesel,13
2023-10,Galicia,BIOETANOL,Bioetanol,0
2023-10,Galicia,FUELÓLEO  BIA,Fueloleo_BIA,8879
2023-10,Galicia,GLP,GLP,8043
2023-10,Galicia,GASÓLEO A,GasoleoA,110293
2023-10,Galicia,GASÓLEO B,GasoleoB,20534
2023-10,Galicia,GASÓLEO C,GasoleoC,16709
2023-10,Galicia,GASOLINA  AUTO. S/PB 95 I.O.,Gasolina95,22956
2023-10,Galicia,GASOLINA  AUTO. S/PB 98 I.O.,Gasolina98,1050
2023-10,Galicia,OTRAS GASOLINAS,OtrasGasolinas,5
2023-10,Galicia,OTROS FUELÓLEOS,OtrosFueloleos,1349
2023-10,Galicia,OTROS GASOLEOS,OtrosGasoleos,11284
2023-10,Galicia,OTROS QUEROSENOS,OtrosQueroseno,0
2023-10,Galicia,QUEROSENO AVIACIÓN,QuerosenoAviacion,5670
2023-10,"Madrid, Comunidad de",BIODIESEL,Biodiesel,129
2023-10,"Madrid, Comunidad de",BIOETANOL,Bioetanol,0
2023-10,"Madrid, Comunidad de",FUELÓLEO  BIA,Fueloleo_BIA,387
2023-10,"Madrid, Comunidad de",GLP,GLP,7504
2023-10,"Madrid, Comunidad de",GASÓLEO A,GasoleoA,156643
2023-10,"Madrid, Comunidad de",GASÓLEO B,GasoleoB,10354
2023-10,"Madrid, Comunidad de",GASÓLEO C,GasoleoC,10853
2023-10,"Madrid, Comunidad de",GASOLINA  AUTO. S/PB 95 I.O.,Gasolina95,64582
2023-10,"Madrid, Comunidad de",GASOLINA  AUTO. S/PB 98 I.O.,Gasolina98,2253
2023-10,"Madrid, Comunidad de",OTRAS GASOLINAS,OtrasGasolinas,48
2023-10,"Madrid, Comunidad de",OTROS FUELÓLEOS,OtrosFueloleos,35
2023-10,"Madrid, Comunidad de",OTROS GASOLEOS,OtrosGasoleos,17
2023-10,"Madrid, Comunidad de",OTROS QUEROSENOS,OtrosQueroseno,0
2023-10,"Madrid, Comunidad de",QUEROSENO AVIACIÓN,QuerosenoAviacion,214327
2023-10,Melilla,BIODIESEL,Biodiesel,0
2023-10,Melilla,BIOETANOL,Bioetanol,0
2023-10,Melilla,FUELÓLEO  BIA,Fueloleo_BIA,2697
2023-10,Melilla,GLP,GLP,162
2023-10,Melilla,GASÓLEO A,GasoleoA,1031
2023-10,Melilla,GASÓLEO B,GasoleoB,0
2023-10,Melilla,GASÓLEO C,GasoleoC,0
2023-10,Melilla,GASOLINA  AUTO. S/PB 95 I.O.,Gasolina95,564
2023-10,Melilla,GASOLINA  AUTO. S/PB 98 I.O.,Gasolina98,0
2023-10,Melilla,OTRAS GASOLINAS,OtrasGasolinas,0
2023-10,Melilla,OTROS FUELÓLEOS,OtrosFueloleos,0
2023-10,Melilla,OTROS GASOLEOS,OtrosGasoleos,0
2023-10,Melilla,OTROS QUEROSENOS,OtrosQueroseno,0
2023-10,Melilla,QUEROSENO AVIACIÓN,QuerosenoAviacion,156
2023-10,"Murcia, Región de",BIODIESEL,Biodiesel,0
2023-10,"Murcia, Región de",BIOETANOL,Bioetanol,0
2023-10,"Murcia, Región de",FUELÓLEO  BIA,Fueloleo_BIA,467
2023-10,"Murcia, Región de",GLP,GLP,3189
2023-10,"Murcia, Región de",GASÓLEO A,GasoleoA,77255
2023-10,"Murcia, Región de",GASÓLEO B,GasoleoB,12192
2023-10,"Murcia, Región de",GASÓLEO C,GasoleoC,583
2023-10,"Murcia, Región de",GASOLINA  AUTO. S/PB 95 I.O.,Gasolina95,13569
2023-10,"Murcia, Región de",GASOLINA  AUTO. S/PB 98 I.O.,Gasolina98,530
2023-10,"Murcia, Región de",OTRAS GASOLINAS,OtrasGasolinas,3
2023-10,"Murcia, Región de",OTROS FUELÓLEOS,OtrosFueloleos,362
2023-10,"Murcia, Región de",OTROS GASOLEOS,OtrosGasoleos,2267
2023-10,"Murcia, Región de",OTROS QUEROSENOS,OtrosQueroseno,0
2023-10,"Murcia, Región de",QUEROSENO AVIACIÓN,QuerosenoAviacion,1573
2023-10,"Navarra, Comunidad Foral de",BIODIESEL,Biodiesel,0
2023-10,"Navarra, Comunidad Foral de",BIOETANOL,Bioetanol,0
2023-10,"Navarra, Comunidad Foral de",FUELÓLEO  BIA,Fueloleo_BIA,269
2023-10,"Navarra, Comunidad Foral de",GLP,GLP,997
2023-10,"Navarra, Comunidad Foral de",GASÓLEO A,GasoleoA,49281
2023-10,"Navarra, Comunidad Foral de",GASÓLEO B,GasoleoB,7511
2023-10,"Navarra, Comunidad Foral de",GASÓLEO C,GasoleoC,786
2023-10,"Navarra, Comunidad Foral de",GASOLINA  AUTO. S/PB 95 I.O.,Gasolina95,6968
2023-10,"Navarra, Comunidad Foral de",GASOLINA  AUTO. S/PB 98 I.O.,Gasolina98,228
2023-10,"Navarra, Comunidad Foral de",OTRAS GASOLINAS,OtrasGasolinas,2
2023-10,"Navarra, Comunidad Foral de",OTROS FUELÓLEOS,OtrosFueloleos,0
2023-10,"Navarra, Comunidad Foral de",OTROS GASOLEOS,OtrosGasoleos,0
2023-10,"Navarra, Comunidad Foral de",OTROS QUEROSENOS,OtrosQueroseno,0
2023-10,"Navarra, Comunidad Foral de",QUEROSENO AVIACIÓN,QuerosenoAviacion,162
2023-10,País Vasco,BIODIESEL,Biodiesel,52
2023-10,País Vasco,BIOETANOL,Bioetanol,0
2023-10,País Vasco,FUELÓLEO  BIA,Fueloleo_BIA,402
2023-10,País Vasco,GLP,GLP,2310
2023-10,País Vasco,GASÓLEO A,GasoleoA,147850
2023-10,País Vasco,GASÓLEO B,GasoleoB,13450
2023-10,País Vasco,GASÓLEO C,GasoleoC,3155
2023-10,País Vasco,GASOLINA  AUTO. S/PB 95 I.O.,Gasolina95,19569
2023-10,País Vasco,GASOLINA  AUTO. S/PB 98 I.O.,Gasolina98,922
2023-10,País Vasco,OTRAS GASOLINAS,OtrasGasolinas,3
2023-10,País Vasco,OTROS FUELÓLEOS,OtrosFueloleos,0
2023-10,País Vasco,OTROS GASOLEOS,OtrosGasoleos,1452
2023-10,País Vasco,OTROS QUEROSENOS,OtrosQueroseno,2
2023-10,País Vasco,QUEROSENO AVIACIÓN,QuerosenoAviacion,8601
2023-10,"Rioja, La",BIODIESEL,Biodiesel,0
2023-10,"Rioja, La",BIOETANOL,Bioetanol,0
2023-10,"Rioja, La",FUELÓLEO  BIA,Fueloleo_BIA,37
2023-10,"Rioja, La",GLP,GLP,633
2023-10,"Rioja, La",GASÓLEO A,GasoleoA,13376
2023-10,"Rioja, La",GASÓLEO B,GasoleoB,3101
2023-10,"Rioja, La",GASÓLEO C,GasoleoC,1473
2023-10,"Rioja, La",GASOLINA  AUTO. S/PB 95 I.O.,Gasolina95,2712
2023-10,"Rioja, La",GASOLINA  AUTO. S/PB 98 I.O.,Gasolina98,111
2023-10,"Rioja, La",OTRAS GASOLINAS,OtrasGasolinas,0
2023-10,"Rioja, La",OTROS FUELÓLEOS,OtrosFueloleos,0
2023-10,"Rioja, La",OTROS GASOLEOS,OtrosGasoleos,0
2023-10,"Rioja, La",OTROS QUEROSENOS,OtrosQueroseno,0
2023-10,"Rioja, La",QUEROSENO AVIACIÓN,QuerosenoAviacion,9
2023-11,Andalucía,BIODIESEL,Biodiesel,159
2023-11,Andalucía,BIOETANOL,Bioetanol,0
2023-11,Andalucía,FUELÓLEO  BIA,Fueloleo_BIA,1487
2023-11,Andalucía,GLP,GLP,24238
2023-11,Andalucía,GASÓLEO A,GasoleoA,284276
2023-11,Andalucía,GASÓLEO B,GasoleoB,62521
2023-11,Andalucía,GASÓLEO C,GasoleoC,7212
2023-11,Andalucía,GASOLINA  AUTO. S/PB 95 I.O.,Gasolina95,69252
2023-11,Andalucía,GASOLINA  AUTO. S/PB 98 I.O.,Gasolina98,2758
2023-11,Andalucía,OTRAS GASOLINAS,OtrasGasolinas,77
2023-11,Andalucía,OTROS FUELÓLEOS,OtrosFueloleos,305654
2023-11,Andalucía,OTROS GASOLEOS,OtrosGasoleos,76105
2023-11,Andalucía,OTROS QUEROSENOS,OtrosQueroseno,0
2023-11,Andalucía,QUEROSENO AVIACIÓN,QuerosenoAviacion,43055
2023-11,Aragón,BIODIESEL,Biodiesel,51
2023-11,Aragón,BIOETANOL,Bioetanol,0
2023-11,Aragón,FUELÓLEO  BIA,Fueloleo_BIA,184
2023-11,Aragón,GLP,GLP,4105
2023-11,Aragón,GASÓLEO A,GasoleoA,65023
2023-11,Aragón,GASÓLEO B,GasoleoB,25119
2023-11,Aragón,GASÓLEO C,GasoleoC,8870
2023-11,Aragón,GASOLINA  AUTO. S/PB 95 I.O.,Gasolina95,12334
2023-11,Aragón,GASOLINA  AUTO. S/PB 98 I.O.,Gasolina98,453
2023-11,Aragón,OTRAS GASOLINAS,OtrasGasolinas,2
2023-11,Aragón,OTROS FUELÓLEOS,OtrosFueloleos,0
2023-11,Aragón,OTROS GASOLEOS,OtrosGasoleos,0
2023-11,Aragón,OTROS QUEROSENOS,OtrosQueroseno,1
2023-11,Aragón,QUEROSENO AVIACIÓN,QuerosenoAviacion,9452
2023-11,"Asturias, Principado de",BIODIESEL,Biodiesel,19
2023-11,"Asturias, Principado de",BIOETANOL,Bioetanol,0
2023-11,"Asturias, Principado de",FUELÓLEO  BIA,Fueloleo_BIA,810
2023-11,"Asturias, Principado de",GLP,GLP,2414
2023-11,"Asturias, Principado de",GASÓLEO A,GasoleoA,32136
2023-11,"Asturias, Principado de",GASÓLEO B,GasoleoB,5345
2023-11,"Asturias, Principado de",GASÓLEO C,GasoleoC,3297
2023-11,"Asturias, Principado de",GASOLINA  AUTO. S/PB 95 I.O.,Gasolina95,8131
2023-11,"Asturias, Principado de",GASOLINA  AUTO. S/PB 98 I.O.,Gasolina98,397
2023-11,"Asturias, Principado de",OTRAS GASOLINAS,OtrasGasolinas,0
2023-11,"Asturias, Principado de",OTROS FUELÓLEOS,OtrosFueloleos,240
2023-11,"Asturias, Principado de",OTROS GASOLEOS,OtrosGasoleos,2413
2023-11,"Asturias, Principado de",OTROS QUEROSENOS,OtrosQueroseno,0
2023-11,"Asturias, Principado de",QUEROSENO AVIACIÓN,QuerosenoAviacion,866
2023-11,"Balears, Illes",BIODIESEL,Biodiesel,0
2023-11,"Balears, Illes",BIOETANOL,Bioetanol,0
2023-11,"Balears, Illes",FUELÓLEO  BIA,Fueloleo_BIA,0
2023-11,"Balears, Illes",GLP,GLP,3235
2023-11,"Balears, Illes",GASÓLEO A,GasoleoA,24687
2023-11,"Balears, Illes",GASÓLEO B,GasoleoB,3517
2023-11,"Balears, Illes",GASÓLEO C,GasoleoC,11654
2023-11,"Balears, Illes",GASOLINA  AUTO. S/PB 95 I.O.,Gasolina95,15930
2023-11,"Balears, Illes",GASOLINA  AUTO. S/PB 98 I.O.,Gasolina98,734
2023-11,"Balears, Illes",OTRAS GASOLINAS,OtrasGasolinas,13
2023-11,"Balears, Illes",OTROS FUELÓLEOS,OtrosFueloleos,0
2023-11,"Balears, Illes",OTROS GASOLEOS,OtrosGasoleos,2192
2023-11,"Balears, Illes",OTROS QUEROSENOS,OtrosQueroseno,0
2023-11,"Balears, Illes",QUEROSENO AVIACIÓN,QuerosenoAviacion,16946
2023-11,Canarias,BIODIESEL,Biodiesel,0
2023-11,Canarias,BIOETANOL,Bioetanol,0
2023-11,Canarias,FUELÓLEO  BIA,Fueloleo_BIA,81726
2023-11,Canarias,GLP,GLP,6450
2023-11,Canarias,GASÓLEO A,GasoleoA,56034
2023-11,Canarias,GASÓLEO B,GasoleoB,0
2023-11,Canarias,GASÓLEO C,GasoleoC,0
2023-11,Canarias,GASOLINA  AUTO. S/PB 95 I.O.,Gasolina95,36539
2023-11,Canarias,GASOLINA  AUTO. S/PB 98 I.O.,Gasolina98,8100
2023-11,Canarias,OTRAS GASOLINAS,OtrasGasolinas,12
2023-11,Canarias,OTROS FUELÓLEOS,OtrosFueloleos,73710
2023-11,Canarias,OTROS GASOLEOS,OtrosGasoleos,190063
2023-11,Canarias,OTROS QUEROSENOS,OtrosQueroseno,0
2023-11,Canarias,QUEROSENO AVIACIÓN,QuerosenoAviacion,113246
2023-11,Cantabria,BIODIESEL,Biodiesel,0
2023-11,Cantabria,BIOETANOL,Bioetanol,0
2023-11,Cantabria,FUELÓLEO  BIA,Fueloleo_BIA,699
2023-11,Cantabria,GLP,GLP,1299
2023-11,Cantabria,GASÓLEO A,GasoleoA,21886
2023-11,Cantabria,GASÓLEO B,GasoleoB,4324
2023-11,Cantabria,GASÓLEO C,GasoleoC,231
2023-11,Cantabria,GASOLINA  AUTO. S/PB 95 I.O.,Gasolina95,5691
2023-11,Cantabria,GASOLINA  AUTO. S/PB 98 I.O.,Gasolina98,213
2023-11,Cantabria,OTRAS GASOLINAS,OtrasGasolinas,1
2023-11,Cantabria,OTROS FUELÓLEOS,OtrosFueloleos,426
2023-11,Cantabria,OTROS GASOLEOS,OtrosGasoleos,629
2023-11,Cantabria,OTROS QUEROSENOS,OtrosQueroseno,0
2023-11,Cantabria,QUEROSENO AVIACIÓN,QuerosenoAviacion,557
2023-11,Castilla - La Mancha,BIODIESEL,Biodiesel,22
2023-11,Castilla - La Mancha,BIOETANOL,Bioetanol,0
2023-11,Castilla - La Mancha,FUELÓLEO  BIA,Fueloleo_BIA,506
2023-11,Castilla - La Mancha,GLP,GLP,5657
2023-11,Castilla - La Mancha,GASÓLEO A,GasoleoA,99858
2023-11,Castilla - La Mancha,GASÓLEO B,GasoleoB,45580
2023-11,Castilla - La Mancha,GASÓLEO C,GasoleoC,16355
2023-11,Castilla - La Mancha,GASOLINA  AUTO. S/PB 95 I.O.,Gasolina95,18553
2023-11,Castilla - La Mancha,GASOLINA  AUTO. S/PB 98 I.O.,Gasolina98,659
2023-11,Castilla - La Mancha,OTRAS GASOLINAS,OtrasGasolinas,23
2023-11,Castilla - La Mancha,OTROS FUELÓLEOS,OtrosFueloleos,0
2023-11,Castilla - La Mancha,OTROS GASOLEOS,OtrosGasoleos,0
2023-11,Castilla - La Mancha,OTROS QUEROSENOS,OtrosQueroseno,0
2023-11,Castilla - La Mancha,QUEROSENO AVIACIÓN,QuerosenoAviacion,105
2023-11,Castilla y León,BIODIESEL,Biodiesel,42
2023-11,Castilla y León,BIOETANOL,Bioetanol,0
2023-11,Castilla y León,FUELÓLEO  BIA,Fueloleo_BIA,917
2023-11,Castilla y León,GLP,GLP,7829
2023-11,Castilla y León,GASÓLEO A,GasoleoA,137176
2023-11,Castilla y León,GASÓLEO B,GasoleoB,53258
2023-11,Castilla y León,GASÓLEO C,GasoleoC,18028
2023-11,Castilla y León,GASOLINA  AUTO. S/PB 95 I.O.,Gasolina95,23347
2023-11,Castilla y León,GASOLINA  AUTO. S/PB 98 I.O.,Gasolina98,902
2023-11,Castilla y León,OTRAS GASOLINAS,OtrasGasolinas,36
2023-11,Castilla y León,OTROS FUELÓLEOS,OtrosFueloleos,0
2023-11,Castilla y León,OTROS GASOLEOS,OtrosGasoleos,0
2023-11,Castilla y León,OTROS QUEROSENOS,OtrosQueroseno,0
2023-11,Castilla y León,QUEROSENO AVIACIÓN,QuerosenoAviacion,231
2023-11,Cataluña,BIODIESEL,Biodiesel,84
2023-11,Cataluña,BIOETANOL,Bioetanol,0
2023-11,Cataluña,FUELÓLEO  BIA,Fueloleo_BIA,347
2023-11,Cataluña,GLP,GLP,14522
2023-11,Cataluña,GASÓLEO A,GasoleoA,329662
2023-11,Cataluña,GASÓLEO B,GasoleoB,39233
2023-11,Cataluña,GASÓLEO C,GasoleoC,11062
2023-11,Cataluña,GASOLINA  AUTO. S/PB 95 I.O.,Gasolina95,81737
2023-11,Cataluña,GASOLINA  AUTO. S/PB 98 I.O.,Gasolina98,3575
2023-11,Cataluña,OTRAS GASOLINAS,OtrasGasolinas,56
2023-11,Cataluña,OTROS FUELÓLEOS,OtrosFueloleos,61045
2023-11,Cataluña,OTROS GASOLEOS,OtrosGasoleos,47230
2023-11,Cataluña,OTROS QUEROSENOS,OtrosQueroseno,1
2023-11,Cataluña,QUEROSENO AVIACIÓN,QuerosenoAviacion,91963
2023-11,Ceuta,BIODIESEL,Biodiesel,0
2023-11,Ceuta,BIOETANOL,Bioetanol,0
2023-11,Ceuta,FUELÓLEO  BIA,Fueloleo_BIA,2496
2023-11,Ceuta,GLP,GLP,202
2023-11,Ceuta,GASÓLEO A,GasoleoA,945
2023-11,Ceuta,GASÓLEO B,GasoleoB,0
2023-11,Ceuta,GASÓLEO C,GasoleoC,27
2023-11,Ceuta,GASOLINA  AUTO. S/PB 95 I.O.,Gasolina95,475
2023-11,Ceuta,GASOLINA  AUTO. S/PB 98 I.O.,Gasolina98,39
2023-11,Ceuta,OTRAS GASOLINAS,OtrasGasolinas,0
2023-11,Ceuta,OTROS FUELÓLEOS,OtrosFueloleos,5978
2023-11,Ceuta,OTROS GASOLEOS,OtrosGasoleos,20026
2023-11,Ceuta,OTROS QUEROSENOS,OtrosQueroseno,0
2023-11,Ceuta,QUEROSENO AVIACIÓN,QuerosenoAviacion,54
2023-11,Comunitat Valenciana,BIODIESEL,Biodiesel,0
2023-11,Comunitat Valenciana,BIOETANOL,Bioetanol,0
2023-11,Comunitat Valenciana,FUELÓLEO  BIA,Fueloleo_BIA,227
2023-11,Comunitat Valenciana,GLP,GLP,12027
2023-11,Comunitat Valenciana,GASÓLEO A,GasoleoA,159425
2023-11,Comunitat Valenciana,GASÓLEO B,GasoleoB,18435
2023-11,Comunitat Valenciana,GASÓLEO C,GasoleoC,4482
2023-11,Comunitat Valenciana,GASOLINA  AUTO. S/PB 95 I.O.,Gasolina95,52061
2023-11,Comunitat Valenciana,GASOLINA  AUTO. S/PB 98 I.O.,Gasolina98,2012
2023-11,Comunitat Valenciana,OTRAS GASOLINAS,OtrasGasolinas,26
2023-11,Comunitat Valenciana,OTROS FUELÓLEOS,OtrosFueloleos,25331
2023-11,Comunitat Valenciana,OTROS GASOLEOS,OtrosGasoleos,15588
2023-11,Comunitat Valenciana,OTROS QUEROSENOS,OtrosQueroseno,1
2023-11,Comunitat Valenciana,QUEROSENO AVIACIÓN,QuerosenoAviacion,31574
2023-11,ESPAÑA,BIODIESEL,Biodiesel,1152
2023-11,ESPAÑA,BIOETANOL,Bioetanol,0
2023-11,ESPAÑA,FUELÓLEO  BIA,Fueloleo_BIA,102534
2023-11,ESPAÑA,GLP,GLP,117060
2023-11,ESPAÑA,GASÓLEO A,GasoleoA,1832989
2023-11,ESPAÑA,GASÓLEO B,GasoleoB,342013
2023-11,ESPAÑA,GASÓLEO C,GasoleoC,132415
2023-11,ESPAÑA,GASOLINA  AUTO. S/PB 95 I.O.,Gasolina95,456177
2023-11,ESPAÑA,GASOLINA  AUTO. S/PB 98 I.O.,Gasolina98,24838
2023-11,ESPAÑA,OTRAS GASOLINAS,OtrasGasolinas,294
2023-11,ESPAÑA,OTROS FUELÓLEOS,OtrosFueloleos,474327
2023-11,ESPAÑA,OTROS GASOLEOS,OtrosGasoleos,367230
2023-11,ESPAÑA,OTROS QUEROSENOS,OtrosQueroseno,5
2023-11,ESPAÑA,QUEROSENO AVIACIÓN,QuerosenoAviacion,518958
2023-11,Extremadura,BIODIESEL,Biodiesel,0
2023-11,Extremadura,BIOETANOL,Bioetanol,0
2023-11,Extremadura,FUELÓLEO  BIA,Fueloleo_BIA,409
2023-11,Extremadura,GLP,GLP,4804
2023-11,Extremadura,GASÓLEO A,GasoleoA,57145
2023-11,Extremadura,GASÓLEO B,GasoleoB,13520
2023-11,Extremadura,GASÓLEO C,GasoleoC,1816
2023-11,Extremadura,GASOLINA  AUTO. S/PB 95 I.O.,Gasolina95,8275
2023-11,Extremadura,GASOLINA  AUTO. S/PB 98 I.O.,Gasolina98,218
2023-11,Extremadura,OTRAS GASOLINAS,OtrasGasolinas,0
2023-11,Extremadura,OTROS FUELÓLEOS,OtrosFueloleos,0
2023-11,Extremadura,OTROS GASOLEOS,OtrosGasoleos,0
2023-11,Extremadura,OTROS QUEROSENOS,OtrosQueroseno,0
2023-11,Extremadura,QUEROSENO AVIACIÓN,QuerosenoAviacion,93
2023-11,Galicia,BIODIESEL,Biodiesel,13
2023-11,Galicia,BIOETANOL,Bioetanol,0
2023-11,Galicia,FUELÓLEO  BIA,Fueloleo_BIA,8351
2023-11,Galicia,GLP,GLP,10225
2023-11,Galicia,GASÓLEO A,GasoleoA,107425
2023-11,Galicia,GASÓLEO B,GasoleoB,20253
2023-11,Galicia,GASÓLEO C,GasoleoC,20910
2023-11,Galicia,GASOLINA  AUTO. S/PB 95 I.O.,Gasolina95,20885
2023-11,Galicia,GASOLINA  AUTO. S/PB 98 I.O.,Gasolina98,915
2023-11,Galicia,OTRAS GASOLINAS,OtrasGasolinas,3
2023-11,Galicia,OTROS FUELÓLEOS,OtrosFueloleos,1676
2023-11,Galicia,OTROS GASOLEOS,OtrosGasoleos,9856
2023-11,Galicia,OTROS QUEROSENOS,OtrosQueroseno,0
2023-11,Galicia,QUEROSENO AVIACIÓN,QuerosenoAviacion,3400
2023-11,"Madrid, Comunidad de",BIODIESEL,Biodiesel,74
2023-11,"Madrid, Comunidad de",BIOETANOL,Bioetanol,0
2023-11,"Madrid, Comunidad de",FUELÓLEO  BIA,Fueloleo_BIA,324
2023-11,"Madrid, Comunidad de",GLP,GLP,10784
2023-11,"Madrid, Comunidad de",GASÓLEO A,GasoleoA,154413
2023-11,"Madrid, Comunidad de",GASÓLEO B,GasoleoB,12222
2023-11,"Madrid, Comunidad de",GASÓLEO C,GasoleoC,18308
2023-11,"Madrid, Comunidad de",GASOLINA  AUTO. S/PB 95 I.O.,Gasolina95,63219
2023-11,"Madrid, Comunidad de",GASOLINA  AUTO. S/PB 98 I.O.,Gasolina98,2281
2023-11,"Madrid, Comunidad de",OTRAS GASOLINAS,OtrasGasolinas,42
2023-11,"Madrid, Comunidad de",OTROS FUELÓLEOS,OtrosFueloleos,38
2023-11,"Madrid, Comunidad de",OTROS GASOLEOS,OtrosGasoleos,0
2023-11,"Madrid, Comunidad de",OTROS QUEROSENOS,OtrosQueroseno,0
2023-11,"Madrid, Comunidad de",QUEROSENO AVIACIÓN,QuerosenoAviacion,200393
2023-11,Melilla,BIODIESEL,Biodiesel,0
2023-11,Melilla,BIOETANOL,Bioetanol,0
2023-11,Melilla,FUELÓLEO  BIA,Fueloleo_BIA,2788
2023-11,Melilla,GLP,GLP,181
2023-11,Melilla,GASÓLEO A,GasoleoA,975
2023-11,Melilla,GASÓLEO B,GasoleoB,0
2023-11,Melilla,GASÓLEO C,GasoleoC,0
2023-11,Melilla,GASOLINA  AUTO. S/PB 95 I.O.,Gasolina95,525
2023-11,Melilla,GASOLINA  AUTO. S/PB 98 I.O.,Gasolina98,0
2023-11,Melilla,OTRAS GASOLINAS,OtrasGasolinas,0
2023-11,Melilla,OTROS FUELÓLEOS,OtrosFueloleos,0
2023-11,Melilla,OTROS GASOLEOS,OtrosGasoleos,0
2023-11,Melilla,OTROS QUEROSENOS,OtrosQueroseno,0
2023-11,Melilla,QUEROSENO AVIACIÓN,QuerosenoAviacion,156
2023-11,"Murcia, Región de",BIODIESEL,Biodiesel,46
2023-11,"Murcia, Región de",BIOETANOL,Bioetanol,0
2023-11,"Murcia, Región de",FUELÓLEO  BIA,Fueloleo_BIA,276
2023-11,"Murcia, Región de",GLP,GLP,3603
2023-11,"Murcia, Región de",GASÓLEO A,GasoleoA,82138
2023-11,"Murcia, Región de",GASÓLEO B,GasoleoB,12395
2023-11,"Murcia, Región de",GASÓLEO C,GasoleoC,979
2023-11,"Murcia, Región de",GASOLINA  AUTO. S/PB 95 I.O.,Gasolina95,12450
2023-11,"Murcia, Región de",GASOLINA  AUTO. S/PB 98 I.O.,Gasolina98,538
2023-11,"Murcia, Región de",OTRAS GASOLINAS,OtrasGasolinas,0
2023-11,"Murcia, Región de",OTROS FUELÓLEOS,OtrosFueloleos,129
2023-11,"Murcia, Región de",OTROS GASOLEOS,OtrosGasoleos,1481
2023-11,"Murcia, Región de",OTROS QUEROSENOS,OtrosQueroseno,0
2023-11,"Murcia, Región de",QUEROSENO AVIACIÓN,QuerosenoAviacion,540
2023-11,"Navarra, Comunidad Foral de",BIODIESEL,Biodiesel,60
2023-11,"Navarra, Comunidad Foral de",BIOETANOL,Bioetanol,0
2023-11,"Navarra, Comunidad Foral de",FUELÓLEO  BIA,Fueloleo_BIA,209
2023-11,"Navarra, Comunidad Foral de",GLP,GLP,1284
2023-11,"Navarra, Comunidad Foral de",GASÓLEO A,GasoleoA,47889
2023-11,"Navarra, Comunidad Foral de",GASÓLEO B,GasoleoB,7585
2023-11,"Navarra, Comunidad Foral de",GASÓLEO C,GasoleoC,1105
2023-11,"Navarra, Comunidad Foral de",GASOLINA  AUTO. S/PB 95 I.O.,Gasolina95,6365
2023-11,"Navarra, Comunidad Foral de",GASOLINA  AUTO. S/PB 98 I.O.,Gasolina98,199
2023-11,"Navarra, Comunidad Foral de",OTRAS GASOLINAS,OtrasGasolinas,2
2023-11,"Navarra, Comunidad Foral de",OTROS FUELÓLEOS,OtrosFueloleos,0
2023-11,"Navarra, Comunidad Foral de",OTROS GASOLEOS,OtrosGasoleos,0
2023-11,"Navarra, Comunidad Foral de",OTROS QUEROSENOS,OtrosQueroseno,0
2023-11,"Navarra, Comunidad Foral de",QUEROSENO AVIACIÓN,QuerosenoAviacion,114
2023-11,País Vasco,BIODIESEL,Biodiesel,582
2023-11,País Vasco,BIOETANOL,Bioetanol,0
2023-11,País Vasco,FUELÓLEO  BIA,Fueloleo_BIA,680
2023-11,País Vasco,GLP,GLP,3686
2023-11,País Vasco,GASÓLEO A,GasoleoA,159256
2023-11,País Vasco,GASÓLEO B,GasoleoB,14893
2023-11,País Vasco,GASÓLEO C,GasoleoC,6369
2023-11,País Vasco,GASOLINA  AUTO. S/PB 95 I.O.,Gasolina95,17928
2023-11,País Vasco,GASOLINA  AUTO. S/PB 98 I.O.,Gasolina98,773
2023-11,País Vasco,OTRAS GASOLINAS,OtrasGasolinas,1
2023-11,País Vasco,OTROS FUELÓLEOS,OtrosFueloleos,100
2023-11,País Vasco,OTROS GASOLEOS,OtrosGasoleos,1647
2023-11,País Vasco,OTROS QUEROSENOS,OtrosQueroseno,2
2023-11,País Vasco,QUEROSENO AVIACIÓN,QuerosenoAviacion,6198
2023-11,"Rioja, La",BIODIESEL,Biodiesel,0
2023-11,"Rioja, La",BIOETANOL,Bioetanol,0
2023-11,"Rioja, La",FUELÓLEO  BIA,Fueloleo_BIA,98
2023-11,"Rioja, La",GLP,GLP,515
2023-11,"Rioja, La",GASÓLEO A,GasoleoA,12640
2023-11,"Rioja, La",GASÓLEO B,GasoleoB,3813
2023-11,"Rioja, La",GASÓLEO C,GasoleoC,1710
2023-11,"Rioja, La",GASOLINA  AUTO. S/PB 95 I.O.,Gasolina95,2480
2023-11,"Rioja, La",GASOLINA  AUTO. S/PB 98 I.O.,Gasolina98,72
2023-11,"Rioja, La",OTRAS GASOLINAS,OtrasGasolinas,0
2023-11,"Rioja, La",OTROS FUELÓLEOS,OtrosFueloleos,0
2023-11,"Rioja, La",OTROS GASOLEOS,OtrosGasoleos,0
2023-11,"Rioja, La",OTROS QUEROSENOS,OtrosQueroseno,0
2023-11,"Rioja, La",QUEROSENO AVIACIÓN,QuerosenoAviacion,15
2023-12,Andalucía,BIODIESEL,Biodiesel,85
2023-12,Andalucía,BIOETANOL,Bioetanol,0
2023-12,Andalucía,FUELÓLEO  BIA,Fueloleo_BIA,1309
2023-12,Andalucía,GLP,GLP,30100
2023-12,Andalucía,GASÓLEO A,GasoleoA,282854
2023-12,Andalucía,GASÓLEO B,GasoleoB,54808
2023-12,Andalucía,GASÓLEO C,GasoleoC,9436
2023-12,Andalucía,GASOLINA  AUTO. S/PB 95 I.O.,Gasolina95,72698
2023-12,Andalucía,GASOLINA  AUTO. S/PB 98 I.O.,Gasolina98,2882
2023-12,Andalucía,OTRAS GASOLINAS,OtrasGasolinas,53
2023-12,Andalucía,OTROS FUELÓLEOS,OtrosFueloleos,294379
2023-12,Andalucía,OTROS GASOLEOS,OtrosGasoleos,80067
2023-12,Andalucía,OTROS QUEROSENOS,OtrosQueroseno,0
2023-12,Andalucía,QUEROSENO AVIACIÓN,QuerosenoAviacion,42353
2023-12,Aragón,BIODIESEL,Biodiesel,54
2023-12,Aragón,BIOETANOL,Bioetanol,0
2023-12,Aragón,FUELÓLEO  BIA,Fueloleo_BIA,42
2023-12,Aragón,GLP,GLP,5954
2023-12,Aragón,GASÓLEO A,GasoleoA,63682
2023-12,Aragón,GASÓLEO B,GasoleoB,22765
2023-12,Aragón,GASÓLEO C,GasoleoC,13012
2023-12,Aragón,GASOLINA  AUTO. S/PB 95 I.O.,Gasolina95,14043
2023-12,Aragón,GASOLINA  AUTO. S/PB 98 I.O.,Gasolina98,583
2023-12,Aragón,OTRAS GASOLINAS,OtrasGasolinas,1
2023-12,Aragón,OTROS FUELÓLEOS,OtrosFueloleos,0
2023-12,Aragón,OTROS GASOLEOS,OtrosGasoleos,17
2023-12,Aragón,OTROS QUEROSENOS,OtrosQueroseno,0
2023-12,Aragón,QUEROSENO AVIACIÓN,QuerosenoAviacion,7919
2023-12,"Asturias, Principado de",BIODIESEL,Biodiesel,0
2023-12,"Asturias, Principado de",BIOETANOL,Bioetanol,0
2023-12,"Asturias, Principado de",FUELÓLEO  BIA,Fueloleo_BIA,482
2023-12,"Asturias, Principado de",GLP,GLP,3165
2023-12,"Asturias, Principado de",GASÓLEO A,GasoleoA,32820
2023-12,"Asturias, Principado de",GASÓLEO B,GasoleoB,6809
2023-12,"Asturias, Principado de",GASÓLEO C,GasoleoC,4987
2023-12,"Asturias, Principado de",GASOLINA  AUTO. S/PB 95 I.O.,Gasolina95,8549
2023-12,"Asturias, Principado de",GASOLINA  AUTO. S/PB 98 I.O.,Gasolina98,468
2023-12,"Asturias, Principado de",OTRAS GASOLINAS,OtrasGasolinas,1
2023-12,"Asturias, Principado de",OTROS FUELÓLEOS,OtrosFueloleos,377
2023-12,"Asturias, Principado de",OTROS GASOLEOS,OtrosGasoleos,2176
2023-12,"Asturias, Principado de",OTROS QUEROSENOS,OtrosQueroseno,0
2023-12,"Asturias, Principado de",QUEROSENO AVIACIÓN,QuerosenoAviacion,996
2023-12,"Balears, Illes",BIODIESEL,Biodiesel,0
2023-12,"Balears, Illes",BIOETANOL,Bioetanol,0
2023-12,"Balears, Illes",FUELÓLEO  BIA,Fueloleo_BIA,0
2023-12,"Balears, Illes",GLP,GLP,3867
2023-12,"Balears, Illes",GASÓLEO A,GasoleoA,22347
2023-12,"Balears, Illes",GASÓLEO B,GasoleoB,3477
2023-12,"Balears, Illes",GASÓLEO C,GasoleoC,3758
2023-12,"Balears, Illes",GASOLINA  AUTO. S/PB 95 I.O.,Gasolina95,15025
2023-12,"Balears, Illes",GASOLINA  AUTO. S/PB 98 I.O.,Gasolina98,767
2023-12,"Balears, Illes",OTRAS GASOLINAS,OtrasGasolinas,26
2023-12,"Balears, Illes",OTROS FUELÓLEOS,OtrosFueloleos,0
2023-12,"Balears, Illes",OTROS GASOLEOS,OtrosGasoleos,2014
2023-12,"Balears, Illes",OTROS QUEROSENOS,OtrosQueroseno,0
2023-12,"Balears, Illes",QUEROSENO AVIACIÓN,QuerosenoAviacion,14752
2023-12,Canarias,BIODIESEL,Biodiesel,0
2023-12,Canarias,BIOETANOL,Bioetanol,0
2023-12,Canarias,FUELÓLEO  BIA,Fueloleo_BIA,46643
2023-12,Canarias,GLP,GLP,7379
2023-12,Canarias,GASÓLEO A,GasoleoA,52808
2023-12,Canarias,GASÓLEO B,GasoleoB,0
2023-12,Canarias,GASÓLEO C,GasoleoC,0
2023-12,Canarias,GASOLINA  AUTO. S/PB 95 I.O.,Gasolina95,36215
2023-12,Canarias,GASOLINA  AUTO. S/PB 98 I.O.,Gasolina98,8219
2023-12,Canarias,OTRAS GASOLINAS,OtrasGasolinas,5
2023-12,Canarias,OTROS FUELÓLEOS,OtrosFueloleos,92900
2023-12,Canarias,OTROS GASOLEOS,OtrosGasoleos,190072
2023-12,Canarias,OTROS QUEROSENOS,OtrosQueroseno,0
2023-12,Canarias,QUEROSENO AVIACIÓN,QuerosenoAviacion,123515
2023-12,Cantabria,BIODIESEL,Biodiesel,19
2023-12,Cantabria,BIOETANOL,Bioetanol,0
2023-12,Cantabria,FUELÓLEO  BIA,Fueloleo_BIA,287
2023-12,Cantabria,GLP,GLP,2611
2023-12,Cantabria,GASÓLEO A,GasoleoA,22511
2023-12,Cantabria,GASÓLEO B,GasoleoB,5343
2023-12,Cantabria,GASÓLEO C,GasoleoC,350
2023-12,Cantabria,GASOLINA  AUTO. S/PB 95 I.O.,Gasolina95,6445
2023-12,Cantabria,GASOLINA  AUTO. S/PB 98 I.O.,Gasolina98,259
2023-12,Cantabria,OTRAS GASOLINAS,OtrasGasolinas,1
2023-12,Cantabria,OTROS FUELÓLEOS,OtrosFueloleos,0
2023-12,Cantabria,OTROS GASOLEOS,OtrosGasoleos,806
2023-12,Cantabria,OTROS QUEROSENOS,OtrosQueroseno,0
2023-12,Cantabria,QUEROSENO AVIACIÓN,QuerosenoAviacion,617
2023-12,Castilla - La Mancha,BIODIESEL,Biodiesel,85
2023-12,Castilla - La Mancha,BIOETANOL,Bioetanol,0
2023-12,Castilla - La Mancha,FUELÓLEO  BIA,Fueloleo_BIA,188
2023-12,Castilla - La Mancha,GLP,GLP,7676
2023-12,Castilla - La Mancha,GASÓLEO A,GasoleoA,101360
2023-12,Castilla - La Mancha,GASÓLEO B,GasoleoB,48907
2023-12,Castilla - La Mancha,GASÓLEO C,GasoleoC,23374
2023-12,Castilla - La Mancha,GASOLINA  AUTO. S/PB 95 I.O.,Gasolina95,21196
2023-12,Castilla - La Mancha,GASOLINA  AUTO. S/PB 98 I.O.,Gasolina98,752
2023-12,Castilla - La Mancha,OTRAS GASOLINAS,OtrasGasolinas,4
2023-12,Castilla - La Mancha,OTROS FUELÓLEOS,OtrosFueloleos,0
2023-12,Castilla - La Mancha,OTROS GASOLEOS,OtrosGasoleos,0
2023-12,Castilla - La Mancha,OTROS QUEROSENOS,OtrosQueroseno,0
2023-12,Castilla - La Mancha,QUEROSENO AVIACIÓN,QuerosenoAviacion,174
2023-12,Castilla y León,BIODIESEL,Biodiesel,45
2023-12,Castilla y León,BIOETANOL,Bioetanol,0
2023-12,Castilla y León,FUELÓLEO  BIA,Fueloleo_BIA,392
2023-12,Castilla y León,GLP,GLP,9663
2023-12,Castilla y León,GASÓLEO A,GasoleoA,134729
2023-12,Castilla y León,GASÓLEO B,GasoleoB,57135
2023-12,Castilla y León,GASÓLEO C,GasoleoC,26107
2023-12,Castilla y León,GASOLINA  AUTO. S/PB 95 I.O.,Gasolina95,27017
2023-12,Castilla y León,GASOLINA  AUTO. S/PB 98 I.O.,Gasolina98,1429
2023-12,Castilla y León,OTRAS GASOLINAS,OtrasGasolinas,35
2023-12,Castilla y León,OTROS FUELÓLEOS,OtrosFueloleos,0
2023-12,Castilla y León,OTROS GASOLEOS,OtrosGasoleos,0
2023-12,Castilla y León,OTROS QUEROSENOS,OtrosQueroseno,0
2023-12,Castilla y León,QUEROSENO AVIACIÓN,QuerosenoAviacion,375
2023-12,Cataluña,BIODIESEL,Biodiesel,100
2023-12,Cataluña,BIOETANOL,Bioetanol,0
2023-12,Cataluña,FUELÓLEO  BIA,Fueloleo_BIA,328
2023-12,Cataluña,GLP,GLP,21561
2023-12,Cataluña,GASÓLEO A,GasoleoA,289506
2023-12,Cataluña,GASÓLEO B,GasoleoB,41319
2023-12,Cataluña,GASÓLEO C,GasoleoC,13191
2023-12,Cataluña,GASOLINA  AUTO. S/PB 95 I.O.,Gasolina95,84979
2023-12,Cataluña,GASOLINA  AUTO. S/PB 98 I.O.,Gasolina98,4044
2023-12,Cataluña,OTRAS GASOLINAS,OtrasGasolinas,103
2023-12,Cataluña,OTROS FUELÓLEOS,OtrosFueloleos,50098
2023-12,Cataluña,OTROS GASOLEOS,OtrosGasoleos,33095
2023-12,Cataluña,OTROS QUEROSENOS,OtrosQueroseno,8
2023-12,Cataluña,QUEROSENO AVIACIÓN,QuerosenoAviacion,95310
2023-12,Ceuta,BIODIESEL,Biodiesel,0
2023-12,Ceuta,BIOETANOL,Bioetanol,0
2023-12,Ceuta,FUELÓLEO  BIA,Fueloleo_BIA,4598
2023-12,Ceuta,GLP,GLP,220
2023-12,Ceuta,GASÓLEO A,GasoleoA,1036
2023-12,Ceuta,GASÓLEO B,GasoleoB,0
2023-12,Ceuta,GASÓLEO C,GasoleoC,55
2023-12,Ceuta,GASOLINA  AUTO. S/PB 95 I.O.,Gasolina95,496
2023-12,Ceuta,GASOLINA  AUTO. S/PB 98 I.O.,Gasolina98,43
2023-12,Ceuta,OTRAS GASOLINAS,OtrasGasolinas,0
2023-12,Ceuta,OTROS FUELÓLEOS,OtrosFueloleos,10426
2023-12,Ceuta,OTROS GASOLEOS,OtrosGasoleos,20827
2023-12,Ceuta,OTROS QUEROSENOS,OtrosQueroseno,0
2023-12,Ceuta,QUEROSENO AVIACIÓN,QuerosenoAviacion,54
2023-12,Comunitat Valenciana,BIODIESEL,Biodiesel,0
2023-12,Comunitat Valenciana,BIOETANOL,Bioetanol,0
2023-12,Comunitat Valenciana,FUELÓLEO  BIA,Fueloleo_BIA,253
2023-12,Comunitat Valenciana,GLP,GLP,16115
2023-12,Comunitat Valenciana,GASÓLEO A,GasoleoA,161955
2023-12,Comunitat Valenciana,GASÓLEO B,GasoleoB,18053
2023-12,Comunitat Valenciana,GASÓLEO C,GasoleoC,5243
2023-12,Comunitat Valenciana,GASOLINA  AUTO. S/PB 95 I.O.,Gasolina95,53464
2023-12,Comunitat Valenciana,GASOLINA  AUTO. S/PB 98 I.O.,Gasolina98,2185
2023-12,Comunitat Valenciana,OTRAS GASOLINAS,OtrasGasolinas,22
2023-12,Comunitat Valenciana,OTROS FUELÓLEOS,OtrosFueloleos,18599
2023-12,Comunitat Valenciana,OTROS GASOLEOS,OtrosGasoleos,15725
2023-12,Comunitat Valenciana,OTROS QUEROSENOS,OtrosQueroseno,0
2023-12,Comunitat Valenciana,QUEROSENO AVIACIÓN,QuerosenoAviacion,32309
2023-12,ESPAÑA,BIODIESEL,Biodiesel,1570
2023-12,ESPAÑA,BIOETANOL,Bioetanol,0
2023-12,ESPAÑA,FUELÓLEO  BIA,Fueloleo_BIA,69774
2023-12,ESPAÑA,GLP,GLP,152838
2023-12,ESPAÑA,GASÓLEO A,GasoleoA,1766668
2023-12,ESPAÑA,GASÓLEO B,GasoleoB,346063
2023-12,ESPAÑA,GASÓLEO C,GasoleoC,169527
2023-12,ESPAÑA,GASOLINA  AUTO. S/PB 95 I.O.,Gasolina95,480760
2023-12,ESPAÑA,GASOLINA  AUTO. S/PB 98 I.O.,Gasolina98,27326
2023-12,ESPAÑA,OTRAS GASOLINAS,OtrasGasolinas,308
2023-12,ESPAÑA,OTROS FUELÓLEOS,OtrosFueloleos,469733
2023-12,ESPAÑA,OTROS GASOLEOS,OtrosGasoleos,362052
2023-12,ESPAÑA,OTROS QUEROSENOS,OtrosQueroseno,8
2023-12,ESPAÑA,QUEROSENO AVIACIÓN,QuerosenoAviacion,543688
2023-12,Extremadura,BIODIESEL,Biodiesel,0
2023-12,Extremadura,BIOETANOL,Bioetanol,0
2023-12,Extremadura,FUELÓLEO  BIA,Fueloleo_BIA,182
2023-12,Extremadura,GLP,GLP,5719
2023-12,Extremadura,GASÓLEO A,GasoleoA,57587
2023-12,Extremadura,GASÓLEO B,GasoleoB,11853
2023-12,Extremadura,GASÓLEO C,GasoleoC,2110
2023-12,Extremadura,GASOLINA  AUTO. S/PB 95 I.O.,Gasolina95,9485
2023-12,Extremadura,GASOLINA  AUTO. S/PB 98 I.O.,Gasolina98,283
2023-12,Extremadura,OTRAS GASOLINAS,OtrasGasolinas,1
2023-12,Extremadura,OTROS FUELÓLEOS,OtrosFueloleos,0
2023-12,Extremadura,OTROS GASOLEOS,OtrosGasoleos,0
2023-12,Extremadura,OTROS QUEROSENOS,OtrosQueroseno,0
2023-12,Extremadura,QUEROSENO AVIACIÓN,QuerosenoAviacion,12
2023-12,Galicia,BIODIESEL,Biodiesel,32
2023-12,Galicia,BIOETANOL,Bioetanol,0
2023-12,Galicia,FUELÓLEO  BIA,Fueloleo_BIA,8639
2023-12,Galicia,GLP,GLP,13194
2023-12,Galicia,GASÓLEO A,GasoleoA,105046
2023-12,Galicia,GASÓLEO B,GasoleoB,23705
2023-12,Galicia,GASÓLEO C,GasoleoC,28760
2023-12,Galicia,GASOLINA  AUTO. S/PB 95 I.O.,Gasolina95,22659
2023-12,Galicia,GASOLINA  AUTO. S/PB 98 I.O.,Gasolina98,1144
2023-12,Galicia,OTRAS GASOLINAS,OtrasGasolinas,3
2023-12,Galicia,OTROS FUELÓLEOS,OtrosFueloleos,2832
2023-12,Galicia,OTROS GASOLEOS,OtrosGasoleos,14390
2023-12,Galicia,OTROS QUEROSENOS,OtrosQueroseno,0
2023-12,Galicia,QUEROSENO AVIACIÓN,QuerosenoAviacion,3758
2023-12,"Madrid, Comunidad de",BIODIESEL,Biodiesel,78
2023-12,"Madrid, Comunidad de",BIOETANOL,Bioetanol,0
2023-12,"Madrid, Comunidad de",FUELÓLEO  BIA,Fueloleo_BIA,499
2023-12,"Madrid, Comunidad de",GLP,GLP,12715
2023-12,"Madrid, Comunidad de",GASÓLEO A,GasoleoA,155230
2023-12,"Madrid, Comunidad de",GASÓLEO B,GasoleoB,13784
2023-12,"Madrid, Comunidad de",GASÓLEO C,GasoleoC,25584
2023-12,"Madrid, Comunidad de",GASOLINA  AUTO. S/PB 95 I.O.,Gasolina95,66320
2023-12,"Madrid, Comunidad de",GASOLINA  AUTO. S/PB 98 I.O.,Gasolina98,2543
2023-12,"Madrid, Comunidad de",OTRAS GASOLINAS,OtrasGasolinas,48
2023-12,"Madrid, Comunidad de",OTROS FUELÓLEOS,OtrosFueloleos,21
2023-12,"Madrid, Comunidad de",OTROS GASOLEOS,OtrosGasoleos,17
2023-12,"Madrid, Comunidad de",OTROS QUEROSENOS,OtrosQueroseno,0
2023-12,"Madrid, Comunidad de",QUEROSENO AVIACIÓN,QuerosenoAviacion,214290
2023-12,Melilla,BIODIESEL,Biodiesel,0
2023-12,Melilla,BIOETANOL,Bioetanol,0
2023-12,Melilla,FUELÓLEO  BIA,Fueloleo_BIA,5034
2023-12,Melilla,GLP,GLP,200
2023-12,Melilla,GASÓLEO A,GasoleoA,1289
2023-12,Melilla,GASÓLEO B,GasoleoB,0
2023-12,Melilla,GASÓLEO C,GasoleoC,0
2023-12,Melilla,GASOLINA  AUTO. S/PB 95 I.O.,Gasolina95,556
2023-12,Melilla,GASOLINA  AUTO. S/PB 98 I.O.,Gasolina98,0
2023-12,Melilla,OTRAS GASOLINAS,OtrasGasolinas,0
2023-12,Melilla,OTROS FUELÓLEOS,OtrosFueloleos,0
2023-12,Melilla,OTROS GASOLEOS,OtrosGasoleos,0
2023-12,Melilla,OTROS QUEROSENOS,OtrosQueroseno,0
2023-12,Melilla,QUEROSENO AVIACIÓN,QuerosenoAviacion,129
2023-12,"Murcia, Región de",BIODIESEL,Biodiesel,28
2023-12,"Murcia, Región de",BIOETANOL,Bioetanol,0
2023-12,"Murcia, Región de",FUELÓLEO  BIA,Fueloleo_BIA,331
2023-12,"Murcia, Región de",GLP,GLP,5080
2023-12,"Murcia, Región de",GASÓLEO A,GasoleoA,81843
2023-12,"Murcia, Región de",GASÓLEO B,GasoleoB,11990
2023-12,"Murcia, Región de",GASÓLEO C,GasoleoC,1108
2023-12,"Murcia, Región de",GASOLINA  AUTO. S/PB 95 I.O.,Gasolina95,13332
2023-12,"Murcia, Región de",GASOLINA  AUTO. S/PB 98 I.O.,Gasolina98,598
2023-12,"Murcia, Región de",OTRAS GASOLINAS,OtrasGasolinas,0
2023-12,"Murcia, Región de",OTROS FUELÓLEOS,OtrosFueloleos,101
2023-12,"Murcia, Región de",OTROS GASOLEOS,OtrosGasoleos,1473
2023-12,"Murcia, Región de",OTROS QUEROSENOS,OtrosQueroseno,0
2023-12,"Murcia, Región de",QUEROSENO AVIACIÓN,QuerosenoAviacion,542
2023-12,"Navarra, Comunidad Foral de",BIODIESEL,Biodiesel,151
2023-12,"Navarra, Comunidad Foral de",BIOETANOL,Bioetanol,0
2023-12,"Navarra, Comunidad Foral de",FUELÓLEO  BIA,Fueloleo_BIA,112
2023-12,"Navarra, Comunidad Foral de",GLP,GLP,1568
2023-12,"Navarra, Comunidad Foral de",GASÓLEO A,GasoleoA,44404
2023-12,"Navarra, Comunidad Foral de",GASÓLEO B,GasoleoB,8268
2023-12,"Navarra, Comunidad Foral de",GASÓLEO C,GasoleoC,1703
2023-12,"Navarra, Comunidad Foral de",GASOLINA  AUTO. S/PB 95 I.O.,Gasolina95,6768
2023-12,"Navarra, Comunidad Foral de",GASOLINA  AUTO. S/PB 98 I.O.,Gasolina98,196
2023-12,"Navarra, Comunidad Foral de",OTRAS GASOLINAS,OtrasGasolinas,2
2023-12,"Navarra, Comunidad Foral de",OTROS FUELÓLEOS,OtrosFueloleos,0
2023-12,"Navarra, Comunidad Foral de",OTROS GASOLEOS,OtrosGasoleos,0
2023-12,"Navarra, Comunidad Foral de",OTROS QUEROSENOS,OtrosQueroseno,0
2023-12,"Navarra, Comunidad Foral de",QUEROSENO AVIACIÓN,QuerosenoAviacion,122
2023-12,País Vasco,BIODIESEL,Biodiesel,893
2023-12,País Vasco,BIOETANOL,Bioetanol,0
2023-12,País Vasco,FUELÓLEO  BIA,Fueloleo_BIA,352
2023-12,País Vasco,GLP,GLP,5399
2023-12,País Vasco,GASÓLEO A,GasoleoA,143469
2023-12,País Vasco,GASÓLEO B,GasoleoB,13977
2023-12,País Vasco,GASÓLEO C,GasoleoC,8171
2023-12,País Vasco,GASOLINA  AUTO. S/PB 95 I.O.,Gasolina95,18795
2023-12,País Vasco,GASOLINA  AUTO. S/PB 98 I.O.,Gasolina98,826
2023-12,País Vasco,OTRAS GASOLINAS,OtrasGasolinas,3
2023-12,País Vasco,OTROS FUELÓLEOS,OtrosFueloleos,0
2023-12,País Vasco,OTROS GASOLEOS,OtrosGasoleos,1373
2023-12,País Vasco,OTROS QUEROSENOS,OtrosQueroseno,0
2023-12,País Vasco,QUEROSENO AVIACIÓN,QuerosenoAviacion,6452
2023-12,"Rioja, La",BIODIESEL,Biodiesel,0
2023-12,"Rioja, La",BIOETANOL,Bioetanol,0
2023-12,"Rioja, La",FUELÓLEO  BIA,Fueloleo_BIA,103
2023-12,"Rioja, La",GLP,GLP,652
2023-12,"Rioja, La",GASÓLEO A,GasoleoA,12192
2023-12,"Rioja, La",GASÓLEO B,GasoleoB,3870
2023-12,"Rioja, La",GASÓLEO C,GasoleoC,2578
2023-12,"Rioja, La",GASOLINA  AUTO. S/PB 95 I.O.,Gasolina95,2718
2023-12,"Rioja, La",GASOLINA  AUTO. S/PB 98 I.O.,Gasolina98,105
2023-12,"Rioja, La",OTRAS GASOLINAS,OtrasGasolinas,0
2023-12,"Rioja, La",OTROS FUELÓLEOS,OtrosFueloleos,0
2023-12,"Rioja, La",OTROS GASOLEOS,OtrosGasoleos,0
2023-12,"Rioja, La",OTROS QUEROSENOS,OtrosQueroseno,0
2023-12,"Rioja, La",QUEROSENO AVIACIÓN,QuerosenoAviacion,9
2024-01,Andalucía,BIODIESEL,Biodiesel,92
2024-01,Andalucía,BIOETANOL,Bioetanol,0
2024-01,Andalucía,FUELÓLEO  BIA,Fueloleo_BIA,1426
2024-01,Andalucía,GLP,GLP,31078
2024-01,Andalucía,GASÓLEO A,GasoleoA,275829
2024-01,Andalucía,GASÓLEO B,GasoleoB,54067
2024-01,Andalucía,GASÓLEO C,GasoleoC,9932
2024-01,Andalucía,GASOLINA  AUTO. S/PB 95 I.O.,Gasolina95,68378
2024-01,Andalucía,GASOLINA  AUTO. S/PB 98 I.O.,Gasolina98,2588
2024-01,Andalucía,OTRAS GASOLINAS,OtrasGasolinas,60
2024-01,Andalucía,OTROS FUELÓLEOS,OtrosFueloleos,286193
2024-01,Andalucía,OTROS GASOLEOS,OtrosGasoleos,94307
2024-01,Andalucía,OTROS QUEROSENOS,OtrosQueroseno,0
2024-01,Andalucía,QUEROSENO AVIACIÓN,QuerosenoAviacion,44804
2024-01,Aragón,BIODIESEL,Biodiesel,78
2024-01,Aragón,BIOETANOL,Bioetanol,0
2024-01,Aragón,FUELÓLEO  BIA,Fueloleo_BIA,102
2024-01,Aragón,GLP,GLP,7189
2024-01,Aragón,GASÓLEO A,GasoleoA,61256
2024-01,Aragón,GASÓLEO B,GasoleoB,21886
2024-01,Aragón,GASÓLEO C,GasoleoC,15287
2024-01,Aragón,GASOLINA  AUTO. S/PB 95 I.O.,Gasolina95,12244
2024-01,Aragón,GASOLINA  AUTO. S/PB 98 I.O.,Gasolina98,433
2024-01,Aragón,OTRAS GASOLINAS,OtrasGasolinas,5
2024-01,Aragón,OTROS FUELÓLEOS,OtrosFueloleos,0
2024-01,Aragón,OTROS GASOLEOS,OtrosGasoleos,17
2024-01,Aragón,OTROS QUEROSENOS,OtrosQueroseno,0
2024-01,Aragón,QUEROSENO AVIACIÓN,QuerosenoAviacion,6550
2024-01,"Asturias, Principado de",BIODIESEL,Biodiesel,0
2024-01,"Asturias, Principado de",BIOETANOL,Bioetanol,0
2024-01,"Asturias, Principado de",FUELÓLEO  BIA,Fueloleo_BIA,607
2024-01,"Asturias, Principado de",GLP,GLP,3597
2024-01,"Asturias, Principado de",GASÓLEO A,GasoleoA,30981
2024-01,"Asturias, Principado de",GASÓLEO B,GasoleoB,7035
2024-01,"Asturias, Principado de",GASÓLEO C,GasoleoC,5137
2024-01,"Asturias, Principado de",GASOLINA  AUTO. S/PB 95 I.O.,Gasolina95,7918
2024-01,"Asturias, Principado de",GASOLINA  AUTO. S/PB 98 I.O.,Gasolina98,420
2024-01,"Asturias, Principado de",OTRAS GASOLINAS,OtrasGasolinas,1
2024-01,"Asturias, Principado de",OTROS FUELÓLEOS,OtrosFueloleos,321
2024-01,"Asturias, Principado de",OTROS GASOLEOS,OtrosGasoleos,3314
2024-01,"Asturias, Principado de",OTROS QUEROSENOS,OtrosQueroseno,0
2024-01,"Asturias, Principado de",QUEROSENO AVIACIÓN,QuerosenoAviacion,997
2024-01,"Balears, Illes",BIODIESEL,Biodiesel,0
2024-01,"Balears, Illes",BIOETANOL,Bioetanol,0
2024-01,"Balears, Illes",FUELÓLEO  BIA,Fueloleo_BIA,0
2024-01,"Balears, Illes",GLP,GLP,4589
2024-01,"Balears, Illes",GASÓLEO A,GasoleoA,22011
2024-01,"Balears, Illes",GASÓLEO B,GasoleoB,3505
2024-01,"Balears, Illes",GASÓLEO C,GasoleoC,11230
2024-01,"Balears, Illes",GASOLINA  AUTO. S/PB 95 I.O.,Gasolina95,14579
2024-01,"Balears, Illes",GASOLINA  AUTO. S/PB 98 I.O.,Gasolina98,589
2024-01,"Balears, Illes",OTRAS GASOLINAS,OtrasGasolinas,15
2024-01,"Balears, Illes",OTROS FUELÓLEOS,OtrosFueloleos,0
2024-01,"Balears, Illes",OTROS GASOLEOS,OtrosGasoleos,2010
2024-01,"Balears, Illes",OTROS QUEROSENOS,OtrosQueroseno,0
2024-01,"Balears, Illes",QUEROSENO AVIACIÓN,QuerosenoAviacion,13869
2024-01,Canarias,BIODIESEL,Biodiesel,0
2024-01,Canarias,BIOETANOL,Bioetanol,0
2024-01,Canarias,FUELÓLEO  BIA,Fueloleo_BIA,84032
2024-01,Canarias,GLP,GLP,7560
2024-01,Canarias,GASÓLEO A,GasoleoA,56418
2024-01,Canarias,GASÓLEO B,GasoleoB,0
2024-01,Canarias,GASÓLEO C,GasoleoC,0
2024-01,Canarias,GASOLINA  AUTO. S/PB 95 I.O.,Gasolina95,37712
2024-01,Canarias,GASOLINA  AUTO. S/PB 98 I.O.,Gasolina98,8496
2024-01,Canarias,OTRAS GASOLINAS,OtrasGasolinas,5
2024-01,Canarias,OTROS FUELÓLEOS,OtrosFueloleos,110340
2024-01,Canarias,OTROS GASOLEOS,OtrosGasoleos,198737
2024-01,Canarias,OTROS QUEROSENOS,OtrosQueroseno,0
2024-01,Canarias,QUEROSENO AVIACIÓN,QuerosenoAviacion,108754
2024-01,Cantabria,BIODIESEL,Biodiesel,0
2024-01,Cantabria,BIOETANOL,Bioetanol,0
2024-01,Cantabria,FUELÓLEO  BIA,Fueloleo_BIA,610
2024-01,Cantabria,GLP,GLP,2729
2024-01,Cantabria,GASÓLEO A,GasoleoA,22571
2024-01,Cantabria,GASÓLEO B,GasoleoB,5556
2024-01,Cantabria,GASÓLEO C,GasoleoC,385
2024-01,Cantabria,GASOLINA  AUTO. S/PB 95 I.O.,Gasolina95,5694
2024-01,Cantabria,GASOLINA  AUTO. S/PB 98 I.O.,Gasolina98,230
2024-01,Cantabria,OTRAS GASOLINAS,OtrasGasolinas,0
2024-01,Cantabria,OTROS FUELÓLEOS,OtrosFueloleos,25
2024-01,Cantabria,OTROS GASOLEOS,OtrosGasoleos,930
2024-01,Cantabria,OTROS QUEROSENOS,OtrosQueroseno,0
2024-01,Cantabria,QUEROSENO AVIACIÓN,QuerosenoAviacion,573
2024-01,Castilla - La Mancha,BIODIESEL,Biodiesel,2
2024-01,Castilla - La Mancha,BIOETANOL,Bioetanol,0
2024-01,Castilla - La Mancha,FUELÓLEO  BIA,Fueloleo_BIA,124
2024-01,Castilla - La Mancha,GLP,GLP,8304
2024-01,Castilla - La Mancha,GASÓLEO A,GasoleoA,90379
2024-01,Castilla - La Mancha,GASÓLEO B,GasoleoB,44797
2024-01,Castilla - La Mancha,GASÓLEO C,GasoleoC,24035
2024-01,Castilla - La Mancha,GASOLINA  AUTO. S/PB 95 I.O.,Gasolina95,18468
2024-01,Castilla - La Mancha,GASOLINA  AUTO. S/PB 98 I.O.,Gasolina98,614
2024-01,Castilla - La Mancha,OTRAS GASOLINAS,OtrasGasolinas,0
2024-01,Castilla - La Mancha,OTROS FUELÓLEOS,OtrosFueloleos,0
2024-01,Castilla - La Mancha,OTROS GASOLEOS,OtrosGasoleos,0
2024-01,Castilla - La Mancha,OTROS QUEROSENOS,OtrosQueroseno,0
2024-01,Castilla - La Mancha,QUEROSENO AVIACIÓN,QuerosenoAviacion,73
2024-01,Castilla y León,BIODIESEL,Biodiesel,19
2024-01,Castilla y León,BIOETANOL,Bioetanol,0
2024-01,Castilla y León,FUELÓLEO  BIA,Fueloleo_BIA,235
2024-01,Castilla y León,GLP,GLP,10161
2024-01,Castilla y León,GASÓLEO A,GasoleoA,133128
2024-01,Castilla y León,GASÓLEO B,GasoleoB,44918
2024-01,Castilla y León,GASÓLEO C,GasoleoC,27168
2024-01,Castilla y León,GASOLINA  AUTO. S/PB 95 I.O.,Gasolina95,22700
2024-01,Castilla y León,GASOLINA  AUTO. S/PB 98 I.O.,Gasolina98,931
2024-01,Castilla y León,OTRAS GASOLINAS,OtrasGasolinas,23
2024-01,Castilla y León,OTROS FUELÓLEOS,OtrosFueloleos,0
2024-01,Castilla y León,OTROS GASOLEOS,OtrosGasoleos,0
2024-01,Castilla y León,OTROS QUEROSENOS,OtrosQueroseno,0
2024-01,Castilla y León,QUEROSENO AVIACIÓN,QuerosenoAviacion,169
2024-01,Cataluña,BIODIESEL,Biodiesel,96
2024-01,Cataluña,BIOETANOL,Bioetanol,0
2024-01,Cataluña,FUELÓLEO  BIA,Fueloleo_BIA,462
2024-01,Cataluña,GLP,GLP,23400
2024-01,Cataluña,GASÓLEO A,GasoleoA,295021
2024-01,Cataluña,GASÓLEO B,GasoleoB,42840
2024-01,Cataluña,GASÓLEO C,GasoleoC,15672
2024-01,Cataluña,GASOLINA  AUTO. S/PB 95 I.O.,Gasolina95,79954
2024-01,Cataluña,GASOLINA  AUTO. S/PB 98 I.O.,Gasolina98,3473
2024-01,Cataluña,OTRAS GASOLINAS,OtrasGasolinas,61
2024-01,Cataluña,OTROS FUELÓLEOS,OtrosFueloleos,65451
2024-01,Cataluña,OTROS GASOLEOS,OtrosGasoleos,37764
2024-01,Cataluña,OTROS QUEROSENOS,OtrosQueroseno,0
2024-01,Cataluña,QUEROSENO AVIACIÓN,QuerosenoAviacion,82767
2024-01,Ceuta,BIODIESEL,Biodiesel,0
2024-01,Ceuta,BIOETANOL,Bioetanol,0
2024-01,Ceuta,FUELÓLEO  BIA,Fueloleo_BIA,1899
2024-01,Ceuta,GLP,GLP,241
2024-01,Ceuta,GASÓLEO A,GasoleoA,1025
2024-01,Ceuta,GASÓLEO B,GasoleoB,0
2024-01,Ceuta,GASÓLEO C,GasoleoC,82
2024-01,Ceuta,GASOLINA  AUTO. S/PB 95 I.O.,Gasolina95,496
2024-01,Ceuta,GASOLINA  AUTO. S/PB 98 I.O.,Gasolina98,63
2024-01,Ceuta,OTRAS GASOLINAS,OtrasGasolinas,0
2024-01,Ceuta,OTROS FUELÓLEOS,OtrosFueloleos,7138
2024-01,Ceuta,OTROS GASOLEOS,OtrosGasoleos,15404
2024-01,Ceuta,OTROS QUEROSENOS,OtrosQueroseno,0
2024-01,Ceuta,QUEROSENO AVIACIÓN,QuerosenoAviacion,54
2024-01,Comunitat Valenciana,BIODIESEL,Biodiesel,15
2024-01,Comunitat Valenciana,BIOETANOL,Bioetanol,0
2024-01,Comunitat Valenciana,FUELÓLEO  BIA,Fueloleo_BIA,220
2024-01,Comunitat Valenciana,GLP,GLP,18155
2024-01,Comunitat Valenciana,GASÓLEO A,GasoleoA,158185
2024-01,Comunitat Valenciana,GASÓLEO B,GasoleoB,18988
2024-01,Comunitat Valenciana,GASÓLEO C,GasoleoC,5979
2024-01,Comunitat Valenciana,GASOLINA  AUTO. S/PB 95 I.O.,Gasolina95,50139
2024-01,Comunitat Valenciana,GASOLINA  AUTO. S/PB 98 I.O.,Gasolina98,1924
2024-01,Comunitat Valenciana,OTRAS GASOLINAS,OtrasGasolinas,13
2024-01,Comunitat Valenciana,OTROS FUELÓLEOS,OtrosFueloleos,25219
2024-01,Comunitat Valenciana,OTROS GASOLEOS,OtrosGasoleos,19051
2024-01,Comunitat Valenciana,OTROS QUEROSENOS,OtrosQueroseno,0
2024-01,Comunitat Valenciana,QUEROSENO AVIACIÓN,QuerosenoAviacion,29468
2024-01,ESPAÑA,BIODIESEL,Biodiesel,546
2024-01,ESPAÑA,BIOETANOL,Bioetanol,0
2024-01,ESPAÑA,FUELÓLEO  BIA,Fueloleo_BIA,102210
2024-01,ESPAÑA,GLP,GLP,165199
2024-01,ESPAÑA,GASÓLEO A,GasoleoA,1751732
2024-01,ESPAÑA,GASÓLEO B,GasoleoB,325794
2024-01,ESPAÑA,GASÓLEO C,GasoleoC,187822
2024-01,ESPAÑA,GASOLINA  AUTO. S/PB 95 I.O.,Gasolina95,447412
2024-01,ESPAÑA,GASOLINA  AUTO. S/PB 98 I.O.,Gasolina98,24584
2024-01,ESPAÑA,OTRAS GASOLINAS,OtrasGasolinas,234
2024-01,ESPAÑA,OTROS FUELÓLEOS,OtrosFueloleos,496056
2024-01,ESPAÑA,OTROS GASOLEOS,OtrosGasoleos,385250
2024-01,ESPAÑA,OTROS QUEROSENOS,OtrosQueroseno,2
2024-01,ESPAÑA,QUEROSENO AVIACIÓN,QuerosenoAviacion,501420
2024-01,Extremadura,BIODIESEL,Biodiesel,0
2024-01,Extremadura,BIOETANOL,Bioetanol,0
2024-01,Extremadura,FUELÓLEO  BIA,Fueloleo_BIA,381
2024-01,Extremadura,GLP,GLP,6513
2024-01,Extremadura,GASÓLEO A,GasoleoA,55955
2024-01,Extremadura,GASÓLEO B,GasoleoB,10824
2024-01,Extremadura,GASÓLEO C,GasoleoC,2434
2024-01,Extremadura,GASOLINA  AUTO. S/PB 95 I.O.,Gasolina95,8263
2024-01,Extremadura,GASOLINA  AUTO. S/PB 98 I.O.,Gasolina98,202
2024-01,Extremadura,OTRAS GASOLINAS,OtrasGasolinas,0
2024-01,Extremadura,OTROS FUELÓLEOS,OtrosFueloleos,0
2024-01,Extremadura,OTROS GASOLEOS,OtrosGasoleos,0
2024-01,Extremadura,OTROS QUEROSENOS,OtrosQueroseno,0
2024-01,Extremadura,QUEROSENO AVIACIÓN,QuerosenoAviacion,74
2024-01,Galicia,BIODIESEL,Biodiesel,13
2024-01,Galicia,BIOETANOL,Bioetanol,0
2024-01,Galicia,FUELÓLEO  BIA,Fueloleo_BIA,8845
2024-01,Galicia,GLP,GLP,14029
2024-01,Galicia,GASÓLEO A,GasoleoA,100305
2024-01,Galicia,GASÓLEO B,GasoleoB,21031
2024-01,Galicia,GASÓLEO C,GasoleoC,28532
2024-01,Galicia,GASOLINA  AUTO. S/PB 95 I.O.,Gasolina95,20213
2024-01,Galicia,GASOLINA  AUTO. S/PB 98 I.O.,Gasolina98,983
2024-01,Galicia,OTRAS GASOLINAS,OtrasGasolinas,6
2024-01,Galicia,OTROS FUELÓLEOS,OtrosFueloleos,1293
2024-01,Galicia,OTROS GASOLEOS,OtrosGasoleos,12181
2024-01,Galicia,OTROS QUEROSENOS,OtrosQueroseno,0
2024-01,Galicia,QUEROSENO AVIACIÓN,QuerosenoAviacion,3742
2024-01,"Madrid, Comunidad de",BIODIESEL,Biodiesel,78
2024-01,"Madrid, Comunidad de",BIOETANOL,Bioetanol,0
2024-01,"Madrid, Comunidad de",FUELÓLEO  BIA,Fueloleo_BIA,184
2024-01,"Madrid, Comunidad de",GLP,GLP,14197
2024-01,"Madrid, Comunidad de",GASÓLEO A,GasoleoA,145384
2024-01,"Madrid, Comunidad de",GASÓLEO B,GasoleoB,14667
2024-01,"Madrid, Comunidad de",GASÓLEO C,GasoleoC,26992
2024-01,"Madrid, Comunidad de",GASOLINA  AUTO. S/PB 95 I.O.,Gasolina95,61487
2024-01,"Madrid, Comunidad de",GASOLINA  AUTO. S/PB 98 I.O.,Gasolina98,2003
2024-01,"Madrid, Comunidad de",OTRAS GASOLINAS,OtrasGasolinas,41
2024-01,"Madrid, Comunidad de",OTROS FUELÓLEOS,OtrosFueloleos,0
2024-01,"Madrid, Comunidad de",OTROS GASOLEOS,OtrosGasoleos,0
2024-01,"Madrid, Comunidad de",OTROS QUEROSENOS,OtrosQueroseno,0
2024-01,"Madrid, Comunidad de",QUEROSENO AVIACIÓN,QuerosenoAviacion,203449
2024-01,Melilla,BIODIESEL,Biodiesel,0
2024-01,Melilla,BIOETANOL,Bioetanol,0
2024-01,Melilla,FUELÓLEO  BIA,Fueloleo_BIA,1896
2024-01,Melilla,GLP,GLP,224
2024-01,Melilla,GASÓLEO A,GasoleoA,1054
2024-01,Melilla,GASÓLEO B,GasoleoB,0
2024-01,Melilla,GASÓLEO C,GasoleoC,0
2024-01,Melilla,GASOLINA  AUTO. S/PB 95 I.O.,Gasolina95,547
2024-01,Melilla,GASOLINA  AUTO. S/PB 98 I.O.,Gasolina98,0
2024-01,Melilla,OTRAS GASOLINAS,OtrasGasolinas,0
2024-01,Melilla,OTROS FUELÓLEOS,OtrosFueloleos,0
2024-01,Melilla,OTROS GASOLEOS,OtrosGasoleos,-592
2024-01,Melilla,OTROS QUEROSENOS,OtrosQueroseno,0
2024-01,Melilla,QUEROSENO AVIACIÓN,QuerosenoAviacion,144
2024-01,"Murcia, Región de",BIODIESEL,Biodiesel,9
2024-01,"Murcia, Región de",BIOETANOL,Bioetanol,0
2024-01,"Murcia, Región de",FUELÓLEO  BIA,Fueloleo_BIA,313
2024-01,"Murcia, Región de",GLP,GLP,5377
2024-01,"Murcia, Región de",GASÓLEO A,GasoleoA,80163
2024-01,"Murcia, Región de",GASÓLEO B,GasoleoB,12574
2024-01,"Murcia, Región de",GASÓLEO C,GasoleoC,1353
2024-01,"Murcia, Región de",GASOLINA  AUTO. S/PB 95 I.O.,Gasolina95,12240
2024-01,"Murcia, Región de",GASOLINA  AUTO. S/PB 98 I.O.,Gasolina98,527
2024-01,"Murcia, Región de",OTRAS GASOLINAS,OtrasGasolinas,0
2024-01,"Murcia, Región de",OTROS FUELÓLEOS,OtrosFueloleos,51
2024-01,"Murcia, Región de",OTROS GASOLEOS,OtrosGasoleos,959
2024-01,"Murcia, Región de",OTROS QUEROSENOS,OtrosQueroseno,0
2024-01,"Murcia, Región de",QUEROSENO AVIACIÓN,QuerosenoAviacion,746
2024-01,"Navarra, Comunidad Foral de",BIODIESEL,Biodiesel,79
2024-01,"Navarra, Comunidad Foral de",BIOETANOL,Bioetanol,0
2024-01,"Navarra, Comunidad Foral de",FUELÓLEO  BIA,Fueloleo_BIA,297
2024-01,"Navarra, Comunidad Foral de",GLP,GLP,1714
2024-01,"Navarra, Comunidad Foral de",GASÓLEO A,GasoleoA,73224
2024-01,"Navarra, Comunidad Foral de",GASÓLEO B,GasoleoB,9375
2024-01,"Navarra, Comunidad Foral de",GASÓLEO C,GasoleoC,2191
2024-01,"Navarra, Comunidad Foral de",GASOLINA  AUTO. S/PB 95 I.O.,Gasolina95,6117
2024-01,"Navarra, Comunidad Foral de",GASOLINA  AUTO. S/PB 98 I.O.,Gasolina98,182
2024-01,"Navarra, Comunidad Foral de",OTRAS GASOLINAS,OtrasGasolinas,2
2024-01,"Navarra, Comunidad Foral de",OTROS FUELÓLEOS,OtrosFueloleos,0
2024-01,"Navarra, Comunidad Foral de",OTROS GASOLEOS,OtrosGasoleos,0
2024-01,"Navarra, Comunidad Foral de",OTROS QUEROSENOS,OtrosQueroseno,0
2024-01,"Navarra, Comunidad Foral de",QUEROSENO AVIACIÓN,QuerosenoAviacion,101
2024-01,País Vasco,BIODIESEL,Biodiesel,65
2024-01,País Vasco,BIOETANOL,Bioetanol,0
2024-01,País Vasco,FUELÓLEO  BIA,Fueloleo_BIA,459
2024-01,País Vasco,GLP,GLP,5380
2024-01,País Vasco,GASÓLEO A,GasoleoA,135789
2024-01,País Vasco,GASÓLEO B,GasoleoB,10287
2024-01,País Vasco,GASÓLEO C,GasoleoC,8590
2024-01,País Vasco,GASOLINA  AUTO. S/PB 95 I.O.,Gasolina95,17868
2024-01,País Vasco,GASOLINA  AUTO. S/PB 98 I.O.,Gasolina98,850
2024-01,País Vasco,OTRAS GASOLINAS,OtrasGasolinas,2
2024-01,País Vasco,OTROS FUELÓLEOS,OtrosFueloleos,25
2024-01,País Vasco,OTROS GASOLEOS,OtrosGasoleos,1168
2024-01,País Vasco,OTROS QUEROSENOS,OtrosQueroseno,2
2024-01,País Vasco,QUEROSENO AVIACIÓN,QuerosenoAviacion,5086
2024-01,"Rioja, La",BIODIESEL,Biodiesel,0
2024-01,"Rioja, La",BIOETANOL,Bioetanol,0
2024-01,"Rioja, La",FUELÓLEO  BIA,Fueloleo_BIA,118
2024-01,"Rioja, La",GLP,GLP,762
2024-01,"Rioja, La",GASÓLEO A,GasoleoA,13054
2024-01,"Rioja, La",GASÓLEO B,GasoleoB,3444
2024-01,"Rioja, La",GASÓLEO C,GasoleoC,2823
2024-01,"Rioja, La",GASOLINA  AUTO. S/PB 95 I.O.,Gasolina95,2395
2024-01,"Rioja, La",GASOLINA  AUTO. S/PB 98 I.O.,Gasolina98,76
2024-01,"Rioja, La",OTRAS GASOLINAS,OtrasGasolinas,0
2024-01,"Rioja, La",OTROS FUELÓLEOS,OtrosFueloleos,0
2024-01,"Rioja, La",OTROS GASOLEOS,OtrosGasoleos,0
2024-01,"Rioja, La",OTROS QUEROSENOS,OtrosQueroseno,0
2024-01,"Rioja, La",QUEROSENO AVIACIÓN,QuerosenoAviacion,0
2024-02,Andalucía,BIODIESEL,Biodiesel,80
2024-02,Andalucía,BIOETANOL,Bioetanol,0
2024-02,Andalucía,FUELÓLEO  BIA,Fueloleo_BIA,1599
2024-02,Andalucía,GLP,GLP,25776
2024-02,Andalucía,GASÓLEO A,GasoleoA,267574
2024-02,Andalucía,GASÓLEO B,GasoleoB,47195
2024-02,Andalucía,GASÓLEO C,GasoleoC,7665
2024-02,Andalucía,GASOLINA  AUTO. S/PB 95 I.O.,Gasolina95,66510
2024-02,Andalucía,GASOLINA  AUTO. S/PB 98 I.O.,Gasolina98,2791
2024-02,Andalucía,OTRAS GASOLINAS,OtrasGasolinas,79
2024-02,Andalucía,OTROS FUELÓLEOS,OtrosFueloleos,232534
2024-02,Andalucía,OTROS GASOLEOS,OtrosGasoleos,81663
2024-02,Andalucía,OTROS QUEROSENOS,OtrosQueroseno,0
2024-02,Andalucía,QUEROSENO AVIACIÓN,QuerosenoAviacion,35548
2024-02,Aragón,BIODIESEL,Biodiesel,208
2024-02,Aragón,BIOETANOL,Bioetanol,0
2024-02,Aragón,FUELÓLEO  BIA,Fueloleo_BIA,50
2024-02,Aragón,GLP,GLP,5752
2024-02,Aragón,GASÓLEO A,GasoleoA,62423
2024-02,Aragón,GASÓLEO B,GasoleoB,19999
2024-02,Aragón,GASÓLEO C,GasoleoC,11696
2024-02,Aragón,GASOLINA  AUTO. S/PB 95 I.O.,Gasolina95,11967
2024-02,Aragón,GASOLINA  AUTO. S/PB 98 I.O.,Gasolina98,450
2024-02,Aragón,OTRAS GASOLINAS,OtrasGasolinas,8
2024-02,Aragón,OTROS FUELÓLEOS,OtrosFueloleos,0
2024-02,Aragón,OTROS GASOLEOS,OtrosGasoleos,0
2024-02,Aragón,OTROS QUEROSENOS,OtrosQueroseno,0
2024-02,Aragón,QUEROSENO AVIACIÓN,QuerosenoAviacion,6252
2024-02,"Asturias, Principado de",BIODIESEL,Biodiesel,0
2024-02,"Asturias, Principado de",BIOETANOL,Bioetanol,0
2024-02,"Asturias, Principado de",FUELÓLEO  BIA,Fueloleo_BIA,1056
2024-02,"Asturias, Principado de",GLP,GLP,2531
2024-02,"Asturias, Principado de",GASÓLEO A,GasoleoA,30307
2024-02,"Asturias, Principado de",GASÓLEO B,GasoleoB,6385
2024-02,"Asturias, Principado de",GASÓLEO C,GasoleoC,3912
2024-02,"Asturias, Principado de",GASOLINA  AUTO. S/PB 95 I.O.,Gasolina95,7573
2024-02,"Asturias, Principado de",GASOLINA  AUTO. S/PB 98 I.O.,Gasolina98,405
2024-02,"Asturias, Principado de",OTRAS GASOLINAS,OtrasGasolinas,1
2024-02,"Asturias, Principado de",OTROS FUELÓLEOS,OtrosFueloleos,316
2024-02,"Asturias, Principado de",OTROS GASOLEOS,OtrosGasoleos,1999
2024-02,"Asturias, Principado de",OTROS QUEROSENOS,OtrosQueroseno,0
2024-02,"Asturias, Principado de",QUEROSENO AVIACIÓN,QuerosenoAviacion,1075
2024-02,"Balears, Illes",BIODIESEL,Biodiesel,0
2024-02,"Balears, Illes",BIOETANOL,Bioetanol,0
2024-02,"Balears, Illes",FUELÓLEO  BIA,Fueloleo_BIA,0
2024-02,"Balears, Illes",GLP,GLP,4030
2024-02,"Balears, Illes",GASÓLEO A,GasoleoA,23592
2024-02,"Balears, Illes",GASÓLEO B,GasoleoB,3419
2024-02,"Balears, Illes",GASÓLEO C,GasoleoC,3466
2024-02,"Balears, Illes",GASOLINA  AUTO. S/PB 95 I.O.,Gasolina95,15595
2024-02,"Balears, Illes",GASOLINA  AUTO. S/PB 98 I.O.,Gasolina98,744
2024-02,"Balears, Illes",OTRAS GASOLINAS,OtrasGasolinas,12
2024-02,"Balears, Illes",OTROS FUELÓLEOS,OtrosFueloleos,0
2024-02,"Balears, Illes",OTROS GASOLEOS,OtrosGasoleos,1785
2024-02,"Balears, Illes",OTROS QUEROSENOS,OtrosQueroseno,0
2024-02,"Balears, Illes",QUEROSENO AVIACIÓN,QuerosenoAviacion,14318
2024-02,Canarias,BIODIESEL,Biodiesel,0
2024-02,Canarias,BIOETANOL,Bioetanol,0
2024-02,Canarias,FUELÓLEO  BIA,Fueloleo_BIA,48520
2024-02,Canarias,GLP,GLP,6769
2024-02,Canarias,GASÓLEO A,GasoleoA,51320
2024-02,Canarias,GASÓLEO B,GasoleoB,0
2024-02,Canarias,GASÓLEO C,GasoleoC,0
2024-02,Canarias,GASOLINA  AUTO. S/PB 95 I.O.,Gasolina95,35079
2024-02,Canarias,GASOLINA  AUTO. S/PB 98 I.O.,Gasolina98,7869
2024-02,Canarias,OTRAS GASOLINAS,OtrasGasolinas,6
2024-02,Canarias,OTROS FUELÓLEOS,OtrosFueloleos,101484
2024-02,Canarias,OTROS GASOLEOS,OtrosGasoleos,184839
2024-02,Canarias,OTROS QUEROSENOS,OtrosQueroseno,0
2024-02,Canarias,QUEROSENO AVIACIÓN,QuerosenoAviacion,110244
2024-02,Cantabria,BIODIESEL,Biodiesel,169
2024-02,Cantabria,BIOETANOL,Bioetanol,0
2024-02,Cantabria,FUELÓLEO  BIA,Fueloleo_BIA,660
2024-02,Cantabria,GLP,GLP,1788
2024-02,Cantabria,GASÓLEO A,GasoleoA,22540
2024-02,Cantabria,GASÓLEO B,GasoleoB,4706
2024-02,Cantabria,GASÓLEO C,GasoleoC,298
2024-02,Cantabria,GASOLINA  AUTO. S/PB 95 I.O.,Gasolina95,5756
2024-02,Cantabria,GASOLINA  AUTO. S/PB 98 I.O.,Gasolina98,189
2024-02,Cantabria,OTRAS GASOLINAS,OtrasGasolinas,2
2024-02,Cantabria,OTROS FUELÓLEOS,OtrosFueloleos,0
2024-02,Cantabria,OTROS GASOLEOS,OtrosGasoleos,535
2024-02,Cantabria,OTROS QUEROSENOS,OtrosQueroseno,0
2024-02,Cantabria,QUEROSENO AVIACIÓN,QuerosenoAviacion,536
2024-02,Castilla - La Mancha,BIODIESEL,Biodiesel,16
2024-02,Castilla - La Mancha,BIOETANOL,Bioetanol,0
2024-02,Castilla - La Mancha,FUELÓLEO  BIA,Fueloleo_BIA,92
2024-02,Castilla - La Mancha,GLP,GLP,6527
2024-02,Castilla - La Mancha,GASÓLEO A,GasoleoA,99280
2024-02,Castilla - La Mancha,GASÓLEO B,GasoleoB,39025
2024-02,Castilla - La Mancha,GASÓLEO C,GasoleoC,19087
2024-02,Castilla - La Mancha,GASOLINA  AUTO. S/PB 95 I.O.,Gasolina95,18310
2024-02,Castilla - La Mancha,GASOLINA  AUTO. S/PB 98 I.O.,Gasolina98,593
2024-02,Castilla - La Mancha,OTRAS GASOLINAS,OtrasGasolinas,20
2024-02,Castilla - La Mancha,OTROS FUELÓLEOS,OtrosFueloleos,0
2024-02,Castilla - La Mancha,OTROS GASOLEOS,OtrosGasoleos,0
2024-02,Castilla - La Mancha,OTROS QUEROSENOS,OtrosQueroseno,0
2024-02,Castilla - La Mancha,QUEROSENO AVIACIÓN,QuerosenoAviacion,112
2024-02,Castilla y León,BIODIESEL,Biodiesel,43
2024-02,Castilla y León,BIOETANOL,Bioetanol,0
2024-02,Castilla y León,FUELÓLEO  BIA,Fueloleo_BIA,410
2024-02,Castilla y León,GLP,GLP,7763
2024-02,Castilla y León,GASÓLEO A,GasoleoA,132833
2024-02,Castilla y León,GASÓLEO B,GasoleoB,42133
2024-02,Castilla y León,GASÓLEO C,GasoleoC,21421
2024-02,Castilla y León,GASOLINA  AUTO. S/PB 95 I.O.,Gasolina95,21910
2024-02,Castilla y León,GASOLINA  AUTO. S/PB 98 I.O.,Gasolina98,923
2024-02,Castilla y León,OTRAS GASOLINAS,OtrasGasolinas,46
2024-02,Castilla y León,OTROS FUELÓLEOS,OtrosFueloleos,0
2024-02,Castilla y León,OTROS GASOLEOS,OtrosGasoleos,0
2024-02,Castilla y León,OTROS QUEROSENOS,OtrosQueroseno,0
2024-02,Castilla y León,QUEROSENO AVIACIÓN,QuerosenoAviacion,4570
2024-02,Cataluña,BIODIESEL,Biodiesel,90
2024-02,Cataluña,BIOETANOL,Bioetanol,12
2024-02,Cataluña,FUELÓLEO  BIA,Fueloleo_BIA,344
2024-02,Cataluña,GLP,GLP,33610
2024-02,Cataluña,GASÓLEO A,GasoleoA,294268
2024-02,Cataluña,GASÓLEO B,GasoleoB,37425
2024-02,Cataluña,GASÓLEO C,GasoleoC,10109
2024-02,Cataluña,GASOLINA  AUTO. S/PB 95 I.O.,Gasolina95,79439
2024-02,Cataluña,GASOLINA  AUTO. S/PB 98 I.O.,Gasolina98,3486
2024-02,Cataluña,OTRAS GASOLINAS,OtrasGasolinas,82
2024-02,Cataluña,OTROS FUELÓLEOS,OtrosFueloleos,64136
2024-02,Cataluña,OTROS GASOLEOS,OtrosGasoleos,20425
2024-02,Cataluña,OTROS QUEROSENOS,OtrosQueroseno,0
2024-02,Cataluña,QUEROSENO AVIACIÓN,QuerosenoAviacion,82367
2024-02,Ceuta,BIODIESEL,Biodiesel,0
2024-02,Ceuta,BIOETANOL,Bioetanol,0
2024-02,Ceuta,FUELÓLEO  BIA,Fueloleo_BIA,4669
2024-02,Ceuta,GLP,GLP,223
2024-02,Ceuta,GASÓLEO A,GasoleoA,973
2024-02,Ceuta,GASÓLEO B,GasoleoB,0
2024-02,Ceuta,GASÓLEO C,GasoleoC,55
2024-02,Ceuta,GASOLINA  AUTO. S/PB 95 I.O.,Gasolina95,467
2024-02,Ceuta,GASOLINA  AUTO. S/PB 98 I.O.,Gasolina98,46
2024-02,Ceuta,OTRAS GASOLINAS,OtrasGasolinas,0
2024-02,Ceuta,OTROS FUELÓLEOS,OtrosFueloleos,6740
2024-02,Ceuta,OTROS GASOLEOS,OtrosGasoleos,13197
2024-02,Ceuta,OTROS QUEROSENOS,OtrosQueroseno,0
2024-02,Ceuta,QUEROSENO AVIACIÓN,QuerosenoAviacion,50
2024-02,Comunitat Valenciana,BIODIESEL,Biodiesel,43
2024-02,Comunitat Valenciana,BIOETANOL,Bioetanol,0
2024-02,Comunitat Valenciana,FUELÓLEO  BIA,Fueloleo_BIA,225
2024-02,Comunitat Valenciana,GLP,GLP,14476
2024-02,Comunitat Valenciana,GASÓLEO A,GasoleoA,155000
2024-02,Comunitat Valenciana,GASÓLEO B,GasoleoB,16864
2024-02,Comunitat Valenciana,GASÓLEO C,GasoleoC,4814
2024-02,Comunitat Valenciana,GASOLINA  AUTO. S/PB 95 I.O.,Gasolina95,49240
2024-02,Comunitat Valenciana,GASOLINA  AUTO. S/PB 98 I.O.,Gasolina98,1956
2024-02,Comunitat Valenciana,OTRAS GASOLINAS,OtrasGasolinas,23
2024-02,Comunitat Valenciana,OTROS FUELÓLEOS,OtrosFueloleos,19278
2024-02,Comunitat Valenciana,OTROS GASOLEOS,OtrosGasoleos,15521
2024-02,Comunitat Valenciana,OTROS QUEROSENOS,OtrosQueroseno,7
2024-02,Comunitat Valenciana,QUEROSENO AVIACIÓN,QuerosenoAviacion,28395
2024-02,ESPAÑA,BIODIESEL,Biodiesel,1131
2024-02,ESPAÑA,BIOETANOL,Bioetanol,12
2024-02,ESPAÑA,FUELÓLEO  BIA,Fueloleo_BIA,71000
2024-02,ESPAÑA,GLP,GLP,145846
2024-02,ESPAÑA,GASÓLEO A,GasoleoA,1732081
2024-02,ESPAÑA,GASÓLEO B,GasoleoB,289260
2024-02,ESPAÑA,GASÓLEO C,GasoleoC,137176
2024-02,ESPAÑA,GASOLINA  AUTO. S/PB 95 I.O.,Gasolina95,439153
2024-02,ESPAÑA,GASOLINA  AUTO. S/PB 98 I.O.,Gasolina98,24405
2024-02,ESPAÑA,OTRAS GASOLINAS,OtrasGasolinas,338
2024-02,ESPAÑA,OTROS FUELÓLEOS,OtrosFueloleos,426831
2024-02,ESPAÑA,OTROS GASOLEOS,OtrosGasoleos,331462
2024-02,ESPAÑA,OTROS QUEROSENOS,OtrosQueroseno,8
2024-02,ESPAÑA,QUEROSENO AVIACIÓN,QuerosenoAviacion,483385
2024-02,Extremadura,BIODIESEL,Biodiesel,0
2024-02,Extremadura,BIOETANOL,Bioetanol,0
2024-02,Extremadura,FUELÓLEO  BIA,Fueloleo_BIA,259
2024-02,Extremadura,GLP,GLP,5064
2024-02,Extremadura,GASÓLEO A,GasoleoA,55985
2024-02,Extremadura,GASÓLEO B,GasoleoB,9783
2024-02,Extremadura,GASÓLEO C,GasoleoC,1903
2024-02,Extremadura,GASOLINA  AUTO. S/PB 95 I.O.,Gasolina95,7978
2024-02,Extremadura,GASOLINA  AUTO. S/PB 98 I.O.,Gasolina98,239
2024-02,Extremadura,OTRAS GASOLINAS,OtrasGasolinas,1
2024-02,Extremadura,OTROS FUELÓLEOS,OtrosFueloleos,0
2024-02,Extremadura,OTROS GASOLEOS,OtrosGasoleos,0
2024-02,Extremadura,OTROS QUEROSENOS,OtrosQueroseno,0
2024-02,Extremadura,QUEROSENO AVIACIÓN,QuerosenoAviacion,47
2024-02,Galicia,BIODIESEL,Biodiesel,25
2024-02,Galicia,BIOETANOL,Bioetanol,0
2024-02,Galicia,FUELÓLEO  BIA,Fueloleo_BIA,6617
2024-02,Galicia,GLP,GLP,10290
2024-02,Galicia,GASÓLEO A,GasoleoA,101166
2024-02,Galicia,GASÓLEO B,GasoleoB,17355
2024-02,Galicia,GASÓLEO C,GasoleoC,19672
2024-02,Galicia,GASOLINA  AUTO. S/PB 95 I.O.,Gasolina95,20414
2024-02,Galicia,GASOLINA  AUTO. S/PB 98 I.O.,Gasolina98,970
2024-02,Galicia,OTRAS GASOLINAS,OtrasGasolinas,5
2024-02,Galicia,OTROS FUELÓLEOS,OtrosFueloleos,2120
2024-02,Galicia,OTROS GASOLEOS,OtrosGasoleos,9074
2024-02,Galicia,OTROS QUEROSENOS,OtrosQueroseno,0
2024-02,Galicia,QUEROSENO AVIACIÓN,QuerosenoAviacion,3598
2024-02,"Madrid, Comunidad de",BIODIESEL,Biodiesel,81
2024-02,"Madrid, Comunidad de",BIOETANOL,Bioetanol,0
2024-02,"Madrid, Comunidad de",FUELÓLEO  BIA,Fueloleo_BIA,264
2024-02,"Madrid, Comunidad de",GLP,GLP,10858
2024-02,"Madrid, Comunidad de",GASÓLEO A,GasoleoA,141903
2024-02,"Madrid, Comunidad de",GASÓLEO B,GasoleoB,11911
2024-02,"Madrid, Comunidad de",GASÓLEO C,GasoleoC,22409
2024-02,"Madrid, Comunidad de",GASOLINA  AUTO. S/PB 95 I.O.,Gasolina95,60800
2024-02,"Madrid, Comunidad de",GASOLINA  AUTO. S/PB 98 I.O.,Gasolina98,2207
2024-02,"Madrid, Comunidad de",OTRAS GASOLINAS,OtrasGasolinas,50
2024-02,"Madrid, Comunidad de",OTROS FUELÓLEOS,OtrosFueloleos,0
2024-02,"Madrid, Comunidad de",OTROS GASOLEOS,OtrosGasoleos,0
2024-02,"Madrid, Comunidad de",OTROS QUEROSENOS,OtrosQueroseno,0
2024-02,"Madrid, Comunidad de",QUEROSENO AVIACIÓN,QuerosenoAviacion,190568
2024-02,Melilla,BIODIESEL,Biodiesel,0
2024-02,Melilla,BIOETANOL,Bioetanol,0
2024-02,Melilla,FUELÓLEO  BIA,Fueloleo_BIA,4872
2024-02,Melilla,GLP,GLP,200
2024-02,Melilla,GASÓLEO A,GasoleoA,990
2024-02,Melilla,GASÓLEO B,GasoleoB,0
2024-02,Melilla,GASÓLEO C,GasoleoC,0
2024-02,Melilla,GASOLINA  AUTO. S/PB 95 I.O.,Gasolina95,501
2024-02,Melilla,GASOLINA  AUTO. S/PB 98 I.O.,Gasolina98,0
2024-02,Melilla,OTRAS GASOLINAS,OtrasGasolinas,0
2024-02,Melilla,OTROS FUELÓLEOS,OtrosFueloleos,0
2024-02,Melilla,OTROS GASOLEOS,OtrosGasoleos,0
2024-02,Melilla,OTROS QUEROSENOS,OtrosQueroseno,0
2024-02,Melilla,QUEROSENO AVIACIÓN,QuerosenoAviacion,128
2024-02,"Murcia, Región de",BIODIESEL,Biodiesel,87
2024-02,"Murcia, Región de",BIOETANOL,Bioetanol,0
2024-02,"Murcia, Región de",FUELÓLEO  BIA,Fueloleo_BIA,408
2024-02,"Murcia, Región de",GLP,GLP,4369
2024-02,"Murcia, Región de",GASÓLEO A,GasoleoA,76064
2024-02,"Murcia, Región de",GASÓLEO B,GasoleoB,10832
2024-02,"Murcia, Región de",GASÓLEO C,GasoleoC,954
2024-02,"Murcia, Región de",GASOLINA  AUTO. S/PB 95 I.O.,Gasolina95,11944
2024-02,"Murcia, Región de",GASOLINA  AUTO. S/PB 98 I.O.,Gasolina98,504
2024-02,"Murcia, Región de",OTRAS GASOLINAS,OtrasGasolinas,1
2024-02,"Murcia, Región de",OTROS FUELÓLEOS,OtrosFueloleos,223
2024-02,"Murcia, Región de",OTROS GASOLEOS,OtrosGasoleos,1141
2024-02,"Murcia, Región de",OTROS QUEROSENOS,OtrosQueroseno,0
2024-02,"Murcia, Región de",QUEROSENO AVIACIÓN,QuerosenoAviacion,559
2024-02,"Navarra, Comunidad Foral de",BIODIESEL,Biodiesel,123
2024-02,"Navarra, Comunidad Foral de",BIOETANOL,Bioetanol,0
2024-02,"Navarra, Comunidad Foral de",FUELÓLEO  BIA,Fueloleo_BIA,152
2024-02,"Navarra, Comunidad Foral de",GLP,GLP,1347
2024-02,"Navarra, Comunidad Foral de",GASÓLEO A,GasoleoA,52372
2024-02,"Navarra, Comunidad Foral de",GASÓLEO B,GasoleoB,7650
2024-02,"Navarra, Comunidad Foral de",GASÓLEO C,GasoleoC,1535
2024-02,"Navarra, Comunidad Foral de",GASOLINA  AUTO. S/PB 95 I.O.,Gasolina95,6176
2024-02,"Navarra, Comunidad Foral de",GASOLINA  AUTO. S/PB 98 I.O.,Gasolina98,206
2024-02,"Navarra, Comunidad Foral de",OTRAS GASOLINAS,OtrasGasolinas,1
2024-02,"Navarra, Comunidad Foral de",OTROS FUELÓLEOS,OtrosFueloleos,0
2024-02,"Navarra, Comunidad Foral de",OTROS GASOLEOS,OtrosGasoleos,0
2024-02,"Navarra, Comunidad Foral de",OTROS QUEROSENOS,OtrosQueroseno,0
2024-02,"Navarra, Comunidad Foral de",QUEROSENO AVIACIÓN,QuerosenoAviacion,70
2024-02,País Vasco,BIODIESEL,Biodiesel,166
2024-02,País Vasco,BIOETANOL,Bioetanol,0
2024-02,País Vasco,FUELÓLEO  BIA,Fueloleo_BIA,722
2024-02,País Vasco,GLP,GLP,3810
2024-02,País Vasco,GASÓLEO A,GasoleoA,150535
2024-02,País Vasco,GASÓLEO B,GasoleoB,11423
2024-02,País Vasco,GASÓLEO C,GasoleoC,6057
2024-02,País Vasco,GASOLINA  AUTO. S/PB 95 I.O.,Gasolina95,17137
2024-02,País Vasco,GASOLINA  AUTO. S/PB 98 I.O.,Gasolina98,752
2024-02,País Vasco,OTRAS GASOLINAS,OtrasGasolinas,1
2024-02,País Vasco,OTROS FUELÓLEOS,OtrosFueloleos,0
2024-02,País Vasco,OTROS GASOLEOS,OtrosGasoleos,1283
2024-02,País Vasco,OTROS QUEROSENOS,OtrosQueroseno,1
2024-02,País Vasco,QUEROSENO AVIACIÓN,QuerosenoAviacion,4948
2024-02,"Rioja, La",BIODIESEL,Biodiesel,0
2024-02,"Rioja, La",BIOETANOL,Bioetanol,0
2024-02,"Rioja, La",FUELÓLEO  BIA,Fueloleo_BIA,81
2024-02,"Rioja, La",GLP,GLP,663
2024-02,"Rioja, La",GASÓLEO A,GasoleoA,12956
2024-02,"Rioja, La",GASÓLEO B,GasoleoB,3155
2024-02,"Rioja, La",GASÓLEO C,GasoleoC,2123
2024-02,"Rioja, La",GASOLINA  AUTO. S/PB 95 I.O.,Gasolina95,2357
2024-02,"Rioja, La",GASOLINA  AUTO. S/PB 98 I.O.,Gasolina98,75
2024-02,"Rioja, La",OTRAS GASOLINAS,OtrasGasolinas,0
2024-02,"Rioja, La",OTROS FUELÓLEOS,OtrosFueloleos,0
2024-02,"Rioja, La",OTROS GASOLEOS,OtrosGasoleos,0
2024-02,"Rioja, La",OTROS QUEROSENOS,OtrosQueroseno,0
2024-02,"Rioja, La",QUEROSENO AVIACIÓN,QuerosenoAviacion,0
2024-03,Andalucía,BIODIESEL,Biodiesel,104
2024-03,Andalucía,BIOETANOL,Bioetanol,0
2024-03,Andalucía,FUELÓLEO  BIA,Fueloleo_BIA,1481
2024-03,Andalucía,GLP,GLP,26138
2024-03,Andalucía,GASÓLEO A,GasoleoA,287400
2024-03,Andalucía,GASÓLEO B,GasoleoB,51117
2024-03,Andalucía,GASÓLEO C,GasoleoC,6773
2024-03,Andalucía,GASOLINA  AUTO. S/PB 95 I.O.,Gasolina95,72988
2024-03,Andalucía,GASOLINA  AUTO. S/PB 98 I.O.,Gasolina98,2973
2024-03,Andalucía,OTRAS GASOLINAS,OtrasGasolinas,62
2024-03,Andalucía,OTROS FUELÓLEOS,OtrosFueloleos,215985
2024-03,Andalucía,OTROS GASOLEOS,OtrosGasoleos,77046
2024-03,Andalucía,OTROS QUEROSENOS,OtrosQueroseno,0
2024-03,Andalucía,QUEROSENO AVIACIÓN,QuerosenoAviacion,45254
2024-03,Aragón,BIODIESEL,Biodiesel,130
2024-03,Aragón,BIOETANOL,Bioetanol,0
2024-03,Aragón,FUELÓLEO  BIA,Fueloleo_BIA,155
2024-03,Aragón,GLP,GLP,4592
2024-03,Aragón,GASÓLEO A,GasoleoA,64913
2024-03,Aragón,GASÓLEO B,GasoleoB,19653
2024-03,Aragón,GASÓLEO C,GasoleoC,9366
2024-03,Aragón,GASOLINA  AUTO. S/PB 95 I.O.,Gasolina95,13925
2024-03,Aragón,GASOLINA  AUTO. S/PB 98 I.O.,Gasolina98,599
2024-03,Aragón,OTRAS GASOLINAS,OtrasGasolinas,3
2024-03,Aragón,OTROS FUELÓLEOS,OtrosFueloleos,0
2024-03,Aragón,OTROS GASOLEOS,OtrosGasoleos,17
2024-03,Aragón,OTROS QUEROSENOS,OtrosQueroseno,0
2024-03,Aragón,QUEROSENO AVIACIÓN,QuerosenoAviacion,7475
2024-03,"Asturias, Principado de",BIODIESEL,Biodiesel,13
2024-03,"Asturias, Principado de",BIOETANOL,Bioetanol,0
2024-03,"Asturias, Principado de",FUELÓLEO  BIA,Fueloleo_BIA,1744
2024-03,"Asturias, Principado de",GLP,GLP,2584
2024-03,"Asturias, Principado de",GASÓLEO A,GasoleoA,31634
2024-03,"Asturias, Principado de",GASÓLEO B,GasoleoB,6034
2024-03,"Asturias, Principado de",GASÓLEO C,GasoleoC,3681
2024-03,"Asturias, Principado de",GASOLINA  AUTO. S/PB 95 I.O.,Gasolina95,8025
2024-03,"Asturias, Principado de",GASOLINA  AUTO. S/PB 98 I.O.,Gasolina98,472
2024-03,"Asturias, Principado de",OTRAS GASOLINAS,OtrasGasolinas,0
2024-03,"Asturias, Principado de",OTROS FUELÓLEOS,OtrosFueloleos,107
2024-03,"Asturias, Principado de",OTROS GASOLEOS,OtrosGasoleos,3800
2024-03,"Asturias, Principado de",OTROS QUEROSENOS,OtrosQueroseno,0
2024-03,"Asturias, Principado de",QUEROSENO AVIACIÓN,QuerosenoAviacion,1167
2024-03,"Balears, Illes",BIODIESEL,Biodiesel,0
2024-03,"Balears, Illes",BIOETANOL,Bioetanol,0
2024-03,"Balears, Illes",FUELÓLEO  BIA,Fueloleo_BIA,0
2024-03,"Balears, Illes",GLP,GLP,4220
2024-03,"Balears, Illes",GASÓLEO A,GasoleoA,25695
2024-03,"Balears, Illes",GASÓLEO B,GasoleoB,3216
2024-03,"Balears, Illes",GASÓLEO C,GasoleoC,18182
2024-03,"Balears, Illes",GASOLINA  AUTO. S/PB 95 I.O.,Gasolina95,17521
2024-03,"Balears, Illes",GASOLINA  AUTO. S/PB 98 I.O.,Gasolina98,800
2024-03,"Balears, Illes",OTRAS GASOLINAS,OtrasGasolinas,19
2024-03,"Balears, Illes",OTROS FUELÓLEOS,OtrosFueloleos,0
2024-03,"Balears, Illes",OTROS GASOLEOS,OtrosGasoleos,2299
2024-03,"Balears, Illes",OTROS QUEROSENOS,OtrosQueroseno,0
2024-03,"Balears, Illes",QUEROSENO AVIACIÓN,QuerosenoAviacion,21456
2024-03,Canarias,BIODIESEL,Biodiesel,0
2024-03,Canarias,BIOETANOL,Bioetanol,0
2024-03,Canarias,FUELÓLEO  BIA,Fueloleo_BIA,81762
2024-03,Canarias,GLP,GLP,7102
2024-03,Canarias,GASÓLEO A,GasoleoA,54106
2024-03,Canarias,GASÓLEO B,GasoleoB,0
2024-03,Canarias,GASÓLEO C,GasoleoC,0
2024-03,Canarias,GASOLINA  AUTO. S/PB 95 I.O.,Gasolina95,36226
2024-03,Canarias,GASOLINA  AUTO. S/PB 98 I.O.,Gasolina98,8127
2024-03,Canarias,OTRAS GASOLINAS,OtrasGasolinas,5
2024-03,Canarias,OTROS FUELÓLEOS,OtrosFueloleos,118842
2024-03,Canarias,OTROS GASOLEOS,OtrosGasoleos,206785
2024-03,Canarias,OTROS QUEROSENOS,OtrosQueroseno,0
2024-03,Canarias,QUEROSENO AVIACIÓN,QuerosenoAviacion,117538
2024-03,Cantabria,BIODIESEL,Biodiesel,119
2024-03,Cantabria,BIOETANOL,Bioetanol,0
2024-03,Cantabria,FUELÓLEO  BIA,Fueloleo_BIA,337
2024-03,Cantabria,GLP,GLP,2273
2024-03,Cantabria,GASÓLEO A,GasoleoA,23481
2024-03,Cantabria,GASÓLEO B,GasoleoB,4859
2024-03,Cantabria,GASÓLEO C,GasoleoC,277
2024-03,Cantabria,GASOLINA  AUTO. S/PB 95 I.O.,Gasolina95,6351
2024-03,Cantabria,GASOLINA  AUTO. S/PB 98 I.O.,Gasolina98,258
2024-03,Cantabria,OTRAS GASOLINAS,OtrasGasolinas,0
2024-03,Cantabria,OTROS FUELÓLEOS,OtrosFueloleos,0
2024-03,Cantabria,OTROS GASOLEOS,OtrosGasoleos,511
2024-03,Cantabria,OTROS QUEROSENOS,OtrosQueroseno,0
2024-03,Cantabria,QUEROSENO AVIACIÓN,QuerosenoAviacion,636
2024-03,Castilla - La Mancha,BIODIESEL,Biodiesel,14
2024-03,Castilla - La Mancha,BIOETANOL,Bioetanol,0
2024-03,Castilla - La Mancha,FUELÓLEO  BIA,Fueloleo_BIA,185
2024-03,Castilla - La Mancha,GLP,GLP,6183
2024-03,Castilla - La Mancha,GASÓLEO A,GasoleoA,112908
2024-03,Castilla - La Mancha,GASÓLEO B,GasoleoB,37676
2024-03,Castilla - La Mancha,GASÓLEO C,GasoleoC,15201
2024-03,Castilla - La Mancha,GASOLINA  AUTO. S/PB 95 I.O.,Gasolina95,23240
2024-03,Castilla - La Mancha,GASOLINA  AUTO. S/PB 98 I.O.,Gasolina98,740
2024-03,Castilla - La Mancha,OTRAS GASOLINAS,OtrasGasolinas,1
2024-03,Castilla - La Mancha,OTROS FUELÓLEOS,OtrosFueloleos,0
2024-03,Castilla - La Mancha,OTROS GASOLEOS,OtrosGasoleos,0
2024-03,Castilla - La Mancha,OTROS QUEROSENOS,OtrosQueroseno,0
2024-03,Castilla - La Mancha,QUEROSENO AVIACIÓN,QuerosenoAviacion,102
2024-03,Castilla y León,BIODIESEL,Biodiesel,74
2024-03,Castilla y León,BIOETANOL,Bioetanol,0
2024-03,Castilla y León,FUELÓLEO  BIA,Fueloleo_BIA,462
2024-03,Castilla y León,GLP,GLP,7380
2024-03,Castilla y León,GASÓLEO A,GasoleoA,136739
2024-03,Castilla y León,GASÓLEO B,GasoleoB,49148
2024-03,Castilla y León,GASÓLEO C,GasoleoC,20092
2024-03,Castilla y León,GASOLINA  AUTO. S/PB 95 I.O.,Gasolina95,26977
2024-03,Castilla y León,GASOLINA  AUTO. S/PB 98 I.O.,Gasolina98,1163
2024-03,Castilla y León,OTRAS GASOLINAS,OtrasGasolinas,51
2024-03,Castilla y León,OTROS FUELÓLEOS,OtrosFueloleos,0
2024-03,Castilla y León,OTROS GASOLEOS,OtrosGasoleos,0
2024-03,Castilla y León,OTROS QUEROSENOS,OtrosQueroseno,0
2024-03,Castilla y León,QUEROSENO AVIACIÓN,QuerosenoAviacion,420
2024-03,Cataluña,BIODIESEL,Biodiesel,103
2024-03,Cataluña,BIOETANOL,Bioetanol,0
2024-03,Cataluña,FUELÓLEO  BIA,Fueloleo_BIA,379
2024-03,Cataluña,GLP,GLP,26960
2024-03,Cataluña,GASÓLEO A,GasoleoA,294184
2024-03,Cataluña,GASÓLEO B,GasoleoB,35364
2024-03,Cataluña,GASÓLEO C,GasoleoC,8800
2024-03,Cataluña,GASOLINA  AUTO. S/PB 95 I.O.,Gasolina95,83188
2024-03,Cataluña,GASOLINA  AUTO. S/PB 98 I.O.,Gasolina98,4111
2024-03,Cataluña,OTRAS GASOLINAS,OtrasGasolinas,160
2024-03,Cataluña,OTROS FUELÓLEOS,OtrosFueloleos,75908
2024-03,Cataluña,OTROS GASOLEOS,OtrosGasoleos,28097
2024-03,Cataluña,OTROS QUEROSENOS,OtrosQueroseno,0
2024-03,Cataluña,QUEROSENO AVIACIÓN,QuerosenoAviacion,96934
2024-03,Ceuta,BIODIESEL,Biodiesel,0
2024-03,Ceuta,BIOETANOL,Bioetanol,0
2024-03,Ceuta,FUELÓLEO  BIA,Fueloleo_BIA,2481
2024-03,Ceuta,GLP,GLP,224
2024-03,Ceuta,GASÓLEO A,GasoleoA,917
2024-03,Ceuta,GASÓLEO B,GasoleoB,0
2024-03,Ceuta,GASÓLEO C,GasoleoC,0
2024-03,Ceuta,GASOLINA  AUTO. S/PB 95 I.O.,Gasolina95,423
2024-03,Ceuta,GASOLINA  AUTO. S/PB 98 I.O.,Gasolina98,37
2024-03,Ceuta,OTRAS GASOLINAS,OtrasGasolinas,0
2024-03,Ceuta,OTROS FUELÓLEOS,OtrosFueloleos,8100
2024-03,Ceuta,OTROS GASOLEOS,OtrosGasoleos,7049
2024-03,Ceuta,OTROS QUEROSENOS,OtrosQueroseno,0
2024-03,Ceuta,QUEROSENO AVIACIÓN,QuerosenoAviacion,27
2024-03,Comunitat Valenciana,BIODIESEL,Biodiesel,78
2024-03,Comunitat Valenciana,BIOETANOL,Bioetanol,0
2024-03,Comunitat Valenciana,FUELÓLEO  BIA,Fueloleo_BIA,267
2024-03,Comunitat Valenciana,GLP,GLP,13368
2024-03,Comunitat Valenciana,GASÓLEO A,GasoleoA,170499
2024-03,Comunitat Valenciana,GASÓLEO B,GasoleoB,16739
2024-03,Comunitat Valenciana,GASÓLEO C,GasoleoC,4088
2024-03,Comunitat Valenciana,GASOLINA  AUTO. S/PB 95 I.O.,Gasolina95,53145
2024-03,Comunitat Valenciana,GASOLINA  AUTO. S/PB 98 I.O.,Gasolina98,2299
2024-03,Comunitat Valenciana,OTRAS GASOLINAS,OtrasGasolinas,12
2024-03,Comunitat Valenciana,OTROS FUELÓLEOS,OtrosFueloleos,28925
2024-03,Comunitat Valenciana,OTROS GASOLEOS,OtrosGasoleos,15432
2024-03,Comunitat Valenciana,OTROS QUEROSENOS,OtrosQueroseno,18
2024-03,Comunitat Valenciana,QUEROSENO AVIACIÓN,QuerosenoAviacion,32919
2024-03,ESPAÑA,BIODIESEL,Biodiesel,1698
2024-03,ESPAÑA,BIOETANOL,Bioetanol,0
2024-03,ESPAÑA,FUELÓLEO  BIA,Fueloleo_BIA,98975
2024-03,ESPAÑA,GLP,GLP,137030
2024-03,ESPAÑA,GASÓLEO A,GasoleoA,1815360
2024-03,ESPAÑA,GASÓLEO B,GasoleoB,301743
2024-03,ESPAÑA,GASÓLEO C,GasoleoC,140235
2024-03,ESPAÑA,GASOLINA  AUTO. S/PB 95 I.O.,Gasolina95,480565
2024-03,ESPAÑA,GASOLINA  AUTO. S/PB 98 I.O.,Gasolina98,27147
2024-03,ESPAÑA,OTRAS GASOLINAS,OtrasGasolinas,373
2024-03,ESPAÑA,OTROS FUELÓLEOS,OtrosFueloleos,449056
2024-03,ESPAÑA,OTROS GASOLEOS,OtrosGasoleos,354441
2024-03,ESPAÑA,OTROS QUEROSENOS,OtrosQueroseno,18
2024-03,ESPAÑA,QUEROSENO AVIACIÓN,QuerosenoAviacion,541351
2024-03,Extremadura,BIODIESEL,Biodiesel,19
2024-03,Extremadura,BIOETANOL,Bioetanol,0
2024-03,Extremadura,FUELÓLEO  BIA,Fueloleo_BIA,335
2024-03,Extremadura,GLP,GLP,4878
2024-03,Extremadura,GASÓLEO A,GasoleoA,61796
2024-03,Extremadura,GASÓLEO B,GasoleoB,11655
2024-03,Extremadura,GASÓLEO C,GasoleoC,1651
2024-03,Extremadura,GASOLINA  AUTO. S/PB 95 I.O.,Gasolina95,10279
2024-03,Extremadura,GASOLINA  AUTO. S/PB 98 I.O.,Gasolina98,261
2024-03,Extremadura,OTRAS GASOLINAS,OtrasGasolinas,1
2024-03,Extremadura,OTROS FUELÓLEOS,OtrosFueloleos,0
2024-03,Extremadura,OTROS GASOLEOS,OtrosGasoleos,0
2024-03,Extremadura,OTROS QUEROSENOS,OtrosQueroseno,0
2024-03,Extremadura,QUEROSENO AVIACIÓN,QuerosenoAviacion,54
2024-03,Galicia,BIODIESEL,Biodiesel,29
2024-03,Galicia,BIOETANOL,Bioetanol,0
2024-03,Galicia,FUELÓLEO  BIA,Fueloleo_BIA,5587
2024-03,Galicia,GLP,GLP,10777
2024-03,Galicia,GASÓLEO A,GasoleoA,105784
2024-03,Galicia,GASÓLEO B,GasoleoB,18742
2024-03,Galicia,GASÓLEO C,GasoleoC,20699
2024-03,Galicia,GASOLINA  AUTO. S/PB 95 I.O.,Gasolina95,21045
2024-03,Galicia,GASOLINA  AUTO. S/PB 98 I.O.,Gasolina98,1046
2024-03,Galicia,OTRAS GASOLINAS,OtrasGasolinas,3
2024-03,Galicia,OTROS FUELÓLEOS,OtrosFueloleos,1165
2024-03,Galicia,OTROS GASOLEOS,OtrosGasoleos,10393
2024-03,Galicia,OTROS QUEROSENOS,OtrosQueroseno,0
2024-03,Galicia,QUEROSENO AVIACIÓN,QuerosenoAviacion,4230
2024-03,"Madrid, Comunidad de",BIODIESEL,Biodiesel,133
2024-03,"Madrid, Comunidad de",BIOETANOL,Bioetanol,0
2024-03,"Madrid, Comunidad de",FUELÓLEO  BIA,Fueloleo_BIA,286
2024-03,"Madrid, Comunidad de",GLP,GLP,10501
2024-03,"Madrid, Comunidad de",GASÓLEO A,GasoleoA,149187
2024-03,"Madrid, Comunidad de",GASÓLEO B,GasoleoB,11844
2024-03,"Madrid, Comunidad de",GASÓLEO C,GasoleoC,20076
2024-03,"Madrid, Comunidad de",GASOLINA  AUTO. S/PB 95 I.O.,Gasolina95,63629
2024-03,"Madrid, Comunidad de",GASOLINA  AUTO. S/PB 98 I.O.,Gasolina98,2350
2024-03,"Madrid, Comunidad de",OTRAS GASOLINAS,OtrasGasolinas,46
2024-03,"Madrid, Comunidad de",OTROS FUELÓLEOS,OtrosFueloleos,0
2024-03,"Madrid, Comunidad de",OTROS GASOLEOS,OtrosGasoleos,0
2024-03,"Madrid, Comunidad de",OTROS QUEROSENOS,OtrosQueroseno,0
2024-03,"Madrid, Comunidad de",QUEROSENO AVIACIÓN,QuerosenoAviacion,205688
2024-03,Melilla,BIODIESEL,Biodiesel,0
2024-03,Melilla,BIOETANOL,Bioetanol,0
2024-03,Melilla,FUELÓLEO  BIA,Fueloleo_BIA,2491
2024-03,Melilla,GLP,GLP,191
2024-03,Melilla,GASÓLEO A,GasoleoA,952
2024-03,Melilla,GASÓLEO B,GasoleoB,0
2024-03,Melilla,GASÓLEO C,GasoleoC,0
2024-03,Melilla,GASOLINA  AUTO. S/PB 95 I.O.,Gasolina95,517
2024-03,Melilla,GASOLINA  AUTO. S/PB 98 I.O.,Gasolina98,0
2024-03,Melilla,OTRAS GASOLINAS,OtrasGasolinas,0
2024-03,Melilla,OTROS FUELÓLEOS,OtrosFueloleos,0
2024-03,Melilla,OTROS GASOLEOS,OtrosGasoleos,0
2024-03,Melilla,OTROS QUEROSENOS,OtrosQueroseno,0
2024-03,Melilla,QUEROSENO AVIACIÓN,QuerosenoAviacion,161
2024-03,"Murcia, Región de",BIODIESEL,Biodiesel,249
2024-03,"Murcia, Región de",BIOETANOL,Bioetanol,0
2024-03,"Murcia, Región de",FUELÓLEO  BIA,Fueloleo_BIA,148
2024-03,"Murcia, Región de",GLP,GLP,4140
2024-03,"Murcia, Región de",GASÓLEO A,GasoleoA,90081
2024-03,"Murcia, Región de",GASÓLEO B,GasoleoB,11692
2024-03,"Murcia, Región de",GASÓLEO C,GasoleoC,839
2024-03,"Murcia, Región de",GASOLINA  AUTO. S/PB 95 I.O.,Gasolina95,14393
2024-03,"Murcia, Región de",GASOLINA  AUTO. S/PB 98 I.O.,Gasolina98,638
2024-03,"Murcia, Región de",OTRAS GASOLINAS,OtrasGasolinas,3
2024-03,"Murcia, Región de",OTROS FUELÓLEOS,OtrosFueloleos,24
2024-03,"Murcia, Región de",OTROS GASOLEOS,OtrosGasoleos,1220
2024-03,"Murcia, Región de",OTROS QUEROSENOS,OtrosQueroseno,0
2024-03,"Murcia, Región de",QUEROSENO AVIACIÓN,QuerosenoAviacion,639
2024-03,"Navarra, Comunidad Foral de",BIODIESEL,Biodiesel,205
2024-03,"Navarra, Comunidad Foral de",BIOETANOL,Bioetanol,0
2024-03,"Navarra, Comunidad Foral de",FUELÓLEO  BIA,Fueloleo_BIA,221
2024-03,"Navarra, Comunidad Foral de",GLP,GLP,1258
2024-03,"Navarra, Comunidad Foral de",GASÓLEO A,GasoleoA,48059
2024-03,"Navarra, Comunidad Foral de",GASÓLEO B,GasoleoB,7626
2024-03,"Navarra, Comunidad Foral de",GASÓLEO C,GasoleoC,1486
2024-03,"Navarra, Comunidad Foral de",GASOLINA  AUTO. S/PB 95 I.O.,Gasolina95,6789
2024-03,"Navarra, Comunidad Foral de",GASOLINA  AUTO. S/PB 98 I.O.,Gasolina98,240
2024-03,"Navarra, Comunidad Foral de",OTRAS GASOLINAS,OtrasGasolinas,1
2024-03,"Navarra, Comunidad Foral de",OTROS FUELÓLEOS,OtrosFueloleos,0
2024-03,"Navarra, Comunidad Foral de",OTROS GASOLEOS,OtrosGasoleos,0
2024-03,"Navarra, Comunidad Foral de",OTROS QUEROSENOS,OtrosQueroseno,0
2024-03,"Navarra, Comunidad Foral de",QUEROSENO AVIACIÓN,QuerosenoAviacion,144
2024-03,País Vasco,BIODIESEL,Biodiesel,428
2024-03,País Vasco,BIOETANOL,Bioetanol,0
2024-03,País Vasco,FUELÓLEO  BIA,Fueloleo_BIA,616
2024-03,País Vasco,GLP,GLP,3718
2024-03,País Vasco,GASÓLEO A,GasoleoA,143666
2024-03,País Vasco,GASÓLEO B,GasoleoB,12963
2024-03,País Vasco,GASÓLEO C,GasoleoC,7196
2024-03,País Vasco,GASOLINA  AUTO. S/PB 95 I.O.,Gasolina95,19178
2024-03,País Vasco,GASOLINA  AUTO. S/PB 98 I.O.,Gasolina98,899
2024-03,País Vasco,OTRAS GASOLINAS,OtrasGasolinas,2
2024-03,País Vasco,OTROS FUELÓLEOS,OtrosFueloleos,0
2024-03,País Vasco,OTROS GASOLEOS,OtrosGasoleos,1792
2024-03,País Vasco,OTROS QUEROSENOS,OtrosQueroseno,0
2024-03,País Vasco,QUEROSENO AVIACIÓN,QuerosenoAviacion,6488
2024-03,"Rioja, La",BIODIESEL,Biodiesel,0
2024-03,"Rioja, La",BIOETANOL,Bioetanol,0
2024-03,"Rioja, La",FUELÓLEO  BIA,Fueloleo_BIA,38
2024-03,"Rioja, La",GLP,GLP,543
2024-03,"Rioja, La",GASÓLEO A,GasoleoA,13359
2024-03,"Rioja, La",GASÓLEO B,GasoleoB,3415
2024-03,"Rioja, La",GASÓLEO C,GasoleoC,1828
2024-03,"Rioja, La",GASOLINA  AUTO. S/PB 95 I.O.,Gasolina95,2726
2024-03,"Rioja, La",GASOLINA  AUTO. S/PB 98 I.O.,Gasolina98,134
2024-03,"Rioja, La",OTRAS GASOLINAS,OtrasGasolinas,4
2024-03,"Rioja, La",OTROS FUELÓLEOS,OtrosFueloleos,0
2024-03,"Rioja, La",OTROS GASOLEOS,OtrosGasoleos,0
2024-03,"Rioja, La",OTROS QUEROSENOS,OtrosQueroseno,0
2024-03,"Rioja, La",QUEROSENO AVIACIÓN,QuerosenoAviacion,19
2024-04,Andalucía,BIODIESEL,Biodiesel,154
2024-04,Andalucía,BIOETANOL,Bioetanol,0
2024-04,Andalucía,FUELÓLEO  BIA,Fueloleo_BIA,52981
2024-04,Andalucía,GLP,GLP,24809
2024-04,Andalucía,GASÓLEO A,GasoleoA,300835
2024-04,Andalucía,GASÓLEO B,GasoleoB,58605
2024-04,Andalucía,GASÓLEO C,GasoleoC,3929
2024-04,Andalucía,GASOLINA  AUTO. S/PB 95 I.O.,Gasolina95,78014
2024-04,Andalucía,GASOLINA  AUTO. S/PB 98 I.O.,Gasolina98,3146
2024-04,Andalucía,OTRAS GASOLINAS,OtrasGasolinas,102
2024-04,Andalucía,OTROS FUELÓLEOS,OtrosFueloleos,275690
2024-04,Andalucía,OTROS GASOLEOS,OtrosGasoleos,42770
2024-04,Andalucía,OTROS QUEROSENOS,OtrosQueroseno,0
2024-04,Andalucía,QUEROSENO AVIACIÓN,QuerosenoAviacion,57181
2024-04,Aragón,BIODIESEL,Biodiesel,149
2024-04,Aragón,BIOETANOL,Bioetanol,0
2024-04,Aragón,FUELÓLEO  BIA,Fueloleo_BIA,160
2024-04,Aragón,GLP,GLP,3657
2024-04,Aragón,GASÓLEO A,GasoleoA,69796
2024-04,Aragón,GASÓLEO B,GasoleoB,19815
2024-04,Aragón,GASÓLEO C,GasoleoC,4988
2024-04,Aragón,GASOLINA  AUTO. S/PB 95 I.O.,Gasolina95,14146
2024-04,Aragón,GASOLINA  AUTO. S/PB 98 I.O.,Gasolina98,525
2024-04,Aragón,OTRAS GASOLINAS,OtrasGasolinas,5
2024-04,Aragón,OTROS FUELÓLEOS,OtrosFueloleos,0
2024-04,Aragón,OTROS GASOLEOS,OtrosGasoleos,0
2024-04,Aragón,OTROS QUEROSENOS,OtrosQueroseno,0
2024-04,Aragón,QUEROSENO AVIACIÓN,QuerosenoAviacion,7554
2024-04,"Asturias, Principado de",BIODIESEL,Biodiesel,117
2024-04,"Asturias, Principado de",BIOETANOL,Bioetanol,0
2024-04,"Asturias, Principado de",FUELÓLEO  BIA,Fueloleo_BIA,1306
2024-04,"Asturias, Principado de",GLP,GLP,2283
2024-04,"Asturias, Principado de",GASÓLEO A,GasoleoA,33428
2024-04,"Asturias, Principado de",GASÓLEO B,GasoleoB,6396
2024-04,"Asturias, Principado de",GASÓLEO C,GasoleoC,2740
2024-04,"Asturias, Principado de",GASOLINA  AUTO. S/PB 95 I.O.,Gasolina95,8825
2024-04,"Asturias, Principado de",GASOLINA  AUTO. S/PB 98 I.O.,Gasolina98,504
2024-04,"Asturias, Principado de",OTRAS GASOLINAS,OtrasGasolinas,3
2024-04,"Asturias, Principado de",OTROS FUELÓLEOS,OtrosFueloleos,647
2024-04,"Asturias, Principado de",OTROS GASOLEOS,OtrosGasoleos,2810
2024-04,"Asturias, Principado de",OTROS QUEROSENOS,OtrosQueroseno,0
2024-04,"Asturias, Principado de",QUEROSENO AVIACIÓN,QuerosenoAviacion,1561
2024-04,"Balears, Illes",BIODIESEL,Biodiesel,0
2024-04,"Balears, Illes",BIOETANOL,Bioetanol,0
2024-04,"Balears, Illes",FUELÓLEO  BIA,Fueloleo_BIA,0
2024-04,"Balears, Illes",GLP,GLP,4256
2024-04,"Balears, Illes",GASÓLEO A,GasoleoA,28413
2024-04,"Balears, Illes",GASÓLEO B,GasoleoB,3546
2024-04,"Balears, Illes",GASÓLEO C,GasoleoC,4377
2024-04,"Balears, Illes",GASOLINA  AUTO. S/PB 95 I.O.,Gasolina95,20819
2024-04,"Balears, Illes",GASOLINA  AUTO. S/PB 98 I.O.,Gasolina98,926
2024-04,"Balears, Illes",OTRAS GASOLINAS,OtrasGasolinas,22
2024-04,"Balears, Illes",OTROS FUELÓLEOS,OtrosFueloleos,0
2024-04,"Balears, Illes",OTROS GASOLEOS,OtrosGasoleos,3043
2024-04,"Balears, Illes",OTROS QUEROSENOS,OtrosQueroseno,0
2024-04,"Balears, Illes",QUEROSENO AVIACIÓN,QuerosenoAviacion,53085
2024-04,Canarias,BIODIESEL,Biodiesel,0
2024-04,Canarias,BIOETANOL,Bioetanol,0
2024-04,Canarias,FUELÓLEO  BIA,Fueloleo_BIA,167238
2024-04,Canarias,GLP,GLP,7040
2024-04,Canarias,GASÓLEO A,GasoleoA,56340
2024-04,Canarias,GASÓLEO B,GasoleoB,0
2024-04,Canarias,GASÓLEO C,GasoleoC,0
2024-04,Canarias,GASOLINA  AUTO. S/PB 95 I.O.,Gasolina95,37731
2024-04,Canarias,GASOLINA  AUTO. S/PB 98 I.O.,Gasolina98,8610
2024-04,Canarias,OTRAS GASOLINAS,OtrasGasolinas,3
2024-04,Canarias,OTROS FUELÓLEOS,OtrosFueloleos,105419
2024-04,Canarias,OTROS GASOLEOS,OtrosGasoleos,148962
2024-04,Canarias,OTROS QUEROSENOS,OtrosQueroseno,0
2024-04,Canarias,QUEROSENO AVIACIÓN,QuerosenoAviacion,96005
2024-04,Cantabria,BIODIESEL,Biodiesel,177
2024-04,Cantabria,BIOETANOL,Bioetanol,0
2024-04,Cantabria,FUELÓLEO  BIA,Fueloleo_BIA,231
2024-04,Cantabria,GLP,GLP,1480
2024-04,Cantabria,GASÓLEO A,GasoleoA,24047
2024-04,Cantabria,GASÓLEO B,GasoleoB,4479
2024-04,Cantabria,GASÓLEO C,GasoleoC,182
2024-04,Cantabria,GASOLINA  AUTO. S/PB 95 I.O.,Gasolina95,6664
2024-04,Cantabria,GASOLINA  AUTO. S/PB 98 I.O.,Gasolina98,244
2024-04,Cantabria,OTRAS GASOLINAS,OtrasGasolinas,1
2024-04,Cantabria,OTROS FUELÓLEOS,OtrosFueloleos,0
2024-04,Cantabria,OTROS GASOLEOS,OtrosGasoleos,955
2024-04,Cantabria,OTROS QUEROSENOS,OtrosQueroseno,0
2024-04,Cantabria,QUEROSENO AVIACIÓN,QuerosenoAviacion,888
2024-04,Castilla - La Mancha,BIODIESEL,Biodiesel,53
2024-04,Castilla - La Mancha,BIOETANOL,Bioetanol,0
2024-04,Castilla - La Mancha,FUELÓLEO  BIA,Fueloleo_BIA,292
2024-04,Castilla - La Mancha,GLP,GLP,5107
2024-04,Castilla - La Mancha,GASÓLEO A,GasoleoA,109476
2024-04,Castilla - La Mancha,GASÓLEO B,GasoleoB,35628
2024-04,Castilla - La Mancha,GASÓLEO C,GasoleoC,7955
2024-04,Castilla - La Mancha,GASOLINA  AUTO. S/PB 95 I.O.,Gasolina95,21527
2024-04,Castilla - La Mancha,GASOLINA  AUTO. S/PB 98 I.O.,Gasolina98,707
2024-04,Castilla - La Mancha,OTRAS GASOLINAS,OtrasGasolinas,22
2024-04,Castilla - La Mancha,OTROS FUELÓLEOS,OtrosFueloleos,0
2024-04,Castilla - La Mancha,OTROS GASOLEOS,OtrosGasoleos,0
2024-04,Castilla - La Mancha,OTROS QUEROSENOS,OtrosQueroseno,0
2024-04,Castilla - La Mancha,QUEROSENO AVIACIÓN,QuerosenoAviacion,121
2024-04,Castilla y León,BIODIESEL,Biodiesel,109
2024-04,Castilla y León,BIOETANOL,Bioetanol,12
2024-04,Castilla y León,FUELÓLEO  BIA,Fueloleo_BIA,539
2024-04,Castilla y León,GLP,GLP,6570
2024-04,Castilla y León,GASÓLEO A,GasoleoA,144786
2024-04,Castilla y León,GASÓLEO B,GasoleoB,51138
2024-04,Castilla y León,GASÓLEO C,GasoleoC,13192
2024-04,Castilla y León,GASOLINA  AUTO. S/PB 95 I.O.,Gasolina95,28279
2024-04,Castilla y León,GASOLINA  AUTO. S/PB 98 I.O.,Gasolina98,1173
2024-04,Castilla y León,OTRAS GASOLINAS,OtrasGasolinas,74
2024-04,Castilla y León,OTROS FUELÓLEOS,OtrosFueloleos,0
2024-04,Castilla y León,OTROS GASOLEOS,OtrosGasoleos,0
2024-04,Castilla y León,OTROS QUEROSENOS,OtrosQueroseno,0
2024-04,Castilla y León,QUEROSENO AVIACIÓN,QuerosenoAviacion,309
2024-04,Cataluña,BIODIESEL,Biodiesel,174
2024-04,Cataluña,BIOETANOL,Bioetanol,0
2024-04,Cataluña,FUELÓLEO  BIA,Fueloleo_BIA,21578
2024-04,Cataluña,GLP,GLP,16688
2024-04,Cataluña,GASÓLEO A,GasoleoA,287168
2024-04,Cataluña,GASÓLEO B,GasoleoB,60679
2024-04,Cataluña,GASÓLEO C,GasoleoC,4883
2024-04,Cataluña,GASOLINA  AUTO. S/PB 95 I.O.,Gasolina95,89720
2024-04,Cataluña,GASOLINA  AUTO. S/PB 98 I.O.,Gasolina98,3944
2024-04,Cataluña,OTRAS GASOLINAS,OtrasGasolinas,98
2024-04,Cataluña,OTROS FUELÓLEOS,OtrosFueloleos,92442
2024-04,Cataluña,OTROS GASOLEOS,OtrosGasoleos,24632
2024-04,Cataluña,OTROS QUEROSENOS,OtrosQueroseno,2
2024-04,Cataluña,QUEROSENO AVIACIÓN,QuerosenoAviacion,110457
2024-04,Ceuta,BIODIESEL,Biodiesel,0
2024-04,Ceuta,BIOETANOL,Bioetanol,0
2024-04,Ceuta,FUELÓLEO  BIA,Fueloleo_BIA,2603
2024-04,Ceuta,GLP,GLP,226
2024-04,Ceuta,GASÓLEO A,GasoleoA,1072
2024-04,Ceuta,GASÓLEO B,GasoleoB,0
2024-04,Ceuta,GASÓLEO C,GasoleoC,0
2024-04,Ceuta,GASOLINA  AUTO. S/PB 95 I.O.,Gasolina95,562
2024-04,Ceuta,GASOLINA  AUTO. S/PB 98 I.O.,Gasolina98,59
2024-04,Ceuta,OTRAS GASOLINAS,OtrasGasolinas,0
2024-04,Ceuta,OTROS FUELÓLEOS,OtrosFueloleos,4935
2024-04,Ceuta,OTROS GASOLEOS,OtrosGasoleos,5877
2024-04,Ceuta,OTROS QUEROSENOS,OtrosQueroseno,0
2024-04,Ceuta,QUEROSENO AVIACIÓN,QuerosenoAviacion,58
2024-04,Comunitat Valenciana,BIODIESEL,Biodiesel,139
2024-04,Comunitat Valenciana,BIOETANOL,Bioetanol,0
2024-04,Comunitat Valenciana,FUELÓLEO  BIA,Fueloleo_BIA,182
2024-04,Comunitat Valenciana,GLP,GLP,10981
2024-04,Comunitat Valenciana,GASÓLEO A,GasoleoA,169257
2024-04,Comunitat Valenciana,GASÓLEO B,GasoleoB,17714
2024-04,Comunitat Valenciana,GASÓLEO C,GasoleoC,2633
2024-04,Comunitat Valenciana,GASOLINA  AUTO. S/PB 95 I.O.,Gasolina95,57416
2024-04,Comunitat Valenciana,GASOLINA  AUTO. S/PB 98 I.O.,Gasolina98,2206
2024-04,Comunitat Valenciana,OTRAS GASOLINAS,OtrasGasolinas,27
2024-04,Comunitat Valenciana,OTROS FUELÓLEOS,OtrosFueloleos,29483
2024-04,Comunitat Valenciana,OTROS GASOLEOS,OtrosGasoleos,18128
2024-04,Comunitat Valenciana,OTROS QUEROSENOS,OtrosQueroseno,7
2024-04,Comunitat Valenciana,QUEROSENO AVIACIÓN,QuerosenoAviacion,42907
2024-04,ESPAÑA,BIODIESEL,Biodiesel,2277
2024-04,ESPAÑA,BIOETANOL,Bioetanol,27
2024-04,ESPAÑA,FUELÓLEO  BIA,Fueloleo_BIA,257571
2024-04,ESPAÑA,GLP,GLP,114220
2024-04,ESPAÑA,GASÓLEO A,GasoleoA,1862071
2024-04,ESPAÑA,GASÓLEO B,GasoleoB,343087
2024-04,ESPAÑA,GASÓLEO C,GasoleoC,79597
2024-04,ESPAÑA,GASOLINA  AUTO. S/PB 95 I.O.,Gasolina95,509072
2024-04,ESPAÑA,GASOLINA  AUTO. S/PB 98 I.O.,Gasolina98,27704
2024-04,ESPAÑA,OTRAS GASOLINAS,OtrasGasolinas,453
2024-04,ESPAÑA,OTROS FUELÓLEOS,OtrosFueloleos,509552
2024-04,ESPAÑA,OTROS GASOLEOS,OtrosGasoleos,261052
2024-04,ESPAÑA,OTROS QUEROSENOS,OtrosQueroseno,10
2024-04,ESPAÑA,QUEROSENO AVIACIÓN,QuerosenoAviacion,600285
2024-04,Extremadura,BIODIESEL,Biodiesel,13
2024-04,Extremadura,BIOETANOL,Bioetanol,0
2024-04,Extremadura,FUELÓLEO  BIA,Fueloleo_BIA,381
2024-04,Extremadura,GLP,GLP,4035
2024-04,Extremadura,GASÓLEO A,GasoleoA,65455
2024-04,Extremadura,GASÓLEO B,GasoleoB,14028
2024-04,Extremadura,GASÓLEO C,GasoleoC,896
2024-04,Extremadura,GASOLINA  AUTO. S/PB 95 I.O.,Gasolina95,10442
2024-04,Extremadura,GASOLINA  AUTO. S/PB 98 I.O.,Gasolina98,291
2024-04,Extremadura,OTRAS GASOLINAS,OtrasGasolinas,2
2024-04,Extremadura,OTROS FUELÓLEOS,OtrosFueloleos,0
2024-04,Extremadura,OTROS GASOLEOS,OtrosGasoleos,0
2024-04,Extremadura,OTROS QUEROSENOS,OtrosQueroseno,0
2024-04,Extremadura,QUEROSENO AVIACIÓN,QuerosenoAviacion,77
2024-04,Galicia,BIODIESEL,Biodiesel,155
2024-04,Galicia,BIOETANOL,Bioetanol,9
2024-04,Galicia,FUELÓLEO  BIA,Fueloleo_BIA,6290
2024-04,Galicia,GLP,GLP,10077
2024-04,Galicia,GASÓLEO A,GasoleoA,109080
2024-04,Galicia,GASÓLEO B,GasoleoB,24332
2024-04,Galicia,GASÓLEO C,GasoleoC,13994
2024-04,Galicia,GASOLINA  AUTO. S/PB 95 I.O.,Gasolina95,23489
2024-04,Galicia,GASOLINA  AUTO. S/PB 98 I.O.,Gasolina98,1144
2024-04,Galicia,OTRAS GASOLINAS,OtrasGasolinas,6
2024-04,Galicia,OTROS FUELÓLEOS,OtrosFueloleos,810
2024-04,Galicia,OTROS GASOLEOS,OtrosGasoleos,9153
2024-04,Galicia,OTROS QUEROSENOS,OtrosQueroseno,0
2024-04,Galicia,QUEROSENO AVIACIÓN,QuerosenoAviacion,5904
2024-04,"Madrid, Comunidad de",BIODIESEL,Biodiesel,140
2024-04,"Madrid, Comunidad de",BIOETANOL,Bioetanol,0
2024-04,"Madrid, Comunidad de",FUELÓLEO  BIA,Fueloleo_BIA,398
2024-04,"Madrid, Comunidad de",GLP,GLP,8714
2024-04,"Madrid, Comunidad de",GASÓLEO A,GasoleoA,155989
2024-04,"Madrid, Comunidad de",GASÓLEO B,GasoleoB,10527
2024-04,"Madrid, Comunidad de",GASÓLEO C,GasoleoC,11823
2024-04,"Madrid, Comunidad de",GASOLINA  AUTO. S/PB 95 I.O.,Gasolina95,67827
2024-04,"Madrid, Comunidad de",GASOLINA  AUTO. S/PB 98 I.O.,Gasolina98,2354
2024-04,"Madrid, Comunidad de",OTRAS GASOLINAS,OtrasGasolinas,76
2024-04,"Madrid, Comunidad de",OTROS FUELÓLEOS,OtrosFueloleos,0
2024-04,"Madrid, Comunidad de",OTROS GASOLEOS,OtrosGasoleos,0
2024-04,"Madrid, Comunidad de",OTROS QUEROSENOS,OtrosQueroseno,1
2024-04,"Madrid, Comunidad de",QUEROSENO AVIACIÓN,QuerosenoAviacion,214332
2024-04,Melilla,BIODIESEL,Biodiesel,0
2024-04,Melilla,BIOETANOL,Bioetanol,0
2024-04,Melilla,FUELÓLEO  BIA,Fueloleo_BIA,2495
2024-04,Melilla,GLP,GLP,207
2024-04,Melilla,GASÓLEO A,GasoleoA,1011
2024-04,Melilla,GASÓLEO B,GasoleoB,0
2024-04,Melilla,GASÓLEO C,GasoleoC,0
2024-04,Melilla,GASOLINA  AUTO. S/PB 95 I.O.,Gasolina95,566
2024-04,Melilla,GASOLINA  AUTO. S/PB 98 I.O.,Gasolina98,0
2024-04,Melilla,OTRAS GASOLINAS,OtrasGasolinas,0
2024-04,Melilla,OTROS FUELÓLEOS,OtrosFueloleos,0
2024-04,Melilla,OTROS GASOLEOS,OtrosGasoleos,0
2024-04,Melilla,OTROS QUEROSENOS,OtrosQueroseno,0
2024-04,Melilla,QUEROSENO AVIACIÓN,QuerosenoAviacion,153
2024-04,"Murcia, Región de",BIODIESEL,Biodiesel,296
2024-04,"Murcia, Región de",BIOETANOL,Bioetanol,6
2024-04,"Murcia, Región de",FUELÓLEO  BIA,Fueloleo_BIA,204
2024-04,"Murcia, Región de",GLP,GLP,3754
2024-04,"Murcia, Región de",GASÓLEO A,GasoleoA,81574
2024-04,"Murcia, Región de",GASÓLEO B,GasoleoB,11915
2024-04,"Murcia, Región de",GASÓLEO C,GasoleoC,466
2024-04,"Murcia, Región de",GASOLINA  AUTO. S/PB 95 I.O.,Gasolina95,13637
2024-04,"Murcia, Región de",GASOLINA  AUTO. S/PB 98 I.O.,Gasolina98,612
2024-04,"Murcia, Región de",OTRAS GASOLINAS,OtrasGasolinas,3
2024-04,"Murcia, Región de",OTROS FUELÓLEOS,OtrosFueloleos,126
2024-04,"Murcia, Región de",OTROS GASOLEOS,OtrosGasoleos,1561
2024-04,"Murcia, Región de",OTROS QUEROSENOS,OtrosQueroseno,0
2024-04,"Murcia, Región de",QUEROSENO AVIACIÓN,QuerosenoAviacion,1623
2024-04,"Navarra, Comunidad Foral de",BIODIESEL,Biodiesel,126
2024-04,"Navarra, Comunidad Foral de",BIOETANOL,Bioetanol,0
2024-04,"Navarra, Comunidad Foral de",FUELÓLEO  BIA,Fueloleo_BIA,157
2024-04,"Navarra, Comunidad Foral de",GLP,GLP,1084
2024-04,"Navarra, Comunidad Foral de",GASÓLEO A,GasoleoA,54555
2024-04,"Navarra, Comunidad Foral de",GASÓLEO B,GasoleoB,7011
2024-04,"Navarra, Comunidad Foral de",GASÓLEO C,GasoleoC,794
2024-04,"Navarra, Comunidad Foral de",GASOLINA  AUTO. S/PB 95 I.O.,Gasolina95,7208
2024-04,"Navarra, Comunidad Foral de",GASOLINA  AUTO. S/PB 98 I.O.,Gasolina98,231
2024-04,"Navarra, Comunidad Foral de",OTRAS GASOLINAS,OtrasGasolinas,2
2024-04,"Navarra, Comunidad Foral de",OTROS FUELÓLEOS,OtrosFueloleos,0
2024-04,"Navarra, Comunidad Foral de",OTROS GASOLEOS,OtrosGasoleos,0
2024-04,"Navarra, Comunidad Foral de",OTROS QUEROSENOS,OtrosQueroseno,0
2024-04,"Navarra, Comunidad Foral de",QUEROSENO AVIACIÓN,QuerosenoAviacion,139
2024-04,País Vasco,BIODIESEL,Biodiesel,475
2024-04,País Vasco,BIOETANOL,Bioetanol,0
2024-04,País Vasco,FUELÓLEO  BIA,Fueloleo_BIA,498
2024-04,País Vasco,GLP,GLP,2802
2024-04,País Vasco,GASÓLEO A,GasoleoA,155538
2024-04,País Vasco,GASÓLEO B,GasoleoB,13674
2024-04,País Vasco,GASÓLEO C,GasoleoC,5470
2024-04,País Vasco,GASOLINA  AUTO. S/PB 95 I.O.,Gasolina95,19509
2024-04,País Vasco,GASOLINA  AUTO. S/PB 98 I.O.,Gasolina98,942
2024-04,País Vasco,OTRAS GASOLINAS,OtrasGasolinas,3
2024-04,País Vasco,OTROS FUELÓLEOS,OtrosFueloleos,0
2024-04,País Vasco,OTROS GASOLEOS,OtrosGasoleos,3161
2024-04,País Vasco,OTROS QUEROSENOS,OtrosQueroseno,0
2024-04,País Vasco,QUEROSENO AVIACIÓN,QuerosenoAviacion,7915
2024-04,"Rioja, La",BIODIESEL,Biodiesel,0
2024-04,"Rioja, La",BIOETANOL,Bioetanol,0
2024-04,"Rioja, La",FUELÓLEO  BIA,Fueloleo_BIA,38
2024-04,"Rioja, La",GLP,GLP,450
2024-04,"Rioja, La",GASÓLEO A,GasoleoA,14251
2024-04,"Rioja, La",GASÓLEO B,GasoleoB,3600
2024-04,"Rioja, La",GASÓLEO C,GasoleoC,1275
2024-04,"Rioja, La",GASOLINA  AUTO. S/PB 95 I.O.,Gasolina95,2691
2024-04,"Rioja, La",GASOLINA  AUTO. S/PB 98 I.O.,Gasolina98,86
2024-04,"Rioja, La",OTRAS GASOLINAS,OtrasGasolinas,4
2024-04,"Rioja, La",OTROS FUELÓLEOS,OtrosFueloleos,0
2024-04,"Rioja, La",OTROS GASOLEOS,OtrosGasoleos,0
2024-04,"Rioja, La",OTROS QUEROSENOS,OtrosQueroseno,0
2024-04,"Rioja, La",QUEROSENO AVIACIÓN,QuerosenoAviacion,16
2024-05,Andalucía,BIODIESEL,Biodiesel,355
2024-05,Andalucía,BIOETANOL,Bioetanol,0
2024-05,Andalucía,FUELÓLEO  BIA,Fueloleo_BIA,42008
2024-05,Andalucía,GLP,GLP,21815
2024-05,Andalucía,GASÓLEO A,GasoleoA,311942
2024-05,Andalucía,GASÓLEO B,GasoleoB,60022
2024-05,Andalucía,GASÓLEO C,GasoleoC,2654
2024-05,Andalucía,GASOLINA  AUTO. S/PB 95 I.O.,Gasolina95,84592
2024-05,Andalucía,GASOLINA  AUTO. S/PB 98 I.O.,Gasolina98,3171
2024-05,Andalucía,OTRAS GASOLINAS,OtrasGasolinas,170
2024-05,Andalucía,OTROS FUELÓLEOS,OtrosFueloleos,228542
2024-05,Andalucía,OTROS GASOLEOS,OtrosGasoleos,34784
2024-05,Andalucía,OTROS QUEROSENOS,OtrosQueroseno,0
2024-05,Andalucía,QUEROSENO AVIACIÓN,QuerosenoAviacion,63392
2024-05,Aragón,BIODIESEL,Biodiesel,163
2024-05,Aragón,BIOETANOL,Bioetanol,0
2024-05,Aragón,FUELÓLEO  BIA,Fueloleo_BIA,98
2024-05,Aragón,GLP,GLP,3172
2024-05,Aragón,GASÓLEO A,GasoleoA,71095
2024-05,Aragón,GASÓLEO B,GasoleoB,19070
2024-05,Aragón,GASÓLEO C,GasoleoC,3140
2024-05,Aragón,GASOLINA  AUTO. S/PB 95 I.O.,Gasolina95,14499
2024-05,Aragón,GASOLINA  AUTO. S/PB 98 I.O.,Gasolina98,569
2024-05,Aragón,OTRAS GASOLINAS,OtrasGasolinas,10
2024-05,Aragón,OTROS FUELÓLEOS,OtrosFueloleos,0
2024-05,Aragón,OTROS GASOLEOS,OtrosGasoleos,17
2024-05,Aragón,OTROS QUEROSENOS,OtrosQueroseno,0
2024-05,Aragón,QUEROSENO AVIACIÓN,QuerosenoAviacion,7896
2024-05,"Asturias, Principado de",BIODIESEL,Biodiesel,36
2024-05,"Asturias, Principado de",BIOETANOL,Bioetanol,0
2024-05,"Asturias, Principado de",FUELÓLEO  BIA,Fueloleo_BIA,462
2024-05,"Asturias, Principado de",GLP,GLP,1978
2024-05,"Asturias, Principado de",GASÓLEO A,GasoleoA,32975
2024-05,"Asturias, Principado de",GASÓLEO B,GasoleoB,6131
2024-05,"Asturias, Principado de",GASÓLEO C,GasoleoC,2113
2024-05,"Asturias, Principado de",GASOLINA  AUTO. S/PB 95 I.O.,Gasolina95,8991
2024-05,"Asturias, Principado de",GASOLINA  AUTO. S/PB 98 I.O.,Gasolina98,507
2024-05,"Asturias, Principado de",OTRAS GASOLINAS,OtrasGasolinas,1
2024-05,"Asturias, Principado de",OTROS FUELÓLEOS,OtrosFueloleos,1078
2024-05,"Asturias, Principado de",OTROS GASOLEOS,OtrosGasoleos,3954
2024-05,"Asturias, Principado de",OTROS QUEROSENOS,OtrosQueroseno,0
2024-05,"Asturias, Principado de",QUEROSENO AVIACIÓN,QuerosenoAviacion,1235
2024-05,"Balears, Illes",BIODIESEL,Biodiesel,0
2024-05,"Balears, Illes",BIOETANOL,Bioetanol,0
2024-05,"Balears, Illes",FUELÓLEO  BIA,Fueloleo_BIA,0
2024-05,"Balears, Illes",GLP,GLP,4649
2024-05,"Balears, Illes",GASÓLEO A,GasoleoA,33259
2024-05,"Balears, Illes",GASÓLEO B,GasoleoB,3642
2024-05,"Balears, Illes",GASÓLEO C,GasoleoC,20155
2024-05,"Balears, Illes",GASOLINA  AUTO. S/PB 95 I.O.,Gasolina95,24851
2024-05,"Balears, Illes",GASOLINA  AUTO. S/PB 98 I.O.,Gasolina98,994
2024-05,"Balears, Illes",OTRAS GASOLINAS,OtrasGasolinas,26
2024-05,"Balears, Illes",OTROS FUELÓLEOS,OtrosFueloleos,0
2024-05,"Balears, Illes",OTROS GASOLEOS,OtrosGasoleos,4481
2024-05,"Balears, Illes",OTROS QUEROSENOS,OtrosQueroseno,0
2024-05,"Balears, Illes",QUEROSENO AVIACIÓN,QuerosenoAviacion,76540
2024-05,Canarias,BIODIESEL,Biodiesel,0
2024-05,Canarias,BIOETANOL,Bioetanol,0
2024-05,Canarias,FUELÓLEO  BIA,Fueloleo_BIA,187094
2024-05,Canarias,GLP,GLP,6593
2024-05,Canarias,GASÓLEO A,GasoleoA,55656
2024-05,Canarias,GASÓLEO B,GasoleoB,0
2024-05,Canarias,GASÓLEO C,GasoleoC,0
2024-05,Canarias,GASOLINA  AUTO. S/PB 95 I.O.,Gasolina95,36793
2024-05,Canarias,GASOLINA  AUTO. S/PB 98 I.O.,Gasolina98,8491
2024-05,Canarias,OTRAS GASOLINAS,OtrasGasolinas,5
2024-05,Canarias,OTROS FUELÓLEOS,OtrosFueloleos,86324
2024-05,Canarias,OTROS GASOLEOS,OtrosGasoleos,121479
2024-05,Canarias,OTROS QUEROSENOS,OtrosQueroseno,0
2024-05,Canarias,QUEROSENO AVIACIÓN,QuerosenoAviacion,82765
2024-05,Cantabria,BIODIESEL,Biodiesel,351
2024-05,Cantabria,BIOETANOL,Bioetanol,0
2024-05,Cantabria,FUELÓLEO  BIA,Fueloleo_BIA,404
2024-05,Cantabria,GLP,GLP,1185
2024-05,Cantabria,GASÓLEO A,GasoleoA,24232
2024-05,Cantabria,GASÓLEO B,GasoleoB,4581
2024-05,Cantabria,GASÓLEO C,GasoleoC,125
2024-05,Cantabria,GASOLINA  AUTO. S/PB 95 I.O.,Gasolina95,6599
2024-05,Cantabria,GASOLINA  AUTO. S/PB 98 I.O.,Gasolina98,305
2024-05,Cantabria,OTRAS GASOLINAS,OtrasGasolinas,1
2024-05,Cantabria,OTROS FUELÓLEOS,OtrosFueloleos,0
2024-05,Cantabria,OTROS GASOLEOS,OtrosGasoleos,1317
2024-05,Cantabria,OTROS QUEROSENOS,OtrosQueroseno,0
2024-05,Cantabria,QUEROSENO AVIACIÓN,QuerosenoAviacion,844
2024-05,Castilla - La Mancha,BIODIESEL,Biodiesel,158
2024-05,Castilla - La Mancha,BIOETANOL,Bioetanol,0
2024-05,Castilla - La Mancha,FUELÓLEO  BIA,Fueloleo_BIA,260
2024-05,Castilla - La Mancha,GLP,GLP,3803
2024-05,Castilla - La Mancha,GASÓLEO A,GasoleoA,108594
2024-05,Castilla - La Mancha,GASÓLEO B,GasoleoB,30656
2024-05,Castilla - La Mancha,GASÓLEO C,GasoleoC,3807
2024-05,Castilla - La Mancha,GASOLINA  AUTO. S/PB 95 I.O.,Gasolina95,22238
2024-05,Castilla - La Mancha,GASOLINA  AUTO. S/PB 98 I.O.,Gasolina98,752
2024-05,Castilla - La Mancha,OTRAS GASOLINAS,OtrasGasolinas,15
2024-05,Castilla - La Mancha,OTROS FUELÓLEOS,OtrosFueloleos,0
2024-05,Castilla - La Mancha,OTROS GASOLEOS,OtrosGasoleos,0
2024-05,Castilla - La Mancha,OTROS QUEROSENOS,OtrosQueroseno,0
2024-05,Castilla - La Mancha,QUEROSENO AVIACIÓN,QuerosenoAviacion,195
2024-05,Castilla y León,BIODIESEL,Biodiesel,148
2024-05,Castilla y León,BIOETANOL,Bioetanol,0
2024-05,Castilla y León,FUELÓLEO  BIA,Fueloleo_BIA,589
2024-05,Castilla y León,GLP,GLP,5475
2024-05,Castilla y León,GASÓLEO A,GasoleoA,140639
2024-05,Castilla y León,GASÓLEO B,GasoleoB,44638
2024-05,Castilla y León,GASÓLEO C,GasoleoC,9773
2024-05,Castilla y León,GASOLINA  AUTO. S/PB 95 I.O.,Gasolina95,28591
2024-05,Castilla y León,GASOLINA  AUTO. S/PB 98 I.O.,Gasolina98,1224
2024-05,Castilla y León,OTRAS GASOLINAS,OtrasGasolinas,73
2024-05,Castilla y León,OTROS FUELÓLEOS,OtrosFueloleos,0
2024-05,Castilla y León,OTROS GASOLEOS,OtrosGasoleos,0
2024-05,Castilla y León,OTROS QUEROSENOS,OtrosQueroseno,0
2024-05,Castilla y León,QUEROSENO AVIACIÓN,QuerosenoAviacion,526
2024-05,Cataluña,BIODIESEL,Biodiesel,184
2024-05,Cataluña,BIOETANOL,Bioetanol,0
2024-05,Cataluña,FUELÓLEO  BIA,Fueloleo_BIA,19949
2024-05,Cataluña,GLP,GLP,16072
2024-05,Cataluña,GASÓLEO A,GasoleoA,319020
2024-05,Cataluña,GASÓLEO B,GasoleoB,29300
2024-05,Cataluña,GASÓLEO C,GasoleoC,3913
2024-05,Cataluña,GASOLINA  AUTO. S/PB 95 I.O.,Gasolina95,91457
2024-05,Cataluña,GASOLINA  AUTO. S/PB 98 I.O.,Gasolina98,4274
2024-05,Cataluña,OTRAS GASOLINAS,OtrasGasolinas,116
2024-05,Cataluña,OTROS FUELÓLEOS,OtrosFueloleos,97690
2024-05,Cataluña,OTROS GASOLEOS,OtrosGasoleos,28611
2024-05,Cataluña,OTROS QUEROSENOS,OtrosQueroseno,0
2024-05,Cataluña,QUEROSENO AVIACIÓN,QuerosenoAviacion,122825
2024-05,Ceuta,BIODIESEL,Biodiesel,0
2024-05,Ceuta,BIOETANOL,Bioetanol,0
2024-05,Ceuta,FUELÓLEO  BIA,Fueloleo_BIA,2485
2024-05,Ceuta,GLP,GLP,125
2024-05,Ceuta,GASÓLEO A,GasoleoA,1031
2024-05,Ceuta,GASÓLEO B,GasoleoB,0
2024-05,Ceuta,GASÓLEO C,GasoleoC,81
2024-05,Ceuta,GASOLINA  AUTO. S/PB 95 I.O.,Gasolina95,543
2024-05,Ceuta,GASOLINA  AUTO. S/PB 98 I.O.,Gasolina98,59
2024-05,Ceuta,OTRAS GASOLINAS,OtrasGasolinas,0
2024-05,Ceuta,OTROS FUELÓLEOS,OtrosFueloleos,8419
2024-05,Ceuta,OTROS GASOLEOS,OtrosGasoleos,6893
2024-05,Ceuta,OTROS QUEROSENOS,OtrosQueroseno,0
2024-05,Ceuta,QUEROSENO AVIACIÓN,QuerosenoAviacion,54
2024-05,Comunitat Valenciana,BIODIESEL,Biodiesel,116
2024-05,Comunitat Valenciana,BIOETANOL,Bioetanol,0
2024-05,Comunitat Valenciana,FUELÓLEO  BIA,Fueloleo_BIA,302
2024-05,Comunitat Valenciana,GLP,GLP,10278
2024-05,Comunitat Valenciana,GASÓLEO A,GasoleoA,178600
2024-05,Comunitat Valenciana,GASÓLEO B,GasoleoB,18065
2024-05,Comunitat Valenciana,GASÓLEO C,GasoleoC,2156
2024-05,Comunitat Valenciana,GASOLINA  AUTO. S/PB 95 I.O.,Gasolina95,59402
2024-05,Comunitat Valenciana,GASOLINA  AUTO. S/PB 98 I.O.,Gasolina98,2364
2024-05,Comunitat Valenciana,OTRAS GASOLINAS,OtrasGasolinas,31
2024-05,Comunitat Valenciana,OTROS FUELÓLEOS,OtrosFueloleos,21057
2024-05,Comunitat Valenciana,OTROS GASOLEOS,OtrosGasoleos,17172
2024-05,Comunitat Valenciana,OTROS QUEROSENOS,OtrosQueroseno,14
2024-05,Comunitat Valenciana,QUEROSENO AVIACIÓN,QuerosenoAviacion,46137
2024-05,ESPAÑA,BIODIESEL,Biodiesel,3382
2024-05,ESPAÑA,BIOETANOL,Bioetanol,16
2024-05,ESPAÑA,FUELÓLEO  BIA,Fueloleo_BIA,266028
2024-05,ESPAÑA,GLP,GLP,101862
2024-05,ESPAÑA,GASÓLEO A,GasoleoA,1930921
2024-05,ESPAÑA,GASÓLEO B,GasoleoB,295712
2024-05,ESPAÑA,GASÓLEO C,GasoleoC,69676
2024-05,ESPAÑA,GASOLINA  AUTO. S/PB 95 I.O.,Gasolina95,527564
2024-05,ESPAÑA,GASOLINA  AUTO. S/PB 98 I.O.,Gasolina98,28464
2024-05,ESPAÑA,OTRAS GASOLINAS,OtrasGasolinas,541
2024-05,ESPAÑA,OTROS FUELÓLEOS,OtrosFueloleos,445794
2024-05,ESPAÑA,OTROS GASOLEOS,OtrosGasoleos,235192
2024-05,ESPAÑA,OTROS QUEROSENOS,OtrosQueroseno,16
2024-05,ESPAÑA,QUEROSENO AVIACIÓN,QuerosenoAviacion,646852
2024-05,Extremadura,BIODIESEL,Biodiesel,55
2024-05,Extremadura,BIOETANOL,Bioetanol,0
2024-05,Extremadura,FUELÓLEO  BIA,Fueloleo_BIA,212
2024-05,Extremadura,GLP,GLP,3370
2024-05,Extremadura,GASÓLEO A,GasoleoA,64383
2024-05,Extremadura,GASÓLEO B,GasoleoB,14156
2024-05,Extremadura,GASÓLEO C,GasoleoC,583
2024-05,Extremadura,GASOLINA  AUTO. S/PB 95 I.O.,Gasolina95,9879
2024-05,Extremadura,GASOLINA  AUTO. S/PB 98 I.O.,Gasolina98,319
2024-05,Extremadura,OTRAS GASOLINAS,OtrasGasolinas,1
2024-05,Extremadura,OTROS FUELÓLEOS,OtrosFueloleos,0
2024-05,Extremadura,OTROS GASOLEOS,OtrosGasoleos,0
2024-05,Extremadura,OTROS QUEROSENOS,OtrosQueroseno,0
2024-05,Extremadura,QUEROSENO AVIACIÓN,QuerosenoAviacion,139
2024-05,Galicia,BIODIESEL,Biodiesel,142
2024-05,Galicia,BIOETANOL,Bioetanol,0
2024-05,Galicia,FUELÓLEO  BIA,Fueloleo_BIA,8324
2024-05,Galicia,GLP,GLP,8624
2024-05,Galicia,GASÓLEO A,GasoleoA,111577
2024-05,Galicia,GASÓLEO B,GasoleoB,24272
2024-05,Galicia,GASÓLEO C,GasoleoC,9933
2024-05,Galicia,GASOLINA  AUTO. S/PB 95 I.O.,Gasolina95,24505
2024-05,Galicia,GASOLINA  AUTO. S/PB 98 I.O.,Gasolina98,1141
2024-05,Galicia,OTRAS GASOLINAS,OtrasGasolinas,5
2024-05,Galicia,OTROS FUELÓLEOS,OtrosFueloleos,2506
2024-05,Galicia,OTROS GASOLEOS,OtrosGasoleos,12953
2024-05,Galicia,OTROS QUEROSENOS,OtrosQueroseno,0
2024-05,Galicia,QUEROSENO AVIACIÓN,QuerosenoAviacion,5349
2024-05,"Madrid, Comunidad de",BIODIESEL,Biodiesel,331
2024-05,"Madrid, Comunidad de",BIOETANOL,Bioetanol,0
2024-05,"Madrid, Comunidad de",FUELÓLEO  BIA,Fueloleo_BIA,341
2024-05,"Madrid, Comunidad de",GLP,GLP,7310
2024-05,"Madrid, Comunidad de",GASÓLEO A,GasoleoA,154057
2024-05,"Madrid, Comunidad de",GASÓLEO B,GasoleoB,8361
2024-05,"Madrid, Comunidad de",GASÓLEO C,GasoleoC,6153
2024-05,"Madrid, Comunidad de",GASOLINA  AUTO. S/PB 95 I.O.,Gasolina95,66344
2024-05,"Madrid, Comunidad de",GASOLINA  AUTO. S/PB 98 I.O.,Gasolina98,2392
2024-05,"Madrid, Comunidad de",OTRAS GASOLINAS,OtrasGasolinas,75
2024-05,"Madrid, Comunidad de",OTROS FUELÓLEOS,OtrosFueloleos,0
2024-05,"Madrid, Comunidad de",OTROS GASOLEOS,OtrosGasoleos,0
2024-05,"Madrid, Comunidad de",OTROS QUEROSENOS,OtrosQueroseno,0
2024-05,"Madrid, Comunidad de",QUEROSENO AVIACIÓN,QuerosenoAviacion,229356
2024-05,Melilla,BIODIESEL,Biodiesel,0
2024-05,Melilla,BIOETANOL,Bioetanol,0
2024-05,Melilla,FUELÓLEO  BIA,Fueloleo_BIA,2485
2024-05,Melilla,GLP,GLP,188
2024-05,Melilla,GASÓLEO A,GasoleoA,1068
2024-05,Melilla,GASÓLEO B,GasoleoB,0
2024-05,Melilla,GASÓLEO C,GasoleoC,0
2024-05,Melilla,GASOLINA  AUTO. S/PB 95 I.O.,Gasolina95,584
2024-05,Melilla,GASOLINA  AUTO. S/PB 98 I.O.,Gasolina98,0
2024-05,Melilla,OTRAS GASOLINAS,OtrasGasolinas,0
2024-05,Melilla,OTROS FUELÓLEOS,OtrosFueloleos,0
2024-05,Melilla,OTROS GASOLEOS,OtrosGasoleos,0
2024-05,Melilla,OTROS QUEROSENOS,OtrosQueroseno,0
2024-05,Melilla,QUEROSENO AVIACIÓN,QuerosenoAviacion,130
2024-05,"Murcia, Región de",BIODIESEL,Biodiesel,509
2024-05,"Murcia, Región de",BIOETANOL,Bioetanol,16
2024-05,"Murcia, Región de",FUELÓLEO  BIA,Fueloleo_BIA,228
2024-05,"Murcia, Región de",GLP,GLP,3339
2024-05,"Murcia, Región de",GASÓLEO A,GasoleoA,93904
2024-05,"Murcia, Región de",GASÓLEO B,GasoleoB,11803
2024-05,"Murcia, Región de",GASÓLEO C,GasoleoC,499
2024-05,"Murcia, Región de",GASOLINA  AUTO. S/PB 95 I.O.,Gasolina95,15689
2024-05,"Murcia, Región de",GASOLINA  AUTO. S/PB 98 I.O.,Gasolina98,608
2024-05,"Murcia, Región de",OTRAS GASOLINAS,OtrasGasolinas,0
2024-05,"Murcia, Región de",OTROS FUELÓLEOS,OtrosFueloleos,178
2024-05,"Murcia, Región de",OTROS GASOLEOS,OtrosGasoleos,1135
2024-05,"Murcia, Región de",OTROS QUEROSENOS,OtrosQueroseno,0
2024-05,"Murcia, Región de",QUEROSENO AVIACIÓN,QuerosenoAviacion,1688
2024-05,"Navarra, Comunidad Foral de",BIODIESEL,Biodiesel,131
2024-05,"Navarra, Comunidad Foral de",BIOETANOL,Bioetanol,0
2024-05,"Navarra, Comunidad Foral de",FUELÓLEO  BIA,Fueloleo_BIA,159
2024-05,"Navarra, Comunidad Foral de",GLP,GLP,1067
2024-05,"Navarra, Comunidad Foral de",GASÓLEO A,GasoleoA,56653
2024-05,"Navarra, Comunidad Foral de",GASÓLEO B,GasoleoB,6010
2024-05,"Navarra, Comunidad Foral de",GASÓLEO C,GasoleoC,509
2024-05,"Navarra, Comunidad Foral de",GASOLINA  AUTO. S/PB 95 I.O.,Gasolina95,8129
2024-05,"Navarra, Comunidad Foral de",GASOLINA  AUTO. S/PB 98 I.O.,Gasolina98,254
2024-05,"Navarra, Comunidad Foral de",OTRAS GASOLINAS,OtrasGasolinas,2
2024-05,"Navarra, Comunidad Foral de",OTROS FUELÓLEOS,OtrosFueloleos,0
2024-05,"Navarra, Comunidad Foral de",OTROS GASOLEOS,OtrosGasoleos,0
2024-05,"Navarra, Comunidad Foral de",OTROS QUEROSENOS,OtrosQueroseno,0
2024-05,"Navarra, Comunidad Foral de",QUEROSENO AVIACIÓN,QuerosenoAviacion,125
2024-05,País Vasco,BIODIESEL,Biodiesel,703
2024-05,País Vasco,BIOETANOL,Bioetanol,0
2024-05,País Vasco,FUELÓLEO  BIA,Fueloleo_BIA,603
2024-05,País Vasco,GLP,GLP,2452
2024-05,País Vasco,GASÓLEO A,GasoleoA,159643
2024-05,País Vasco,GASÓLEO B,GasoleoB,12062
2024-05,País Vasco,GASÓLEO C,GasoleoC,3283
2024-05,País Vasco,GASOLINA  AUTO. S/PB 95 I.O.,Gasolina95,21055
2024-05,País Vasco,GASOLINA  AUTO. S/PB 98 I.O.,Gasolina98,938
2024-05,País Vasco,OTRAS GASOLINAS,OtrasGasolinas,6
2024-05,País Vasco,OTROS FUELÓLEOS,OtrosFueloleos,0
2024-05,País Vasco,OTROS GASOLEOS,OtrosGasoleos,2396
2024-05,País Vasco,OTROS QUEROSENOS,OtrosQueroseno,2
2024-05,País Vasco,QUEROSENO AVIACIÓN,QuerosenoAviacion,7648
2024-05,"Rioja, La",BIODIESEL,Biodiesel,0
2024-05,"Rioja, La",BIOETANOL,Bioetanol,0
2024-05,"Rioja, La",FUELÓLEO  BIA,Fueloleo_BIA,25
2024-05,"Rioja, La",GLP,GLP,367
2024-05,"Rioja, La",GASÓLEO A,GasoleoA,12593
2024-05,"Rioja, La",GASÓLEO B,GasoleoB,2943
2024-05,"Rioja, La",GASÓLEO C,GasoleoC,799
2024-05,"Rioja, La",GASOLINA  AUTO. S/PB 95 I.O.,Gasolina95,2823
2024-05,"Rioja, La",GASOLINA  AUTO. S/PB 98 I.O.,Gasolina98,102
2024-05,"Rioja, La",OTRAS GASOLINAS,OtrasGasolinas,4
2024-05,"Rioja, La",OTROS FUELÓLEOS,OtrosFueloleos,0
2024-05,"Rioja, La",OTROS GASOLEOS,OtrosGasoleos,0
2024-05,"Rioja, La",OTROS QUEROSENOS,OtrosQueroseno,0
2024-05,"Rioja, La",QUEROSENO AVIACIÓN,QuerosenoAviacion,8
2024-06,Andalucía,BIODIESEL,Biodiesel,414
2024-06,Andalucía,BIOETANOL,Bioetanol,0
2024-06,Andalucía,FUELÓLEO  BIA,Fueloleo_BIA,34713
2024-06,Andalucía,GLP,GLP,16911
2024-06,Andalucía,GASÓLEO A,GasoleoA,284813
2024-06,Andalucía,GASÓLEO B,GasoleoB,54896
2024-06,Andalucía,GASÓLEO C,GasoleoC,2262
2024-06,Andalucía,GASOLINA  AUTO. S/PB 95 I.O.,Gasolina95,78880
2024-06,Andalucía,GASOLINA  AUTO. S/PB 98 I.O.,Gasolina98,3074
2024-06,Andalucía,OTRAS GASOLINAS,OtrasGasolinas,160
2024-06,Andalucía,OTROS FUELÓLEOS,OtrosFueloleos,233335
2024-06,Andalucía,OTROS GASOLEOS,OtrosGasoleos,38755
2024-06,Andalucía,OTROS QUEROSENOS,OtrosQueroseno,0
2024-06,Andalucía,QUEROSENO AVIACIÓN,QuerosenoAviacion,64417
2024-06,Aragón,BIODIESEL,Biodiesel,512
2024-06,Aragón,BIOETANOL,Bioetanol,0
2024-06,Aragón,FUELÓLEO  BIA,Fueloleo_BIA,160
2024-06,Aragón,GLP,GLP,2149
2024-06,Aragón,GASÓLEO A,GasoleoA,65674
2024-06,Aragón,GASÓLEO B,GasoleoB,21694
2024-06,Aragón,GASÓLEO C,GasoleoC,2203
2024-06,Aragón,GASOLINA  AUTO. S/PB 95 I.O.,Gasolina95,14358
2024-06,Aragón,GASOLINA  AUTO. S/PB 98 I.O.,Gasolina98,644
2024-06,Aragón,OTRAS GASOLINAS,OtrasGasolinas,3
2024-06,Aragón,OTROS FUELÓLEOS,OtrosFueloleos,0
2024-06,Aragón,OTROS GASOLEOS,OtrosGasoleos,17
2024-06,Aragón,OTROS QUEROSENOS,OtrosQueroseno,0
2024-06,Aragón,QUEROSENO AVIACIÓN,QuerosenoAviacion,6570
2024-06,"Asturias, Principado de",BIODIESEL,Biodiesel,29
2024-06,"Asturias, Principado de",BIOETANOL,Bioetanol,0
2024-06,"Asturias, Principado de",FUELÓLEO  BIA,Fueloleo_BIA,1165
2024-06,"Asturias, Principado de",GLP,GLP,1592
2024-06,"Asturias, Principado de",GASÓLEO A,GasoleoA,29828
2024-06,"Asturias, Principado de",GASÓLEO B,GasoleoB,5648
2024-06,"Asturias, Principado de",GASÓLEO C,GasoleoC,1322
2024-06,"Asturias, Principado de",GASOLINA  AUTO. S/PB 95 I.O.,Gasolina95,8755
2024-06,"Asturias, Principado de",GASOLINA  AUTO. S/PB 98 I.O.,Gasolina98,511
2024-06,"Asturias, Principado de",OTRAS GASOLINAS,OtrasGasolinas,2
2024-06,"Asturias, Principado de",OTROS FUELÓLEOS,OtrosFueloleos,300
2024-06,"Asturias, Principado de",OTROS GASOLEOS,OtrosGasoleos,3352
2024-06,"Asturias, Principado de",OTROS QUEROSENOS,OtrosQueroseno,0
2024-06,"Asturias, Principado de",QUEROSENO AVIACIÓN,QuerosenoAviacion,1514
2024-06,"Balears, Illes",BIODIESEL,Biodiesel,3
2024-06,"Balears, Illes",BIOETANOL,Bioetanol,0
2024-06,"Balears, Illes",FUELÓLEO  BIA,Fueloleo_BIA,0
2024-06,"Balears, Illes",GLP,GLP,3854
2024-06,"Balears, Illes",GASÓLEO A,GasoleoA,33641
2024-06,"Balears, Illes",GASÓLEO B,GasoleoB,3142
2024-06,"Balears, Illes",GASÓLEO C,GasoleoC,11079
2024-06,"Balears, Illes",GASOLINA  AUTO. S/PB 95 I.O.,Gasolina95,26008
2024-06,"Balears, Illes",GASOLINA  AUTO. S/PB 98 I.O.,Gasolina98,1069
2024-06,"Balears, Illes",OTRAS GASOLINAS,OtrasGasolinas,34
2024-06,"Balears, Illes",OTROS FUELÓLEOS,OtrosFueloleos,0
2024-06,"Balears, Illes",OTROS GASOLEOS,OtrosGasoleos,7430
2024-06,"Balears, Illes",OTROS QUEROSENOS,OtrosQueroseno,0
2024-06,"Balears, Illes",QUEROSENO AVIACIÓN,QuerosenoAviacion,88067
2024-06,Canarias,BIODIESEL,Biodiesel,0
2024-06,Canarias,BIOETANOL,Bioetanol,0
2024-06,Canarias,FUELÓLEO  BIA,Fueloleo_BIA,124167
2024-06,Canarias,GLP,GLP,5987
2024-06,Canarias,GASÓLEO A,GasoleoA,56460
2024-06,Canarias,GASÓLEO B,GasoleoB,0
2024-06,Canarias,GASÓLEO C,GasoleoC,0
2024-06,Canarias,GASOLINA  AUTO. S/PB 95 I.O.,Gasolina95,34080
2024-06,Canarias,GASOLINA  AUTO. S/PB 98 I.O.,Gasolina98,7865
2024-06,Canarias,OTRAS GASOLINAS,OtrasGasolinas,1
2024-06,Canarias,OTROS FUELÓLEOS,OtrosFueloleos,82200
2024-06,Canarias,OTROS GASOLEOS,OtrosGasoleos,123483
2024-06,Canarias,OTROS QUEROSENOS,OtrosQueroseno,0
2024-06,Canarias,QUEROSENO AVIACIÓN,QuerosenoAviacion,81926
2024-06,Cantabria,BIODIESEL,Biodiesel,299
2024-06,Cantabria,BIOETANOL,Bioetanol,0
2024-06,Cantabria,FUELÓLEO  BIA,Fueloleo_BIA,284
2024-06,Cantabria,GLP,GLP,939
2024-06,Cantabria,GASÓLEO A,GasoleoA,22211
2024-06,Cantabria,GASÓLEO B,GasoleoB,3772
2024-06,Cantabria,GASÓLEO C,GasoleoC,134
2024-06,Cantabria,GASOLINA  AUTO. S/PB 95 I.O.,Gasolina95,6601
2024-06,Cantabria,GASOLINA  AUTO. S/PB 98 I.O.,Gasolina98,293
2024-06,Cantabria,OTRAS GASOLINAS,OtrasGasolinas,1
2024-06,Cantabria,OTROS FUELÓLEOS,OtrosFueloleos,0
2024-06,Cantabria,OTROS GASOLEOS,OtrosGasoleos,997
2024-06,Cantabria,OTROS QUEROSENOS,OtrosQueroseno,0
2024-06,Cantabria,QUEROSENO AVIACIÓN,QuerosenoAviacion,893
2024-06,Castilla - La Mancha,BIODIESEL,Biodiesel,294
2024-06,Castilla - La Mancha,BIOETANOL,Bioetanol,0
2024-06,Castilla - La Mancha,FUELÓLEO  BIA,Fueloleo_BIA,347
2024-06,Castilla - La Mancha,GLP,GLP,2844
2024-06,Castilla - La Mancha,GASÓLEO A,GasoleoA,104976
2024-06,Castilla - La Mancha,GASÓLEO B,GasoleoB,33681
2024-06,Castilla - La Mancha,GASÓLEO C,GasoleoC,2490
2024-06,Castilla - La Mancha,GASOLINA  AUTO. S/PB 95 I.O.,Gasolina95,22423
2024-06,Castilla - La Mancha,GASOLINA  AUTO. S/PB 98 I.O.,Gasolina98,764
2024-06,Castilla - La Mancha,OTRAS GASOLINAS,OtrasGasolinas,3
2024-06,Castilla - La Mancha,OTROS FUELÓLEOS,OtrosFueloleos,0
2024-06,Castilla - La Mancha,OTROS GASOLEOS,OtrosGasoleos,0
2024-06,Castilla - La Mancha,OTROS QUEROSENOS,OtrosQueroseno,0
2024-06,Castilla - La Mancha,QUEROSENO AVIACIÓN,QuerosenoAviacion,189
2024-06,Castilla y León,BIODIESEL,Biodiesel,214
2024-06,Castilla y León,BIOETANOL,Bioetanol,0
2024-06,Castilla y León,FUELÓLEO  BIA,Fueloleo_BIA,603
2024-06,Castilla y León,GLP,GLP,3887
2024-06,Castilla y León,GASÓLEO A,GasoleoA,126024
2024-06,Castilla y León,GASÓLEO B,GasoleoB,37856
2024-06,Castilla y León,GASÓLEO C,GasoleoC,4422
2024-06,Castilla y León,GASOLINA  AUTO. S/PB 95 I.O.,Gasolina95,27407
2024-06,Castilla y León,GASOLINA  AUTO. S/PB 98 I.O.,Gasolina98,1288
2024-06,Castilla y León,OTRAS GASOLINAS,OtrasGasolinas,63
2024-06,Castilla y León,OTROS FUELÓLEOS,OtrosFueloleos,0
2024-06,Castilla y León,OTROS GASOLEOS,OtrosGasoleos,0
2024-06,Castilla y León,OTROS QUEROSENOS,OtrosQueroseno,0
2024-06,Castilla y León,QUEROSENO AVIACIÓN,QuerosenoAviacion,391
2024-06,Cataluña,BIODIESEL,Biodiesel,515
2024-06,Cataluña,BIOETANOL,Bioetanol,0
2024-06,Cataluña,FUELÓLEO  BIA,Fueloleo_BIA,24391
2024-06,Cataluña,GLP,GLP,12518
2024-06,Cataluña,GASÓLEO A,GasoleoA,289338
2024-06,Cataluña,GASÓLEO B,GasoleoB,29018
2024-06,Cataluña,GASÓLEO C,GasoleoC,2540
2024-06,Cataluña,GASOLINA  AUTO. S/PB 95 I.O.,Gasolina95,90352
2024-06,Cataluña,GASOLINA  AUTO. S/PB 98 I.O.,Gasolina98,4281
2024-06,Cataluña,OTRAS GASOLINAS,OtrasGasolinas,102
2024-06,Cataluña,OTROS FUELÓLEOS,OtrosFueloleos,105500
2024-06,Cataluña,OTROS GASOLEOS,OtrosGasoleos,20752
2024-06,Cataluña,OTROS QUEROSENOS,OtrosQueroseno,1
2024-06,Cataluña,QUEROSENO AVIACIÓN,QuerosenoAviacion,127967
2024-06,Ceuta,BIODIESEL,Biodiesel,0
2024-06,Ceuta,BIOETANOL,Bioetanol,0
2024-06,Ceuta,FUELÓLEO  BIA,Fueloleo_BIA,4926
2024-06,Ceuta,GLP,GLP,185
2024-06,Ceuta,GASÓLEO A,GasoleoA,1001
2024-06,Ceuta,GASÓLEO B,GasoleoB,0
2024-06,Ceuta,GASÓLEO C,GasoleoC,27
2024-06,Ceuta,GASOLINA  AUTO. S/PB 95 I.O.,Gasolina95,487
2024-06,Ceuta,GASOLINA  AUTO. S/PB 98 I.O.,Gasolina98,59
2024-06,Ceuta,OTRAS GASOLINAS,OtrasGasolinas,0
2024-06,Ceuta,OTROS FUELÓLEOS,OtrosFueloleos,33577
2024-06,Ceuta,OTROS GASOLEOS,OtrosGasoleos,6117
2024-06,Ceuta,OTROS QUEROSENOS,OtrosQueroseno,0
2024-06,Ceuta,QUEROSENO AVIACIÓN,QuerosenoAviacion,27
2024-06,Comunitat Valenciana,BIODIESEL,Biodiesel,246
2024-06,Comunitat Valenciana,BIOETANOL,Bioetanol,0
2024-06,Comunitat Valenciana,FUELÓLEO  BIA,Fueloleo_BIA,231
2024-06,Comunitat Valenciana,GLP,GLP,7978
2024-06,Comunitat Valenciana,GASÓLEO A,GasoleoA,173084
2024-06,Comunitat Valenciana,GASÓLEO B,GasoleoB,16427
2024-06,Comunitat Valenciana,GASÓLEO C,GasoleoC,1779
2024-06,Comunitat Valenciana,GASOLINA  AUTO. S/PB 95 I.O.,Gasolina95,60103
2024-06,Comunitat Valenciana,GASOLINA  AUTO. S/PB 98 I.O.,Gasolina98,2352
2024-06,Comunitat Valenciana,OTRAS GASOLINAS,OtrasGasolinas,23
2024-06,Comunitat Valenciana,OTROS FUELÓLEOS,OtrosFueloleos,27516
2024-06,Comunitat Valenciana,OTROS GASOLEOS,OtrosGasoleos,16573
2024-06,Comunitat Valenciana,OTROS QUEROSENOS,OtrosQueroseno,11
2024-06,Comunitat Valenciana,QUEROSENO AVIACIÓN,QuerosenoAviacion,46091
2024-06,ESPAÑA,BIODIESEL,Biodiesel,5044
2024-06,ESPAÑA,BIOETANOL,Bioetanol,13
2024-06,ESPAÑA,FUELÓLEO  BIA,Fueloleo_BIA,206637
2024-06,ESPAÑA,GLP,GLP,79693
2024-06,ESPAÑA,GASÓLEO A,GasoleoA,1766214
2024-06,ESPAÑA,GASÓLEO B,GasoleoB,280628
2024-06,ESPAÑA,GASÓLEO C,GasoleoC,43408
2024-06,ESPAÑA,GASOLINA  AUTO. S/PB 95 I.O.,Gasolina95,514230
2024-06,ESPAÑA,GASOLINA  AUTO. S/PB 98 I.O.,Gasolina98,27949
2024-06,ESPAÑA,OTRAS GASOLINAS,OtrasGasolinas,480
2024-06,ESPAÑA,OTROS FUELÓLEOS,OtrosFueloleos,484393
2024-06,ESPAÑA,OTROS GASOLEOS,OtrosGasoleos,237348
2024-06,ESPAÑA,OTROS QUEROSENOS,OtrosQueroseno,13
2024-06,ESPAÑA,QUEROSENO AVIACIÓN,QuerosenoAviacion,666638
2024-06,Extremadura,BIODIESEL,Biodiesel,45
2024-06,Extremadura,BIOETANOL,Bioetanol,0
2024-06,Extremadura,FUELÓLEO  BIA,Fueloleo_BIA,256
2024-06,Extremadura,GLP,GLP,2407
2024-06,Extremadura,GASÓLEO A,GasoleoA,56025
2024-06,Extremadura,GASÓLEO B,GasoleoB,12192
2024-06,Extremadura,GASÓLEO C,GasoleoC,230
2024-06,Extremadura,GASOLINA  AUTO. S/PB 95 I.O.,Gasolina95,9365
2024-06,Extremadura,GASOLINA  AUTO. S/PB 98 I.O.,Gasolina98,277
2024-06,Extremadura,OTRAS GASOLINAS,OtrasGasolinas,2
2024-06,Extremadura,OTROS FUELÓLEOS,OtrosFueloleos,0
2024-06,Extremadura,OTROS GASOLEOS,OtrosGasoleos,0
2024-06,Extremadura,OTROS QUEROSENOS,OtrosQueroseno,0
2024-06,Extremadura,QUEROSENO AVIACIÓN,QuerosenoAviacion,145
2024-06,Galicia,BIODIESEL,Biodiesel,97
2024-06,Galicia,BIOETANOL,Bioetanol,0
2024-06,Galicia,FUELÓLEO  BIA,Fueloleo_BIA,8854
2024-06,Galicia,GLP,GLP,6865
2024-06,Galicia,GASÓLEO A,GasoleoA,98091
2024-06,Galicia,GASÓLEO B,GasoleoB,22108
2024-06,Galicia,GASÓLEO C,GasoleoC,7064
2024-06,Galicia,GASOLINA  AUTO. S/PB 95 I.O.,Gasolina95,23225
2024-06,Galicia,GASOLINA  AUTO. S/PB 98 I.O.,Gasolina98,1220
2024-06,Galicia,OTRAS GASOLINAS,OtrasGasolinas,15
2024-06,Galicia,OTROS FUELÓLEOS,OtrosFueloleos,1965
2024-06,Galicia,OTROS GASOLEOS,OtrosGasoleos,16497
2024-06,Galicia,OTROS QUEROSENOS,OtrosQueroseno,0
2024-06,Galicia,QUEROSENO AVIACIÓN,QuerosenoAviacion,6048
2024-06,"Madrid, Comunidad de",BIODIESEL,Biodiesel,389
2024-06,"Madrid, Comunidad de",BIOETANOL,Bioetanol,0
2024-06,"Madrid, Comunidad de",FUELÓLEO  BIA,Fueloleo_BIA,476
2024-06,"Madrid, Comunidad de",GLP,GLP,5707
2024-06,"Madrid, Comunidad de",GASÓLEO A,GasoleoA,147122
2024-06,"Madrid, Comunidad de",GASÓLEO B,GasoleoB,8255
2024-06,"Madrid, Comunidad de",GASÓLEO C,GasoleoC,4232
2024-06,"Madrid, Comunidad de",GASOLINA  AUTO. S/PB 95 I.O.,Gasolina95,67222
2024-06,"Madrid, Comunidad de",GASOLINA  AUTO. S/PB 98 I.O.,Gasolina98,2335
2024-06,"Madrid, Comunidad de",OTRAS GASOLINAS,OtrasGasolinas,60
2024-06,"Madrid, Comunidad de",OTROS FUELÓLEOS,OtrosFueloleos,0
2024-06,"Madrid, Comunidad de",OTROS GASOLEOS,OtrosGasoleos,0
2024-06,"Madrid, Comunidad de",OTROS QUEROSENOS,OtrosQueroseno,0
2024-06,"Madrid, Comunidad de",QUEROSENO AVIACIÓN,QuerosenoAviacion,231380
2024-06,Melilla,BIODIESEL,Biodiesel,0
2024-06,Melilla,BIOETANOL,Bioetanol,0
2024-06,Melilla,FUELÓLEO  BIA,Fueloleo_BIA,4994
2024-06,Melilla,GLP,GLP,134
2024-06,Melilla,GASÓLEO A,GasoleoA,1062
2024-06,Melilla,GASÓLEO B,GasoleoB,0
2024-06,Melilla,GASÓLEO C,GasoleoC,0
2024-06,Melilla,GASOLINA  AUTO. S/PB 95 I.O.,Gasolina95,530
2024-06,Melilla,GASOLINA  AUTO. S/PB 98 I.O.,Gasolina98,0
2024-06,Melilla,OTRAS GASOLINAS,OtrasGasolinas,0
2024-06,Melilla,OTROS FUELÓLEOS,OtrosFueloleos,0
2024-06,Melilla,OTROS GASOLEOS,OtrosGasoleos,0
2024-06,Melilla,OTROS QUEROSENOS,OtrosQueroseno,0
2024-06,Melilla,QUEROSENO AVIACIÓN,QuerosenoAviacion,126
2024-06,"Murcia, Región de",BIODIESEL,Biodiesel,758
2024-06,"Murcia, Región de",BIOETANOL,Bioetanol,13
2024-06,"Murcia, Región de",FUELÓLEO  BIA,Fueloleo_BIA,328
2024-06,"Murcia, Región de",GLP,GLP,2751
2024-06,"Murcia, Región de",GASÓLEO A,GasoleoA,76808
2024-06,"Murcia, Región de",GASÓLEO B,GasoleoB,11326
2024-06,"Murcia, Región de",GASÓLEO C,GasoleoC,430
2024-06,"Murcia, Región de",GASOLINA  AUTO. S/PB 95 I.O.,Gasolina95,14407
2024-06,"Murcia, Región de",GASOLINA  AUTO. S/PB 98 I.O.,Gasolina98,607
2024-06,"Murcia, Región de",OTRAS GASOLINAS,OtrasGasolinas,0
2024-06,"Murcia, Región de",OTROS FUELÓLEOS,OtrosFueloleos,0
2024-06,"Murcia, Región de",OTROS GASOLEOS,OtrosGasoleos,901
2024-06,"Murcia, Región de",OTROS QUEROSENOS,OtrosQueroseno,0
2024-06,"Murcia, Región de",QUEROSENO AVIACIÓN,QuerosenoAviacion,1721
2024-06,"Navarra, Comunidad Foral de",BIODIESEL,Biodiesel,299
2024-06,"Navarra, Comunidad Foral de",BIOETANOL,Bioetanol,0
2024-06,"Navarra, Comunidad Foral de",FUELÓLEO  BIA,Fueloleo_BIA,347
2024-06,"Navarra, Comunidad Foral de",GLP,GLP,714
2024-06,"Navarra, Comunidad Foral de",GASÓLEO A,GasoleoA,44518
2024-06,"Navarra, Comunidad Foral de",GASÓLEO B,GasoleoB,6799
2024-06,"Navarra, Comunidad Foral de",GASÓLEO C,GasoleoC,364
2024-06,"Navarra, Comunidad Foral de",GASOLINA  AUTO. S/PB 95 I.O.,Gasolina95,7222
2024-06,"Navarra, Comunidad Foral de",GASOLINA  AUTO. S/PB 98 I.O.,Gasolina98,262
2024-06,"Navarra, Comunidad Foral de",OTRAS GASOLINAS,OtrasGasolinas,2
2024-06,"Navarra, Comunidad Foral de",OTROS FUELÓLEOS,OtrosFueloleos,0
2024-06,"Navarra, Comunidad Foral de",OTROS GASOLEOS,OtrosGasoleos,0
2024-06,"Navarra, Comunidad Foral de",OTROS QUEROSENOS,OtrosQueroseno,0
2024-06,"Navarra, Comunidad Foral de",QUEROSENO AVIACIÓN,QuerosenoAviacion,106
2024-06,País Vasco,BIODIESEL,Biodiesel,906
2024-06,País Vasco,BIOETANOL,Bioetanol,0
2024-06,País Vasco,FUELÓLEO  BIA,Fueloleo_BIA,356
2024-06,País Vasco,GLP,GLP,1912
2024-06,País Vasco,GASÓLEO A,GasoleoA,143538
2024-06,País Vasco,GASÓLEO B,GasoleoB,10619
2024-06,País Vasco,GASÓLEO C,GasoleoC,2334
2024-06,País Vasco,GASOLINA  AUTO. S/PB 95 I.O.,Gasolina95,20097
2024-06,País Vasco,GASOLINA  AUTO. S/PB 98 I.O.,Gasolina98,948
2024-06,País Vasco,OTRAS GASOLINAS,OtrasGasolinas,4
2024-06,País Vasco,OTROS FUELÓLEOS,OtrosFueloleos,0
2024-06,País Vasco,OTROS GASOLEOS,OtrosGasoleos,2474
2024-06,País Vasco,OTROS QUEROSENOS,OtrosQueroseno,1
2024-06,País Vasco,QUEROSENO AVIACIÓN,QuerosenoAviacion,9035
2024-06,"Rioja, La",BIODIESEL,Biodiesel,24
2024-06,"Rioja, La",BIOETANOL,Bioetanol,0
2024-06,"Rioja, La",FUELÓLEO  BIA,Fueloleo_BIA,39
2024-06,"Rioja, La",GLP,GLP,359
2024-06,"Rioja, La",GASÓLEO A,GasoleoA,12000
2024-06,"Rioja, La",GASÓLEO B,GasoleoB,3195
2024-06,"Rioja, La",GASÓLEO C,GasoleoC,496
2024-06,"Rioja, La",GASOLINA  AUTO. S/PB 95 I.O.,Gasolina95,2708
2024-06,"Rioja, La",GASOLINA  AUTO. S/PB 98 I.O.,Gasolina98,100
2024-06,"Rioja, La",OTRAS GASOLINAS,OtrasGasolinas,5
2024-06,"Rioja, La",OTROS FUELÓLEOS,OtrosFueloleos,0
2024-06,"Rioja, La",OTROS GASOLEOS,OtrosGasoleos,0
2024-06,"Rioja, La",OTROS QUEROSENOS,OtrosQueroseno,0
2024-06,"Rioja, La",QUEROSENO AVIACIÓN,QuerosenoAviacion,25
2024-07,Andalucía,BIODIESEL,Biodiesel,616
2024-07,Andalucía,BIOETANOL,Bioetanol,0
2024-07,Andalucía,FUELÓLEO  BIA,Fueloleo_BIA,37924
2024-07,Andalucía,GLP,GLP,17796
2024-07,Andalucía,GASÓLEO A,GasoleoA,305496
2024-07,Andalucía,GASÓLEO B,GasoleoB,53983
2024-07,Andalucía,GASÓLEO C,GasoleoC,2339
2024-07,Andalucía,GASOLINA  AUTO. S/PB 95 I.O.,Gasolina95,89986
2024-07,Andalucía,GASOLINA  AUTO. S/PB 98 I.O.,Gasolina98,3751
2024-07,Andalucía,OTRAS GASOLINAS,OtrasGasolinas,128
2024-07,Andalucía,OTROS FUELÓLEOS,OtrosFueloleos,248537
2024-07,Andalucía,OTROS GASOLEOS,OtrosGasoleos,45167
2024-07,Andalucía,OTROS QUEROSENOS,OtrosQueroseno,0
2024-07,Andalucía,QUEROSENO AVIACIÓN,QuerosenoAviacion,68170
2024-07,Aragón,BIODIESEL,Biodiesel,546
2024-07,Aragón,BIOETANOL,Bioetanol,0
2024-07,Aragón,FUELÓLEO  BIA,Fueloleo_BIA,129
2024-07,Aragón,GLP,GLP,2348
2024-07,Aragón,GASÓLEO A,GasoleoA,72830
2024-07,Aragón,GASÓLEO B,GasoleoB,21898
2024-07,Aragón,GASÓLEO C,GasoleoC,2019
2024-07,Aragón,GASOLINA  AUTO. S/PB 95 I.O.,Gasolina95,17014
2024-07,Aragón,GASOLINA  AUTO. S/PB 98 I.O.,Gasolina98,731
2024-07,Aragón,OTRAS GASOLINAS,OtrasGasolinas,17
2024-07,Aragón,OTROS FUELÓLEOS,OtrosFueloleos,0
2024-07,Aragón,OTROS GASOLEOS,OtrosGasoleos,0
2024-07,Aragón,OTROS QUEROSENOS,OtrosQueroseno,0
2024-07,Aragón,QUEROSENO AVIACIÓN,QuerosenoAviacion,6471
2024-07,"Asturias, Principado de",BIODIESEL,Biodiesel,45
2024-07,"Asturias, Principado de",BIOETANOL,Bioetanol,0
2024-07,"Asturias, Principado de",FUELÓLEO  BIA,Fueloleo_BIA,262
2024-07,"Asturias, Principado de",GLP,GLP,1760
2024-07,"Asturias, Principado de",GASÓLEO A,GasoleoA,35516
2024-07,"Asturias, Principado de",GASÓLEO B,GasoleoB,5934
2024-07,"Asturias, Principado de",GASÓLEO C,GasoleoC,1578
2024-07,"Asturias, Principado de",GASOLINA  AUTO. S/PB 95 I.O.,Gasolina95,11008
2024-07,"Asturias, Principado de",GASOLINA  AUTO. S/PB 98 I.O.,Gasolina98,585
2024-07,"Asturias, Principado de",OTRAS GASOLINAS,OtrasGasolinas,1
2024-07,"Asturias, Principado de",OTROS FUELÓLEOS,OtrosFueloleos,936
2024-07,"Asturias, Principado de",OTROS GASOLEOS,OtrosGasoleos,3647
2024-07,"Asturias, Principado de",OTROS QUEROSENOS,OtrosQueroseno,0
2024-07,"Asturias, Principado de",QUEROSENO AVIACIÓN,QuerosenoAviacion,1936
2024-07,"Balears, Illes",BIODIESEL,Biodiesel,0
2024-07,"Balears, Illes",BIOETANOL,Bioetanol,0
2024-07,"Balears, Illes",FUELÓLEO  BIA,Fueloleo_BIA,0
2024-07,"Balears, Illes",GLP,GLP,4466
2024-07,"Balears, Illes",GASÓLEO A,GasoleoA,38866
2024-07,"Balears, Illes",GASÓLEO B,GasoleoB,3512
2024-07,"Balears, Illes",GASÓLEO C,GasoleoC,14626
2024-07,"Balears, Illes",GASOLINA  AUTO. S/PB 95 I.O.,Gasolina95,31431
2024-07,"Balears, Illes",GASOLINA  AUTO. S/PB 98 I.O.,Gasolina98,1334
2024-07,"Balears, Illes",OTRAS GASOLINAS,OtrasGasolinas,32
2024-07,"Balears, Illes",OTROS FUELÓLEOS,OtrosFueloleos,0
2024-07,"Balears, Illes",OTROS GASOLEOS,OtrosGasoleos,7716
2024-07,"Balears, Illes",OTROS QUEROSENOS,OtrosQueroseno,0
2024-07,"Balears, Illes",QUEROSENO AVIACIÓN,QuerosenoAviacion,99215
2024-07,Canarias,BIODIESEL,Biodiesel,56
2024-07,Canarias,BIOETANOL,Bioetanol,0
2024-07,Canarias,FUELÓLEO  BIA,Fueloleo_BIA,159028
2024-07,Canarias,GLP,GLP,6332
2024-07,Canarias,GASÓLEO A,GasoleoA,55533
2024-07,Canarias,GASÓLEO B,GasoleoB,0
2024-07,Canarias,GASÓLEO C,GasoleoC,0
2024-07,Canarias,GASOLINA  AUTO. S/PB 95 I.O.,Gasolina95,38272
2024-07,Canarias,GASOLINA  AUTO. S/PB 98 I.O.,Gasolina98,8432
2024-07,Canarias,OTRAS GASOLINAS,OtrasGasolinas,4
2024-07,Canarias,OTROS FUELÓLEOS,OtrosFueloleos,62552
2024-07,Canarias,OTROS GASOLEOS,OtrosGasoleos,119124
2024-07,Canarias,OTROS QUEROSENOS,OtrosQueroseno,0
2024-07,Canarias,QUEROSENO AVIACIÓN,QuerosenoAviacion,87544
2024-07,Cantabria,BIODIESEL,Biodiesel,420
2024-07,Cantabria,BIOETANOL,Bioetanol,0
2024-07,Cantabria,FUELÓLEO  BIA,Fueloleo_BIA,449
2024-07,Cantabria,GLP,GLP,1356
2024-07,Cantabria,GASÓLEO A,GasoleoA,27310
2024-07,Cantabria,GASÓLEO B,GasoleoB,4106
2024-07,Cantabria,GASÓLEO C,GasoleoC,112
2024-07,Cantabria,GASOLINA  AUTO. S/PB 95 I.O.,Gasolina95,8995
2024-07,Cantabria,GASOLINA  AUTO. S/PB 98 I.O.,Gasolina98,351
2024-07,Cantabria,OTRAS GASOLINAS,OtrasGasolinas,2
2024-07,Cantabria,OTROS FUELÓLEOS,OtrosFueloleos,0
2024-07,Cantabria,OTROS GASOLEOS,OtrosGasoleos,1078
2024-07,Cantabria,OTROS QUEROSENOS,OtrosQueroseno,0
2024-07,Cantabria,QUEROSENO AVIACIÓN,QuerosenoAviacion,1067
2024-07,Castilla - La Mancha,BIODIESEL,Biodiesel,279
2024-07,Castilla - La Mancha,BIOETANOL,Bioetanol,0
2024-07,Castilla - La Mancha,FUELÓLEO  BIA,Fueloleo_BIA,290
2024-07,Castilla - La Mancha,GLP,GLP,3368
2024-07,Castilla - La Mancha,GASÓLEO A,GasoleoA,104132
2024-07,Castilla - La Mancha,GASÓLEO B,GasoleoB,34772
2024-07,Castilla - La Mancha,GASÓLEO C,GasoleoC,2418
2024-07,Castilla - La Mancha,GASOLINA  AUTO. S/PB 95 I.O.,Gasolina95,25041
2024-07,Castilla - La Mancha,GASOLINA  AUTO. S/PB 98 I.O.,Gasolina98,879
2024-07,Castilla - La Mancha,OTRAS GASOLINAS,OtrasGasolinas,4
2024-07,Castilla - La Mancha,OTROS FUELÓLEOS,OtrosFueloleos,0
2024-07,Castilla - La Mancha,OTROS GASOLEOS,OtrosGasoleos,0
2024-07,Castilla - La Mancha,OTROS QUEROSENOS,OtrosQueroseno,0
2024-07,Castilla - La Mancha,QUEROSENO AVIACIÓN,QuerosenoAviacion,81
2024-07,Castilla y León,BIODIESEL,Biodiesel,272
2024-07,Castilla y León,BIOETANOL,Bioetanol,12
2024-07,Castilla y León,FUELÓLEO  BIA,Fueloleo_BIA,649
2024-07,Castilla y León,GLP,GLP,4580
2024-07,Castilla y León,GASÓLEO A,GasoleoA,153983
2024-07,Castilla y León,GASÓLEO B,GasoleoB,52228
2024-07,Castilla y León,GASÓLEO C,GasoleoC,3954
2024-07,Castilla y León,GASOLINA  AUTO. S/PB 95 I.O.,Gasolina95,35059
2024-07,Castilla y León,GASOLINA  AUTO. S/PB 98 I.O.,Gasolina98,1931
2024-07,Castilla y León,OTRAS GASOLINAS,OtrasGasolinas,88
2024-07,Castilla y León,OTROS FUELÓLEOS,OtrosFueloleos,0
2024-07,Castilla y León,OTROS GASOLEOS,OtrosGasoleos,0
2024-07,Castilla y León,OTROS QUEROSENOS,OtrosQueroseno,0
2024-07,Castilla y León,QUEROSENO AVIACIÓN,QuerosenoAviacion,526
2024-07,Cataluña,BIODIESEL,Biodiesel,903
2024-07,Cataluña,BIOETANOL,Bioetanol,0
2024-07,Cataluña,FUELÓLEO  BIA,Fueloleo_BIA,22589
2024-07,Cataluña,GLP,GLP,13948
2024-07,Cataluña,GASÓLEO A,GasoleoA,298590
2024-07,Cataluña,GASÓLEO B,GasoleoB,30825
2024-07,Cataluña,GASÓLEO C,GasoleoC,3067
2024-07,Cataluña,GASOLINA  AUTO. S/PB 95 I.O.,Gasolina95,105991
2024-07,Cataluña,GASOLINA  AUTO. S/PB 98 I.O.,Gasolina98,5039
2024-07,Cataluña,OTRAS GASOLINAS,OtrasGasolinas,119
2024-07,Cataluña,OTROS FUELÓLEOS,OtrosFueloleos,96564
2024-07,Cataluña,OTROS GASOLEOS,OtrosGasoleos,22998
2024-07,Cataluña,OTROS QUEROSENOS,OtrosQueroseno,0
2024-07,Cataluña,QUEROSENO AVIACIÓN,QuerosenoAviacion,138798
2024-07,Ceuta,BIODIESEL,Biodiesel,0
2024-07,Ceuta,BIOETANOL,Bioetanol,0
2024-07,Ceuta,FUELÓLEO  BIA,Fueloleo_BIA,2489
2024-07,Ceuta,GLP,GLP,201
2024-07,Ceuta,GASÓLEO A,GasoleoA,1144
2024-07,Ceuta,GASÓLEO B,GasoleoB,0
2024-07,Ceuta,GASÓLEO C,GasoleoC,27
2024-07,Ceuta,GASOLINA  AUTO. S/PB 95 I.O.,Gasolina95,592
2024-07,Ceuta,GASOLINA  AUTO. S/PB 98 I.O.,Gasolina98,105
2024-07,Ceuta,OTRAS GASOLINAS,OtrasGasolinas,0
2024-07,Ceuta,OTROS FUELÓLEOS,OtrosFueloleos,7511
2024-07,Ceuta,OTROS GASOLEOS,OtrosGasoleos,7056
2024-07,Ceuta,OTROS QUEROSENOS,OtrosQueroseno,0
2024-07,Ceuta,QUEROSENO AVIACIÓN,QuerosenoAviacion,54
2024-07,Comunitat Valenciana,BIODIESEL,Biodiesel,336
2024-07,Comunitat Valenciana,BIOETANOL,Bioetanol,0
2024-07,Comunitat Valenciana,FUELÓLEO  BIA,Fueloleo_BIA,216
2024-07,Comunitat Valenciana,GLP,GLP,9055
2024-07,Comunitat Valenciana,GASÓLEO A,GasoleoA,186191
2024-07,Comunitat Valenciana,GASÓLEO B,GasoleoB,17267
2024-07,Comunitat Valenciana,GASÓLEO C,GasoleoC,1692
2024-07,Comunitat Valenciana,GASOLINA  AUTO. S/PB 95 I.O.,Gasolina95,72265
2024-07,Comunitat Valenciana,GASOLINA  AUTO. S/PB 98 I.O.,Gasolina98,2880
2024-07,Comunitat Valenciana,OTRAS GASOLINAS,OtrasGasolinas,37
2024-07,Comunitat Valenciana,OTROS FUELÓLEOS,OtrosFueloleos,23298
2024-07,Comunitat Valenciana,OTROS GASOLEOS,OtrosGasoleos,18748
2024-07,Comunitat Valenciana,OTROS QUEROSENOS,OtrosQueroseno,1
2024-07,Comunitat Valenciana,QUEROSENO AVIACIÓN,QuerosenoAviacion,50833
2024-07,ESPAÑA,BIODIESEL,Biodiesel,6683
2024-07,ESPAÑA,BIOETANOL,Bioetanol,12
2024-07,ESPAÑA,FUELÓLEO  BIA,Fueloleo_BIA,237567
2024-07,ESPAÑA,GLP,GLP,87648
2024-07,ESPAÑA,GASÓLEO A,GasoleoA,1880115
2024-07,ESPAÑA,GASÓLEO B,GasoleoB,304329
2024-07,ESPAÑA,GASÓLEO C,GasoleoC,46533
2024-07,ESPAÑA,GASOLINA  AUTO. S/PB 95 I.O.,Gasolina95,594542
2024-07,ESPAÑA,GASOLINA  AUTO. S/PB 98 I.O.,Gasolina98,32954
2024-07,ESPAÑA,OTRAS GASOLINAS,OtrasGasolinas,549
2024-07,ESPAÑA,OTROS FUELÓLEOS,OtrosFueloleos,440662
2024-07,ESPAÑA,OTROS GASOLEOS,OtrosGasoleos,240152
2024-07,ESPAÑA,OTROS QUEROSENOS,OtrosQueroseno,3
2024-07,ESPAÑA,QUEROSENO AVIACIÓN,QuerosenoAviacion,722757
2024-07,Extremadura,BIODIESEL,Biodiesel,70
2024-07,Extremadura,BIOETANOL,Bioetanol,0
2024-07,Extremadura,FUELÓLEO  BIA,Fueloleo_BIA,201
2024-07,Extremadura,GLP,GLP,2500
2024-07,Extremadura,GASÓLEO A,GasoleoA,57587
2024-07,Extremadura,GASÓLEO B,GasoleoB,12938
2024-07,Extremadura,GASÓLEO C,GasoleoC,295
2024-07,Extremadura,GASOLINA  AUTO. S/PB 95 I.O.,Gasolina95,10816
2024-07,Extremadura,GASOLINA  AUTO. S/PB 98 I.O.,Gasolina98,349
2024-07,Extremadura,OTRAS GASOLINAS,OtrasGasolinas,3
2024-07,Extremadura,OTROS FUELÓLEOS,OtrosFueloleos,0
2024-07,Extremadura,OTROS GASOLEOS,OtrosGasoleos,0
2024-07,Extremadura,OTROS QUEROSENOS,OtrosQueroseno,0
2024-07,Extremadura,QUEROSENO AVIACIÓN,QuerosenoAviacion,155
2024-07,Galicia,BIODIESEL,Biodiesel,81
2024-07,Galicia,BIOETANOL,Bioetanol,0
2024-07,Galicia,FUELÓLEO  BIA,Fueloleo_BIA,9624
2024-07,Galicia,GLP,GLP,7512
2024-07,Galicia,GASÓLEO A,GasoleoA,114101
2024-07,Galicia,GASÓLEO B,GasoleoB,21961
2024-07,Galicia,GASÓLEO C,GasoleoC,7105
2024-07,Galicia,GASOLINA  AUTO. S/PB 95 I.O.,Gasolina95,28576
2024-07,Galicia,GASOLINA  AUTO. S/PB 98 I.O.,Gasolina98,1592
2024-07,Galicia,OTRAS GASOLINAS,OtrasGasolinas,17
2024-07,Galicia,OTROS FUELÓLEOS,OtrosFueloleos,1108
2024-07,Galicia,OTROS GASOLEOS,OtrosGasoleos,9656
2024-07,Galicia,OTROS QUEROSENOS,OtrosQueroseno,0
2024-07,Galicia,QUEROSENO AVIACIÓN,QuerosenoAviacion,6998
2024-07,"Madrid, Comunidad de",BIODIESEL,Biodiesel,503
2024-07,"Madrid, Comunidad de",BIOETANOL,Bioetanol,0
2024-07,"Madrid, Comunidad de",FUELÓLEO  BIA,Fueloleo_BIA,291
2024-07,"Madrid, Comunidad de",GLP,GLP,5966
2024-07,"Madrid, Comunidad de",GASÓLEO A,GasoleoA,148017
2024-07,"Madrid, Comunidad de",GASÓLEO B,GasoleoB,8455
2024-07,"Madrid, Comunidad de",GASÓLEO C,GasoleoC,4153
2024-07,"Madrid, Comunidad de",GASOLINA  AUTO. S/PB 95 I.O.,Gasolina95,68547
2024-07,"Madrid, Comunidad de",GASOLINA  AUTO. S/PB 98 I.O.,Gasolina98,2561
2024-07,"Madrid, Comunidad de",OTRAS GASOLINAS,OtrasGasolinas,74
2024-07,"Madrid, Comunidad de",OTROS FUELÓLEOS,OtrosFueloleos,0
2024-07,"Madrid, Comunidad de",OTROS GASOLEOS,OtrosGasoleos,0
2024-07,"Madrid, Comunidad de",OTROS QUEROSENOS,OtrosQueroseno,0
2024-07,"Madrid, Comunidad de",QUEROSENO AVIACIÓN,QuerosenoAviacion,247936
2024-07,Melilla,BIODIESEL,Biodiesel,0
2024-07,Melilla,BIOETANOL,Bioetanol,0
2024-07,Melilla,FUELÓLEO  BIA,Fueloleo_BIA,2596
2024-07,Melilla,GLP,GLP,90
2024-07,Melilla,GASÓLEO A,GasoleoA,1395
2024-07,Melilla,GASÓLEO B,GasoleoB,0
2024-07,Melilla,GASÓLEO C,GasoleoC,0
2024-07,Melilla,GASOLINA  AUTO. S/PB 95 I.O.,Gasolina95,658
2024-07,Melilla,GASOLINA  AUTO. S/PB 98 I.O.,Gasolina98,0
2024-07,Melilla,OTRAS GASOLINAS,OtrasGasolinas,0
2024-07,Melilla,OTROS FUELÓLEOS,OtrosFueloleos,0
2024-07,Melilla,OTROS GASOLEOS,OtrosGasoleos,0
2024-07,Melilla,OTROS QUEROSENOS,OtrosQueroseno,0
2024-07,Melilla,QUEROSENO AVIACIÓN,QuerosenoAviacion,195
2024-07,"Murcia, Región de",BIODIESEL,Biodiesel,968
2024-07,"Murcia, Región de",BIOETANOL,Bioetanol,0
2024-07,"Murcia, Región de",FUELÓLEO  BIA,Fueloleo_BIA,303
2024-07,"Murcia, Región de",GLP,GLP,2824
2024-07,"Murcia, Región de",GASÓLEO A,GasoleoA,82202
2024-07,"Murcia, Región de",GASÓLEO B,GasoleoB,12353
2024-07,"Murcia, Región de",GASÓLEO C,GasoleoC,377
2024-07,"Murcia, Región de",GASOLINA  AUTO. S/PB 95 I.O.,Gasolina95,16693
2024-07,"Murcia, Región de",GASOLINA  AUTO. S/PB 98 I.O.,Gasolina98,724
2024-07,"Murcia, Región de",OTRAS GASOLINAS,OtrasGasolinas,5
2024-07,"Murcia, Región de",OTROS FUELÓLEOS,OtrosFueloleos,0
2024-07,"Murcia, Región de",OTROS GASOLEOS,OtrosGasoleos,1407
2024-07,"Murcia, Región de",OTROS QUEROSENOS,OtrosQueroseno,0
2024-07,"Murcia, Región de",QUEROSENO AVIACIÓN,QuerosenoAviacion,1919
2024-07,"Navarra, Comunidad Foral de",BIODIESEL,Biodiesel,400
2024-07,"Navarra, Comunidad Foral de",BIOETANOL,Bioetanol,0
2024-07,"Navarra, Comunidad Foral de",FUELÓLEO  BIA,Fueloleo_BIA,108
2024-07,"Navarra, Comunidad Foral de",GLP,GLP,697
2024-07,"Navarra, Comunidad Foral de",GASÓLEO A,GasoleoA,47745
2024-07,"Navarra, Comunidad Foral de",GASÓLEO B,GasoleoB,6993
2024-07,"Navarra, Comunidad Foral de",GASÓLEO C,GasoleoC,224
2024-07,"Navarra, Comunidad Foral de",GASOLINA  AUTO. S/PB 95 I.O.,Gasolina95,7495
2024-07,"Navarra, Comunidad Foral de",GASOLINA  AUTO. S/PB 98 I.O.,Gasolina98,313
2024-07,"Navarra, Comunidad Foral de",OTRAS GASOLINAS,OtrasGasolinas,5
2024-07,"Navarra, Comunidad Foral de",OTROS FUELÓLEOS,OtrosFueloleos,0
2024-07,"Navarra, Comunidad Foral de",OTROS GASOLEOS,OtrosGasoleos,0
2024-07,"Navarra, Comunidad Foral de",OTROS QUEROSENOS,OtrosQueroseno,0
2024-07,"Navarra, Comunidad Foral de",QUEROSENO AVIACIÓN,QuerosenoAviacion,220
2024-07,País Vasco,BIODIESEL,Biodiesel,1118
2024-07,País Vasco,BIOETANOL,Bioetanol,0
2024-07,País Vasco,FUELÓLEO  BIA,Fueloleo_BIA,393
2024-07,País Vasco,GLP,GLP,2457
2024-07,País Vasco,GASÓLEO A,GasoleoA,136690
2024-07,País Vasco,GASÓLEO B,GasoleoB,13897
2024-07,País Vasco,GASÓLEO C,GasoleoC,2079
2024-07,País Vasco,GASOLINA  AUTO. S/PB 95 I.O.,Gasolina95,22967
2024-07,País Vasco,GASOLINA  AUTO. S/PB 98 I.O.,Gasolina98,1286
2024-07,País Vasco,OTRAS GASOLINAS,OtrasGasolinas,5
2024-07,País Vasco,OTROS FUELÓLEOS,OtrosFueloleos,156
2024-07,País Vasco,OTROS GASOLEOS,OtrosGasoleos,3555
2024-07,País Vasco,OTROS QUEROSENOS,OtrosQueroseno,2
2024-07,País Vasco,QUEROSENO AVIACIÓN,QuerosenoAviacion,10606
2024-07,"Rioja, La",BIODIESEL,Biodiesel,70
2024-07,"Rioja, La",BIOETANOL,Bioetanol,0
2024-07,"Rioja, La",FUELÓLEO  BIA,Fueloleo_BIA,26
2024-07,"Rioja, La",GLP,GLP,392
2024-07,"Rioja, La",GASÓLEO A,GasoleoA,12787
2024-07,"Rioja, La",GASÓLEO B,GasoleoB,3207
2024-07,"Rioja, La",GASÓLEO C,GasoleoC,468
2024-07,"Rioja, La",GASOLINA  AUTO. S/PB 95 I.O.,Gasolina95,3136
2024-07,"Rioja, La",GASOLINA  AUTO. S/PB 98 I.O.,Gasolina98,111
2024-07,"Rioja, La",OTRAS GASOLINAS,OtrasGasolinas,8
2024-07,"Rioja, La",OTROS FUELÓLEOS,OtrosFueloleos,0
2024-07,"Rioja, La",OTROS GASOLEOS,OtrosGasoleos,0
2024-07,"Rioja, La",OTROS QUEROSENOS,OtrosQueroseno,0
2024-07,"Rioja, La",QUEROSENO AVIACIÓN,QuerosenoAviacion,33
2024-08,Andalucía,BIODIESEL,Biodiesel,582
2024-08,Andalucía,BIOETANOL,Bioetanol,0
2024-08,Andalucía,FUELÓLEO  BIA,Fueloleo_BIA,23309
2024-08,Andalucía,GLP,GLP,15237
2024-08,Andalucía,GASÓLEO A,GasoleoA,307270
2024-08,Andalucía,GASÓLEO B,GasoleoB,48287
2024-08,Andalucía,GASÓLEO C,GasoleoC,1904
2024-08,Andalucía,GASOLINA  AUTO. S/PB 95 I.O.,Gasolina95,96027
2024-08,Andalucía,GASOLINA  AUTO. S/PB 98 I.O.,Gasolina98,4203
2024-08,Andalucía,OTRAS GASOLINAS,OtrasGasolinas,94
2024-08,Andalucía,OTROS FUELÓLEOS,OtrosFueloleos,255565
2024-08,Andalucía,OTROS GASOLEOS,OtrosGasoleos,43813
2024-08,Andalucía,OTROS QUEROSENOS,OtrosQueroseno,0
2024-08,Andalucía,QUEROSENO AVIACIÓN,QuerosenoAviacion,64664
2024-08,Aragón,BIODIESEL,Biodiesel,433
2024-08,Aragón,BIOETANOL,Bioetanol,0
2024-08,Aragón,FUELÓLEO  BIA,Fueloleo_BIA,95
2024-08,Aragón,GLP,GLP,2140
2024-08,Aragón,GASÓLEO A,GasoleoA,67617
2024-08,Aragón,GASÓLEO B,GasoleoB,17048
2024-08,Aragón,GASÓLEO C,GasoleoC,2114
2024-08,Aragón,GASOLINA  AUTO. S/PB 95 I.O.,Gasolina95,18513
2024-08,Aragón,GASOLINA  AUTO. S/PB 98 I.O.,Gasolina98,837
2024-08,Aragón,OTRAS GASOLINAS,OtrasGasolinas,11
2024-08,Aragón,OTROS FUELÓLEOS,OtrosFueloleos,0
2024-08,Aragón,OTROS GASOLEOS,OtrosGasoleos,0
2024-08,Aragón,OTROS QUEROSENOS,OtrosQueroseno,0
2024-08,Aragón,QUEROSENO AVIACIÓN,QuerosenoAviacion,9558
2024-08,"Asturias, Principado de",BIODIESEL,Biodiesel,57
2024-08,"Asturias, Principado de",BIOETANOL,Bioetanol,0
2024-08,"Asturias, Principado de",FUELÓLEO  BIA,Fueloleo_BIA,719
2024-08,"Asturias, Principado de",GLP,GLP,1875
2024-08,"Asturias, Principado de",GASÓLEO A,GasoleoA,36746
2024-08,"Asturias, Principado de",GASÓLEO B,GasoleoB,5421
2024-08,"Asturias, Principado de",GASÓLEO C,GasoleoC,1378
2024-08,"Asturias, Principado de",GASOLINA  AUTO. S/PB 95 I.O.,Gasolina95,12472
2024-08,"Asturias, Principado de",GASOLINA  AUTO. S/PB 98 I.O.,Gasolina98,740
2024-08,"Asturias, Principado de",OTRAS GASOLINAS,OtrasGasolinas,5
2024-08,"Asturias, Principado de",OTROS FUELÓLEOS,OtrosFueloleos,774
2024-08,"Asturias, Principado de",OTROS GASOLEOS,OtrosGasoleos,3027
2024-08,"Asturias, Principado de",OTROS QUEROSENOS,OtrosQueroseno,0
2024-08,"Asturias, Principado de",QUEROSENO AVIACIÓN,QuerosenoAviacion,1684
2024-08,"Balears, Illes",BIODIESEL,Biodiesel,0
2024-08,"Balears, Illes",BIOETANOL,Bioetanol,0
2024-08,"Balears, Illes",FUELÓLEO  BIA,Fueloleo_BIA,0
2024-08,"Balears, Illes",GLP,GLP,4125
2024-08,"Balears, Illes",GASÓLEO A,GasoleoA,37971
2024-08,"Balears, Illes",GASÓLEO B,GasoleoB,3034
2024-08,"Balears, Illes",GASÓLEO C,GasoleoC,14747
2024-08,"Balears, Illes",GASOLINA  AUTO. S/PB 95 I.O.,Gasolina95,33008
2024-08,"Balears, Illes",GASOLINA  AUTO. S/PB 98 I.O.,Gasolina98,1301
2024-08,"Balears, Illes",OTRAS GASOLINAS,OtrasGasolinas,33
2024-08,"Balears, Illes",OTROS FUELÓLEOS,OtrosFueloleos,0
2024-08,"Balears, Illes",OTROS GASOLEOS,OtrosGasoleos,7668
2024-08,"Balears, Illes",OTROS QUEROSENOS,OtrosQueroseno,0
2024-08,"Balears, Illes",QUEROSENO AVIACIÓN,QuerosenoAviacion,98433
2024-08,Canarias,BIODIESEL,Biodiesel,0
2024-08,Canarias,BIOETANOL,Bioetanol,0
2024-08,Canarias,FUELÓLEO  BIA,Fueloleo_BIA,144329
2024-08,Canarias,GLP,GLP,5990
2024-08,Canarias,GASÓLEO A,GasoleoA,54123
2024-08,Canarias,GASÓLEO B,GasoleoB,0
2024-08,Canarias,GASÓLEO C,GasoleoC,0
2024-08,Canarias,GASOLINA  AUTO. S/PB 95 I.O.,Gasolina95,38356
2024-08,Canarias,GASOLINA  AUTO. S/PB 98 I.O.,Gasolina98,8255
2024-08,Canarias,OTRAS GASOLINAS,OtrasGasolinas,6
2024-08,Canarias,OTROS FUELÓLEOS,OtrosFueloleos,95132
2024-08,Canarias,OTROS GASOLEOS,OtrosGasoleos,128529
2024-08,Canarias,OTROS QUEROSENOS,OtrosQueroseno,0
2024-08,Canarias,QUEROSENO AVIACIÓN,QuerosenoAviacion,89749
2024-08,Cantabria,BIODIESEL,Biodiesel,533
2024-08,Cantabria,BIOETANOL,Bioetanol,0
2024-08,Cantabria,FUELÓLEO  BIA,Fueloleo_BIA,27
2024-08,Cantabria,GLP,GLP,1324
2024-08,Cantabria,GASÓLEO A,GasoleoA,29394
2024-08,Cantabria,GASÓLEO B,GasoleoB,3992
2024-08,Cantabria,GASÓLEO C,GasoleoC,99
2024-08,Cantabria,GASOLINA  AUTO. S/PB 95 I.O.,Gasolina95,10664
2024-08,Cantabria,GASOLINA  AUTO. S/PB 98 I.O.,Gasolina98,453
2024-08,Cantabria,OTRAS GASOLINAS,OtrasGasolinas,2
2024-08,Cantabria,OTROS FUELÓLEOS,OtrosFueloleos,0
2024-08,Cantabria,OTROS GASOLEOS,OtrosGasoleos,1066
2024-08,Cantabria,OTROS QUEROSENOS,OtrosQueroseno,0
2024-08,Cantabria,QUEROSENO AVIACIÓN,QuerosenoAviacion,1266
2024-08,Castilla - La Mancha,BIODIESEL,Biodiesel,209
2024-08,Castilla - La Mancha,BIOETANOL,Bioetanol,0
2024-08,Castilla - La Mancha,FUELÓLEO  BIA,Fueloleo_BIA,103
2024-08,Castilla - La Mancha,GLP,GLP,3083
2024-08,Castilla - La Mancha,GASÓLEO A,GasoleoA,104715
2024-08,Castilla - La Mancha,GASÓLEO B,GasoleoB,30773
2024-08,Castilla - La Mancha,GASÓLEO C,GasoleoC,3170
2024-08,Castilla - La Mancha,GASOLINA  AUTO. S/PB 95 I.O.,Gasolina95,26239
2024-08,Castilla - La Mancha,GASOLINA  AUTO. S/PB 98 I.O.,Gasolina98,941
2024-08,Castilla - La Mancha,OTRAS GASOLINAS,OtrasGasolinas,30
2024-08,Castilla - La Mancha,OTROS FUELÓLEOS,OtrosFueloleos,0
2024-08,Castilla - La Mancha,OTROS GASOLEOS,OtrosGasoleos,0
2024-08,Castilla - La Mancha,OTROS QUEROSENOS,OtrosQueroseno,0
2024-08,Castilla - La Mancha,QUEROSENO AVIACIÓN,QuerosenoAviacion,185
2024-08,Castilla y León,BIODIESEL,Biodiesel,284
2024-08,Castilla y León,BIOETANOL,Bioetanol,0
2024-08,Castilla y León,FUELÓLEO  BIA,Fueloleo_BIA,438
2024-08,Castilla y León,GLP,GLP,4453
2024-08,Castilla y León,GASÓLEO A,GasoleoA,160174
2024-08,Castilla y León,GASÓLEO B,GasoleoB,39844
2024-08,Castilla y León,GASÓLEO C,GasoleoC,5358
2024-08,Castilla y León,GASOLINA  AUTO. S/PB 95 I.O.,Gasolina95,42336
2024-08,Castilla y León,GASOLINA  AUTO. S/PB 98 I.O.,Gasolina98,2727
2024-08,Castilla y León,OTRAS GASOLINAS,OtrasGasolinas,74
2024-08,Castilla y León,OTROS FUELÓLEOS,OtrosFueloleos,0
2024-08,Castilla y León,OTROS GASOLEOS,OtrosGasoleos,0
2024-08,Castilla y León,OTROS QUEROSENOS,OtrosQueroseno,0
2024-08,Castilla y León,QUEROSENO AVIACIÓN,QuerosenoAviacion,6355
2024-08,Cataluña,BIODIESEL,Biodiesel,1036
2024-08,Cataluña,BIOETANOL,Bioetanol,0
2024-08,Cataluña,FUELÓLEO  BIA,Fueloleo_BIA,21637
2024-08,Cataluña,GLP,GLP,15754
2024-08,Cataluña,GASÓLEO A,GasoleoA,289272
2024-08,Cataluña,GASÓLEO B,GasoleoB,28570
2024-08,Cataluña,GASÓLEO C,GasoleoC,3195
2024-08,Cataluña,GASOLINA  AUTO. S/PB 95 I.O.,Gasolina95,104257
2024-08,Cataluña,GASOLINA  AUTO. S/PB 98 I.O.,Gasolina98,5501
2024-08,Cataluña,OTRAS GASOLINAS,OtrasGasolinas,162
2024-08,Cataluña,OTROS FUELÓLEOS,OtrosFueloleos,99502
2024-08,Cataluña,OTROS GASOLEOS,OtrosGasoleos,21642
2024-08,Cataluña,OTROS QUEROSENOS,OtrosQueroseno,0
2024-08,Cataluña,QUEROSENO AVIACIÓN,QuerosenoAviacion,136896
2024-08,Ceuta,BIODIESEL,Biodiesel,0
2024-08,Ceuta,BIOETANOL,Bioetanol,0
2024-08,Ceuta,FUELÓLEO  BIA,Fueloleo_BIA,4804
2024-08,Ceuta,GLP,GLP,130
2024-08,Ceuta,GASÓLEO A,GasoleoA,1185
2024-08,Ceuta,GASÓLEO B,GasoleoB,0
2024-08,Ceuta,GASÓLEO C,GasoleoC,0
2024-08,Ceuta,GASOLINA  AUTO. S/PB 95 I.O.,Gasolina95,550
2024-08,Ceuta,GASOLINA  AUTO. S/PB 98 I.O.,Gasolina98,52
2024-08,Ceuta,OTRAS GASOLINAS,OtrasGasolinas,0
2024-08,Ceuta,OTROS FUELÓLEOS,OtrosFueloleos,8943
2024-08,Ceuta,OTROS GASOLEOS,OtrosGasoleos,7890
2024-08,Ceuta,OTROS QUEROSENOS,OtrosQueroseno,0
2024-08,Ceuta,QUEROSENO AVIACIÓN,QuerosenoAviacion,27
2024-08,Comunitat Valenciana,BIODIESEL,Biodiesel,403
2024-08,Comunitat Valenciana,BIOETANOL,Bioetanol,0
2024-08,Comunitat Valenciana,FUELÓLEO  BIA,Fueloleo_BIA,169
2024-08,Comunitat Valenciana,GLP,GLP,8060
2024-08,Comunitat Valenciana,GASÓLEO A,GasoleoA,176663
2024-08,Comunitat Valenciana,GASÓLEO B,GasoleoB,14806
2024-08,Comunitat Valenciana,GASÓLEO C,GasoleoC,1412
2024-08,Comunitat Valenciana,GASOLINA  AUTO. S/PB 95 I.O.,Gasolina95,73476
2024-08,Comunitat Valenciana,GASOLINA  AUTO. S/PB 98 I.O.,Gasolina98,3018
2024-08,Comunitat Valenciana,OTRAS GASOLINAS,OtrasGasolinas,36
2024-08,Comunitat Valenciana,OTROS FUELÓLEOS,OtrosFueloleos,26309
2024-08,Comunitat Valenciana,OTROS GASOLEOS,OtrosGasoleos,19326
2024-08,Comunitat Valenciana,OTROS QUEROSENOS,OtrosQueroseno,1
2024-08,Comunitat Valenciana,QUEROSENO AVIACIÓN,QuerosenoAviacion,51126
2024-08,ESPAÑA,BIODIESEL,Biodiesel,6946
2024-08,ESPAÑA,BIOETANOL,Bioetanol,0
2024-08,ESPAÑA,FUELÓLEO  BIA,Fueloleo_BIA,209574
2024-08,ESPAÑA,GLP,GLP,82669
2024-08,ESPAÑA,GASÓLEO A,GasoleoA,1847407
2024-08,ESPAÑA,GASÓLEO B,GasoleoB,259500
2024-08,ESPAÑA,GASÓLEO C,GasoleoC,50538
2024-08,ESPAÑA,GASOLINA  AUTO. S/PB 95 I.O.,Gasolina95,623128
2024-08,ESPAÑA,GASOLINA  AUTO. S/PB 98 I.O.,Gasolina98,35223
2024-08,ESPAÑA,OTRAS GASOLINAS,OtrasGasolinas,552
2024-08,ESPAÑA,OTROS FUELÓLEOS,OtrosFueloleos,487307
2024-08,ESPAÑA,OTROS GASOLEOS,OtrosGasoleos,247630
2024-08,ESPAÑA,OTROS QUEROSENOS,OtrosQueroseno,1
2024-08,ESPAÑA,QUEROSENO AVIACIÓN,QuerosenoAviacion,726091
2024-08,Extremadura,BIODIESEL,Biodiesel,53
2024-08,Extremadura,BIOETANOL,Bioetanol,0
2024-08,Extremadura,FUELÓLEO  BIA,Fueloleo_BIA,91
2024-08,Extremadura,GLP,GLP,2423
2024-08,Extremadura,GASÓLEO A,GasoleoA,60487
2024-08,Extremadura,GASÓLEO B,GasoleoB,12126
2024-08,Extremadura,GASÓLEO C,GasoleoC,269
2024-08,Extremadura,GASOLINA  AUTO. S/PB 95 I.O.,Gasolina95,12753
2024-08,Extremadura,GASOLINA  AUTO. S/PB 98 I.O.,Gasolina98,424
2024-08,Extremadura,OTRAS GASOLINAS,OtrasGasolinas,2
2024-08,Extremadura,OTROS FUELÓLEOS,OtrosFueloleos,0
2024-08,Extremadura,OTROS GASOLEOS,OtrosGasoleos,0
2024-08,Extremadura,OTROS QUEROSENOS,OtrosQueroseno,0
2024-08,Extremadura,QUEROSENO AVIACIÓN,QuerosenoAviacion,225
2024-08,Galicia,BIODIESEL,Biodiesel,84
2024-08,Galicia,BIOETANOL,Bioetanol,0
2024-08,Galicia,FUELÓLEO  BIA,Fueloleo_BIA,6319
2024-08,Galicia,GLP,GLP,7251
2024-08,Galicia,GASÓLEO A,GasoleoA,121369
2024-08,Galicia,GASÓLEO B,GasoleoB,19132
2024-08,Galicia,GASÓLEO C,GasoleoC,10041
2024-08,Galicia,GASOLINA  AUTO. S/PB 95 I.O.,Gasolina95,42784
2024-08,Galicia,GASOLINA  AUTO. S/PB 98 I.O.,Gasolina98,1862
2024-08,Galicia,OTRAS GASOLINAS,OtrasGasolinas,8
2024-08,Galicia,OTROS FUELÓLEOS,OtrosFueloleos,1056
2024-08,Galicia,OTROS GASOLEOS,OtrosGasoleos,10884
2024-08,Galicia,OTROS QUEROSENOS,OtrosQueroseno,0
2024-08,Galicia,QUEROSENO AVIACIÓN,QuerosenoAviacion,6783
2024-08,"Madrid, Comunidad de",BIODIESEL,Biodiesel,598
2024-08,"Madrid, Comunidad de",BIOETANOL,Bioetanol,0
2024-08,"Madrid, Comunidad de",FUELÓLEO  BIA,Fueloleo_BIA,503
2024-08,"Madrid, Comunidad de",GLP,GLP,4620
2024-08,"Madrid, Comunidad de",GASÓLEO A,GasoleoA,134104
2024-08,"Madrid, Comunidad de",GASÓLEO B,GasoleoB,7654
2024-08,"Madrid, Comunidad de",GASÓLEO C,GasoleoC,3816
2024-08,"Madrid, Comunidad de",GASOLINA  AUTO. S/PB 95 I.O.,Gasolina95,59106
2024-08,"Madrid, Comunidad de",GASOLINA  AUTO. S/PB 98 I.O.,Gasolina98,2149
2024-08,"Madrid, Comunidad de",OTRAS GASOLINAS,OtrasGasolinas,62
2024-08,"Madrid, Comunidad de",OTROS FUELÓLEOS,OtrosFueloleos,0
2024-08,"Madrid, Comunidad de",OTROS GASOLEOS,OtrosGasoleos,16
2024-08,"Madrid, Comunidad de",OTROS QUEROSENOS,OtrosQueroseno,0
2024-08,"Madrid, Comunidad de",QUEROSENO AVIACIÓN,QuerosenoAviacion,247366
2024-08,Melilla,BIODIESEL,Biodiesel,0
2024-08,Melilla,BIOETANOL,Bioetanol,0
2024-08,Melilla,FUELÓLEO  BIA,Fueloleo_BIA,6201
2024-08,Melilla,GLP,GLP,164
2024-08,Melilla,GASÓLEO A,GasoleoA,1255
2024-08,Melilla,GASÓLEO B,GasoleoB,0
2024-08,Melilla,GASÓLEO C,GasoleoC,0
2024-08,Melilla,GASOLINA  AUTO. S/PB 95 I.O.,Gasolina95,655
2024-08,Melilla,GASOLINA  AUTO. S/PB 98 I.O.,Gasolina98,0
2024-08,Melilla,OTRAS GASOLINAS,OtrasGasolinas,0
2024-08,Melilla,OTROS FUELÓLEOS,OtrosFueloleos,0
2024-08,Melilla,OTROS GASOLEOS,OtrosGasoleos,0
2024-08,Melilla,OTROS QUEROSENOS,OtrosQueroseno,0
2024-08,Melilla,QUEROSENO AVIACIÓN,QuerosenoAviacion,193
2024-08,"Murcia, Región de",BIODIESEL,Biodiesel,1055
2024-08,"Murcia, Región de",BIOETANOL,Bioetanol,0
2024-08,"Murcia, Región de",FUELÓLEO  BIA,Fueloleo_BIA,224
2024-08,"Murcia, Región de",GLP,GLP,2452
2024-08,"Murcia, Región de",GASÓLEO A,GasoleoA,79765
2024-08,"Murcia, Región de",GASÓLEO B,GasoleoB,10411
2024-08,"Murcia, Región de",GASÓLEO C,GasoleoC,241
2024-08,"Murcia, Región de",GASOLINA  AUTO. S/PB 95 I.O.,Gasolina95,17017
2024-08,"Murcia, Región de",GASOLINA  AUTO. S/PB 98 I.O.,Gasolina98,750
2024-08,"Murcia, Región de",OTRAS GASOLINAS,OtrasGasolinas,6
2024-08,"Murcia, Región de",OTROS FUELÓLEOS,OtrosFueloleos,26
2024-08,"Murcia, Región de",OTROS GASOLEOS,OtrosGasoleos,1201
2024-08,"Murcia, Región de",OTROS QUEROSENOS,OtrosQueroseno,0
2024-08,"Murcia, Región de",QUEROSENO AVIACIÓN,QuerosenoAviacion,1789
2024-08,"Navarra, Comunidad Foral de",BIODIESEL,Biodiesel,362
2024-08,"Navarra, Comunidad Foral de",BIOETANOL,Bioetanol,0
2024-08,"Navarra, Comunidad Foral de",FUELÓLEO  BIA,Fueloleo_BIA,272
2024-08,"Navarra, Comunidad Foral de",GLP,GLP,771
2024-08,"Navarra, Comunidad Foral de",GASÓLEO A,GasoleoA,44164
2024-08,"Navarra, Comunidad Foral de",GASÓLEO B,GasoleoB,5913
2024-08,"Navarra, Comunidad Foral de",GASÓLEO C,GasoleoC,299
2024-08,"Navarra, Comunidad Foral de",GASOLINA  AUTO. S/PB 95 I.O.,Gasolina95,8680
2024-08,"Navarra, Comunidad Foral de",GASOLINA  AUTO. S/PB 98 I.O.,Gasolina98,316
2024-08,"Navarra, Comunidad Foral de",OTRAS GASOLINAS,OtrasGasolinas,7
2024-08,"Navarra, Comunidad Foral de",OTROS FUELÓLEOS,OtrosFueloleos,0
2024-08,"Navarra, Comunidad Foral de",OTROS GASOLEOS,OtrosGasoleos,0
2024-08,"Navarra, Comunidad Foral de",OTROS QUEROSENOS,OtrosQueroseno,0
2024-08,"Navarra, Comunidad Foral de",QUEROSENO AVIACIÓN,QuerosenoAviacion,240
2024-08,País Vasco,BIODIESEL,Biodiesel,1180
2024-08,País Vasco,BIOETANOL,Bioetanol,0
2024-08,País Vasco,FUELÓLEO  BIA,Fueloleo_BIA,313
2024-08,País Vasco,GLP,GLP,2383
2024-08,País Vasco,GASÓLEO A,GasoleoA,129848
2024-08,País Vasco,GASÓLEO B,GasoleoB,9873
2024-08,País Vasco,GASÓLEO C,GasoleoC,1913
2024-08,País Vasco,GASOLINA  AUTO. S/PB 95 I.O.,Gasolina95,22784
2024-08,País Vasco,GASOLINA  AUTO. S/PB 98 I.O.,Gasolina98,1538
2024-08,País Vasco,OTRAS GASOLINAS,OtrasGasolinas,4
2024-08,País Vasco,OTROS FUELÓLEOS,OtrosFueloleos,0
2024-08,País Vasco,OTROS GASOLEOS,OtrosGasoleos,2568
2024-08,País Vasco,OTROS QUEROSENOS,OtrosQueroseno,0
2024-08,País Vasco,QUEROSENO AVIACIÓN,QuerosenoAviacion,9533
2024-08,"Rioja, La",BIODIESEL,Biodiesel,77
2024-08,"Rioja, La",BIOETANOL,Bioetanol,0
2024-08,"Rioja, La",FUELÓLEO  BIA,Fueloleo_BIA,21
2024-08,"Rioja, La",GLP,GLP,434
2024-08,"Rioja, La",GASÓLEO A,GasoleoA,11285
2024-08,"Rioja, La",GASÓLEO B,GasoleoB,2616
2024-08,"Rioja, La",GASÓLEO C,GasoleoC,582
2024-08,"Rioja, La",GASOLINA  AUTO. S/PB 95 I.O.,Gasolina95,3451
2024-08,"Rioja, La",GASOLINA  AUTO. S/PB 98 I.O.,Gasolina98,156
2024-08,"Rioja, La",OTRAS GASOLINAS,OtrasGasolinas,10
2024-08,"Rioja, La",OTROS FUELÓLEOS,OtrosFueloleos,0
2024-08,"Rioja, La",OTROS GASOLEOS,OtrosGasoleos,0
2024-08,"Rioja, La",OTROS QUEROSENOS,OtrosQueroseno,0
2024-08,"Rioja, La",QUEROSENO AVIACIÓN,QuerosenoAviacion,19
2024-09,Andalucía,BIODIESEL,Biodiesel,440
2024-09,Andalucía,BIOETANOL,Bioetanol,0
2024-09,Andalucía,FUELÓLEO  BIA,Fueloleo_BIA,20473
2024-09,Andalucía,GLP,GLP,17410
2024-09,Andalucía,GASÓLEO A,GasoleoA,283332
2024-09,Andalucía,GASÓLEO B,GasoleoB,51074
2024-09,Andalucía,GASÓLEO C,GasoleoC,3704
2024-09,Andalucía,GASOLINA  AUTO. S/PB 95 I.O.,Gasolina95,79814
2024-09,Andalucía,GASOLINA  AUTO. S/PB 98 I.O.,Gasolina98,3227
2024-09,Andalucía,OTRAS GASOLINAS,OtrasGasolinas,80
2024-09,Andalucía,OTROS FUELÓLEOS,OtrosFueloleos,248196
2024-09,Andalucía,OTROS GASOLEOS,OtrosGasoleos,42136
2024-09,Andalucía,OTROS QUEROSENOS,OtrosQueroseno,0
2024-09,Andalucía,QUEROSENO AVIACIÓN,QuerosenoAviacion,67736
2024-09,Aragón,BIODIESEL,Biodiesel,801
2024-09,Aragón,BIOETANOL,Bioetanol,0
2024-09,Aragón,FUELÓLEO  BIA,Fueloleo_BIA,173
2024-09,Aragón,GLP,GLP,2898
2024-09,Aragón,GASÓLEO A,GasoleoA,66566
2024-09,Aragón,GASÓLEO B,GasoleoB,20115
2024-09,Aragón,GASÓLEO C,GasoleoC,4575
2024-09,Aragón,GASOLINA  AUTO. S/PB 95 I.O.,Gasolina95,14585
2024-09,Aragón,GASOLINA  AUTO. S/PB 98 I.O.,Gasolina98,618
2024-09,Aragón,OTRAS GASOLINAS,OtrasGasolinas,4
2024-09,Aragón,OTROS FUELÓLEOS,OtrosFueloleos,0
2024-09,Aragón,OTROS GASOLEOS,OtrosGasoleos,17
2024-09,Aragón,OTROS QUEROSENOS,OtrosQueroseno,0
2024-09,Aragón,QUEROSENO AVIACIÓN,QuerosenoAviacion,9255
2024-09,"Asturias, Principado de",BIODIESEL,Biodiesel,32
2024-09,"Asturias, Principado de",BIOETANOL,Bioetanol,0
2024-09,"Asturias, Principado de",FUELÓLEO  BIA,Fueloleo_BIA,636
2024-09,"Asturias, Principado de",GLP,GLP,1738
2024-09,"Asturias, Principado de",GASÓLEO A,GasoleoA,32606
2024-09,"Asturias, Principado de",GASÓLEO B,GasoleoB,5927
2024-09,"Asturias, Principado de",GASÓLEO C,GasoleoC,2148
2024-09,"Asturias, Principado de",GASOLINA  AUTO. S/PB 95 I.O.,Gasolina95,9081
2024-09,"Asturias, Principado de",GASOLINA  AUTO. S/PB 98 I.O.,Gasolina98,556
2024-09,"Asturias, Principado de",OTRAS GASOLINAS,OtrasGasolinas,2
2024-09,"Asturias, Principado de",OTROS FUELÓLEOS,OtrosFueloleos,1659
2024-09,"Asturias, Principado de",OTROS GASOLEOS,OtrosGasoleos,2703
2024-09,"Asturias, Principado de",OTROS QUEROSENOS,OtrosQueroseno,0
2024-09,"Asturias, Principado de",QUEROSENO AVIACIÓN,QuerosenoAviacion,1536
2024-09,"Balears, Illes",BIODIESEL,Biodiesel,0
2024-09,"Balears, Illes",BIOETANOL,Bioetanol,0
2024-09,"Balears, Illes",FUELÓLEO  BIA,Fueloleo_BIA,0
2024-09,"Balears, Illes",GLP,GLP,4054
2024-09,"Balears, Illes",GASÓLEO A,GasoleoA,30877
2024-09,"Balears, Illes",GASÓLEO B,GasoleoB,3451
2024-09,"Balears, Illes",GASÓLEO C,GasoleoC,13258
2024-09,"Balears, Illes",GASOLINA  AUTO. S/PB 95 I.O.,Gasolina95,25849
2024-09,"Balears, Illes",GASOLINA  AUTO. S/PB 98 I.O.,Gasolina98,976
2024-09,"Balears, Illes",OTRAS GASOLINAS,OtrasGasolinas,24
2024-09,"Balears, Illes",OTROS FUELÓLEOS,OtrosFueloleos,0
2024-09,"Balears, Illes",OTROS GASOLEOS,OtrosGasoleos,4600
2024-09,"Balears, Illes",OTROS QUEROSENOS,OtrosQueroseno,0
2024-09,"Balears, Illes",QUEROSENO AVIACIÓN,QuerosenoAviacion,87533
2024-09,Canarias,BIODIESEL,Biodiesel,0
2024-09,Canarias,BIOETANOL,Bioetanol,0
2024-09,Canarias,FUELÓLEO  BIA,Fueloleo_BIA,141276
2024-09,Canarias,GLP,GLP,5855
2024-09,Canarias,GASÓLEO A,GasoleoA,51883
2024-09,Canarias,GASÓLEO B,GasoleoB,0
2024-09,Canarias,GASÓLEO C,GasoleoC,0
2024-09,Canarias,GASOLINA  AUTO. S/PB 95 I.O.,Gasolina95,36197
2024-09,Canarias,GASOLINA  AUTO. S/PB 98 I.O.,Gasolina98,8271
2024-09,Canarias,OTRAS GASOLINAS,OtrasGasolinas,4
2024-09,Canarias,OTROS FUELÓLEOS,OtrosFueloleos,82322
2024-09,Canarias,OTROS GASOLEOS,OtrosGasoleos,128032
2024-09,Canarias,OTROS QUEROSENOS,OtrosQueroseno,0
2024-09,Canarias,QUEROSENO AVIACIÓN,QuerosenoAviacion,86814
2024-09,Cantabria,BIODIESEL,Biodiesel,422
2024-09,Cantabria,BIOETANOL,Bioetanol,0
2024-09,Cantabria,FUELÓLEO  BIA,Fueloleo_BIA,560
2024-09,Cantabria,GLP,GLP,1359
2024-09,Cantabria,GASÓLEO A,GasoleoA,24737
2024-09,Cantabria,GASÓLEO B,GasoleoB,4299
2024-09,Cantabria,GASÓLEO C,GasoleoC,163
2024-09,Cantabria,GASOLINA  AUTO. S/PB 95 I.O.,Gasolina95,7227
2024-09,Cantabria,GASOLINA  AUTO. S/PB 98 I.O.,Gasolina98,298
2024-09,Cantabria,OTRAS GASOLINAS,OtrasGasolinas,1
2024-09,Cantabria,OTROS FUELÓLEOS,OtrosFueloleos,154
2024-09,Cantabria,OTROS GASOLEOS,OtrosGasoleos,566
2024-09,Cantabria,OTROS QUEROSENOS,OtrosQueroseno,0
2024-09,Cantabria,QUEROSENO AVIACIÓN,QuerosenoAviacion,1041
2024-09,Castilla - La Mancha,BIODIESEL,Biodiesel,335
2024-09,Castilla - La Mancha,BIOETANOL,Bioetanol,0
2024-09,Castilla - La Mancha,FUELÓLEO  BIA,Fueloleo_BIA,180
2024-09,Castilla - La Mancha,GLP,GLP,3377
2024-09,Castilla - La Mancha,GASÓLEO A,GasoleoA,105236
2024-09,Castilla - La Mancha,GASÓLEO B,GasoleoB,37300
2024-09,Castilla - La Mancha,GASÓLEO C,GasoleoC,7212
2024-09,Castilla - La Mancha,GASOLINA  AUTO. S/PB 95 I.O.,Gasolina95,21163
2024-09,Castilla - La Mancha,GASOLINA  AUTO. S/PB 98 I.O.,Gasolina98,816
2024-09,Castilla - La Mancha,OTRAS GASOLINAS,OtrasGasolinas,3
2024-09,Castilla - La Mancha,OTROS FUELÓLEOS,OtrosFueloleos,0
2024-09,Castilla - La Mancha,OTROS GASOLEOS,OtrosGasoleos,0
2024-09,Castilla - La Mancha,OTROS QUEROSENOS,OtrosQueroseno,0
2024-09,Castilla - La Mancha,QUEROSENO AVIACIÓN,QuerosenoAviacion,39
2024-09,Castilla y León,BIODIESEL,Biodiesel,239
2024-09,Castilla y León,BIOETANOL,Bioetanol,0
2024-09,Castilla y León,FUELÓLEO  BIA,Fueloleo_BIA,764
2024-09,Castilla y León,GLP,GLP,4805
2024-09,Castilla y León,GASÓLEO A,GasoleoA,143855
2024-09,Castilla y León,GASÓLEO B,GasoleoB,47448
2024-09,Castilla y León,GASÓLEO C,GasoleoC,10406
2024-09,Castilla y León,GASOLINA  AUTO. S/PB 95 I.O.,Gasolina95,29842
2024-09,Castilla y León,GASOLINA  AUTO. S/PB 98 I.O.,Gasolina98,1537
2024-09,Castilla y León,OTRAS GASOLINAS,OtrasGasolinas,46
2024-09,Castilla y León,OTROS FUELÓLEOS,OtrosFueloleos,0
2024-09,Castilla y León,OTROS GASOLEOS,OtrosGasoleos,0
2024-09,Castilla y León,OTROS QUEROSENOS,OtrosQueroseno,0
2024-09,Castilla y León,QUEROSENO AVIACIÓN,QuerosenoAviacion,277
2024-09,Cataluña,BIODIESEL,Biodiesel,775
2024-09,Cataluña,BIOETANOL,Bioetanol,0
2024-09,Cataluña,FUELÓLEO  BIA,Fueloleo_BIA,24867
2024-09,Cataluña,GLP,GLP,9897
2024-09,Cataluña,GASÓLEO A,GasoleoA,273210
2024-09,Cataluña,GASÓLEO B,GasoleoB,39331
2024-09,Cataluña,GASÓLEO C,GasoleoC,6754
2024-09,Cataluña,GASOLINA  AUTO. S/PB 95 I.O.,Gasolina95,88299
2024-09,Cataluña,GASOLINA  AUTO. S/PB 98 I.O.,Gasolina98,4031
2024-09,Cataluña,OTRAS GASOLINAS,OtrasGasolinas,88
2024-09,Cataluña,OTROS FUELÓLEOS,OtrosFueloleos,100690
2024-09,Cataluña,OTROS GASOLEOS,OtrosGasoleos,21572
2024-09,Cataluña,OTROS QUEROSENOS,OtrosQueroseno,0
2024-09,Cataluña,QUEROSENO AVIACIÓN,QuerosenoAviacion,129673
2024-09,Ceuta,BIODIESEL,Biodiesel,0
2024-09,Ceuta,BIOETANOL,Bioetanol,0
2024-09,Ceuta,FUELÓLEO  BIA,Fueloleo_BIA,2501
2024-09,Ceuta,GLP,GLP,162
2024-09,Ceuta,GASÓLEO A,GasoleoA,1114
2024-09,Ceuta,GASÓLEO B,GasoleoB,0
2024-09,Ceuta,GASÓLEO C,GasoleoC,54
2024-09,Ceuta,GASOLINA  AUTO. S/PB 95 I.O.,Gasolina95,530
2024-09,Ceuta,GASOLINA  AUTO. S/PB 98 I.O.,Gasolina98,69
2024-09,Ceuta,OTRAS GASOLINAS,OtrasGasolinas,0
2024-09,Ceuta,OTROS FUELÓLEOS,OtrosFueloleos,8961
2024-09,Ceuta,OTROS GASOLEOS,OtrosGasoleos,19039
2024-09,Ceuta,OTROS QUEROSENOS,OtrosQueroseno,0
2024-09,Ceuta,QUEROSENO AVIACIÓN,QuerosenoAviacion,54
2024-09,Comunitat Valenciana,BIODIESEL,Biodiesel,442
2024-09,Comunitat Valenciana,BIOETANOL,Bioetanol,0
2024-09,Comunitat Valenciana,FUELÓLEO  BIA,Fueloleo_BIA,231
2024-09,Comunitat Valenciana,GLP,GLP,8589
2024-09,Comunitat Valenciana,GASÓLEO A,GasoleoA,166212
2024-09,Comunitat Valenciana,GASÓLEO B,GasoleoB,17405
2024-09,Comunitat Valenciana,GASÓLEO C,GasoleoC,2786
2024-09,Comunitat Valenciana,GASOLINA  AUTO. S/PB 95 I.O.,Gasolina95,60452
2024-09,Comunitat Valenciana,GASOLINA  AUTO. S/PB 98 I.O.,Gasolina98,2414
2024-09,Comunitat Valenciana,OTRAS GASOLINAS,OtrasGasolinas,14
2024-09,Comunitat Valenciana,OTROS FUELÓLEOS,OtrosFueloleos,1044
2024-09,Comunitat Valenciana,OTROS GASOLEOS,OtrosGasoleos,13637
2024-09,Comunitat Valenciana,OTROS QUEROSENOS,OtrosQueroseno,0
2024-09,Comunitat Valenciana,QUEROSENO AVIACIÓN,QuerosenoAviacion,47978
2024-09,ESPAÑA,BIODIESEL,Biodiesel,7044
2024-09,ESPAÑA,BIOETANOL,Bioetanol,0
2024-09,ESPAÑA,FUELÓLEO  BIA,Fueloleo_BIA,204753
2024-09,ESPAÑA,GLP,GLP,84537
2024-09,ESPAÑA,GASÓLEO A,GasoleoA,1772806
2024-09,ESPAÑA,GASÓLEO B,GasoleoB,307154
2024-09,ESPAÑA,GASÓLEO C,GasoleoC,82390
2024-09,ESPAÑA,GASOLINA  AUTO. S/PB 95 I.O.,Gasolina95,517847
2024-09,ESPAÑA,GASOLINA  AUTO. S/PB 98 I.O.,Gasolina98,28889
2024-09,ESPAÑA,OTRAS GASOLINAS,OtrasGasolinas,351
2024-09,ESPAÑA,OTROS FUELÓLEOS,OtrosFueloleos,444970
2024-09,ESPAÑA,OTROS GASOLEOS,OtrosGasoleos,246843
2024-09,ESPAÑA,OTROS QUEROSENOS,OtrosQueroseno,2
2024-09,ESPAÑA,QUEROSENO AVIACIÓN,QuerosenoAviacion,687639
2024-09,Extremadura,BIODIESEL,Biodiesel,41
2024-09,Extremadura,BIOETANOL,Bioetanol,0
2024-09,Extremadura,FUELÓLEO  BIA,Fueloleo_BIA,126
2024-09,Extremadura,GLP,GLP,3082
2024-09,Extremadura,GASÓLEO A,GasoleoA,57890
2024-09,Extremadura,GASÓLEO B,GasoleoB,11820
2024-09,Extremadura,GASÓLEO C,GasoleoC,606
2024-09,Extremadura,GASOLINA  AUTO. S/PB 95 I.O.,Gasolina95,9745
2024-09,Extremadura,GASOLINA  AUTO. S/PB 98 I.O.,Gasolina98,339
2024-09,Extremadura,OTRAS GASOLINAS,OtrasGasolinas,2
2024-09,Extremadura,OTROS FUELÓLEOS,OtrosFueloleos,0
2024-09,Extremadura,OTROS GASOLEOS,OtrosGasoleos,0
2024-09,Extremadura,OTROS QUEROSENOS,OtrosQueroseno,0
2024-09,Extremadura,QUEROSENO AVIACIÓN,QuerosenoAviacion,111
2024-09,Galicia,BIODIESEL,Biodiesel,110
2024-09,Galicia,BIOETANOL,Bioetanol,0
2024-09,Galicia,FUELÓLEO  BIA,Fueloleo_BIA,8947
2024-09,Galicia,GLP,GLP,7433
2024-09,Galicia,GASÓLEO A,GasoleoA,108072
2024-09,Galicia,GASÓLEO B,GasoleoB,25281
2024-09,Galicia,GASÓLEO C,GasoleoC,17976
2024-09,Galicia,GASOLINA  AUTO. S/PB 95 I.O.,Gasolina95,23862
2024-09,Galicia,GASOLINA  AUTO. S/PB 98 I.O.,Gasolina98,1240
2024-09,Galicia,OTRAS GASOLINAS,OtrasGasolinas,7
2024-09,Galicia,OTROS FUELÓLEOS,OtrosFueloleos,1504
2024-09,Galicia,OTROS GASOLEOS,OtrosGasoleos,10571
2024-09,Galicia,OTROS QUEROSENOS,OtrosQueroseno,0
2024-09,Galicia,QUEROSENO AVIACIÓN,QuerosenoAviacion,5236
2024-09,"Madrid, Comunidad de",BIODIESEL,Biodiesel,980
2024-09,"Madrid, Comunidad de",BIOETANOL,Bioetanol,0
2024-09,"Madrid, Comunidad de",FUELÓLEO  BIA,Fueloleo_BIA,388
2024-09,"Madrid, Comunidad de",GLP,GLP,6280
2024-09,"Madrid, Comunidad de",GASÓLEO A,GasoleoA,145069
2024-09,"Madrid, Comunidad de",GASÓLEO B,GasoleoB,9914
2024-09,"Madrid, Comunidad de",GASÓLEO C,GasoleoC,8098
2024-09,"Madrid, Comunidad de",GASOLINA  AUTO. S/PB 95 I.O.,Gasolina95,66078
2024-09,"Madrid, Comunidad de",GASOLINA  AUTO. S/PB 98 I.O.,Gasolina98,2444
2024-09,"Madrid, Comunidad de",OTRAS GASOLINAS,OtrasGasolinas,64
2024-09,"Madrid, Comunidad de",OTROS FUELÓLEOS,OtrosFueloleos,0
2024-09,"Madrid, Comunidad de",OTROS GASOLEOS,OtrosGasoleos,0
2024-09,"Madrid, Comunidad de",OTROS QUEROSENOS,OtrosQueroseno,0
2024-09,"Madrid, Comunidad de",QUEROSENO AVIACIÓN,QuerosenoAviacion,238637
2024-09,Melilla,BIODIESEL,Biodiesel,0
2024-09,Melilla,BIOETANOL,Bioetanol,0
2024-09,Melilla,FUELÓLEO  BIA,Fueloleo_BIA,2565
2024-09,Melilla,GLP,GLP,79
2024-09,Melilla,GASÓLEO A,GasoleoA,1146
2024-09,Melilla,GASÓLEO B,GasoleoB,0
2024-09,Melilla,GASÓLEO C,GasoleoC,0
2024-09,Melilla,GASOLINA  AUTO. S/PB 95 I.O.,Gasolina95,566
2024-09,Melilla,GASOLINA  AUTO. S/PB 98 I.O.,Gasolina98,0
2024-09,Melilla,OTRAS GASOLINAS,OtrasGasolinas,0
2024-09,Melilla,OTROS FUELÓLEOS,OtrosFueloleos,440
2024-09,Melilla,OTROS GASOLEOS,OtrosGasoleos,230
2024-09,Melilla,OTROS QUEROSENOS,OtrosQueroseno,0
2024-09,Melilla,QUEROSENO AVIACIÓN,QuerosenoAviacion,128
2024-09,"Murcia, Región de",BIODIESEL,Biodiesel,964
2024-09,"Murcia, Región de",BIOETANOL,Bioetanol,0
2024-09,"Murcia, Región de",FUELÓLEO  BIA,Fueloleo_BIA,252
2024-09,"Murcia, Región de",GLP,GLP,2985
2024-09,"Murcia, Región de",GASÓLEO A,GasoleoA,76186
2024-09,"Murcia, Región de",GASÓLEO B,GasoleoB,11423
2024-09,"Murcia, Región de",GASÓLEO C,GasoleoC,539
2024-09,"Murcia, Región de",GASOLINA  AUTO. S/PB 95 I.O.,Gasolina95,14322
2024-09,"Murcia, Región de",GASOLINA  AUTO. S/PB 98 I.O.,Gasolina98,645
2024-09,"Murcia, Región de",OTRAS GASOLINAS,OtrasGasolinas,0
2024-09,"Murcia, Región de",OTROS FUELÓLEOS,OtrosFueloleos,0
2024-09,"Murcia, Región de",OTROS GASOLEOS,OtrosGasoleos,1911
2024-09,"Murcia, Región de",OTROS QUEROSENOS,OtrosQueroseno,0
2024-09,"Murcia, Región de",QUEROSENO AVIACIÓN,QuerosenoAviacion,2150
2024-09,"Navarra, Comunidad Foral de",BIODIESEL,Biodiesel,402
2024-09,"Navarra, Comunidad Foral de",BIOETANOL,Bioetanol,0
2024-09,"Navarra, Comunidad Foral de",FUELÓLEO  BIA,Fueloleo_BIA,263
2024-09,"Navarra, Comunidad Foral de",GLP,GLP,985
2024-09,"Navarra, Comunidad Foral de",GASÓLEO A,GasoleoA,48444
2024-09,"Navarra, Comunidad Foral de",GASÓLEO B,GasoleoB,7521
2024-09,"Navarra, Comunidad Foral de",GASÓLEO C,GasoleoC,549
2024-09,"Navarra, Comunidad Foral de",GASOLINA  AUTO. S/PB 95 I.O.,Gasolina95,7469
2024-09,"Navarra, Comunidad Foral de",GASOLINA  AUTO. S/PB 98 I.O.,Gasolina98,283
2024-09,"Navarra, Comunidad Foral de",OTRAS GASOLINAS,OtrasGasolinas,4
2024-09,"Navarra, Comunidad Foral de",OTROS FUELÓLEOS,OtrosFueloleos,0
2024-09,"Navarra, Comunidad Foral de",OTROS GASOLEOS,OtrosGasoleos,0
2024-09,"Navarra, Comunidad Foral de",OTROS QUEROSENOS,OtrosQueroseno,0
2024-09,"Navarra, Comunidad Foral de",QUEROSENO AVIACIÓN,QuerosenoAviacion,171
2024-09,País Vasco,BIODIESEL,Biodiesel,963
2024-09,País Vasco,BIOETANOL,Bioetanol,0
2024-09,País Vasco,FUELÓLEO  BIA,Fueloleo_BIA,439
2024-09,País Vasco,GLP,GLP,3139
2024-09,País Vasco,GASÓLEO A,GasoleoA,144126
2024-09,País Vasco,GASÓLEO B,GasoleoB,11546
2024-09,País Vasco,GASÓLEO C,GasoleoC,2540
2024-09,País Vasco,GASOLINA  AUTO. S/PB 95 I.O.,Gasolina95,20026
2024-09,País Vasco,GASOLINA  AUTO. S/PB 98 I.O.,Gasolina98,1021
2024-09,País Vasco,OTRAS GASOLINAS,OtrasGasolinas,3
2024-09,País Vasco,OTROS FUELÓLEOS,OtrosFueloleos,0
2024-09,País Vasco,OTROS GASOLEOS,OtrosGasoleos,1829
2024-09,País Vasco,OTROS QUEROSENOS,OtrosQueroseno,2
2024-09,País Vasco,QUEROSENO AVIACIÓN,QuerosenoAviacion,9257
2024-09,"Rioja, La",BIODIESEL,Biodiesel,98
2024-09,"Rioja, La",BIOETANOL,Bioetanol,0
2024-09,"Rioja, La",FUELÓLEO  BIA,Fueloleo_BIA,112
2024-09,"Rioja, La",GLP,GLP,410
2024-09,"Rioja, La",GASÓLEO A,GasoleoA,12245
2024-09,"Rioja, La",GASÓLEO B,GasoleoB,3299
2024-09,"Rioja, La",GASÓLEO C,GasoleoC,1022
2024-09,"Rioja, La",GASOLINA  AUTO. S/PB 95 I.O.,Gasolina95,2740
2024-09,"Rioja, La",GASOLINA  AUTO. S/PB 98 I.O.,Gasolina98,104
2024-09,"Rioja, La",OTRAS GASOLINAS,OtrasGasolinas,5
2024-09,"Rioja, La",OTROS FUELÓLEOS,OtrosFueloleos,0
2024-09,"Rioja, La",OTROS GASOLEOS,OtrosGasoleos,0
2024-09,"Rioja, La",OTROS QUEROSENOS,OtrosQueroseno,0
2024-09,"Rioja, La",QUEROSENO AVIACIÓN,QuerosenoAviacion,13
2024-10,Andalucía,BIODIESEL,Biodiesel,510
2024-10,Andalucía,BIOETANOL,Bioetanol,0
2024-10,Andalucía,FUELÓLEO  BIA,Fueloleo_BIA,38976
2024-10,Andalucía,GLP,GLP,22010
2024-10,Andalucía,GASÓLEO A,GasoleoA,288499
2024-10,Andalucía,GASÓLEO B,GasoleoB,60510
2024-10,Andalucía,GASÓLEO C,GasoleoC,5979
2024-10,Andalucía,GASOLINA  AUTO. S/PB 95 I.O.,Gasolina95,80610
2024-10,Andalucía,GASOLINA  AUTO. S/PB 98 I.O.,Gasolina98,3352
2024-10,Andalucía,OTRAS GASOLINAS,OtrasGasolinas,80
2024-10,Andalucía,OTROS FUELÓLEOS,OtrosFueloleos,288521
2024-10,Andalucía,OTROS GASOLEOS,OtrosGasoleos,51680
2024-10,Andalucía,OTROS QUEROSENOS,OtrosQueroseno,0
2024-10,Andalucía,QUEROSENO AVIACIÓN,QuerosenoAviacion,61844
2024-10,Aragón,BIODIESEL,Biodiesel,724
2024-10,Aragón,BIOETANOL,Bioetanol,0
2024-10,Aragón,FUELÓLEO  BIA,Fueloleo_BIA,260
2024-10,Aragón,GLP,GLP,3758
2024-10,Aragón,GASÓLEO A,GasoleoA,72798
2024-10,Aragón,GASÓLEO B,GasoleoB,24320
2024-10,Aragón,GASÓLEO C,GasoleoC,6574
2024-10,Aragón,GASOLINA  AUTO. S/PB 95 I.O.,Gasolina95,14790
2024-10,Aragón,GASOLINA  AUTO. S/PB 98 I.O.,Gasolina98,552
2024-10,Aragón,OTRAS GASOLINAS,OtrasGasolinas,8
2024-10,Aragón,OTROS FUELÓLEOS,OtrosFueloleos,0
2024-10,Aragón,OTROS GASOLEOS,OtrosGasoleos,0
2024-10,Aragón,OTROS QUEROSENOS,OtrosQueroseno,0
2024-10,Aragón,QUEROSENO AVIACIÓN,QuerosenoAviacion,11694
2024-10,"Asturias, Principado de",BIODIESEL,Biodiesel,35
2024-10,"Asturias, Principado de",BIOETANOL,Bioetanol,0
2024-10,"Asturias, Principado de",FUELÓLEO  BIA,Fueloleo_BIA,849
2024-10,"Asturias, Principado de",GLP,GLP,1810
2024-10,"Asturias, Principado de",GASÓLEO A,GasoleoA,36100
2024-10,"Asturias, Principado de",GASÓLEO B,GasoleoB,7324
2024-10,"Asturias, Principado de",GASÓLEO C,GasoleoC,2902
2024-10,"Asturias, Principado de",GASOLINA  AUTO. S/PB 95 I.O.,Gasolina95,9175
2024-10,"Asturias, Principado de",GASOLINA  AUTO. S/PB 98 I.O.,Gasolina98,554
2024-10,"Asturias, Principado de",OTRAS GASOLINAS,OtrasGasolinas,2
2024-10,"Asturias, Principado de",OTROS FUELÓLEOS,OtrosFueloleos,1016
2024-10,"Asturias, Principado de",OTROS GASOLEOS,OtrosGasoleos,3396
2024-10,"Asturias, Principado de",OTROS QUEROSENOS,OtrosQueroseno,0
2024-10,"Asturias, Principado de",QUEROSENO AVIACIÓN,QuerosenoAviacion,1656
2024-10,"Balears, Illes",BIODIESEL,Biodiesel,0
2024-10,"Balears, Illes",BIOETANOL,Bioetanol,0
2024-10,"Balears, Illes",FUELÓLEO  BIA,Fueloleo_BIA,0
2024-10,"Balears, Illes",GLP,GLP,4133
2024-10,"Balears, Illes",GASÓLEO A,GasoleoA,30846
2024-10,"Balears, Illes",GASÓLEO B,GasoleoB,3679
2024-10,"Balears, Illes",GASÓLEO C,GasoleoC,11256
2024-10,"Balears, Illes",GASOLINA  AUTO. S/PB 95 I.O.,Gasolina95,23578
2024-10,"Balears, Illes",GASOLINA  AUTO. S/PB 98 I.O.,Gasolina98,1032
2024-10,"Balears, Illes",OTRAS GASOLINAS,OtrasGasolinas,22
2024-10,"Balears, Illes",OTROS FUELÓLEOS,OtrosFueloleos,0
2024-10,"Balears, Illes",OTROS GASOLEOS,OtrosGasoleos,3236
2024-10,"Balears, Illes",OTROS QUEROSENOS,OtrosQueroseno,0
2024-10,"Balears, Illes",QUEROSENO AVIACIÓN,QuerosenoAviacion,72982
2024-10,Canarias,BIODIESEL,Biodiesel,0
2024-10,Canarias,BIOETANOL,Bioetanol,0
2024-10,Canarias,FUELÓLEO  BIA,Fueloleo_BIA,143722
2024-10,Canarias,GLP,GLP,6658
2024-10,Canarias,GASÓLEO A,GasoleoA,58655
2024-10,Canarias,GASÓLEO B,GasoleoB,0
2024-10,Canarias,GASÓLEO C,GasoleoC,0
2024-10,Canarias,GASOLINA  AUTO. S/PB 95 I.O.,Gasolina95,39327
2024-10,Canarias,GASOLINA  AUTO. S/PB 98 I.O.,Gasolina98,8959
2024-10,Canarias,OTRAS GASOLINAS,OtrasGasolinas,5
2024-10,Canarias,OTROS FUELÓLEOS,OtrosFueloleos,114680
2024-10,Canarias,OTROS GASOLEOS,OtrosGasoleos,141131
2024-10,Canarias,OTROS QUEROSENOS,OtrosQueroseno,0
2024-10,Canarias,QUEROSENO AVIACIÓN,QuerosenoAviacion,103758
2024-10,Cantabria,BIODIESEL,Biodiesel,421
2024-10,Cantabria,BIOETANOL,Bioetanol,0
2024-10,Cantabria,FUELÓLEO  BIA,Fueloleo_BIA,385
2024-10,Cantabria,GLP,GLP,1323
2024-10,Cantabria,GASÓLEO A,GasoleoA,24484
2024-10,Cantabria,GASÓLEO B,GasoleoB,5080
2024-10,Cantabria,GASÓLEO C,GasoleoC,248
2024-10,Cantabria,GASOLINA  AUTO. S/PB 95 I.O.,Gasolina95,6889
2024-10,Cantabria,GASOLINA  AUTO. S/PB 98 I.O.,Gasolina98,317
2024-10,Cantabria,OTRAS GASOLINAS,OtrasGasolinas,1
2024-10,Cantabria,OTROS FUELÓLEOS,OtrosFueloleos,0
2024-10,Cantabria,OTROS GASOLEOS,OtrosGasoleos,620
2024-10,Cantabria,OTROS QUEROSENOS,OtrosQueroseno,0
2024-10,Cantabria,QUEROSENO AVIACIÓN,QuerosenoAviacion,890
2024-10,Castilla - La Mancha,BIODIESEL,Biodiesel,503
2024-10,Castilla - La Mancha,BIOETANOL,Bioetanol,0
2024-10,Castilla - La Mancha,FUELÓLEO  BIA,Fueloleo_BIA,388
2024-10,Castilla - La Mancha,GLP,GLP,4594
2024-10,Castilla - La Mancha,GASÓLEO A,GasoleoA,110234
2024-10,Castilla - La Mancha,GASÓLEO B,GasoleoB,48111
2024-10,Castilla - La Mancha,GASÓLEO C,GasoleoC,12187
2024-10,Castilla - La Mancha,GASOLINA  AUTO. S/PB 95 I.O.,Gasolina95,21750
2024-10,Castilla - La Mancha,GASOLINA  AUTO. S/PB 98 I.O.,Gasolina98,831
2024-10,Castilla - La Mancha,OTRAS GASOLINAS,OtrasGasolinas,22
2024-10,Castilla - La Mancha,OTROS FUELÓLEOS,OtrosFueloleos,0
2024-10,Castilla - La Mancha,OTROS GASOLEOS,OtrosGasoleos,1
2024-10,Castilla - La Mancha,OTROS QUEROSENOS,OtrosQueroseno,0
2024-10,Castilla - La Mancha,QUEROSENO AVIACIÓN,QuerosenoAviacion,144
2024-10,Castilla y León,BIODIESEL,Biodiesel,214
2024-10,Castilla y León,BIOETANOL,Bioetanol,0
2024-10,Castilla y León,FUELÓLEO  BIA,Fueloleo_BIA,457
2024-10,Castilla y León,GLP,GLP,6035
2024-10,Castilla y León,GASÓLEO A,GasoleoA,138956
2024-10,Castilla y León,GASÓLEO B,GasoleoB,60094
2024-10,Castilla y León,GASÓLEO C,GasoleoC,14194
2024-10,Castilla y León,GASOLINA  AUTO. S/PB 95 I.O.,Gasolina95,27673
2024-10,Castilla y León,GASOLINA  AUTO. S/PB 98 I.O.,Gasolina98,1358
2024-10,Castilla y León,OTRAS GASOLINAS,OtrasGasolinas,43
2024-10,Castilla y León,OTROS FUELÓLEOS,OtrosFueloleos,0
2024-10,Castilla y León,OTROS GASOLEOS,OtrosGasoleos,0
2024-10,Castilla y León,OTROS QUEROSENOS,OtrosQueroseno,0
2024-10,Castilla y León,QUEROSENO AVIACIÓN,QuerosenoAviacion,426
2024-10,Cataluña,BIODIESEL,Biodiesel,1449
2024-10,Cataluña,BIOETANOL,Bioetanol,0
2024-10,Cataluña,FUELÓLEO  BIA,Fueloleo_BIA,20592
2024-10,Cataluña,GLP,GLP,11469
2024-10,Cataluña,GASÓLEO A,GasoleoA,303182
2024-10,Cataluña,GASÓLEO B,GasoleoB,42959
2024-10,Cataluña,GASÓLEO C,GasoleoC,7928
2024-10,Cataluña,GASOLINA  AUTO. S/PB 95 I.O.,Gasolina95,95922
2024-10,Cataluña,GASOLINA  AUTO. S/PB 98 I.O.,Gasolina98,4555
2024-10,Cataluña,OTRAS GASOLINAS,OtrasGasolinas,113
2024-10,Cataluña,OTROS FUELÓLEOS,OtrosFueloleos,90199
2024-10,Cataluña,OTROS GASOLEOS,OtrosGasoleos,27088
2024-10,Cataluña,OTROS QUEROSENOS,OtrosQueroseno,4
2024-10,Cataluña,QUEROSENO AVIACIÓN,QuerosenoAviacion,123021
2024-10,Ceuta,BIODIESEL,Biodiesel,0
2024-10,Ceuta,BIOETANOL,Bioetanol,0
2024-10,Ceuta,FUELÓLEO  BIA,Fueloleo_BIA,4977
2024-10,Ceuta,GLP,GLP,187
2024-10,Ceuta,GASÓLEO A,GasoleoA,1132
2024-10,Ceuta,GASÓLEO B,GasoleoB,0
2024-10,Ceuta,GASÓLEO C,GasoleoC,27
2024-10,Ceuta,GASOLINA  AUTO. S/PB 95 I.O.,Gasolina95,528
2024-10,Ceuta,GASOLINA  AUTO. S/PB 98 I.O.,Gasolina98,53
2024-10,Ceuta,OTRAS GASOLINAS,OtrasGasolinas,0
2024-10,Ceuta,OTROS FUELÓLEOS,OtrosFueloleos,5452
2024-10,Ceuta,OTROS GASOLEOS,OtrosGasoleos,5722
2024-10,Ceuta,OTROS QUEROSENOS,OtrosQueroseno,0
2024-10,Ceuta,QUEROSENO AVIACIÓN,QuerosenoAviacion,27
2024-10,Comunitat Valenciana,BIODIESEL,Biodiesel,344
2024-10,Comunitat Valenciana,BIOETANOL,Bioetanol,0
2024-10,Comunitat Valenciana,FUELÓLEO  BIA,Fueloleo_BIA,263
2024-10,Comunitat Valenciana,GLP,GLP,10084
2024-10,Comunitat Valenciana,GASÓLEO A,GasoleoA,160065
2024-10,Comunitat Valenciana,GASÓLEO B,GasoleoB,17782
2024-10,Comunitat Valenciana,GASÓLEO C,GasoleoC,3249
2024-10,Comunitat Valenciana,GASOLINA  AUTO. S/PB 95 I.O.,Gasolina95,58223
2024-10,Comunitat Valenciana,GASOLINA  AUTO. S/PB 98 I.O.,Gasolina98,2555
2024-10,Comunitat Valenciana,OTRAS GASOLINAS,OtrasGasolinas,35
2024-10,Comunitat Valenciana,OTROS FUELÓLEOS,OtrosFueloleos,1668
2024-10,Comunitat Valenciana,OTROS GASOLEOS,OtrosGasoleos,16138
2024-10,Comunitat Valenciana,OTROS QUEROSENOS,OtrosQueroseno,0
2024-10,Comunitat Valenciana,QUEROSENO AVIACIÓN,QuerosenoAviacion,46926
2024-10,ESPAÑA,BIODIESEL,Biodiesel,8124
2024-10,ESPAÑA,BIOETANOL,Bioetanol,9
2024-10,ESPAÑA,FUELÓLEO  BIA,Fueloleo_BIA,226355
2024-10,ESPAÑA,GLP,GLP,101549
2024-10,ESPAÑA,GASÓLEO A,GasoleoA,1842277
2024-10,ESPAÑA,GASÓLEO B,GasoleoB,363481
2024-10,ESPAÑA,GASÓLEO C,GasoleoC,106179
2024-10,ESPAÑA,GASOLINA  AUTO. S/PB 95 I.O.,Gasolina95,529361
2024-10,ESPAÑA,GASOLINA  AUTO. S/PB 98 I.O.,Gasolina98,30476
2024-10,ESPAÑA,OTRAS GASOLINAS,OtrasGasolinas,406
2024-10,ESPAÑA,OTROS FUELÓLEOS,OtrosFueloleos,502513
2024-10,ESPAÑA,OTROS GASOLEOS,OtrosGasoleos,265157
2024-10,ESPAÑA,OTROS QUEROSENOS,OtrosQueroseno,6
2024-10,ESPAÑA,QUEROSENO AVIACIÓN,QuerosenoAviacion,670202
2024-10,Extremadura,BIODIESEL,Biodiesel,63
2024-10,Extremadura,BIOETANOL,Bioetanol,0
2024-10,Extremadura,FUELÓLEO  BIA,Fueloleo_BIA,359
2024-10,Extremadura,GLP,GLP,4343
2024-10,Extremadura,GASÓLEO A,GasoleoA,56717
2024-10,Extremadura,GASÓLEO B,GasoleoB,13955
2024-10,Extremadura,GASÓLEO C,GasoleoC,1066
2024-10,Extremadura,GASOLINA  AUTO. S/PB 95 I.O.,Gasolina95,8996
2024-10,Extremadura,GASOLINA  AUTO. S/PB 98 I.O.,Gasolina98,279
2024-10,Extremadura,OTRAS GASOLINAS,OtrasGasolinas,1
2024-10,Extremadura,OTROS FUELÓLEOS,OtrosFueloleos,0
2024-10,Extremadura,OTROS GASOLEOS,OtrosGasoleos,0
2024-10,Extremadura,OTROS QUEROSENOS,OtrosQueroseno,0
2024-10,Extremadura,QUEROSENO AVIACIÓN,QuerosenoAviacion,92
2024-10,Galicia,BIODIESEL,Biodiesel,69
2024-10,Galicia,BIOETANOL,Bioetanol,9
2024-10,Galicia,FUELÓLEO  BIA,Fueloleo_BIA,8182
2024-10,Galicia,GLP,GLP,8661
2024-10,Galicia,GASÓLEO A,GasoleoA,114645
2024-10,Galicia,GASÓLEO B,GasoleoB,28671
2024-10,Galicia,GASÓLEO C,GasoleoC,19922
2024-10,Galicia,GASOLINA  AUTO. S/PB 95 I.O.,Gasolina95,24729
2024-10,Galicia,GASOLINA  AUTO. S/PB 98 I.O.,Gasolina98,1260
2024-10,Galicia,OTRAS GASOLINAS,OtrasGasolinas,6
2024-10,Galicia,OTROS FUELÓLEOS,OtrosFueloleos,617
2024-10,Galicia,OTROS GASOLEOS,OtrosGasoleos,12919
2024-10,Galicia,OTROS QUEROSENOS,OtrosQueroseno,0
2024-10,Galicia,QUEROSENO AVIACIÓN,QuerosenoAviacion,5019
2024-10,"Madrid, Comunidad de",BIODIESEL,Biodiesel,1335
2024-10,"Madrid, Comunidad de",BIOETANOL,Bioetanol,0
2024-10,"Madrid, Comunidad de",FUELÓLEO  BIA,Fueloleo_BIA,537
2024-10,"Madrid, Comunidad de",GLP,GLP,8224
2024-10,"Madrid, Comunidad de",GASÓLEO A,GasoleoA,152310
2024-10,"Madrid, Comunidad de",GASÓLEO B,GasoleoB,12231
2024-10,"Madrid, Comunidad de",GASÓLEO C,GasoleoC,13386
2024-10,"Madrid, Comunidad de",GASOLINA  AUTO. S/PB 95 I.O.,Gasolina95,71354
2024-10,"Madrid, Comunidad de",GASOLINA  AUTO. S/PB 98 I.O.,Gasolina98,2724
2024-10,"Madrid, Comunidad de",OTRAS GASOLINAS,OtrasGasolinas,57
2024-10,"Madrid, Comunidad de",OTROS FUELÓLEOS,OtrosFueloleos,0
2024-10,"Madrid, Comunidad de",OTROS GASOLEOS,OtrosGasoleos,14
2024-10,"Madrid, Comunidad de",OTROS QUEROSENOS,OtrosQueroseno,0
2024-10,"Madrid, Comunidad de",QUEROSENO AVIACIÓN,QuerosenoAviacion,230792
2024-10,Melilla,BIODIESEL,Biodiesel,0
2024-10,Melilla,BIOETANOL,Bioetanol,0
2024-10,Melilla,FUELÓLEO  BIA,Fueloleo_BIA,5097
2024-10,Melilla,GLP,GLP,241
2024-10,Melilla,GASÓLEO A,GasoleoA,1122
2024-10,Melilla,GASÓLEO B,GasoleoB,0
2024-10,Melilla,GASÓLEO C,GasoleoC,0
2024-10,Melilla,GASOLINA  AUTO. S/PB 95 I.O.,Gasolina95,602
2024-10,Melilla,GASOLINA  AUTO. S/PB 98 I.O.,Gasolina98,0
2024-10,Melilla,OTRAS GASOLINAS,OtrasGasolinas,0
2024-10,Melilla,OTROS FUELÓLEOS,OtrosFueloleos,160
2024-10,Melilla,OTROS GASOLEOS,OtrosGasoleos,45
2024-10,Melilla,OTROS QUEROSENOS,OtrosQueroseno,0
2024-10,Melilla,QUEROSENO AVIACIÓN,QuerosenoAviacion,142
2024-10,"Murcia, Región de",BIODIESEL,Biodiesel,971
2024-10,"Murcia, Región de",BIOETANOL,Bioetanol,0
2024-10,"Murcia, Región de",FUELÓLEO  BIA,Fueloleo_BIA,302
2024-10,"Murcia, Región de",GLP,GLP,3660
2024-10,"Murcia, Región de",GASÓLEO A,GasoleoA,76873
2024-10,"Murcia, Región de",GASÓLEO B,GasoleoB,12423
2024-10,"Murcia, Región de",GASÓLEO C,GasoleoC,1080
2024-10,"Murcia, Región de",GASOLINA  AUTO. S/PB 95 I.O.,Gasolina95,14538
2024-10,"Murcia, Región de",GASOLINA  AUTO. S/PB 98 I.O.,Gasolina98,682
2024-10,"Murcia, Región de",OTRAS GASOLINAS,OtrasGasolinas,2
2024-10,"Murcia, Región de",OTROS FUELÓLEOS,OtrosFueloleos,200
2024-10,"Murcia, Región de",OTROS GASOLEOS,OtrosGasoleos,1321
2024-10,"Murcia, Región de",OTROS QUEROSENOS,OtrosQueroseno,0
2024-10,"Murcia, Región de",QUEROSENO AVIACIÓN,QuerosenoAviacion,1638
2024-10,"Navarra, Comunidad Foral de",BIODIESEL,Biodiesel,401
2024-10,"Navarra, Comunidad Foral de",BIOETANOL,Bioetanol,0
2024-10,"Navarra, Comunidad Foral de",FUELÓLEO  BIA,Fueloleo_BIA,216
2024-10,"Navarra, Comunidad Foral de",GLP,GLP,1261
2024-10,"Navarra, Comunidad Foral de",GASÓLEO A,GasoleoA,56484
2024-10,"Navarra, Comunidad Foral de",GASÓLEO B,GasoleoB,8849
2024-10,"Navarra, Comunidad Foral de",GASÓLEO C,GasoleoC,825
2024-10,"Navarra, Comunidad Foral de",GASOLINA  AUTO. S/PB 95 I.O.,Gasolina95,7379
2024-10,"Navarra, Comunidad Foral de",GASOLINA  AUTO. S/PB 98 I.O.,Gasolina98,286
2024-10,"Navarra, Comunidad Foral de",OTRAS GASOLINAS,OtrasGasolinas,2
2024-10,"Navarra, Comunidad Foral de",OTROS FUELÓLEOS,OtrosFueloleos,0
2024-10,"Navarra, Comunidad Foral de",OTROS GASOLEOS,OtrosGasoleos,0
2024-10,"Navarra, Comunidad Foral de",OTROS QUEROSENOS,OtrosQueroseno,0
2024-10,"Navarra, Comunidad Foral de",QUEROSENO AVIACIÓN,QuerosenoAviacion,142
2024-10,País Vasco,BIODIESEL,Biodiesel,1006
2024-10,País Vasco,BIOETANOL,Bioetanol,0
2024-10,País Vasco,FUELÓLEO  BIA,Fueloleo_BIA,742
2024-10,País Vasco,GLP,GLP,2589
2024-10,País Vasco,GASÓLEO A,GasoleoA,145639
2024-10,País Vasco,GASÓLEO B,GasoleoB,13509
2024-10,País Vasco,GASÓLEO C,GasoleoC,3750
2024-10,País Vasco,GASOLINA  AUTO. S/PB 95 I.O.,Gasolina95,20382
2024-10,País Vasco,GASOLINA  AUTO. S/PB 98 I.O.,Gasolina98,1029
2024-10,País Vasco,OTRAS GASOLINAS,OtrasGasolinas,2
2024-10,País Vasco,OTROS FUELÓLEOS,OtrosFueloleos,0
2024-10,País Vasco,OTROS GASOLEOS,OtrosGasoleos,1846
2024-10,País Vasco,OTROS QUEROSENOS,OtrosQueroseno,2
2024-10,País Vasco,QUEROSENO AVIACIÓN,QuerosenoAviacion,8997
2024-10,"Rioja, La",BIODIESEL,Biodiesel,79
2024-10,"Rioja, La",BIOETANOL,Bioetanol,0
2024-10,"Rioja, La",FUELÓLEO  BIA,Fueloleo_BIA,51
2024-10,"Rioja, La",GLP,GLP,509
2024-10,"Rioja, La",GASÓLEO A,GasoleoA,13536
2024-10,"Rioja, La",GASÓLEO B,GasoleoB,3984
2024-10,"Rioja, La",GASÓLEO C,GasoleoC,1606
2024-10,"Rioja, La",GASOLINA  AUTO. S/PB 95 I.O.,Gasolina95,2916
2024-10,"Rioja, La",GASOLINA  AUTO. S/PB 98 I.O.,Gasolina98,98
2024-10,"Rioja, La",OTRAS GASOLINAS,OtrasGasolinas,5
2024-10,"Rioja, La",OTROS FUELÓLEOS,OtrosFueloleos,0
2024-10,"Rioja, La",OTROS GASOLEOS,OtrosGasoleos,0
2024-10,"Rioja, La",OTROS QUEROSENOS,OtrosQueroseno,0
2024-10,"Rioja, La",QUEROSENO AVIACIÓN,QuerosenoAviacion,12
2024-11,Andalucía,BIODIESEL,Biodiesel,608
2024-11,Andalucía,BIOETANOL,Bioetanol,0
2024-11,Andalucía,FUELÓLEO  BIA,Fueloleo_BIA,19290
2024-11,Andalucía,GLP,GLP,23078
2024-11,Andalucía,GASÓLEO A,GasoleoA,280760
2024-11,Andalucía,GASÓLEO B,GasoleoB,56211
2024-11,Andalucía,GASÓLEO C,GasoleoC,5621
2024-11,Andalucía,GASOLINA  AUTO. S/PB 95 I.O.,Gasolina95,73337
2024-11,Andalucía,GASOLINA  AUTO. S/PB 98 I.O.,Gasolina98,2931
2024-11,Andalucía,OTRAS GASOLINAS,OtrasGasolinas,78
2024-11,Andalucía,OTROS FUELÓLEOS,OtrosFueloleos,270435
2024-11,Andalucía,OTROS GASOLEOS,OtrosGasoleos,42405
2024-11,Andalucía,OTROS QUEROSENOS,OtrosQueroseno,0
2024-11,Andalucía,QUEROSENO AVIACIÓN,QuerosenoAviacion,48786
2024-11,Aragón,BIODIESEL,Biodiesel,1015
2024-11,Aragón,BIOETANOL,Bioetanol,0
2024-11,Aragón,FUELÓLEO  BIA,Fueloleo_BIA,102
2024-11,Aragón,GLP,GLP,4402
2024-11,Aragón,GASÓLEO A,GasoleoA,69728
2024-11,Aragón,GASÓLEO B,GasoleoB,22729
2024-11,Aragón,GASÓLEO C,GasoleoC,7637
2024-11,Aragón,GASOLINA  AUTO. S/PB 95 I.O.,Gasolina95,13281
2024-11,Aragón,GASOLINA  AUTO. S/PB 98 I.O.,Gasolina98,509
2024-11,Aragón,OTRAS GASOLINAS,OtrasGasolinas,3
2024-11,Aragón,OTROS FUELÓLEOS,OtrosFueloleos,0
2024-11,Aragón,OTROS GASOLEOS,OtrosGasoleos,18
2024-11,Aragón,OTROS QUEROSENOS,OtrosQueroseno,1
2024-11,Aragón,QUEROSENO AVIACIÓN,QuerosenoAviacion,12289
2024-11,"Asturias, Principado de",BIODIESEL,Biodiesel,48
2024-11,"Asturias, Principado de",BIOETANOL,Bioetanol,0
2024-11,"Asturias, Principado de",FUELÓLEO  BIA,Fueloleo_BIA,442
2024-11,"Asturias, Principado de",GLP,GLP,2274
2024-11,"Asturias, Principado de",GASÓLEO A,GasoleoA,32415
2024-11,"Asturias, Principado de",GASÓLEO B,GasoleoB,5842
2024-11,"Asturias, Principado de",GASÓLEO C,GasoleoC,2476
2024-11,"Asturias, Principado de",GASOLINA  AUTO. S/PB 95 I.O.,Gasolina95,8398
2024-11,"Asturias, Principado de",GASOLINA  AUTO. S/PB 98 I.O.,Gasolina98,448
2024-11,"Asturias, Principado de",OTRAS GASOLINAS,OtrasGasolinas,3
2024-11,"Asturias, Principado de",OTROS FUELÓLEOS,OtrosFueloleos,760
2024-11,"Asturias, Principado de",OTROS GASOLEOS,OtrosGasoleos,3423
2024-11,"Asturias, Principado de",OTROS QUEROSENOS,OtrosQueroseno,0
2024-11,"Asturias, Principado de",QUEROSENO AVIACIÓN,QuerosenoAviacion,1412
2024-11,"Balears, Illes",BIODIESEL,Biodiesel,0
2024-11,"Balears, Illes",BIOETANOL,Bioetanol,0
2024-11,"Balears, Illes",FUELÓLEO  BIA,Fueloleo_BIA,0
2024-11,"Balears, Illes",GLP,GLP,3246
2024-11,"Balears, Illes",GASÓLEO A,GasoleoA,23621
2024-11,"Balears, Illes",GASÓLEO B,GasoleoB,3073
2024-11,"Balears, Illes",GASÓLEO C,GasoleoC,8247
2024-11,"Balears, Illes",GASOLINA  AUTO. S/PB 95 I.O.,Gasolina95,16571
2024-11,"Balears, Illes",GASOLINA  AUTO. S/PB 98 I.O.,Gasolina98,824
2024-11,"Balears, Illes",OTRAS GASOLINAS,OtrasGasolinas,18
2024-11,"Balears, Illes",OTROS FUELÓLEOS,OtrosFueloleos,0
2024-11,"Balears, Illes",OTROS GASOLEOS,OtrosGasoleos,2372
2024-11,"Balears, Illes",OTROS QUEROSENOS,OtrosQueroseno,0
2024-11,"Balears, Illes",QUEROSENO AVIACIÓN,QuerosenoAviacion,19766
2024-11,Canarias,BIODIESEL,Biodiesel,56
2024-11,Canarias,BIOETANOL,Bioetanol,0
2024-11,Canarias,FUELÓLEO  BIA,Fueloleo_BIA,139287
2024-11,Canarias,GLP,GLP,6558
2024-11,Canarias,GASÓLEO A,GasoleoA,54911
2024-11,Canarias,GASÓLEO B,GasoleoB,0
2024-11,Canarias,GASÓLEO C,GasoleoC,0
2024-11,Canarias,GASOLINA  AUTO. S/PB 95 I.O.,Gasolina95,36814
2024-11,Canarias,GASOLINA  AUTO. S/PB 98 I.O.,Gasolina98,8309
2024-11,Canarias,OTRAS GASOLINAS,OtrasGasolinas,5
2024-11,Canarias,OTROS FUELÓLEOS,OtrosFueloleos,123568
2024-11,Canarias,OTROS GASOLEOS,OtrosGasoleos,168998
2024-11,Canarias,OTROS QUEROSENOS,OtrosQueroseno,0
2024-11,Canarias,QUEROSENO AVIACIÓN,QuerosenoAviacion,121151
2024-11,Cantabria,BIODIESEL,Biodiesel,522
2024-11,Cantabria,BIOETANOL,Bioetanol,0
2024-11,Cantabria,FUELÓLEO  BIA,Fueloleo_BIA,300
2024-11,Cantabria,GLP,GLP,1418
2024-11,Cantabria,GASÓLEO A,GasoleoA,25091
2024-11,Cantabria,GASÓLEO B,GasoleoB,4070
2024-11,Cantabria,GASÓLEO C,GasoleoC,192
2024-11,Cantabria,GASOLINA  AUTO. S/PB 95 I.O.,Gasolina95,6468
2024-11,Cantabria,GASOLINA  AUTO. S/PB 98 I.O.,Gasolina98,241
2024-11,Cantabria,OTRAS GASOLINAS,OtrasGasolinas,1
2024-11,Cantabria,OTROS FUELÓLEOS,OtrosFueloleos,76
2024-11,Cantabria,OTROS GASOLEOS,OtrosGasoleos,756
2024-11,Cantabria,OTROS QUEROSENOS,OtrosQueroseno,0
2024-11,Cantabria,QUEROSENO AVIACIÓN,QuerosenoAviacion,580
2024-11,Castilla - La Mancha,BIODIESEL,Biodiesel,690
2024-11,Castilla - La Mancha,BIOETANOL,Bioetanol,0
2024-11,Castilla - La Mancha,FUELÓLEO  BIA,Fueloleo_BIA,342
2024-11,Castilla - La Mancha,GLP,GLP,5259
2024-11,Castilla - La Mancha,GASÓLEO A,GasoleoA,108626
2024-11,Castilla - La Mancha,GASÓLEO B,GasoleoB,40688
2024-11,Castilla - La Mancha,GASÓLEO C,GasoleoC,10794
2024-11,Castilla - La Mancha,GASOLINA  AUTO. S/PB 95 I.O.,Gasolina95,20469
2024-11,Castilla - La Mancha,GASOLINA  AUTO. S/PB 98 I.O.,Gasolina98,719
2024-11,Castilla - La Mancha,OTRAS GASOLINAS,OtrasGasolinas,4
2024-11,Castilla - La Mancha,OTROS FUELÓLEOS,OtrosFueloleos,0
2024-11,Castilla - La Mancha,OTROS GASOLEOS,OtrosGasoleos,0
2024-11,Castilla - La Mancha,OTROS QUEROSENOS,OtrosQueroseno,0
2024-11,Castilla - La Mancha,QUEROSENO AVIACIÓN,QuerosenoAviacion,107
2024-11,Castilla y León,BIODIESEL,Biodiesel,432
2024-11,Castilla y León,BIOETANOL,Bioetanol,0
2024-11,Castilla y León,FUELÓLEO  BIA,Fueloleo_BIA,674
2024-11,Castilla y León,GLP,GLP,8017
2024-11,Castilla y León,GASÓLEO A,GasoleoA,133442
2024-11,Castilla y León,GASÓLEO B,GasoleoB,55454
2024-11,Castilla y León,GASÓLEO C,GasoleoC,12253
2024-11,Castilla y León,GASOLINA  AUTO. S/PB 95 I.O.,Gasolina95,25410
2024-11,Castilla y León,GASOLINA  AUTO. S/PB 98 I.O.,Gasolina98,1119
2024-11,Castilla y León,OTRAS GASOLINAS,OtrasGasolinas,47
2024-11,Castilla y León,OTROS FUELÓLEOS,OtrosFueloleos,0
2024-11,Castilla y León,OTROS GASOLEOS,OtrosGasoleos,39
2024-11,Castilla y León,OTROS QUEROSENOS,OtrosQueroseno,0
2024-11,Castilla y León,QUEROSENO AVIACIÓN,QuerosenoAviacion,207
2024-11,Cataluña,BIODIESEL,Biodiesel,1843
2024-11,Cataluña,BIOETANOL,Bioetanol,0
2024-11,Cataluña,FUELÓLEO  BIA,Fueloleo_BIA,15355
2024-11,Cataluña,GLP,GLP,12503
2024-11,Cataluña,GASÓLEO A,GasoleoA,278124
2024-11,Cataluña,GASÓLEO B,GasoleoB,35364
2024-11,Cataluña,GASÓLEO C,GasoleoC,8394
2024-11,Cataluña,GASOLINA  AUTO. S/PB 95 I.O.,Gasolina95,84616
2024-11,Cataluña,GASOLINA  AUTO. S/PB 98 I.O.,Gasolina98,3687
2024-11,Cataluña,OTRAS GASOLINAS,OtrasGasolinas,102
2024-11,Cataluña,OTROS FUELÓLEOS,OtrosFueloleos,97703
2024-11,Cataluña,OTROS GASOLEOS,OtrosGasoleos,24639
2024-11,Cataluña,OTROS QUEROSENOS,OtrosQueroseno,0
2024-11,Cataluña,QUEROSENO AVIACIÓN,QuerosenoAviacion,92223
2024-11,Ceuta,BIODIESEL,Biodiesel,0
2024-11,Ceuta,BIOETANOL,Bioetanol,0
2024-11,Ceuta,FUELÓLEO  BIA,Fueloleo_BIA,2300
2024-11,Ceuta,GLP,GLP,200
2024-11,Ceuta,GASÓLEO A,GasoleoA,833
2024-11,Ceuta,GASÓLEO B,GasoleoB,0
2024-11,Ceuta,GASÓLEO C,GasoleoC,54
2024-11,Ceuta,GASOLINA  AUTO. S/PB 95 I.O.,Gasolina95,467
2024-11,Ceuta,GASOLINA  AUTO. S/PB 98 I.O.,Gasolina98,53
2024-11,Ceuta,OTRAS GASOLINAS,OtrasGasolinas,0
2024-11,Ceuta,OTROS FUELÓLEOS,OtrosFueloleos,8623
2024-11,Ceuta,OTROS GASOLEOS,OtrosGasoleos,6815
2024-11,Ceuta,OTROS QUEROSENOS,OtrosQueroseno,0
2024-11,Ceuta,QUEROSENO AVIACIÓN,QuerosenoAviacion,54
2024-11,Comunitat Valenciana,BIODIESEL,Biodiesel,435
2024-11,Comunitat Valenciana,BIOETANOL,Bioetanol,0
2024-11,Comunitat Valenciana,FUELÓLEO  BIA,Fueloleo_BIA,325
2024-11,Comunitat Valenciana,GLP,GLP,11532
2024-11,Comunitat Valenciana,GASÓLEO A,GasoleoA,157594
2024-11,Comunitat Valenciana,GASÓLEO B,GasoleoB,16867
2024-11,Comunitat Valenciana,GASÓLEO C,GasoleoC,3871
2024-11,Comunitat Valenciana,GASOLINA  AUTO. S/PB 95 I.O.,Gasolina95,51914
2024-11,Comunitat Valenciana,GASOLINA  AUTO. S/PB 98 I.O.,Gasolina98,2067
2024-11,Comunitat Valenciana,OTRAS GASOLINAS,OtrasGasolinas,13
2024-11,Comunitat Valenciana,OTROS FUELÓLEOS,OtrosFueloleos,1584
2024-11,Comunitat Valenciana,OTROS GASOLEOS,OtrosGasoleos,12529
2024-11,Comunitat Valenciana,OTROS QUEROSENOS,OtrosQueroseno,14
2024-11,Comunitat Valenciana,QUEROSENO AVIACIÓN,QuerosenoAviacion,36569
2024-11,ESPAÑA,BIODIESEL,Biodiesel,10408
2024-11,ESPAÑA,BIOETANOL,Bioetanol,0
2024-11,ESPAÑA,FUELÓLEO  BIA,Fueloleo_BIA,191880
2024-11,ESPAÑA,GLP,GLP,109729
2024-11,ESPAÑA,GASÓLEO A,GasoleoA,1771612
2024-11,ESPAÑA,GASÓLEO B,GasoleoB,317666
2024-11,ESPAÑA,GASÓLEO C,GasoleoC,96344
2024-11,ESPAÑA,GASOLINA  AUTO. S/PB 95 I.O.,Gasolina95,480113
2024-11,ESPAÑA,GASOLINA  AUTO. S/PB 98 I.O.,Gasolina98,26590
2024-11,ESPAÑA,OTRAS GASOLINAS,OtrasGasolinas,350
2024-11,ESPAÑA,OTROS FUELÓLEOS,OtrosFueloleos,503763
2024-11,ESPAÑA,OTROS GASOLEOS,OtrosGasoleos,275050
2024-11,ESPAÑA,OTROS QUEROSENOS,OtrosQueroseno,16
2024-11,ESPAÑA,QUEROSENO AVIACIÓN,QuerosenoAviacion,568785
2024-11,Extremadura,BIODIESEL,Biodiesel,95
2024-11,Extremadura,BIOETANOL,Bioetanol,0
2024-11,Extremadura,FUELÓLEO  BIA,Fueloleo_BIA,211
2024-11,Extremadura,GLP,GLP,4455
2024-11,Extremadura,GASÓLEO A,GasoleoA,56005
2024-11,Extremadura,GASÓLEO B,GasoleoB,12862
2024-11,Extremadura,GASÓLEO C,GasoleoC,1378
2024-11,Extremadura,GASOLINA  AUTO. S/PB 95 I.O.,Gasolina95,8817
2024-11,Extremadura,GASOLINA  AUTO. S/PB 98 I.O.,Gasolina98,256
2024-11,Extremadura,OTRAS GASOLINAS,OtrasGasolinas,1
2024-11,Extremadura,OTROS FUELÓLEOS,OtrosFueloleos,0
2024-11,Extremadura,OTROS GASOLEOS,OtrosGasoleos,0
2024-11,Extremadura,OTROS QUEROSENOS,OtrosQueroseno,0
2024-11,Extremadura,QUEROSENO AVIACIÓN,QuerosenoAviacion,35
2024-11,Galicia,BIODIESEL,Biodiesel,156
2024-11,Galicia,BIOETANOL,Bioetanol,0
2024-11,Galicia,FUELÓLEO  BIA,Fueloleo_BIA,9352
2024-11,Galicia,GLP,GLP,8478
2024-11,Galicia,GASÓLEO A,GasoleoA,107307
2024-11,Galicia,GASÓLEO B,GasoleoB,19121
2024-11,Galicia,GASÓLEO C,GasoleoC,12628
2024-11,Galicia,GASOLINA  AUTO. S/PB 95 I.O.,Gasolina95,23133
2024-11,Galicia,GASOLINA  AUTO. S/PB 98 I.O.,Gasolina98,1192
2024-11,Galicia,OTRAS GASOLINAS,OtrasGasolinas,7
2024-11,Galicia,OTROS FUELÓLEOS,OtrosFueloleos,910
2024-11,Galicia,OTROS GASOLEOS,OtrosGasoleos,9468
2024-11,Galicia,OTROS QUEROSENOS,OtrosQueroseno,0
2024-11,Galicia,QUEROSENO AVIACIÓN,QuerosenoAviacion,4899
2024-11,"Madrid, Comunidad de",BIODIESEL,Biodiesel,1635
2024-11,"Madrid, Comunidad de",BIOETANOL,Bioetanol,0
2024-11,"Madrid, Comunidad de",FUELÓLEO  BIA,Fueloleo_BIA,425
2024-11,"Madrid, Comunidad de",GLP,GLP,9540
2024-11,"Madrid, Comunidad de",GASÓLEO A,GasoleoA,144854
2024-11,"Madrid, Comunidad de",GASÓLEO B,GasoleoB,10251
2024-11,"Madrid, Comunidad de",GASÓLEO C,GasoleoC,15022
2024-11,"Madrid, Comunidad de",GASOLINA  AUTO. S/PB 95 I.O.,Gasolina95,68178
2024-11,"Madrid, Comunidad de",GASOLINA  AUTO. S/PB 98 I.O.,Gasolina98,2457
2024-11,"Madrid, Comunidad de",OTRAS GASOLINAS,OtrasGasolinas,57
2024-11,"Madrid, Comunidad de",OTROS FUELÓLEOS,OtrosFueloleos,0
2024-11,"Madrid, Comunidad de",OTROS GASOLEOS,OtrosGasoleos,14
2024-11,"Madrid, Comunidad de",OTROS QUEROSENOS,OtrosQueroseno,1
2024-11,"Madrid, Comunidad de",QUEROSENO AVIACIÓN,QuerosenoAviacion,222323
2024-11,Melilla,BIODIESEL,Biodiesel,0
2024-11,Melilla,BIOETANOL,Bioetanol,0
2024-11,Melilla,FUELÓLEO  BIA,Fueloleo_BIA,2598
2024-11,Melilla,GLP,GLP,114
2024-11,Melilla,GASÓLEO A,GasoleoA,972
2024-11,Melilla,GASÓLEO B,GasoleoB,0
2024-11,Melilla,GASÓLEO C,GasoleoC,0
2024-11,Melilla,GASOLINA  AUTO. S/PB 95 I.O.,Gasolina95,538
2024-11,Melilla,GASOLINA  AUTO. S/PB 98 I.O.,Gasolina98,0
2024-11,Melilla,OTRAS GASOLINAS,OtrasGasolinas,0
2024-11,Melilla,OTROS FUELÓLEOS,OtrosFueloleos,0
2024-11,Melilla,OTROS GASOLEOS,OtrosGasoleos,0
2024-11,Melilla,OTROS QUEROSENOS,OtrosQueroseno,0
2024-11,Melilla,QUEROSENO AVIACIÓN,QuerosenoAviacion,162
2024-11,"Murcia, Región de",BIODIESEL,Biodiesel,1149
2024-11,"Murcia, Región de",BIOETANOL,Bioetanol,0
2024-11,"Murcia, Región de",FUELÓLEO  BIA,Fueloleo_BIA,232
2024-11,"Murcia, Región de",GLP,GLP,3615
2024-11,"Murcia, Región de",GASÓLEO A,GasoleoA,74503
2024-11,"Murcia, Región de",GASÓLEO B,GasoleoB,10727
2024-11,"Murcia, Región de",GASÓLEO C,GasoleoC,865
2024-11,"Murcia, Región de",GASOLINA  AUTO. S/PB 95 I.O.,Gasolina95,12780
2024-11,"Murcia, Región de",GASOLINA  AUTO. S/PB 98 I.O.,Gasolina98,539
2024-11,"Murcia, Región de",OTRAS GASOLINAS,OtrasGasolinas,0
2024-11,"Murcia, Región de",OTROS FUELÓLEOS,OtrosFueloleos,0
2024-11,"Murcia, Región de",OTROS GASOLEOS,OtrosGasoleos,1542
2024-11,"Murcia, Región de",OTROS QUEROSENOS,OtrosQueroseno,0
2024-11,"Murcia, Región de",QUEROSENO AVIACIÓN,QuerosenoAviacion,619
2024-11,"Navarra, Comunidad Foral de",BIODIESEL,Biodiesel,528
2024-11,"Navarra, Comunidad Foral de",BIOETANOL,Bioetanol,0
2024-11,"Navarra, Comunidad Foral de",FUELÓLEO  BIA,Fueloleo_BIA,163
2024-11,"Navarra, Comunidad Foral de",GLP,GLP,1323
2024-11,"Navarra, Comunidad Foral de",GASÓLEO A,GasoleoA,62112
2024-11,"Navarra, Comunidad Foral de",GASÓLEO B,GasoleoB,8057
2024-11,"Navarra, Comunidad Foral de",GASÓLEO C,GasoleoC,957
2024-11,"Navarra, Comunidad Foral de",GASOLINA  AUTO. S/PB 95 I.O.,Gasolina95,7230
2024-11,"Navarra, Comunidad Foral de",GASOLINA  AUTO. S/PB 98 I.O.,Gasolina98,249
2024-11,"Navarra, Comunidad Foral de",OTRAS GASOLINAS,OtrasGasolinas,2
2024-11,"Navarra, Comunidad Foral de",OTROS FUELÓLEOS,OtrosFueloleos,0
2024-11,"Navarra, Comunidad Foral de",OTROS GASOLEOS,OtrosGasoleos,0
2024-11,"Navarra, Comunidad Foral de",OTROS QUEROSENOS,OtrosQueroseno,0
2024-11,"Navarra, Comunidad Foral de",QUEROSENO AVIACIÓN,QuerosenoAviacion,107
2024-11,País Vasco,BIODIESEL,Biodiesel,1068
2024-11,País Vasco,BIOETANOL,Bioetanol,0
2024-11,País Vasco,FUELÓLEO  BIA,Fueloleo_BIA,447
2024-11,País Vasco,GLP,GLP,3135
2024-11,País Vasco,GASÓLEO A,GasoleoA,147907
2024-11,País Vasco,GASÓLEO B,GasoleoB,12223
2024-11,País Vasco,GASÓLEO C,GasoleoC,4557
2024-11,País Vasco,GASOLINA  AUTO. S/PB 95 I.O.,Gasolina95,19076
2024-11,País Vasco,GASOLINA  AUTO. S/PB 98 I.O.,Gasolina98,877
2024-11,País Vasco,OTRAS GASOLINAS,OtrasGasolinas,3
2024-11,País Vasco,OTROS FUELÓLEOS,OtrosFueloleos,104
2024-11,País Vasco,OTROS GASOLEOS,OtrosGasoleos,2032
2024-11,País Vasco,OTROS QUEROSENOS,OtrosQueroseno,0
2024-11,País Vasco,QUEROSENO AVIACIÓN,QuerosenoAviacion,7460
2024-11,"Rioja, La",BIODIESEL,Biodiesel,128
2024-11,"Rioja, La",BIOETANOL,Bioetanol,0
2024-11,"Rioja, La",FUELÓLEO  BIA,Fueloleo_BIA,35
2024-11,"Rioja, La",GLP,GLP,582
2024-11,"Rioja, La",GASÓLEO A,GasoleoA,12807
2024-11,"Rioja, La",GASÓLEO B,GasoleoB,4127
2024-11,"Rioja, La",GASÓLEO C,GasoleoC,1398
2024-11,"Rioja, La",GASOLINA  AUTO. S/PB 95 I.O.,Gasolina95,2616
2024-11,"Rioja, La",GASOLINA  AUTO. S/PB 98 I.O.,Gasolina98,113
2024-11,"Rioja, La",OTRAS GASOLINAS,OtrasGasolinas,6
2024-11,"Rioja, La",OTROS FUELÓLEOS,OtrosFueloleos,0
2024-11,"Rioja, La",OTROS GASOLEOS,OtrosGasoleos,0
2024-11,"Rioja, La",OTROS QUEROSENOS,OtrosQueroseno,0
2024-11,"Rioja, La",QUEROSENO AVIACIÓN,QuerosenoAviacion,36
2024-12,Andalucía,BIODIESEL,Biodiesel,684
2024-12,Andalucía,BIOETANOL,Bioetanol,0
2024-12,Andalucía,FUELÓLEO  BIA,Fueloleo_BIA,21467
2024-12,Andalucía,GLP,GLP,29133
2024-12,Andalucía,GASÓLEO A,GasoleoA,290874
2024-12,Andalucía,GASÓLEO B,GasoleoB,62877
2024-12,Andalucía,GASÓLEO C,GasoleoC,8922
2024-12,Andalucía,GASOLINA  AUTO. S/PB 95 I.O.,Gasolina95,79610
2024-12,Andalucía,GASOLINA  AUTO. S/PB 98 I.O.,Gasolina98,3263
2024-12,Andalucía,OTRAS GASOLINAS,OtrasGasolinas,61
2024-12,Andalucía,OTROS FUELÓLEOS,OtrosFueloleos,281696
2024-12,Andalucía,OTROS GASOLEOS,OtrosGasoleos,35268
2024-12,Andalucía,OTROS QUEROSENOS,OtrosQueroseno,0
2024-12,Andalucía,QUEROSENO AVIACIÓN,QuerosenoAviacion,46130
2024-12,Aragón,BIODIESEL,Biodiesel,1303
2024-12,Aragón,BIOETANOL,Bioetanol,0
2024-12,Aragón,FUELÓLEO  BIA,Fueloleo_BIA,126
2024-12,Aragón,GLP,GLP,6417
2024-12,Aragón,GASÓLEO A,GasoleoA,68836
2024-12,Aragón,GASÓLEO B,GasoleoB,27077
2024-12,Aragón,GASÓLEO C,GasoleoC,14036
2024-12,Aragón,GASOLINA  AUTO. S/PB 95 I.O.,Gasolina95,14673
2024-12,Aragón,GASOLINA  AUTO. S/PB 98 I.O.,Gasolina98,614
2024-12,Aragón,OTRAS GASOLINAS,OtrasGasolinas,2
2024-12,Aragón,OTROS FUELÓLEOS,OtrosFueloleos,0
2024-12,Aragón,OTROS GASOLEOS,OtrosGasoleos,0
2024-12,Aragón,OTROS QUEROSENOS,OtrosQueroseno,0
2024-12,Aragón,QUEROSENO AVIACIÓN,QuerosenoAviacion,9043
2024-12,"Asturias, Principado de",BIODIESEL,Biodiesel,161
2024-12,"Asturias, Principado de",BIOETANOL,Bioetanol,0
2024-12,"Asturias, Principado de",FUELÓLEO  BIA,Fueloleo_BIA,1499
2024-12,"Asturias, Principado de",GLP,GLP,2967
2024-12,"Asturias, Principado de",GASÓLEO A,GasoleoA,31725
2024-12,"Asturias, Principado de",GASÓLEO B,GasoleoB,7121
2024-12,"Asturias, Principado de",GASÓLEO C,GasoleoC,4116
2024-12,"Asturias, Principado de",GASOLINA  AUTO. S/PB 95 I.O.,Gasolina95,8729
2024-12,"Asturias, Principado de",GASOLINA  AUTO. S/PB 98 I.O.,Gasolina98,519
2024-12,"Asturias, Principado de",OTRAS GASOLINAS,OtrasGasolinas,1
2024-12,"Asturias, Principado de",OTROS FUELÓLEOS,OtrosFueloleos,261
2024-12,"Asturias, Principado de",OTROS GASOLEOS,OtrosGasoleos,2987
2024-12,"Asturias, Principado de",OTROS QUEROSENOS,OtrosQueroseno,0
2024-12,"Asturias, Principado de",QUEROSENO AVIACIÓN,QuerosenoAviacion,1266
2024-12,"Balears, Illes",BIODIESEL,Biodiesel,0
2024-12,"Balears, Illes",BIOETANOL,Bioetanol,0
2024-12,"Balears, Illes",FUELÓLEO  BIA,Fueloleo_BIA,0
2024-12,"Balears, Illes",GLP,GLP,4232
2024-12,"Balears, Illes",GASÓLEO A,GasoleoA,22304
2024-12,"Balears, Illes",GASÓLEO B,GasoleoB,3713
2024-12,"Balears, Illes",GASÓLEO C,GasoleoC,12282
2024-12,"Balears, Illes",GASOLINA  AUTO. S/PB 95 I.O.,Gasolina95,15662
2024-12,"Balears, Illes",GASOLINA  AUTO. S/PB 98 I.O.,Gasolina98,856
2024-12,"Balears, Illes",OTRAS GASOLINAS,OtrasGasolinas,22
2024-12,"Balears, Illes",OTROS FUELÓLEOS,OtrosFueloleos,0
2024-12,"Balears, Illes",OTROS GASOLEOS,OtrosGasoleos,1690
2024-12,"Balears, Illes",OTROS QUEROSENOS,OtrosQueroseno,0
2024-12,"Balears, Illes",QUEROSENO AVIACIÓN,QuerosenoAviacion,16069
2024-12,Canarias,BIODIESEL,Biodiesel,111
2024-12,Canarias,BIOETANOL,Bioetanol,0
2024-12,Canarias,FUELÓLEO  BIA,Fueloleo_BIA,160876
2024-12,Canarias,GLP,GLP,7505
2024-12,Canarias,GASÓLEO A,GasoleoA,54533
2024-12,Canarias,GASÓLEO B,GasoleoB,0
2024-12,Canarias,GASÓLEO C,GasoleoC,0
2024-12,Canarias,GASOLINA  AUTO. S/PB 95 I.O.,Gasolina95,38322
2024-12,Canarias,GASOLINA  AUTO. S/PB 98 I.O.,Gasolina98,8938
2024-12,Canarias,OTRAS GASOLINAS,OtrasGasolinas,2
2024-12,Canarias,OTROS FUELÓLEOS,OtrosFueloleos,85174
2024-12,Canarias,OTROS GASOLEOS,OtrosGasoleos,151449
2024-12,Canarias,OTROS QUEROSENOS,OtrosQueroseno,0
2024-12,Canarias,QUEROSENO AVIACIÓN,QuerosenoAviacion,123171
2024-12,Cantabria,BIODIESEL,Biodiesel,718
2024-12,Cantabria,BIOETANOL,Bioetanol,0
2024-12,Cantabria,FUELÓLEO  BIA,Fueloleo_BIA,162
2024-12,Cantabria,GLP,GLP,2182
2024-12,Cantabria,GASÓLEO A,GasoleoA,23191
2024-12,Cantabria,GASÓLEO B,GasoleoB,5170
2024-12,Cantabria,GASÓLEO C,GasoleoC,329
2024-12,Cantabria,GASOLINA  AUTO. S/PB 95 I.O.,Gasolina95,6753
2024-12,Cantabria,GASOLINA  AUTO. S/PB 98 I.O.,Gasolina98,282
2024-12,Cantabria,OTRAS GASOLINAS,OtrasGasolinas,0
2024-12,Cantabria,OTROS FUELÓLEOS,OtrosFueloleos,77
2024-12,Cantabria,OTROS GASOLEOS,OtrosGasoleos,590
2024-12,Cantabria,OTROS QUEROSENOS,OtrosQueroseno,0
2024-12,Cantabria,QUEROSENO AVIACIÓN,QuerosenoAviacion,568
2024-12,Castilla - La Mancha,BIODIESEL,Biodiesel,1161
2024-12,Castilla - La Mancha,BIOETANOL,Bioetanol,0
2024-12,Castilla - La Mancha,FUELÓLEO  BIA,Fueloleo_BIA,279
2024-12,Castilla - La Mancha,GLP,GLP,7695
2024-12,Castilla - La Mancha,GASÓLEO A,GasoleoA,111900
2024-12,Castilla - La Mancha,GASÓLEO B,GasoleoB,47085
2024-12,Castilla - La Mancha,GASÓLEO C,GasoleoC,19059
2024-12,Castilla - La Mancha,GASOLINA  AUTO. S/PB 95 I.O.,Gasolina95,23192
2024-12,Castilla - La Mancha,GASOLINA  AUTO. S/PB 98 I.O.,Gasolina98,879
2024-12,Castilla - La Mancha,OTRAS GASOLINAS,OtrasGasolinas,12
2024-12,Castilla - La Mancha,OTROS FUELÓLEOS,OtrosFueloleos,0
2024-12,Castilla - La Mancha,OTROS GASOLEOS,OtrosGasoleos,0
2024-12,Castilla - La Mancha,OTROS QUEROSENOS,OtrosQueroseno,0
2024-12,Castilla - La Mancha,QUEROSENO AVIACIÓN,QuerosenoAviacion,69
2024-12,Castilla y León,BIODIESEL,Biodiesel,533
2024-12,Castilla y León,BIOETANOL,Bioetanol,0
2024-12,Castilla y León,FUELÓLEO  BIA,Fueloleo_BIA,256
2024-12,Castilla y León,GLP,GLP,10537
2024-12,Castilla y León,GASÓLEO A,GasoleoA,132054
2024-12,Castilla y León,GASÓLEO B,GasoleoB,58773
2024-12,Castilla y León,GASÓLEO C,GasoleoC,24352
2024-12,Castilla y León,GASOLINA  AUTO. S/PB 95 I.O.,Gasolina95,28325
2024-12,Castilla y León,GASOLINA  AUTO. S/PB 98 I.O.,Gasolina98,1470
2024-12,Castilla y León,OTRAS GASOLINAS,OtrasGasolinas,38
2024-12,Castilla y León,OTROS FUELÓLEOS,OtrosFueloleos,0
2024-12,Castilla y León,OTROS GASOLEOS,OtrosGasoleos,0
2024-12,Castilla y León,OTROS QUEROSENOS,OtrosQueroseno,0
2024-12,Castilla y León,QUEROSENO AVIACIÓN,QuerosenoAviacion,187
2024-12,Cataluña,BIODIESEL,Biodiesel,2176
2024-12,Cataluña,BIOETANOL,Bioetanol,0
2024-12,Cataluña,FUELÓLEO  BIA,Fueloleo_BIA,21485
2024-12,Cataluña,GLP,GLP,28389
2024-12,Cataluña,GASÓLEO A,GasoleoA,286945
2024-12,Cataluña,GASÓLEO B,GasoleoB,48410
2024-12,Cataluña,GASÓLEO C,GasoleoC,12974
2024-12,Cataluña,GASOLINA  AUTO. S/PB 95 I.O.,Gasolina95,92730
2024-12,Cataluña,GASOLINA  AUTO. S/PB 98 I.O.,Gasolina98,4388
2024-12,Cataluña,OTRAS GASOLINAS,OtrasGasolinas,80
2024-12,Cataluña,OTROS FUELÓLEOS,OtrosFueloleos,73244
2024-12,Cataluña,OTROS GASOLEOS,OtrosGasoleos,18370
2024-12,Cataluña,OTROS QUEROSENOS,OtrosQueroseno,0
2024-12,Cataluña,QUEROSENO AVIACIÓN,QuerosenoAviacion,98898
2024-12,Ceuta,BIODIESEL,Biodiesel,0
2024-12,Ceuta,BIOETANOL,Bioetanol,0
2024-12,Ceuta,FUELÓLEO  BIA,Fueloleo_BIA,2396
2024-12,Ceuta,GLP,GLP,224
2024-12,Ceuta,GASÓLEO A,GasoleoA,1113
2024-12,Ceuta,GASÓLEO B,GasoleoB,0
2024-12,Ceuta,GASÓLEO C,GasoleoC,27
2024-12,Ceuta,GASOLINA  AUTO. S/PB 95 I.O.,Gasolina95,541
2024-12,Ceuta,GASOLINA  AUTO. S/PB 98 I.O.,Gasolina98,57
2024-12,Ceuta,OTRAS GASOLINAS,OtrasGasolinas,0
2024-12,Ceuta,OTROS FUELÓLEOS,OtrosFueloleos,10804
2024-12,Ceuta,OTROS GASOLEOS,OtrosGasoleos,9116
2024-12,Ceuta,OTROS QUEROSENOS,OtrosQueroseno,0
2024-12,Ceuta,QUEROSENO AVIACIÓN,QuerosenoAviacion,27
2024-12,Comunitat Valenciana,BIODIESEL,Biodiesel,549
2024-12,Comunitat Valenciana,BIOETANOL,Bioetanol,0
2024-12,Comunitat Valenciana,FUELÓLEO  BIA,Fueloleo_BIA,296
2024-12,Comunitat Valenciana,GLP,GLP,16774
2024-12,Comunitat Valenciana,GASÓLEO A,GasoleoA,165596
2024-12,Comunitat Valenciana,GASÓLEO B,GasoleoB,18205
2024-12,Comunitat Valenciana,GASÓLEO C,GasoleoC,5937
2024-12,Comunitat Valenciana,GASOLINA  AUTO. S/PB 95 I.O.,Gasolina95,58157
2024-12,Comunitat Valenciana,GASOLINA  AUTO. S/PB 98 I.O.,Gasolina98,2423
2024-12,Comunitat Valenciana,OTRAS GASOLINAS,OtrasGasolinas,12
2024-12,Comunitat Valenciana,OTROS FUELÓLEOS,OtrosFueloleos,3339
2024-12,Comunitat Valenciana,OTROS GASOLEOS,OtrosGasoleos,13443
2024-12,Comunitat Valenciana,OTROS QUEROSENOS,OtrosQueroseno,0
2024-12,Comunitat Valenciana,QUEROSENO AVIACIÓN,QuerosenoAviacion,36606
2024-12,ESPAÑA,BIODIESEL,Biodiesel,13441
2024-12,ESPAÑA,BIOETANOL,Bioetanol,0
2024-12,ESPAÑA,FUELÓLEO  BIA,Fueloleo_BIA,219043
2024-12,ESPAÑA,GLP,GLP,162039
2024-12,ESPAÑA,GASÓLEO A,GasoleoA,1775775
2024-12,ESPAÑA,GASÓLEO B,GasoleoB,364263
2024-12,ESPAÑA,GASÓLEO C,GasoleoC,168427
2024-12,ESPAÑA,GASOLINA  AUTO. S/PB 95 I.O.,Gasolina95,518288
2024-12,ESPAÑA,GASOLINA  AUTO. S/PB 98 I.O.,Gasolina98,30228
2024-12,ESPAÑA,OTRAS GASOLINAS,OtrasGasolinas,295
2024-12,ESPAÑA,OTROS FUELÓLEOS,OtrosFueloleos,455623
2024-12,ESPAÑA,OTROS GASOLEOS,OtrosGasoleos,248988
2024-12,ESPAÑA,OTROS QUEROSENOS,OtrosQueroseno,2
2024-12,ESPAÑA,QUEROSENO AVIACIÓN,QuerosenoAviacion,574603
2024-12,Extremadura,BIODIESEL,Biodiesel,109
2024-12,Extremadura,BIOETANOL,Bioetanol,0
2024-12,Extremadura,FUELÓLEO  BIA,Fueloleo_BIA,266
2024-12,Extremadura,GLP,GLP,5520
2024-12,Extremadura,GASÓLEO A,GasoleoA,54544
2024-12,Extremadura,GASÓLEO B,GasoleoB,12802
2024-12,Extremadura,GASÓLEO C,GasoleoC,2043
2024-12,Extremadura,GASOLINA  AUTO. S/PB 95 I.O.,Gasolina95,9790
2024-12,Extremadura,GASOLINA  AUTO. S/PB 98 I.O.,Gasolina98,321
2024-12,Extremadura,OTRAS GASOLINAS,OtrasGasolinas,1
2024-12,Extremadura,OTROS FUELÓLEOS,OtrosFueloleos,0
2024-12,Extremadura,OTROS GASOLEOS,OtrosGasoleos,0
2024-12,Extremadura,OTROS QUEROSENOS,OtrosQueroseno,0
2024-12,Extremadura,QUEROSENO AVIACIÓN,QuerosenoAviacion,64
2024-12,Galicia,BIODIESEL,Biodiesel,160
2024-12,Galicia,BIOETANOL,Bioetanol,0
2024-12,Galicia,FUELÓLEO  BIA,Fueloleo_BIA,6378
2024-12,Galicia,GLP,GLP,12745
2024-12,Galicia,GASÓLEO A,GasoleoA,110764
2024-12,Galicia,GASÓLEO B,GasoleoB,20888
2024-12,Galicia,GASÓLEO C,GasoleoC,23865
2024-12,Galicia,GASOLINA  AUTO. S/PB 95 I.O.,Gasolina95,25297
2024-12,Galicia,GASOLINA  AUTO. S/PB 98 I.O.,Gasolina98,1338
2024-12,Galicia,OTRAS GASOLINAS,OtrasGasolinas,5
2024-12,Galicia,OTROS FUELÓLEOS,OtrosFueloleos,1028
2024-12,Galicia,OTROS GASOLEOS,OtrosGasoleos,13420
2024-12,Galicia,OTROS QUEROSENOS,OtrosQueroseno,0
2024-12,Galicia,QUEROSENO AVIACIÓN,QuerosenoAviacion,4067
2024-12,"Madrid, Comunidad de",BIODIESEL,Biodiesel,2067
2024-12,"Madrid, Comunidad de",BIOETANOL,Bioetanol,0
2024-12,"Madrid, Comunidad de",FUELÓLEO  BIA,Fueloleo_BIA,167
2024-12,"Madrid, Comunidad de",GLP,GLP,12817
2024-12,"Madrid, Comunidad de",GASÓLEO A,GasoleoA,144663
2024-12,"Madrid, Comunidad de",GASÓLEO B,GasoleoB,13971
2024-12,"Madrid, Comunidad de",GASÓLEO C,GasoleoC,26906
2024-12,"Madrid, Comunidad de",GASOLINA  AUTO. S/PB 95 I.O.,Gasolina95,72212
2024-12,"Madrid, Comunidad de",GASOLINA  AUTO. S/PB 98 I.O.,Gasolina98,2857
2024-12,"Madrid, Comunidad de",OTRAS GASOLINAS,OtrasGasolinas,50
2024-12,"Madrid, Comunidad de",OTROS FUELÓLEOS,OtrosFueloleos,0
2024-12,"Madrid, Comunidad de",OTROS GASOLEOS,OtrosGasoleos,0
2024-12,"Madrid, Comunidad de",OTROS QUEROSENOS,OtrosQueroseno,0
2024-12,"Madrid, Comunidad de",QUEROSENO AVIACIÓN,QuerosenoAviacion,230651
2024-12,Melilla,BIODIESEL,Biodiesel,0
2024-12,Melilla,BIOETANOL,Bioetanol,0
2024-12,Melilla,FUELÓLEO  BIA,Fueloleo_BIA,2600
2024-12,Melilla,GLP,GLP,178
2024-12,Melilla,GASÓLEO A,GasoleoA,1170
2024-12,Melilla,GASÓLEO B,GasoleoB,0
2024-12,Melilla,GASÓLEO C,GasoleoC,0
2024-12,Melilla,GASOLINA  AUTO. S/PB 95 I.O.,Gasolina95,606
2024-12,Melilla,GASOLINA  AUTO. S/PB 98 I.O.,Gasolina98,0
2024-12,Melilla,OTRAS GASOLINAS,OtrasGasolinas,0
2024-12,Melilla,OTROS FUELÓLEOS,OtrosFueloleos,0
2024-12,Melilla,OTROS GASOLEOS,OtrosGasoleos,0
2024-12,Melilla,OTROS QUEROSENOS,OtrosQueroseno,0
2024-12,Melilla,QUEROSENO AVIACIÓN,QuerosenoAviacion,180
2024-12,"Murcia, Región de",BIODIESEL,Biodiesel,1455
2024-12,"Murcia, Región de",BIOETANOL,Bioetanol,0
2024-12,"Murcia, Región de",FUELÓLEO  BIA,Fueloleo_BIA,179
2024-12,"Murcia, Región de",GLP,GLP,5068
2024-12,"Murcia, Región de",GASÓLEO A,GasoleoA,76402
2024-12,"Murcia, Región de",GASÓLEO B,GasoleoB,12422
2024-12,"Murcia, Región de",GASÓLEO C,GasoleoC,1265
2024-12,"Murcia, Región de",GASOLINA  AUTO. S/PB 95 I.O.,Gasolina95,13848
2024-12,"Murcia, Región de",GASOLINA  AUTO. S/PB 98 I.O.,Gasolina98,616
2024-12,"Murcia, Región de",OTRAS GASOLINAS,OtrasGasolinas,3
2024-12,"Murcia, Región de",OTROS FUELÓLEOS,OtrosFueloleos,0
2024-12,"Murcia, Región de",OTROS GASOLEOS,OtrosGasoleos,1411
2024-12,"Murcia, Región de",OTROS QUEROSENOS,OtrosQueroseno,0
2024-12,"Murcia, Región de",QUEROSENO AVIACIÓN,QuerosenoAviacion,550
2024-12,"Navarra, Comunidad Foral de",BIODIESEL,Biodiesel,871
2024-12,"Navarra, Comunidad Foral de",BIOETANOL,Bioetanol,0
2024-12,"Navarra, Comunidad Foral de",FUELÓLEO  BIA,Fueloleo_BIA,213
2024-12,"Navarra, Comunidad Foral de",GLP,GLP,2708
2024-12,"Navarra, Comunidad Foral de",GASÓLEO A,GasoleoA,57112
2024-12,"Navarra, Comunidad Foral de",GASÓLEO B,GasoleoB,8833
2024-12,"Navarra, Comunidad Foral de",GASÓLEO C,GasoleoC,1657
2024-12,"Navarra, Comunidad Foral de",GASOLINA  AUTO. S/PB 95 I.O.,Gasolina95,7313
2024-12,"Navarra, Comunidad Foral de",GASOLINA  AUTO. S/PB 98 I.O.,Gasolina98,236
2024-12,"Navarra, Comunidad Foral de",OTRAS GASOLINAS,OtrasGasolinas,1
2024-12,"Navarra, Comunidad Foral de",OTROS FUELÓLEOS,OtrosFueloleos,0
2024-12,"Navarra, Comunidad Foral de",OTROS GASOLEOS,OtrosGasoleos,0
2024-12,"Navarra, Comunidad Foral de",OTROS QUEROSENOS,OtrosQueroseno,0
2024-12,"Navarra, Comunidad Foral de",QUEROSENO AVIACIÓN,QuerosenoAviacion,97
2024-12,País Vasco,BIODIESEL,Biodiesel,1220
2024-12,País Vasco,BIOETANOL,Bioetanol,0
2024-12,País Vasco,FUELÓLEO  BIA,Fueloleo_BIA,371
2024-12,País Vasco,GLP,GLP,6121
2024-12,País Vasco,GASÓLEO A,GasoleoA,129687
2024-12,País Vasco,GASÓLEO B,GasoleoB,12449
2024-12,País Vasco,GASÓLEO C,GasoleoC,7817
2024-12,País Vasco,GASOLINA  AUTO. S/PB 95 I.O.,Gasolina95,19655
2024-12,País Vasco,GASOLINA  AUTO. S/PB 98 I.O.,Gasolina98,1056
2024-12,País Vasco,OTRAS GASOLINAS,OtrasGasolinas,2
2024-12,País Vasco,OTROS FUELÓLEOS,OtrosFueloleos,0
2024-12,País Vasco,OTROS GASOLEOS,OtrosGasoleos,1244
2024-12,País Vasco,OTROS QUEROSENOS,OtrosQueroseno,2
2024-12,País Vasco,QUEROSENO AVIACIÓN,QuerosenoAviacion,6956
2024-12,"Rioja, La",BIODIESEL,Biodiesel,163
2024-12,"Rioja, La",BIOETANOL,Bioetanol,0
2024-12,"Rioja, La",FUELÓLEO  BIA,Fueloleo_BIA,27
2024-12,"Rioja, La",GLP,GLP,827
2024-12,"Rioja, La",GASÓLEO A,GasoleoA,12362
2024-12,"Rioja, La",GASÓLEO B,GasoleoB,4467
2024-12,"Rioja, La",GASÓLEO C,GasoleoC,2840
2024-12,"Rioja, La",GASOLINA  AUTO. S/PB 95 I.O.,Gasolina95,2873
2024-12,"Rioja, La",GASOLINA  AUTO. S/PB 98 I.O.,Gasolina98,115
2024-12,"Rioja, La",OTRAS GASOLINAS,OtrasGasolinas,3
2024-12,"Rioja, La",OTROS FUELÓLEOS,OtrosFueloleos,0
2024-12,"Rioja, La",OTROS GASOLEOS,OtrosGasoleos,0
2024-12,"Rioja, La",OTROS QUEROSENOS,OtrosQueroseno,0
2024-12,"Rioja, La",QUEROSENO AVIACIÓN,QuerosenoAviacion,4
2025-01,Andalucía,BIODIESEL,Biodiesel,590
2025-01,Andalucía,BIOETANOL,Bioetanol,0
2025-01,Andalucía,FUELÓLEO  BIA,Fueloleo_BIA,35936
2025-01,Andalucía,GLP,GLP,32438
2025-01,Andalucía,GASÓLEO A,GasoleoA,277526
2025-01,Andalucía,GASÓLEO B,GasoleoB,53893
2025-01,Andalucía,GASÓLEO C,GasoleoC,10788
2025-01,Andalucía,GASOLINA  AUTO. S/PB 95 I.O.,Gasolina95,74451
2025-01,Andalucía,GASOLINA  AUTO. S/PB 98 I.O.,Gasolina98,2891
2025-01,Andalucía,OTRAS GASOLINAS,OtrasGasolinas,63
2025-01,Andalucía,OTROS FUELÓLEOS,OtrosFueloleos,241541
2025-01,Andalucía,OTROS GASOLEOS,OtrosGasoleos,39558
2025-01,Andalucía,OTROS QUEROSENOS,OtrosQueroseno,0
2025-01,Andalucía,QUEROSENO AVIACIÓN,QuerosenoAviacion,39899
2025-01,Aragón,BIODIESEL,Biodiesel,1231
2025-01,Aragón,BIOETANOL,Bioetanol,0
2025-01,Aragón,FUELÓLEO  BIA,Fueloleo_BIA,82
2025-01,Aragón,GLP,GLP,7620
2025-01,Aragón,GASÓLEO A,GasoleoA,70715
2025-01,Aragón,GASÓLEO B,GasoleoB,25446
2025-01,Aragón,GASÓLEO C,GasoleoC,15412
2025-01,Aragón,GASOLINA  AUTO. S/PB 95 I.O.,Gasolina95,13151
2025-01,Aragón,GASOLINA  AUTO. S/PB 98 I.O.,Gasolina98,485
2025-01,Aragón,OTRAS GASOLINAS,OtrasGasolinas,3
2025-01,Aragón,OTROS FUELÓLEOS,OtrosFueloleos,0
2025-01,Aragón,OTROS GASOLEOS,OtrosGasoleos,42
2025-01,Aragón,OTROS QUEROSENOS,OtrosQueroseno,0
2025-01,Aragón,QUEROSENO AVIACIÓN,QuerosenoAviacion,7125
2025-01,"Asturias, Principado de",BIODIESEL,Biodiesel,193
2025-01,"Asturias, Principado de",BIOETANOL,Bioetanol,0
2025-01,"Asturias, Principado de",FUELÓLEO  BIA,Fueloleo_BIA,1500
2025-01,"Asturias, Principado de",GLP,GLP,3614
2025-01,"Asturias, Principado de",GASÓLEO A,GasoleoA,31310
2025-01,"Asturias, Principado de",GASÓLEO B,GasoleoB,7256
2025-01,"Asturias, Principado de",GASÓLEO C,GasoleoC,4768
2025-01,"Asturias, Principado de",GASOLINA  AUTO. S/PB 95 I.O.,Gasolina95,8139
2025-01,"Asturias, Principado de",GASOLINA  AUTO. S/PB 98 I.O.,Gasolina98,455
2025-01,"Asturias, Principado de",OTRAS GASOLINAS,OtrasGasolinas,1
2025-01,"Asturias, Principado de",OTROS FUELÓLEOS,OtrosFueloleos,330
2025-01,"Asturias, Principado de",OTROS GASOLEOS,OtrosGasoleos,3899
2025-01,"Asturias, Principado de",OTROS QUEROSENOS,OtrosQueroseno,0
2025-01,"Asturias, Principado de",QUEROSENO AVIACIÓN,QuerosenoAviacion,1458
2025-01,"Balears, Illes",BIODIESEL,Biodiesel,0
2025-01,"Balears, Illes",BIOETANOL,Bioetanol,0
2025-01,"Balears, Illes",FUELÓLEO  BIA,Fueloleo_BIA,0
2025-01,"Balears, Illes",GLP,GLP,4849
2025-01,"Balears, Illes",GASÓLEO A,GasoleoA,20516
2025-01,"Balears, Illes",GASÓLEO B,GasoleoB,3661
2025-01,"Balears, Illes",GASÓLEO C,GasoleoC,9959
2025-01,"Balears, Illes",GASOLINA  AUTO. S/PB 95 I.O.,Gasolina95,14629
2025-01,"Balears, Illes",GASOLINA  AUTO. S/PB 98 I.O.,Gasolina98,694
2025-01,"Balears, Illes",OTRAS GASOLINAS,OtrasGasolinas,18
2025-01,"Balears, Illes",OTROS FUELÓLEOS,OtrosFueloleos,0
2025-01,"Balears, Illes",OTROS GASOLEOS,OtrosGasoleos,1967
2025-01,"Balears, Illes",OTROS QUEROSENOS,OtrosQueroseno,0
2025-01,"Balears, Illes",QUEROSENO AVIACIÓN,QuerosenoAviacion,14403
2025-01,Canarias,BIODIESEL,Biodiesel,142
2025-01,Canarias,BIOETANOL,Bioetanol,0
2025-01,Canarias,FUELÓLEO  BIA,Fueloleo_BIA,147508
2025-01,Canarias,GLP,GLP,7954
2025-01,Canarias,GASÓLEO A,GasoleoA,53947
2025-01,Canarias,GASÓLEO B,GasoleoB,0
2025-01,Canarias,GASÓLEO C,GasoleoC,0
2025-01,Canarias,GASOLINA  AUTO. S/PB 95 I.O.,Gasolina95,38163
2025-01,Canarias,GASOLINA  AUTO. S/PB 98 I.O.,Gasolina98,8830
2025-01,Canarias,OTRAS GASOLINAS,OtrasGasolinas,4
2025-01,Canarias,OTROS FUELÓLEOS,OtrosFueloleos,99227
2025-01,Canarias,OTROS GASOLEOS,OtrosGasoleos,144852
2025-01,Canarias,OTROS QUEROSENOS,OtrosQueroseno,0
2025-01,Canarias,QUEROSENO AVIACIÓN,QuerosenoAviacion,121177
2025-01,Cantabria,BIODIESEL,Biodiesel,518
2025-01,Cantabria,BIOETANOL,Bioetanol,0
2025-01,Cantabria,FUELÓLEO  BIA,Fueloleo_BIA,182
2025-01,Cantabria,GLP,GLP,3192
2025-01,Cantabria,GASÓLEO A,GasoleoA,21430
2025-01,Cantabria,GASÓLEO B,GasoleoB,5444
2025-01,Cantabria,GASÓLEO C,GasoleoC,308
2025-01,Cantabria,GASOLINA  AUTO. S/PB 95 I.O.,Gasolina95,5866
2025-01,Cantabria,GASOLINA  AUTO. S/PB 98 I.O.,Gasolina98,238
2025-01,Cantabria,OTRAS GASOLINAS,OtrasGasolinas,0
2025-01,Cantabria,OTROS FUELÓLEOS,OtrosFueloleos,0
2025-01,Cantabria,OTROS GASOLEOS,OtrosGasoleos,455
2025-01,Cantabria,OTROS QUEROSENOS,OtrosQueroseno,0
2025-01,Cantabria,QUEROSENO AVIACIÓN,QuerosenoAviacion,674
2025-01,Castilla - La Mancha,BIODIESEL,Biodiesel,874
2025-01,Castilla - La Mancha,BIOETANOL,Bioetanol,0
2025-01,Castilla - La Mancha,FUELÓLEO  BIA,Fueloleo_BIA,144
2025-01,Castilla - La Mancha,GLP,GLP,8859
2025-01,Castilla - La Mancha,GASÓLEO A,GasoleoA,99060
2025-01,Castilla - La Mancha,GASÓLEO B,GasoleoB,45225
2025-01,Castilla - La Mancha,GASÓLEO C,GasoleoC,23113
2025-01,Castilla - La Mancha,GASOLINA  AUTO. S/PB 95 I.O.,Gasolina95,20025
2025-01,Castilla - La Mancha,GASOLINA  AUTO. S/PB 98 I.O.,Gasolina98,665
2025-01,Castilla - La Mancha,OTRAS GASOLINAS,OtrasGasolinas,3
2025-01,Castilla - La Mancha,OTROS FUELÓLEOS,OtrosFueloleos,0
2025-01,Castilla - La Mancha,OTROS GASOLEOS,OtrosGasoleos,0
2025-01,Castilla - La Mancha,OTROS QUEROSENOS,OtrosQueroseno,0
2025-01,Castilla - La Mancha,QUEROSENO AVIACIÓN,QuerosenoAviacion,57
2025-01,Castilla y León,BIODIESEL,Biodiesel,372
2025-01,Castilla y León,BIOETANOL,Bioetanol,0
2025-01,Castilla y León,FUELÓLEO  BIA,Fueloleo_BIA,148
2025-01,Castilla y León,GLP,GLP,10984
2025-01,Castilla y León,GASÓLEO A,GasoleoA,129700
2025-01,Castilla y León,GASÓLEO B,GasoleoB,49820
2025-01,Castilla y León,GASÓLEO C,GasoleoC,26595
2025-01,Castilla y León,GASOLINA  AUTO. S/PB 95 I.O.,Gasolina95,24044
2025-01,Castilla y León,GASOLINA  AUTO. S/PB 98 I.O.,Gasolina98,1091
2025-01,Castilla y León,OTRAS GASOLINAS,OtrasGasolinas,32
2025-01,Castilla y León,OTROS FUELÓLEOS,OtrosFueloleos,0
2025-01,Castilla y León,OTROS GASOLEOS,OtrosGasoleos,0
2025-01,Castilla y León,OTROS QUEROSENOS,OtrosQueroseno,0
2025-01,Castilla y León,QUEROSENO AVIACIÓN,QuerosenoAviacion,114
2025-01,Cataluña,BIODIESEL,Biodiesel,1894
2025-01,Cataluña,BIOETANOL,Bioetanol,12
2025-01,Cataluña,FUELÓLEO  BIA,Fueloleo_BIA,18289
2025-01,Cataluña,GLP,GLP,27770
2025-01,Cataluña,GASÓLEO A,GasoleoA,275636
2025-01,Cataluña,GASÓLEO B,GasoleoB,50031
2025-01,Cataluña,GASÓLEO C,GasoleoC,15348
2025-01,Cataluña,GASOLINA  AUTO. S/PB 95 I.O.,Gasolina95,84805
2025-01,Cataluña,GASOLINA  AUTO. S/PB 98 I.O.,Gasolina98,3877
2025-01,Cataluña,OTRAS GASOLINAS,OtrasGasolinas,138
2025-01,Cataluña,OTROS FUELÓLEOS,OtrosFueloleos,62705
2025-01,Cataluña,OTROS GASOLEOS,OtrosGasoleos,15281
2025-01,Cataluña,OTROS QUEROSENOS,OtrosQueroseno,1
2025-01,Cataluña,QUEROSENO AVIACIÓN,QuerosenoAviacion,88186
2025-01,Ceuta,BIODIESEL,Biodiesel,0
2025-01,Ceuta,BIOETANOL,Bioetanol,0
2025-01,Ceuta,FUELÓLEO  BIA,Fueloleo_BIA,4793
2025-01,Ceuta,GLP,GLP,212
2025-01,Ceuta,GASÓLEO A,GasoleoA,962
2025-01,Ceuta,GASÓLEO B,GasoleoB,0
2025-01,Ceuta,GASÓLEO C,GasoleoC,82
2025-01,Ceuta,GASOLINA  AUTO. S/PB 95 I.O.,Gasolina95,480
2025-01,Ceuta,GASOLINA  AUTO. S/PB 98 I.O.,Gasolina98,82
2025-01,Ceuta,OTRAS GASOLINAS,OtrasGasolinas,0
2025-01,Ceuta,OTROS FUELÓLEOS,OtrosFueloleos,9924
2025-01,Ceuta,OTROS GASOLEOS,OtrosGasoleos,8235
2025-01,Ceuta,OTROS QUEROSENOS,OtrosQueroseno,0
2025-01,Ceuta,QUEROSENO AVIACIÓN,QuerosenoAviacion,54
2025-01,Comunitat Valenciana,BIODIESEL,Biodiesel,462
2025-01,Comunitat Valenciana,BIOETANOL,Bioetanol,0
2025-01,Comunitat Valenciana,FUELÓLEO  BIA,Fueloleo_BIA,959
2025-01,Comunitat Valenciana,GLP,GLP,19991
2025-01,Comunitat Valenciana,GASÓLEO A,GasoleoA,156582
2025-01,Comunitat Valenciana,GASÓLEO B,GasoleoB,18394
2025-01,Comunitat Valenciana,GASÓLEO C,GasoleoC,6584
2025-01,Comunitat Valenciana,GASOLINA  AUTO. S/PB 95 I.O.,Gasolina95,54537
2025-01,Comunitat Valenciana,GASOLINA  AUTO. S/PB 98 I.O.,Gasolina98,2192
2025-01,Comunitat Valenciana,OTRAS GASOLINAS,OtrasGasolinas,29
2025-01,Comunitat Valenciana,OTROS FUELÓLEOS,OtrosFueloleos,3200
2025-01,Comunitat Valenciana,OTROS GASOLEOS,OtrosGasoleos,13601
2025-01,Comunitat Valenciana,OTROS QUEROSENOS,OtrosQueroseno,1
2025-01,Comunitat Valenciana,QUEROSENO AVIACIÓN,QuerosenoAviacion,31699
2025-01,ESPAÑA,BIODIESEL,Biodiesel,11376
2025-01,ESPAÑA,BIOETANOL,Bioetanol,12
2025-01,ESPAÑA,FUELÓLEO  BIA,Fueloleo_BIA,219766
2025-01,ESPAÑA,GLP,GLP,177715
2025-01,ESPAÑA,GASÓLEO A,GasoleoA,1717928
2025-01,ESPAÑA,GASÓLEO B,GasoleoB,345758
2025-01,ESPAÑA,GASÓLEO C,GasoleoC,185662
2025-01,ESPAÑA,GASOLINA  AUTO. S/PB 95 I.O.,Gasolina95,477543
2025-01,ESPAÑA,GASOLINA  AUTO. S/PB 98 I.O.,Gasolina98,26937
2025-01,ESPAÑA,OTRAS GASOLINAS,OtrasGasolinas,343
2025-01,ESPAÑA,OTROS FUELÓLEOS,OtrosFueloleos,418078
2025-01,ESPAÑA,OTROS GASOLEOS,OtrosGasoleos,240412
2025-01,ESPAÑA,OTROS QUEROSENOS,OtrosQueroseno,2
2025-01,ESPAÑA,QUEROSENO AVIACIÓN,QuerosenoAviacion,537062
2025-01,Extremadura,BIODIESEL,Biodiesel,107
2025-01,Extremadura,BIOETANOL,Bioetanol,0
2025-01,Extremadura,FUELÓLEO  BIA,Fueloleo_BIA,283
2025-01,Extremadura,GLP,GLP,6298
2025-01,Extremadura,GASÓLEO A,GasoleoA,52711
2025-01,Extremadura,GASÓLEO B,GasoleoB,10975
2025-01,Extremadura,GASÓLEO C,GasoleoC,2381
2025-01,Extremadura,GASOLINA  AUTO. S/PB 95 I.O.,Gasolina95,8724
2025-01,Extremadura,GASOLINA  AUTO. S/PB 98 I.O.,Gasolina98,285
2025-01,Extremadura,OTRAS GASOLINAS,OtrasGasolinas,1
2025-01,Extremadura,OTROS FUELÓLEOS,OtrosFueloleos,0
2025-01,Extremadura,OTROS GASOLEOS,OtrosGasoleos,0
2025-01,Extremadura,OTROS QUEROSENOS,OtrosQueroseno,0
2025-01,Extremadura,QUEROSENO AVIACIÓN,QuerosenoAviacion,46
2025-01,Galicia,BIODIESEL,Biodiesel,129
2025-01,Galicia,BIOETANOL,Bioetanol,0
2025-01,Galicia,FUELÓLEO  BIA,Fueloleo_BIA,4119
2025-01,Galicia,GLP,GLP,14076
2025-01,Galicia,GASÓLEO A,GasoleoA,103697
2025-01,Galicia,GASÓLEO B,GasoleoB,20504
2025-01,Galicia,GASÓLEO C,GasoleoC,25623
2025-01,Galicia,GASOLINA  AUTO. S/PB 95 I.O.,Gasolina95,22357
2025-01,Galicia,GASOLINA  AUTO. S/PB 98 I.O.,Gasolina98,1063
2025-01,Galicia,OTRAS GASOLINAS,OtrasGasolinas,5
2025-01,Galicia,OTROS FUELÓLEOS,OtrosFueloleos,1061
2025-01,Galicia,OTROS GASOLEOS,OtrosGasoleos,9283
2025-01,Galicia,OTROS QUEROSENOS,OtrosQueroseno,0
2025-01,Galicia,QUEROSENO AVIACIÓN,QuerosenoAviacion,3894
2025-01,"Madrid, Comunidad de",BIODIESEL,Biodiesel,1663
2025-01,"Madrid, Comunidad de",BIOETANOL,Bioetanol,0
2025-01,"Madrid, Comunidad de",FUELÓLEO  BIA,Fueloleo_BIA,178
2025-01,"Madrid, Comunidad de",GLP,GLP,13717
2025-01,"Madrid, Comunidad de",GASÓLEO A,GasoleoA,135841
2025-01,"Madrid, Comunidad de",GASÓLEO B,GasoleoB,14626
2025-01,"Madrid, Comunidad de",GASÓLEO C,GasoleoC,30155
2025-01,"Madrid, Comunidad de",GASOLINA  AUTO. S/PB 95 I.O.,Gasolina95,66030
2025-01,"Madrid, Comunidad de",GASOLINA  AUTO. S/PB 98 I.O.,Gasolina98,2312
2025-01,"Madrid, Comunidad de",OTRAS GASOLINAS,OtrasGasolinas,36
2025-01,"Madrid, Comunidad de",OTROS FUELÓLEOS,OtrosFueloleos,0
2025-01,"Madrid, Comunidad de",OTROS GASOLEOS,OtrosGasoleos,0
2025-01,"Madrid, Comunidad de",OTROS QUEROSENOS,OtrosQueroseno,0
2025-01,"Madrid, Comunidad de",QUEROSENO AVIACIÓN,QuerosenoAviacion,221577
2025-01,Melilla,BIODIESEL,Biodiesel,0
2025-01,Melilla,BIOETANOL,Bioetanol,0
2025-01,Melilla,FUELÓLEO  BIA,Fueloleo_BIA,4775
2025-01,Melilla,GLP,GLP,235
2025-01,Melilla,GASÓLEO A,GasoleoA,1024
2025-01,Melilla,GASÓLEO B,GasoleoB,0
2025-01,Melilla,GASÓLEO C,GasoleoC,0
2025-01,Melilla,GASOLINA  AUTO. S/PB 95 I.O.,Gasolina95,526
2025-01,Melilla,GASOLINA  AUTO. S/PB 98 I.O.,Gasolina98,0
2025-01,Melilla,OTRAS GASOLINAS,OtrasGasolinas,0
2025-01,Melilla,OTROS FUELÓLEOS,OtrosFueloleos,0
2025-01,Melilla,OTROS GASOLEOS,OtrosGasoleos,0
2025-01,Melilla,OTROS QUEROSENOS,OtrosQueroseno,0
2025-01,Melilla,QUEROSENO AVIACIÓN,QuerosenoAviacion,162
2025-01,"Murcia, Región de",BIODIESEL,Biodiesel,1123
2025-01,"Murcia, Región de",BIOETANOL,Bioetanol,0
2025-01,"Murcia, Región de",FUELÓLEO  BIA,Fueloleo_BIA,204
2025-01,"Murcia, Región de",GLP,GLP,6179
2025-01,"Murcia, Región de",GASÓLEO A,GasoleoA,76544
2025-01,"Murcia, Región de",GASÓLEO B,GasoleoB,12862
2025-01,"Murcia, Región de",GASÓLEO C,GasoleoC,1318
2025-01,"Murcia, Región de",GASOLINA  AUTO. S/PB 95 I.O.,Gasolina95,13078
2025-01,"Murcia, Región de",GASOLINA  AUTO. S/PB 98 I.O.,Gasolina98,575
2025-01,"Murcia, Región de",OTRAS GASOLINAS,OtrasGasolinas,3
2025-01,"Murcia, Región de",OTROS FUELÓLEOS,OtrosFueloleos,90
2025-01,"Murcia, Región de",OTROS GASOLEOS,OtrosGasoleos,1656
2025-01,"Murcia, Región de",OTROS QUEROSENOS,OtrosQueroseno,0
2025-01,"Murcia, Región de",QUEROSENO AVIACIÓN,QuerosenoAviacion,584
2025-01,"Navarra, Comunidad Foral de",BIODIESEL,Biodiesel,919
2025-01,"Navarra, Comunidad Foral de",BIOETANOL,Bioetanol,0
2025-01,"Navarra, Comunidad Foral de",FUELÓLEO  BIA,Fueloleo_BIA,237
2025-01,"Navarra, Comunidad Foral de",GLP,GLP,1882
2025-01,"Navarra, Comunidad Foral de",GASÓLEO A,GasoleoA,59108
2025-01,"Navarra, Comunidad Foral de",GASÓLEO B,GasoleoB,9383
2025-01,"Navarra, Comunidad Foral de",GASÓLEO C,GasoleoC,1675
2025-01,"Navarra, Comunidad Foral de",GASOLINA  AUTO. S/PB 95 I.O.,Gasolina95,6520
2025-01,"Navarra, Comunidad Foral de",GASOLINA  AUTO. S/PB 98 I.O.,Gasolina98,210
2025-01,"Navarra, Comunidad Foral de",OTRAS GASOLINAS,OtrasGasolinas,2
2025-01,"Navarra, Comunidad Foral de",OTROS FUELÓLEOS,OtrosFueloleos,0
2025-01,"Navarra, Comunidad Foral de",OTROS GASOLEOS,OtrosGasoleos,0
2025-01,"Navarra, Comunidad Foral de",OTROS QUEROSENOS,OtrosQueroseno,0
2025-01,"Navarra, Comunidad Foral de",QUEROSENO AVIACIÓN,QuerosenoAviacion,100
2025-01,País Vasco,BIODIESEL,Biodiesel,1042
2025-01,País Vasco,BIOETANOL,Bioetanol,0
2025-01,País Vasco,FUELÓLEO  BIA,Fueloleo_BIA,402
2025-01,País Vasco,GLP,GLP,6864
2025-01,País Vasco,GASÓLEO A,GasoleoA,139964
2025-01,País Vasco,GASÓLEO B,GasoleoB,14182
2025-01,País Vasco,GASÓLEO C,GasoleoC,8588
2025-01,País Vasco,GASOLINA  AUTO. S/PB 95 I.O.,Gasolina95,19538
2025-01,País Vasco,GASOLINA  AUTO. S/PB 98 I.O.,Gasolina98,898
2025-01,País Vasco,OTRAS GASOLINAS,OtrasGasolinas,1
2025-01,País Vasco,OTROS FUELÓLEOS,OtrosFueloleos,0
2025-01,País Vasco,OTROS GASOLEOS,OtrosGasoleos,1583
2025-01,País Vasco,OTROS QUEROSENOS,OtrosQueroseno,0
2025-01,País Vasco,QUEROSENO AVIACIÓN,QuerosenoAviacion,5851
2025-01,"Rioja, La",BIODIESEL,Biodiesel,117
2025-01,"Rioja, La",BIOETANOL,Bioetanol,0
2025-01,"Rioja, La",FUELÓLEO  BIA,Fueloleo_BIA,27
2025-01,"Rioja, La",GLP,GLP,981
2025-01,"Rioja, La",GASÓLEO A,GasoleoA,11655
2025-01,"Rioja, La",GASÓLEO B,GasoleoB,4056
2025-01,"Rioja, La",GASÓLEO C,GasoleoC,2965
2025-01,"Rioja, La",GASOLINA  AUTO. S/PB 95 I.O.,Gasolina95,2480
2025-01,"Rioja, La",GASOLINA  AUTO. S/PB 98 I.O.,Gasolina98,94
2025-01,"Rioja, La",OTRAS GASOLINAS,OtrasGasolinas,4
2025-01,"Rioja, La",OTROS FUELÓLEOS,OtrosFueloleos,0
2025-01,"Rioja, La",OTROS GASOLEOS,OtrosGasoleos,0
2025-01,"Rioja, La",OTROS QUEROSENOS,OtrosQueroseno,0
2025-01,"Rioja, La",QUEROSENO AVIACIÓN,QuerosenoAviacion,2
2025-02,Andalucía,BIODIESEL,Biodiesel,498
2025-02,Andalucía,BIOETANOL,Bioetanol,0
2025-02,Andalucía,FUELÓLEO  BIA,Fueloleo_BIA,30141
2025-02,Andalucía,GLP,GLP,26807
2025-02,Andalucía,GASÓLEO A,GasoleoA,270673
2025-02,Andalucía,GASÓLEO B,GasoleoB,52127
2025-02,Andalucía,GASÓLEO C,GasoleoC,8114
2025-02,Andalucía,GASOLINA  AUTO. S/PB 95 I.O.,Gasolina95,71465
2025-02,Andalucía,GASOLINA  AUTO. S/PB 98 I.O.,Gasolina98,3097
2025-02,Andalucía,OTRAS GASOLINAS,OtrasGasolinas,87
2025-02,Andalucía,OTROS FUELÓLEOS,OtrosFueloleos,304753
2025-02,Andalucía,OTROS GASOLEOS,OtrosGasoleos,37177
2025-02,Andalucía,OTROS QUEROSENOS,OtrosQueroseno,0
2025-02,Andalucía,QUEROSENO AVIACIÓN,QuerosenoAviacion,41098
2025-02,Aragón,BIODIESEL,Biodiesel,1446
2025-02,Aragón,BIOETANOL,Bioetanol,0
2025-02,Aragón,FUELÓLEO  BIA,Fueloleo_BIA,126
2025-02,Aragón,GLP,GLP,6187
2025-02,Aragón,GASÓLEO A,GasoleoA,73228
2025-02,Aragón,GASÓLEO B,GasoleoB,21742
2025-02,Aragón,GASÓLEO C,GasoleoC,12226
2025-02,Aragón,GASOLINA  AUTO. S/PB 95 I.O.,Gasolina95,13056
2025-02,Aragón,GASOLINA  AUTO. S/PB 98 I.O.,Gasolina98,512
2025-02,Aragón,OTRAS GASOLINAS,OtrasGasolinas,3
2025-02,Aragón,OTROS FUELÓLEOS,OtrosFueloleos,0
2025-02,Aragón,OTROS GASOLEOS,OtrosGasoleos,0
2025-02,Aragón,OTROS QUEROSENOS,OtrosQueroseno,0
2025-02,Aragón,QUEROSENO AVIACIÓN,QuerosenoAviacion,6176
2025-02,"Asturias, Principado de",BIODIESEL,Biodiesel,199
2025-02,"Asturias, Principado de",BIOETANOL,Bioetanol,0
2025-02,"Asturias, Principado de",FUELÓLEO  BIA,Fueloleo_BIA,1585
2025-02,"Asturias, Principado de",GLP,GLP,2738
2025-02,"Asturias, Principado de",GASÓLEO A,GasoleoA,30258
2025-02,"Asturias, Principado de",GASÓLEO B,GasoleoB,6601
2025-02,"Asturias, Principado de",GASÓLEO C,GasoleoC,4164
2025-02,"Asturias, Principado de",GASOLINA  AUTO. S/PB 95 I.O.,Gasolina95,7819
2025-02,"Asturias, Principado de",GASOLINA  AUTO. S/PB 98 I.O.,Gasolina98,434
2025-02,"Asturias, Principado de",OTRAS GASOLINAS,OtrasGasolinas,0
2025-02,"Asturias, Principado de",OTROS FUELÓLEOS,OtrosFueloleos,212
2025-02,"Asturias, Principado de",OTROS GASOLEOS,OtrosGasoleos,2660
2025-02,"Asturias, Principado de",OTROS QUEROSENOS,OtrosQueroseno,0
2025-02,"Asturias, Principado de",QUEROSENO AVIACIÓN,QuerosenoAviacion,1546
2025-02,"Balears, Illes",BIODIESEL,Biodiesel,0
2025-02,"Balears, Illes",BIOETANOL,Bioetanol,0
2025-02,"Balears, Illes",FUELÓLEO  BIA,Fueloleo_BIA,0
2025-02,"Balears, Illes",GLP,GLP,4179
2025-02,"Balears, Illes",GASÓLEO A,GasoleoA,22921
2025-02,"Balears, Illes",GASÓLEO B,GasoleoB,3567
2025-02,"Balears, Illes",GASÓLEO C,GasoleoC,10043
2025-02,"Balears, Illes",GASOLINA  AUTO. S/PB 95 I.O.,Gasolina95,15427
2025-02,"Balears, Illes",GASOLINA  AUTO. S/PB 98 I.O.,Gasolina98,749
2025-02,"Balears, Illes",OTRAS GASOLINAS,OtrasGasolinas,23
2025-02,"Balears, Illes",OTROS FUELÓLEOS,OtrosFueloleos,0
2025-02,"Balears, Illes",OTROS GASOLEOS,OtrosGasoleos,1705
2025-02,"Balears, Illes",OTROS QUEROSENOS,OtrosQueroseno,0
2025-02,"Balears, Illes",QUEROSENO AVIACIÓN,QuerosenoAviacion,15962
2025-02,Canarias,BIODIESEL,Biodiesel,0
2025-02,Canarias,BIOETANOL,Bioetanol,0
2025-02,Canarias,FUELÓLEO  BIA,Fueloleo_BIA,125518
2025-02,Canarias,GLP,GLP,7143
2025-02,Canarias,GASÓLEO A,GasoleoA,51268
2025-02,Canarias,GASÓLEO B,GasoleoB,0
2025-02,Canarias,GASÓLEO C,GasoleoC,0
2025-02,Canarias,GASOLINA  AUTO. S/PB 95 I.O.,Gasolina95,35676
2025-02,Canarias,GASOLINA  AUTO. S/PB 98 I.O.,Gasolina98,8058
2025-02,Canarias,OTRAS GASOLINAS,OtrasGasolinas,5
2025-02,Canarias,OTROS FUELÓLEOS,OtrosFueloleos,64317
2025-02,Canarias,OTROS GASOLEOS,OtrosGasoleos,111979
2025-02,Canarias,OTROS QUEROSENOS,OtrosQueroseno,0
2025-02,Canarias,QUEROSENO AVIACIÓN,QuerosenoAviacion,111614
2025-02,Cantabria,BIODIESEL,Biodiesel,389
2025-02,Cantabria,BIOETANOL,Bioetanol,0
2025-02,Cantabria,FUELÓLEO  BIA,Fueloleo_BIA,696
2025-02,Cantabria,GLP,GLP,2018
2025-02,Cantabria,GASÓLEO A,GasoleoA,22217
2025-02,Cantabria,GASÓLEO B,GasoleoB,5183
2025-02,Cantabria,GASÓLEO C,GasoleoC,240
2025-02,Cantabria,GASOLINA  AUTO. S/PB 95 I.O.,Gasolina95,5904
2025-02,Cantabria,GASOLINA  AUTO. S/PB 98 I.O.,Gasolina98,237
2025-02,Cantabria,OTRAS GASOLINAS,OtrasGasolinas,1
2025-02,Cantabria,OTROS FUELÓLEOS,OtrosFueloleos,0
2025-02,Cantabria,OTROS GASOLEOS,OtrosGasoleos,562
2025-02,Cantabria,OTROS QUEROSENOS,OtrosQueroseno,0
2025-02,Cantabria,QUEROSENO AVIACIÓN,QuerosenoAviacion,784
2025-02,Castilla - La Mancha,BIODIESEL,Biodiesel,628
2025-02,Castilla - La Mancha,BIOETANOL,Bioetanol,0
2025-02,Castilla - La Mancha,FUELÓLEO  BIA,Fueloleo_BIA,401
2025-02,Castilla - La Mancha,GLP,GLP,7008
2025-02,Castilla - La Mancha,GASÓLEO A,GasoleoA,99005
2025-02,Castilla - La Mancha,GASÓLEO B,GasoleoB,39036
2025-02,Castilla - La Mancha,GASÓLEO C,GasoleoC,17331
2025-02,Castilla - La Mancha,GASOLINA  AUTO. S/PB 95 I.O.,Gasolina95,19022
2025-02,Castilla - La Mancha,GASOLINA  AUTO. S/PB 98 I.O.,Gasolina98,635
2025-02,Castilla - La Mancha,OTRAS GASOLINAS,OtrasGasolinas,18
2025-02,Castilla - La Mancha,OTROS FUELÓLEOS,OtrosFueloleos,0
2025-02,Castilla - La Mancha,OTROS GASOLEOS,OtrosGasoleos,0
2025-02,Castilla - La Mancha,OTROS QUEROSENOS,OtrosQueroseno,0
2025-02,Castilla - La Mancha,QUEROSENO AVIACIÓN,QuerosenoAviacion,71
2025-02,Castilla y León,BIODIESEL,Biodiesel,378
2025-02,Castilla y León,BIOETANOL,Bioetanol,0
2025-02,Castilla y León,FUELÓLEO  BIA,Fueloleo_BIA,224
2025-02,Castilla y León,GLP,GLP,8180
2025-02,Castilla y León,GASÓLEO A,GasoleoA,129244
2025-02,Castilla y León,GASÓLEO B,GasoleoB,44742
2025-02,Castilla y León,GASÓLEO C,GasoleoC,21692
2025-02,Castilla y León,GASOLINA  AUTO. S/PB 95 I.O.,Gasolina95,22792
2025-02,Castilla y León,GASOLINA  AUTO. S/PB 98 I.O.,Gasolina98,1007
2025-02,Castilla y León,OTRAS GASOLINAS,OtrasGasolinas,50
2025-02,Castilla y León,OTROS FUELÓLEOS,OtrosFueloleos,0
2025-02,Castilla y León,OTROS GASOLEOS,OtrosGasoleos,0
2025-02,Castilla y León,OTROS QUEROSENOS,OtrosQueroseno,0
2025-02,Castilla y León,QUEROSENO AVIACIÓN,QuerosenoAviacion,135
2025-02,Cataluña,BIODIESEL,Biodiesel,1882
2025-02,Cataluña,BIOETANOL,Bioetanol,0
2025-02,Cataluña,FUELÓLEO  BIA,Fueloleo_BIA,23150
2025-02,Cataluña,GLP,GLP,17546
2025-02,Cataluña,GASÓLEO A,GasoleoA,274454
2025-02,Cataluña,GASÓLEO B,GasoleoB,42329
2025-02,Cataluña,GASÓLEO C,GasoleoC,12032
2025-02,Cataluña,GASOLINA  AUTO. S/PB 95 I.O.,Gasolina95,82298
2025-02,Cataluña,GASOLINA  AUTO. S/PB 98 I.O.,Gasolina98,3636
2025-02,Cataluña,OTRAS GASOLINAS,OtrasGasolinas,107
2025-02,Cataluña,OTROS FUELÓLEOS,OtrosFueloleos,65847
2025-02,Cataluña,OTROS GASOLEOS,OtrosGasoleos,13729
2025-02,Cataluña,OTROS QUEROSENOS,OtrosQueroseno,0
2025-02,Cataluña,QUEROSENO AVIACIÓN,QuerosenoAviacion,84256
2025-02,Ceuta,BIODIESEL,Biodiesel,0
2025-02,Ceuta,BIOETANOL,Bioetanol,0
2025-02,Ceuta,FUELÓLEO  BIA,Fueloleo_BIA,2298
2025-02,Ceuta,GLP,GLP,261
2025-02,Ceuta,GASÓLEO A,GasoleoA,840
2025-02,Ceuta,GASÓLEO B,GasoleoB,0
2025-02,Ceuta,GASÓLEO C,GasoleoC,82
2025-02,Ceuta,GASOLINA  AUTO. S/PB 95 I.O.,Gasolina95,446
2025-02,Ceuta,GASOLINA  AUTO. S/PB 98 I.O.,Gasolina98,57
2025-02,Ceuta,OTRAS GASOLINAS,OtrasGasolinas,0
2025-02,Ceuta,OTROS FUELÓLEOS,OtrosFueloleos,7148
2025-02,Ceuta,OTROS GASOLEOS,OtrosGasoleos,11263
2025-02,Ceuta,OTROS QUEROSENOS,OtrosQueroseno,0
2025-02,Ceuta,QUEROSENO AVIACIÓN,QuerosenoAviacion,27
2025-02,Comunitat Valenciana,BIODIESEL,Biodiesel,506
2025-02,Comunitat Valenciana,BIOETANOL,Bioetanol,0
2025-02,Comunitat Valenciana,FUELÓLEO  BIA,Fueloleo_BIA,518
2025-02,Comunitat Valenciana,GLP,GLP,15539
2025-02,Comunitat Valenciana,GASÓLEO A,GasoleoA,157842
2025-02,Comunitat Valenciana,GASÓLEO B,GasoleoB,17941
2025-02,Comunitat Valenciana,GASÓLEO C,GasoleoC,5145
2025-02,Comunitat Valenciana,GASOLINA  AUTO. S/PB 95 I.O.,Gasolina95,52921
2025-02,Comunitat Valenciana,GASOLINA  AUTO. S/PB 98 I.O.,Gasolina98,2125
2025-02,Comunitat Valenciana,OTRAS GASOLINAS,OtrasGasolinas,22
2025-02,Comunitat Valenciana,OTROS FUELÓLEOS,OtrosFueloleos,16597
2025-02,Comunitat Valenciana,OTROS GASOLEOS,OtrosGasoleos,17293
2025-02,Comunitat Valenciana,OTROS QUEROSENOS,OtrosQueroseno,0
2025-02,Comunitat Valenciana,QUEROSENO AVIACIÓN,QuerosenoAviacion,31970
2025-02,ESPAÑA,BIODIESEL,Biodiesel,10716
2025-02,ESPAÑA,BIOETANOL,Bioetanol,0
2025-02,ESPAÑA,FUELÓLEO  BIA,Fueloleo_BIA,193959
2025-02,ESPAÑA,GLP,GLP,138408
2025-02,ESPAÑA,GASÓLEO A,GasoleoA,1706204
2025-02,ESPAÑA,GASÓLEO B,GasoleoB,312362
2025-02,ESPAÑA,GASÓLEO C,GasoleoC,152928
2025-02,ESPAÑA,GASOLINA  AUTO. S/PB 95 I.O.,Gasolina95,461578
2025-02,ESPAÑA,GASOLINA  AUTO. S/PB 98 I.O.,Gasolina98,25893
2025-02,ESPAÑA,OTRAS GASOLINAS,OtrasGasolinas,403
2025-02,ESPAÑA,OTROS FUELÓLEOS,OtrosFueloleos,459487
2025-02,ESPAÑA,OTROS GASOLEOS,OtrosGasoleos,206312
2025-02,ESPAÑA,OTROS QUEROSENOS,OtrosQueroseno,0
2025-02,ESPAÑA,QUEROSENO AVIACIÓN,QuerosenoAviacion,506113
2025-02,Extremadura,BIODIESEL,Biodiesel,92
2025-02,Extremadura,BIOETANOL,Bioetanol,0
2025-02,Extremadura,FUELÓLEO  BIA,Fueloleo_BIA,262
2025-02,Extremadura,GLP,GLP,4915
2025-02,Extremadura,GASÓLEO A,GasoleoA,52362
2025-02,Extremadura,GASÓLEO B,GasoleoB,10382
2025-02,Extremadura,GASÓLEO C,GasoleoC,1883
2025-02,Extremadura,GASOLINA  AUTO. S/PB 95 I.O.,Gasolina95,8209
2025-02,Extremadura,GASOLINA  AUTO. S/PB 98 I.O.,Gasolina98,231
2025-02,Extremadura,OTRAS GASOLINAS,OtrasGasolinas,1
2025-02,Extremadura,OTROS FUELÓLEOS,OtrosFueloleos,0
2025-02,Extremadura,OTROS GASOLEOS,OtrosGasoleos,0
2025-02,Extremadura,OTROS QUEROSENOS,OtrosQueroseno,0
2025-02,Extremadura,QUEROSENO AVIACIÓN,QuerosenoAviacion,49
2025-02,Galicia,BIODIESEL,Biodiesel,119
2025-02,Galicia,BIOETANOL,Bioetanol,0
2025-02,Galicia,FUELÓLEO  BIA,Fueloleo_BIA,5434
2025-02,Galicia,GLP,GLP,11583
2025-02,Galicia,GASÓLEO A,GasoleoA,102405
2025-02,Galicia,GASÓLEO B,GasoleoB,19099
2025-02,Galicia,GASÓLEO C,GasoleoC,23088
2025-02,Galicia,GASOLINA  AUTO. S/PB 95 I.O.,Gasolina95,21509
2025-02,Galicia,GASOLINA  AUTO. S/PB 98 I.O.,Gasolina98,1069
2025-02,Galicia,OTRAS GASOLINAS,OtrasGasolinas,7
2025-02,Galicia,OTROS FUELÓLEOS,OtrosFueloleos,613
2025-02,Galicia,OTROS GASOLEOS,OtrosGasoleos,7400
2025-02,Galicia,OTROS QUEROSENOS,OtrosQueroseno,0
2025-02,Galicia,QUEROSENO AVIACIÓN,QuerosenoAviacion,4555
2025-02,"Madrid, Comunidad de",BIODIESEL,Biodiesel,1640
2025-02,"Madrid, Comunidad de",BIOETANOL,Bioetanol,0
2025-02,"Madrid, Comunidad de",FUELÓLEO  BIA,Fueloleo_BIA,266
2025-02,"Madrid, Comunidad de",GLP,GLP,11207
2025-02,"Madrid, Comunidad de",GASÓLEO A,GasoleoA,131958
2025-02,"Madrid, Comunidad de",GASÓLEO B,GasoleoB,12499
2025-02,"Madrid, Comunidad de",GASÓLEO C,GasoleoC,24787
2025-02,"Madrid, Comunidad de",GASOLINA  AUTO. S/PB 95 I.O.,Gasolina95,64617
2025-02,"Madrid, Comunidad de",GASOLINA  AUTO. S/PB 98 I.O.,Gasolina98,2360
2025-02,"Madrid, Comunidad de",OTRAS GASOLINAS,OtrasGasolinas,62
2025-02,"Madrid, Comunidad de",OTROS FUELÓLEOS,OtrosFueloleos,0
2025-02,"Madrid, Comunidad de",OTROS GASOLEOS,OtrosGasoleos,0
2025-02,"Madrid, Comunidad de",OTROS QUEROSENOS,OtrosQueroseno,0
2025-02,"Madrid, Comunidad de",QUEROSENO AVIACIÓN,QuerosenoAviacion,200378
2025-02,Melilla,BIODIESEL,Biodiesel,0
2025-02,Melilla,BIOETANOL,Bioetanol,0
2025-02,Melilla,FUELÓLEO  BIA,Fueloleo_BIA,2499
2025-02,Melilla,GLP,GLP,228
2025-02,Melilla,GASÓLEO A,GasoleoA,893
2025-02,Melilla,GASÓLEO B,GasoleoB,0
2025-02,Melilla,GASÓLEO C,GasoleoC,0
2025-02,Melilla,GASOLINA  AUTO. S/PB 95 I.O.,Gasolina95,480
2025-02,Melilla,GASOLINA  AUTO. S/PB 98 I.O.,Gasolina98,0
2025-02,Melilla,OTRAS GASOLINAS,OtrasGasolinas,0
2025-02,Melilla,OTROS FUELÓLEOS,OtrosFueloleos,0
2025-02,Melilla,OTROS GASOLEOS,OtrosGasoleos,0
2025-02,Melilla,OTROS QUEROSENOS,OtrosQueroseno,0
2025-02,Melilla,QUEROSENO AVIACIÓN,QuerosenoAviacion,166
2025-02,"Murcia, Región de",BIODIESEL,Biodiesel,917
2025-02,"Murcia, Región de",BIOETANOL,Bioetanol,0
2025-02,"Murcia, Región de",FUELÓLEO  BIA,Fueloleo_BIA,129
2025-02,"Murcia, Región de",GLP,GLP,4926
2025-02,"Murcia, Región de",GASÓLEO A,GasoleoA,74291
2025-02,"Murcia, Región de",GASÓLEO B,GasoleoB,11774
2025-02,"Murcia, Región de",GASÓLEO C,GasoleoC,1141
2025-02,"Murcia, Región de",GASOLINA  AUTO. S/PB 95 I.O.,Gasolina95,12658
2025-02,"Murcia, Región de",GASOLINA  AUTO. S/PB 98 I.O.,Gasolina98,526
2025-02,"Murcia, Región de",OTRAS GASOLINAS,OtrasGasolinas,7
2025-02,"Murcia, Región de",OTROS FUELÓLEOS,OtrosFueloleos,0
2025-02,"Murcia, Región de",OTROS GASOLEOS,OtrosGasoleos,1315
2025-02,"Murcia, Región de",OTROS QUEROSENOS,OtrosQueroseno,0
2025-02,"Murcia, Región de",QUEROSENO AVIACIÓN,QuerosenoAviacion,640
2025-02,"Navarra, Comunidad Foral de",BIODIESEL,Biodiesel,1075
2025-02,"Navarra, Comunidad Foral de",BIOETANOL,Bioetanol,0
2025-02,"Navarra, Comunidad Foral de",FUELÓLEO  BIA,Fueloleo_BIA,237
2025-02,"Navarra, Comunidad Foral de",GLP,GLP,3239
2025-02,"Navarra, Comunidad Foral de",GASÓLEO A,GasoleoA,58027
2025-02,"Navarra, Comunidad Foral de",GASÓLEO B,GasoleoB,8093
2025-02,"Navarra, Comunidad Foral de",GASÓLEO C,GasoleoC,1598
2025-02,"Navarra, Comunidad Foral de",GASOLINA  AUTO. S/PB 95 I.O.,Gasolina95,6689
2025-02,"Navarra, Comunidad Foral de",GASOLINA  AUTO. S/PB 98 I.O.,Gasolina98,214
2025-02,"Navarra, Comunidad Foral de",OTRAS GASOLINAS,OtrasGasolinas,2
2025-02,"Navarra, Comunidad Foral de",OTROS FUELÓLEOS,OtrosFueloleos,0
2025-02,"Navarra, Comunidad Foral de",OTROS GASOLEOS,OtrosGasoleos,0
2025-02,"Navarra, Comunidad Foral de",OTROS QUEROSENOS,OtrosQueroseno,0
2025-02,"Navarra, Comunidad Foral de",QUEROSENO AVIACIÓN,QuerosenoAviacion,73
2025-02,País Vasco,BIODIESEL,Biodiesel,863
2025-02,País Vasco,BIOETANOL,Bioetanol,0
2025-02,País Vasco,FUELÓLEO  BIA,Fueloleo_BIA,422
2025-02,País Vasco,GLP,GLP,3921
2025-02,País Vasco,GASÓLEO A,GasoleoA,141846
2025-02,País Vasco,GASÓLEO B,GasoleoB,13679
2025-02,País Vasco,GASÓLEO C,GasoleoC,6935
2025-02,País Vasco,GASOLINA  AUTO. S/PB 95 I.O.,Gasolina95,18110
2025-02,País Vasco,GASOLINA  AUTO. S/PB 98 I.O.,Gasolina98,852
2025-02,País Vasco,OTRAS GASOLINAS,OtrasGasolinas,2
2025-02,País Vasco,OTROS FUELÓLEOS,OtrosFueloleos,0
2025-02,País Vasco,OTROS GASOLEOS,OtrosGasoleos,1229
2025-02,País Vasco,OTROS QUEROSENOS,OtrosQueroseno,0
2025-02,País Vasco,QUEROSENO AVIACIÓN,QuerosenoAviacion,6605
2025-02,"Rioja, La",BIODIESEL,Biodiesel,84
2025-02,"Rioja, La",BIOETANOL,Bioetanol,0
2025-02,"Rioja, La",FUELÓLEO  BIA,Fueloleo_BIA,53
2025-02,"Rioja, La",GLP,GLP,783
2025-02,"Rioja, La",GASÓLEO A,GasoleoA,12472
2025-02,"Rioja, La",GASÓLEO B,GasoleoB,3568
2025-02,"Rioja, La",GASÓLEO C,GasoleoC,2427
2025-02,"Rioja, La",GASOLINA  AUTO. S/PB 95 I.O.,Gasolina95,2480
2025-02,"Rioja, La",GASOLINA  AUTO. S/PB 98 I.O.,Gasolina98,94
2025-02,"Rioja, La",OTRAS GASOLINAS,OtrasGasolinas,6
2025-02,"Rioja, La",OTROS FUELÓLEOS,OtrosFueloleos,0
2025-02,"Rioja, La",OTROS GASOLEOS,OtrosGasoleos,0
2025-02,"Rioja, La",OTROS QUEROSENOS,OtrosQueroseno,0
2025-02,"Rioja, La",QUEROSENO AVIACIÓN,QuerosenoAviacion,8
2025-03,Andalucía,BIODIESEL,Biodiesel,804
2025-03,Andalucía,BIOETANOL,Bioetanol,0
2025-03,Andalucía,FUELÓLEO  BIA,Fueloleo_BIA,31063
2025-03,Andalucía,GLP,GLP,28685
2025-03,Andalucía,GASÓLEO A,GasoleoA,289011
2025-03,Andalucía,GASÓLEO B,GasoleoB,46304
2025-03,Andalucía,GASÓLEO C,GasoleoC,8408
2025-03,Andalucía,GASOLINA  AUTO. S/PB 95 I.O.,Gasolina95,74892
2025-03,Andalucía,GASOLINA  AUTO. S/PB 98 I.O.,Gasolina98,2971
2025-03,Andalucía,OTRAS GASOLINAS,OtrasGasolinas,74
2025-03,Andalucía,OTROS FUELÓLEOS,OtrosFueloleos,226890
2025-03,Andalucía,OTROS GASOLEOS,OtrosGasoleos,44910
2025-03,Andalucía,OTROS QUEROSENOS,OtrosQueroseno,0
2025-03,Andalucía,QUEROSENO AVIACIÓN,QuerosenoAviacion,49564
2025-03,Aragón,BIODIESEL,Biodiesel,1596
2025-03,Aragón,BIOETANOL,Bioetanol,0
2025-03,Aragón,FUELÓLEO  BIA,Fueloleo_BIA,126
2025-03,Aragón,GLP,GLP,5280
2025-03,Aragón,GASÓLEO A,GasoleoA,71753
2025-03,Aragón,GASÓLEO B,GasoleoB,19790
2025-03,Aragón,GASÓLEO C,GasoleoC,11309
2025-03,Aragón,GASOLINA  AUTO. S/PB 95 I.O.,Gasolina95,13527
2025-03,Aragón,GASOLINA  AUTO. S/PB 98 I.O.,Gasolina98,596
2025-03,Aragón,OTRAS GASOLINAS,OtrasGasolinas,7
2025-03,Aragón,OTROS FUELÓLEOS,OtrosFueloleos,156
2025-03,Aragón,OTROS GASOLEOS,OtrosGasoleos,0
2025-03,Aragón,OTROS QUEROSENOS,OtrosQueroseno,0
2025-03,Aragón,QUEROSENO AVIACIÓN,QuerosenoAviacion,6830
2025-03,"Asturias, Principado de",BIODIESEL,Biodiesel,23
2025-03,"Asturias, Principado de",BIOETANOL,Bioetanol,0
2025-03,"Asturias, Principado de",FUELÓLEO  BIA,Fueloleo_BIA,1161
2025-03,"Asturias, Principado de",GLP,GLP,2647
2025-03,"Asturias, Principado de",GASÓLEO A,GasoleoA,32733
2025-03,"Asturias, Principado de",GASÓLEO B,GasoleoB,7561
2025-03,"Asturias, Principado de",GASÓLEO C,GasoleoC,4275
2025-03,"Asturias, Principado de",GASOLINA  AUTO. S/PB 95 I.O.,Gasolina95,8516
2025-03,"Asturias, Principado de",GASOLINA  AUTO. S/PB 98 I.O.,Gasolina98,507
2025-03,"Asturias, Principado de",OTRAS GASOLINAS,OtrasGasolinas,1
2025-03,"Asturias, Principado de",OTROS FUELÓLEOS,OtrosFueloleos,556
2025-03,"Asturias, Principado de",OTROS GASOLEOS,OtrosGasoleos,3634
2025-03,"Asturias, Principado de",OTROS QUEROSENOS,OtrosQueroseno,0
2025-03,"Asturias, Principado de",QUEROSENO AVIACIÓN,QuerosenoAviacion,1862
2025-03,"Balears, Illes",BIODIESEL,Biodiesel,0
2025-03,"Balears, Illes",BIOETANOL,Bioetanol,0
2025-03,"Balears, Illes",FUELÓLEO  BIA,Fueloleo_BIA,0
2025-03,"Balears, Illes",GLP,GLP,4387
2025-03,"Balears, Illes",GASÓLEO A,GasoleoA,24796
2025-03,"Balears, Illes",GASÓLEO B,GasoleoB,3681
2025-03,"Balears, Illes",GASÓLEO C,GasoleoC,15632
2025-03,"Balears, Illes",GASOLINA  AUTO. S/PB 95 I.O.,Gasolina95,17559
2025-03,"Balears, Illes",GASOLINA  AUTO. S/PB 98 I.O.,Gasolina98,836
2025-03,"Balears, Illes",OTRAS GASOLINAS,OtrasGasolinas,18
2025-03,"Balears, Illes",OTROS FUELÓLEOS,OtrosFueloleos,0
2025-03,"Balears, Illes",OTROS GASOLEOS,OtrosGasoleos,2248
2025-03,"Balears, Illes",OTROS QUEROSENOS,OtrosQueroseno,0
2025-03,"Balears, Illes",QUEROSENO AVIACIÓN,QuerosenoAviacion,23366
2025-03,Canarias,BIODIESEL,Biodiesel,66
2025-03,Canarias,BIOETANOL,Bioetanol,0
2025-03,Canarias,FUELÓLEO  BIA,Fueloleo_BIA,186011
2025-03,Canarias,GLP,GLP,7583
2025-03,Canarias,GASÓLEO A,GasoleoA,53784
2025-03,Canarias,GASÓLEO B,GasoleoB,0
2025-03,Canarias,GASÓLEO C,GasoleoC,0
2025-03,Canarias,GASOLINA  AUTO. S/PB 95 I.O.,Gasolina95,37183
2025-03,Canarias,GASOLINA  AUTO. S/PB 98 I.O.,Gasolina98,8305
2025-03,Canarias,OTRAS GASOLINAS,OtrasGasolinas,1
2025-03,Canarias,OTROS FUELÓLEOS,OtrosFueloleos,76813
2025-03,Canarias,OTROS GASOLEOS,OtrosGasoleos,124977
2025-03,Canarias,OTROS QUEROSENOS,OtrosQueroseno,0
2025-03,Canarias,QUEROSENO AVIACIÓN,QuerosenoAviacion,124918
2025-03,Cantabria,BIODIESEL,Biodiesel,382
2025-03,Cantabria,BIOETANOL,Bioetanol,0
2025-03,Cantabria,FUELÓLEO  BIA,Fueloleo_BIA,310
2025-03,Cantabria,GLP,GLP,1865
2025-03,Cantabria,GASÓLEO A,GasoleoA,24400
2025-03,Cantabria,GASÓLEO B,GasoleoB,5584
2025-03,Cantabria,GASÓLEO C,GasoleoC,129
2025-03,Cantabria,GASOLINA  AUTO. S/PB 95 I.O.,Gasolina95,6611
2025-03,Cantabria,GASOLINA  AUTO. S/PB 98 I.O.,Gasolina98,258
2025-03,Cantabria,OTRAS GASOLINAS,OtrasGasolinas,0
2025-03,Cantabria,OTROS FUELÓLEOS,OtrosFueloleos,0
2025-03,Cantabria,OTROS GASOLEOS,OtrosGasoleos,972
2025-03,Cantabria,OTROS QUEROSENOS,OtrosQueroseno,0
2025-03,Cantabria,QUEROSENO AVIACIÓN,QuerosenoAviacion,920
2025-03,Castilla - La Mancha,BIODIESEL,Biodiesel,731
2025-03,Castilla - La Mancha,BIOETANOL,Bioetanol,0
2025-03,Castilla - La Mancha,FUELÓLEO  BIA,Fueloleo_BIA,218
2025-03,Castilla - La Mancha,GLP,GLP,6931
2025-03,Castilla - La Mancha,GASÓLEO A,GasoleoA,103859
2025-03,Castilla - La Mancha,GASÓLEO B,GasoleoB,37208
2025-03,Castilla - La Mancha,GASÓLEO C,GasoleoC,18130
2025-03,Castilla - La Mancha,GASOLINA  AUTO. S/PB 95 I.O.,Gasolina95,20602
2025-03,Castilla - La Mancha,GASOLINA  AUTO. S/PB 98 I.O.,Gasolina98,727
2025-03,Castilla - La Mancha,OTRAS GASOLINAS,OtrasGasolinas,1
2025-03,Castilla - La Mancha,OTROS FUELÓLEOS,OtrosFueloleos,0
2025-03,Castilla - La Mancha,OTROS GASOLEOS,OtrosGasoleos,0
2025-03,Castilla - La Mancha,OTROS QUEROSENOS,OtrosQueroseno,0
2025-03,Castilla - La Mancha,QUEROSENO AVIACIÓN,QuerosenoAviacion,55
2025-03,Castilla y León,BIODIESEL,Biodiesel,357
2025-03,Castilla y León,BIOETANOL,Bioetanol,0
2025-03,Castilla y León,FUELÓLEO  BIA,Fueloleo_BIA,283
2025-03,Castilla y León,GLP,GLP,8027
2025-03,Castilla y León,GASÓLEO A,GasoleoA,137076
2025-03,Castilla y León,GASÓLEO B,GasoleoB,47580
2025-03,Castilla y León,GASÓLEO C,GasoleoC,22573
2025-03,Castilla y León,GASOLINA  AUTO. S/PB 95 I.O.,Gasolina95,25209
2025-03,Castilla y León,GASOLINA  AUTO. S/PB 98 I.O.,Gasolina98,1190
2025-03,Castilla y León,OTRAS GASOLINAS,OtrasGasolinas,47
2025-03,Castilla y León,OTROS FUELÓLEOS,OtrosFueloleos,0
2025-03,Castilla y León,OTROS GASOLEOS,OtrosGasoleos,0
2025-03,Castilla y León,OTROS QUEROSENOS,OtrosQueroseno,0
2025-03,Castilla y León,QUEROSENO AVIACIÓN,QuerosenoAviacion,164
2025-03,Cataluña,BIODIESEL,Biodiesel,2130
2025-03,Cataluña,BIOETANOL,Bioetanol,0
2025-03,Cataluña,FUELÓLEO  BIA,Fueloleo_BIA,24845
2025-03,Cataluña,GLP,GLP,16269
2025-03,Cataluña,GASÓLEO A,GasoleoA,294047
2025-03,Cataluña,GASÓLEO B,GasoleoB,42082
2025-03,Cataluña,GASÓLEO C,GasoleoC,11952
2025-03,Cataluña,GASOLINA  AUTO. S/PB 95 I.O.,Gasolina95,89154
2025-03,Cataluña,GASOLINA  AUTO. S/PB 98 I.O.,Gasolina98,3985
2025-03,Cataluña,OTRAS GASOLINAS,OtrasGasolinas,66
2025-03,Cataluña,OTROS FUELÓLEOS,OtrosFueloleos,73835
2025-03,Cataluña,OTROS GASOLEOS,OtrosGasoleos,21191
2025-03,Cataluña,OTROS QUEROSENOS,OtrosQueroseno,3
2025-03,Cataluña,QUEROSENO AVIACIÓN,QuerosenoAviacion,96508
2025-03,Ceuta,BIODIESEL,Biodiesel,0
2025-03,Ceuta,BIOETANOL,Bioetanol,0
2025-03,Ceuta,FUELÓLEO  BIA,Fueloleo_BIA,2380
2025-03,Ceuta,GLP,GLP,233
2025-03,Ceuta,GASÓLEO A,GasoleoA,834
2025-03,Ceuta,GASÓLEO B,GasoleoB,0
2025-03,Ceuta,GASÓLEO C,GasoleoC,55
2025-03,Ceuta,GASOLINA  AUTO. S/PB 95 I.O.,Gasolina95,413
2025-03,Ceuta,GASOLINA  AUTO. S/PB 98 I.O.,Gasolina98,28
2025-03,Ceuta,OTRAS GASOLINAS,OtrasGasolinas,0
2025-03,Ceuta,OTROS FUELÓLEOS,OtrosFueloleos,17820
2025-03,Ceuta,OTROS GASOLEOS,OtrosGasoleos,8109
2025-03,Ceuta,OTROS QUEROSENOS,OtrosQueroseno,0
2025-03,Ceuta,QUEROSENO AVIACIÓN,QuerosenoAviacion,54
2025-03,Comunitat Valenciana,BIODIESEL,Biodiesel,538
2025-03,Comunitat Valenciana,BIOETANOL,Bioetanol,0
2025-03,Comunitat Valenciana,FUELÓLEO  BIA,Fueloleo_BIA,559
2025-03,Comunitat Valenciana,GLP,GLP,15805
2025-03,Comunitat Valenciana,GASÓLEO A,GasoleoA,163045
2025-03,Comunitat Valenciana,GASÓLEO B,GasoleoB,16788
2025-03,Comunitat Valenciana,GASÓLEO C,GasoleoC,5247
2025-03,Comunitat Valenciana,GASOLINA  AUTO. S/PB 95 I.O.,Gasolina95,55881
2025-03,Comunitat Valenciana,GASOLINA  AUTO. S/PB 98 I.O.,Gasolina98,2275
2025-03,Comunitat Valenciana,OTRAS GASOLINAS,OtrasGasolinas,21
2025-03,Comunitat Valenciana,OTROS FUELÓLEOS,OtrosFueloleos,18974
2025-03,Comunitat Valenciana,OTROS GASOLEOS,OtrosGasoleos,18049
2025-03,Comunitat Valenciana,OTROS QUEROSENOS,OtrosQueroseno,7
2025-03,Comunitat Valenciana,QUEROSENO AVIACIÓN,QuerosenoAviacion,37879
2025-03,ESPAÑA,BIODIESEL,Biodiesel,12389
2025-03,ESPAÑA,BIOETANOL,Bioetanol,0
2025-03,ESPAÑA,FUELÓLEO  BIA,Fueloleo_BIA,255719
2025-03,ESPAÑA,GLP,GLP,137667
2025-03,ESPAÑA,GASÓLEO A,GasoleoA,1813023
2025-03,ESPAÑA,GASÓLEO B,GasoleoB,310220
2025-03,ESPAÑA,GASÓLEO C,GasoleoC,161145
2025-03,ESPAÑA,GASOLINA  AUTO. S/PB 95 I.O.,Gasolina95,496654
2025-03,ESPAÑA,GASOLINA  AUTO. S/PB 98 I.O.,Gasolina98,27637
2025-03,ESPAÑA,OTRAS GASOLINAS,OtrasGasolinas,292
2025-03,ESPAÑA,OTROS FUELÓLEOS,OtrosFueloleos,417440
2025-03,ESPAÑA,OTROS GASOLEOS,OtrosGasoleos,240110
2025-03,ESPAÑA,OTROS QUEROSENOS,OtrosQueroseno,12
2025-03,ESPAÑA,QUEROSENO AVIACIÓN,QuerosenoAviacion,579051
2025-03,Extremadura,BIODIESEL,Biodiesel,91
2025-03,Extremadura,BIOETANOL,Bioetanol,0
2025-03,Extremadura,FUELÓLEO  BIA,Fueloleo_BIA,131
2025-03,Extremadura,GLP,GLP,5223
2025-03,Extremadura,GASÓLEO A,GasoleoA,54538
2025-03,Extremadura,GASÓLEO B,GasoleoB,9647
2025-03,Extremadura,GASÓLEO C,GasoleoC,1977
2025-03,Extremadura,GASOLINA  AUTO. S/PB 95 I.O.,Gasolina95,8807
2025-03,Extremadura,GASOLINA  AUTO. S/PB 98 I.O.,Gasolina98,270
2025-03,Extremadura,OTRAS GASOLINAS,OtrasGasolinas,1
2025-03,Extremadura,OTROS FUELÓLEOS,OtrosFueloleos,0
2025-03,Extremadura,OTROS GASOLEOS,OtrosGasoleos,0
2025-03,Extremadura,OTROS QUEROSENOS,OtrosQueroseno,0
2025-03,Extremadura,QUEROSENO AVIACIÓN,QuerosenoAviacion,32
2025-03,Galicia,BIODIESEL,Biodiesel,118
2025-03,Galicia,BIOETANOL,Bioetanol,0
2025-03,Galicia,FUELÓLEO  BIA,Fueloleo_BIA,4854
2025-03,Galicia,GLP,GLP,11455
2025-03,Galicia,GASÓLEO A,GasoleoA,110039
2025-03,Galicia,GASÓLEO B,GasoleoB,22797
2025-03,Galicia,GASÓLEO C,GasoleoC,23533
2025-03,Galicia,GASOLINA  AUTO. S/PB 95 I.O.,Gasolina95,24476
2025-03,Galicia,GASOLINA  AUTO. S/PB 98 I.O.,Gasolina98,1184
2025-03,Galicia,OTRAS GASOLINAS,OtrasGasolinas,8
2025-03,Galicia,OTROS FUELÓLEOS,OtrosFueloleos,2396
2025-03,Galicia,OTROS GASOLEOS,OtrosGasoleos,11488
2025-03,Galicia,OTROS QUEROSENOS,OtrosQueroseno,0
2025-03,Galicia,QUEROSENO AVIACIÓN,QuerosenoAviacion,5718
2025-03,"Madrid, Comunidad de",BIODIESEL,Biodiesel,2037
2025-03,"Madrid, Comunidad de",BIOETANOL,Bioetanol,0
2025-03,"Madrid, Comunidad de",FUELÓLEO  BIA,Fueloleo_BIA,557
2025-03,"Madrid, Comunidad de",GLP,GLP,12232
2025-03,"Madrid, Comunidad de",GASÓLEO A,GasoleoA,147066
2025-03,"Madrid, Comunidad de",GASÓLEO B,GasoleoB,13191
2025-03,"Madrid, Comunidad de",GASÓLEO C,GasoleoC,25849
2025-03,"Madrid, Comunidad de",GASOLINA  AUTO. S/PB 95 I.O.,Gasolina95,71915
2025-03,"Madrid, Comunidad de",GASOLINA  AUTO. S/PB 98 I.O.,Gasolina98,2576
2025-03,"Madrid, Comunidad de",OTRAS GASOLINAS,OtrasGasolinas,37
2025-03,"Madrid, Comunidad de",OTROS FUELÓLEOS,OtrosFueloleos,0
2025-03,"Madrid, Comunidad de",OTROS GASOLEOS,OtrosGasoleos,31
2025-03,"Madrid, Comunidad de",OTROS QUEROSENOS,OtrosQueroseno,0
2025-03,"Madrid, Comunidad de",QUEROSENO AVIACIÓN,QuerosenoAviacion,222050
2025-03,Melilla,BIODIESEL,Biodiesel,0
2025-03,Melilla,BIOETANOL,Bioetanol,0
2025-03,Melilla,FUELÓLEO  BIA,Fueloleo_BIA,2387
2025-03,Melilla,GLP,GLP,211
2025-03,Melilla,GASÓLEO A,GasoleoA,933
2025-03,Melilla,GASÓLEO B,GasoleoB,0
2025-03,Melilla,GASÓLEO C,GasoleoC,0
2025-03,Melilla,GASOLINA  AUTO. S/PB 95 I.O.,Gasolina95,514
2025-03,Melilla,GASOLINA  AUTO. S/PB 98 I.O.,Gasolina98,0
2025-03,Melilla,OTRAS GASOLINAS,OtrasGasolinas,0
2025-03,Melilla,OTROS FUELÓLEOS,OtrosFueloleos,0
2025-03,Melilla,OTROS GASOLEOS,OtrosGasoleos,0
2025-03,Melilla,OTROS QUEROSENOS,OtrosQueroseno,0
2025-03,Melilla,QUEROSENO AVIACIÓN,QuerosenoAviacion,154
2025-03,"Murcia, Región de",BIODIESEL,Biodiesel,1405
2025-03,"Murcia, Región de",BIOETANOL,Bioetanol,0
2025-03,"Murcia, Región de",FUELÓLEO  BIA,Fueloleo_BIA,205
2025-03,"Murcia, Región de",GLP,GLP,4799
2025-03,"Murcia, Región de",GASÓLEO A,GasoleoA,75430
2025-03,"Murcia, Región de",GASÓLEO B,GasoleoB,10698
2025-03,"Murcia, Región de",GASÓLEO C,GasoleoC,1157
2025-03,"Murcia, Región de",GASOLINA  AUTO. S/PB 95 I.O.,Gasolina95,13302
2025-03,"Murcia, Región de",GASOLINA  AUTO. S/PB 98 I.O.,Gasolina98,628
2025-03,"Murcia, Región de",OTRAS GASOLINAS,OtrasGasolinas,2
2025-03,"Murcia, Región de",OTROS FUELÓLEOS,OtrosFueloleos,0
2025-03,"Murcia, Región de",OTROS GASOLEOS,OtrosGasoleos,1800
2025-03,"Murcia, Región de",OTROS QUEROSENOS,OtrosQueroseno,0
2025-03,"Murcia, Región de",QUEROSENO AVIACIÓN,QuerosenoAviacion,696
2025-03,"Navarra, Comunidad Foral de",BIODIESEL,Biodiesel,985
2025-03,"Navarra, Comunidad Foral de",BIOETANOL,Bioetanol,0
2025-03,"Navarra, Comunidad Foral de",FUELÓLEO  BIA,Fueloleo_BIA,262
2025-03,"Navarra, Comunidad Foral de",GLP,GLP,1367
2025-03,"Navarra, Comunidad Foral de",GASÓLEO A,GasoleoA,63716
2025-03,"Navarra, Comunidad Foral de",GASÓLEO B,GasoleoB,8251
2025-03,"Navarra, Comunidad Foral de",GASÓLEO C,GasoleoC,1498
2025-03,"Navarra, Comunidad Foral de",GASOLINA  AUTO. S/PB 95 I.O.,Gasolina95,7196
2025-03,"Navarra, Comunidad Foral de",GASOLINA  AUTO. S/PB 98 I.O.,Gasolina98,254
2025-03,"Navarra, Comunidad Foral de",OTRAS GASOLINAS,OtrasGasolinas,1
2025-03,"Navarra, Comunidad Foral de",OTROS FUELÓLEOS,OtrosFueloleos,0
2025-03,"Navarra, Comunidad Foral de",OTROS GASOLEOS,OtrosGasoleos,0
2025-03,"Navarra, Comunidad Foral de",OTROS QUEROSENOS,OtrosQueroseno,0
2025-03,"Navarra, Comunidad Foral de",QUEROSENO AVIACIÓN,QuerosenoAviacion,104
2025-03,País Vasco,BIODIESEL,Biodiesel,1039
2025-03,País Vasco,BIOETANOL,Bioetanol,0
2025-03,País Vasco,FUELÓLEO  BIA,Fueloleo_BIA,340
2025-03,País Vasco,GLP,GLP,4060
2025-03,País Vasco,GASÓLEO A,GasoleoA,152359
2025-03,País Vasco,GASÓLEO B,GasoleoB,15070
2025-03,País Vasco,GASÓLEO C,GasoleoC,7144
2025-03,País Vasco,GASOLINA  AUTO. S/PB 95 I.O.,Gasolina95,18255
2025-03,País Vasco,GASOLINA  AUTO. S/PB 98 I.O.,Gasolina98,947
2025-03,País Vasco,OTRAS GASOLINAS,OtrasGasolinas,1
2025-03,País Vasco,OTROS FUELÓLEOS,OtrosFueloleos,0
2025-03,País Vasco,OTROS GASOLEOS,OtrosGasoleos,2701
2025-03,País Vasco,OTROS QUEROSENOS,OtrosQueroseno,2
2025-03,País Vasco,QUEROSENO AVIACIÓN,QuerosenoAviacion,8159
2025-03,"Rioja, La",BIODIESEL,Biodiesel,87
2025-03,"Rioja, La",BIOETANOL,Bioetanol,0
2025-03,"Rioja, La",FUELÓLEO  BIA,Fueloleo_BIA,27
2025-03,"Rioja, La",GLP,GLP,608
2025-03,"Rioja, La",GASÓLEO A,GasoleoA,13604
2025-03,"Rioja, La",GASÓLEO B,GasoleoB,3988
2025-03,"Rioja, La",GASÓLEO C,GasoleoC,2277
2025-03,"Rioja, La",GASOLINA  AUTO. S/PB 95 I.O.,Gasolina95,2642
2025-03,"Rioja, La",GASOLINA  AUTO. S/PB 98 I.O.,Gasolina98,100
2025-03,"Rioja, La",OTRAS GASOLINAS,OtrasGasolinas,6
2025-03,"Rioja, La",OTROS FUELÓLEOS,OtrosFueloleos,0
2025-03,"Rioja, La",OTROS GASOLEOS,OtrosGasoleos,0
2025-03,"Rioja, La",OTROS QUEROSENOS,OtrosQueroseno,0
2025-03,"Rioja, La",QUEROSENO AVIACIÓN,QuerosenoAviacion,18
2025-04,Andalucía,BIODIESEL,Biodiesel,919
2025-04,Andalucía,BIOETANOL,Bioetanol,0
2025-04,Andalucía,FUELÓLEO  BIA,Fueloleo_BIA,30646
2025-04,Andalucía,GLP,GLP,24808
2025-04,Andalucía,GASÓLEO A,GasoleoA,299715
2025-04,Andalucía,GASÓLEO B,GasoleoB,57700
2025-04,Andalucía,GASÓLEO C,GasoleoC,4376
2025-04,Andalucía,GASOLINA  AUTO. S/PB 95 I.O.,Gasolina95,86651
2025-04,Andalucía,GASOLINA  AUTO. S/PB 98 I.O.,Gasolina98,3842
2025-04,Andalucía,OTRAS GASOLINAS,OtrasGasolinas,80
2025-04,Andalucía,OTROS FUELÓLEOS,OtrosFueloleos,254239
2025-04,Andalucía,OTROS GASOLEOS,OtrosGasoleos,49662
2025-04,Andalucía,OTROS QUEROSENOS,OtrosQueroseno,0
2025-04,Andalucía,QUEROSENO AVIACIÓN,QuerosenoAviacion,58227
2025-04,Aragón,BIODIESEL,Biodiesel,1384
2025-04,Aragón,BIOETANOL,Bioetanol,0
2025-04,Aragón,FUELÓLEO  BIA,Fueloleo_BIA,172
2025-04,Aragón,GLP,GLP,3947
2025-04,Aragón,GASÓLEO A,GasoleoA,65558
2025-04,Aragón,GASÓLEO B,GasoleoB,20676
2025-04,Aragón,GASÓLEO C,GasoleoC,6196
2025-04,Aragón,GASOLINA  AUTO. S/PB 95 I.O.,Gasolina95,16056
2025-04,Aragón,GASOLINA  AUTO. S/PB 98 I.O.,Gasolina98,699
2025-04,Aragón,OTRAS GASOLINAS,OtrasGasolinas,3
2025-04,Aragón,OTROS FUELÓLEOS,OtrosFueloleos,470
2025-04,Aragón,OTROS GASOLEOS,OtrosGasoleos,0
2025-04,Aragón,OTROS QUEROSENOS,OtrosQueroseno,0
2025-04,Aragón,QUEROSENO AVIACIÓN,QuerosenoAviacion,6997
2025-04,"Asturias, Principado de",BIODIESEL,Biodiesel,387
2025-04,"Asturias, Principado de",BIOETANOL,Bioetanol,0
2025-04,"Asturias, Principado de",FUELÓLEO  BIA,Fueloleo_BIA,844
2025-04,"Asturias, Principado de",GLP,GLP,2230
2025-04,"Asturias, Principado de",GASÓLEO A,GasoleoA,33879
2025-04,"Asturias, Principado de",GASÓLEO B,GasoleoB,6700
2025-04,"Asturias, Principado de",GASÓLEO C,GasoleoC,2953
2025-04,"Asturias, Principado de",GASOLINA  AUTO. S/PB 95 I.O.,Gasolina95,9557
2025-04,"Asturias, Principado de",GASOLINA  AUTO. S/PB 98 I.O.,Gasolina98,582
2025-04,"Asturias, Principado de",OTRAS GASOLINAS,OtrasGasolinas,2
2025-04,"Asturias, Principado de",OTROS FUELÓLEOS,OtrosFueloleos,556
2025-04,"Asturias, Principado de",OTROS GASOLEOS,OtrosGasoleos,3092
2025-04,"Asturias, Principado de",OTROS QUEROSENOS,OtrosQueroseno,0
2025-04,"Asturias, Principado de",QUEROSENO AVIACIÓN,QuerosenoAviacion,1870
2025-04,"Balears, Illes",BIODIESEL,Biodiesel,0
2025-04,"Balears, Illes",BIOETANOL,Bioetanol,0
2025-04,"Balears, Illes",FUELÓLEO  BIA,Fueloleo_BIA,0
2025-04,"Balears, Illes",GLP,GLP,4311
2025-04,"Balears, Illes",GASÓLEO A,GasoleoA,27856
2025-04,"Balears, Illes",GASÓLEO B,GasoleoB,3722
2025-04,"Balears, Illes",GASÓLEO C,GasoleoC,8850
2025-04,"Balears, Illes",GASOLINA  AUTO. S/PB 95 I.O.,Gasolina95,22458
2025-04,"Balears, Illes",GASOLINA  AUTO. S/PB 98 I.O.,Gasolina98,1064
2025-04,"Balears, Illes",OTRAS GASOLINAS,OtrasGasolinas,28
2025-04,"Balears, Illes",OTROS FUELÓLEOS,OtrosFueloleos,0
2025-04,"Balears, Illes",OTROS GASOLEOS,OtrosGasoleos,2931
2025-04,"Balears, Illes",OTROS QUEROSENOS,OtrosQueroseno,0
2025-04,"Balears, Illes",QUEROSENO AVIACIÓN,QuerosenoAviacion,54775
2025-04,Canarias,BIODIESEL,Biodiesel,87
2025-04,Canarias,BIOETANOL,Bioetanol,0
2025-04,Canarias,FUELÓLEO  BIA,Fueloleo_BIA,182698
2025-04,Canarias,GLP,GLP,7228
2025-04,Canarias,GASÓLEO A,GasoleoA,53726
2025-04,Canarias,GASÓLEO B,GasoleoB,0
2025-04,Canarias,GASÓLEO C,GasoleoC,0
2025-04,Canarias,GASOLINA  AUTO. S/PB 95 I.O.,Gasolina95,37232
2025-04,Canarias,GASOLINA  AUTO. S/PB 98 I.O.,Gasolina98,8461
2025-04,Canarias,OTRAS GASOLINAS,OtrasGasolinas,6
2025-04,Canarias,OTROS FUELÓLEOS,OtrosFueloleos,105726
2025-04,Canarias,OTROS GASOLEOS,OtrosGasoleos,171895
2025-04,Canarias,OTROS QUEROSENOS,OtrosQueroseno,0
2025-04,Canarias,QUEROSENO AVIACIÓN,QuerosenoAviacion,102727
2025-04,Cantabria,BIODIESEL,Biodiesel,485
2025-04,Cantabria,BIOETANOL,Bioetanol,0
2025-04,Cantabria,FUELÓLEO  BIA,Fueloleo_BIA,185
2025-04,Cantabria,GLP,GLP,1571
2025-04,Cantabria,GASÓLEO A,GasoleoA,24278
2025-04,Cantabria,GASÓLEO B,GasoleoB,4768
2025-04,Cantabria,GASÓLEO C,GasoleoC,114
2025-04,Cantabria,GASOLINA  AUTO. S/PB 95 I.O.,Gasolina95,7549
2025-04,Cantabria,GASOLINA  AUTO. S/PB 98 I.O.,Gasolina98,328
2025-04,Cantabria,OTRAS GASOLINAS,OtrasGasolinas,1
2025-04,Cantabria,OTROS FUELÓLEOS,OtrosFueloleos,0
2025-04,Cantabria,OTROS GASOLEOS,OtrosGasoleos,1535
2025-04,Cantabria,OTROS QUEROSENOS,OtrosQueroseno,0
2025-04,Cantabria,QUEROSENO AVIACIÓN,QuerosenoAviacion,1093
2025-04,Castilla - La Mancha,BIODIESEL,Biodiesel,960
2025-04,Castilla - La Mancha,BIOETANOL,Bioetanol,0
2025-04,Castilla - La Mancha,FUELÓLEO  BIA,Fueloleo_BIA,329
2025-04,Castilla - La Mancha,GLP,GLP,5599
2025-04,Castilla - La Mancha,GASÓLEO A,GasoleoA,109255
2025-04,Castilla - La Mancha,GASÓLEO B,GasoleoB,35997
2025-04,Castilla - La Mancha,GASÓLEO C,GasoleoC,9766
2025-04,Castilla - La Mancha,GASOLINA  AUTO. S/PB 95 I.O.,Gasolina95,25243
2025-04,Castilla - La Mancha,GASOLINA  AUTO. S/PB 98 I.O.,Gasolina98,965
2025-04,Castilla - La Mancha,OTRAS GASOLINAS,OtrasGasolinas,18
2025-04,Castilla - La Mancha,OTROS FUELÓLEOS,OtrosFueloleos,0
2025-04,Castilla - La Mancha,OTROS GASOLEOS,OtrosGasoleos,0
2025-04,Castilla - La Mancha,OTROS QUEROSENOS,OtrosQueroseno,0
2025-04,Castilla - La Mancha,QUEROSENO AVIACIÓN,QuerosenoAviacion,103
2025-04,Castilla y León,BIODIESEL,Biodiesel,535
2025-04,Castilla y León,BIOETANOL,Bioetanol,0
2025-04,Castilla y León,FUELÓLEO  BIA,Fueloleo_BIA,303
2025-04,Castilla y León,GLP,GLP,6928
2025-04,Castilla y León,GASÓLEO A,GasoleoA,140467
2025-04,Castilla y León,GASÓLEO B,GasoleoB,48799
2025-04,Castilla y León,GASÓLEO C,GasoleoC,14182
2025-04,Castilla y León,GASOLINA  AUTO. S/PB 95 I.O.,Gasolina95,31618
2025-04,Castilla y León,GASOLINA  AUTO. S/PB 98 I.O.,Gasolina98,1600
2025-04,Castilla y León,OTRAS GASOLINAS,OtrasGasolinas,77
2025-04,Castilla y León,OTROS FUELÓLEOS,OtrosFueloleos,0
2025-04,Castilla y León,OTROS GASOLEOS,OtrosGasoleos,0
2025-04,Castilla y León,OTROS QUEROSENOS,OtrosQueroseno,0
2025-04,Castilla y León,QUEROSENO AVIACIÓN,QuerosenoAviacion,299
2025-04,Cataluña,BIODIESEL,Biodiesel,2682
2025-04,Cataluña,BIOETANOL,Bioetanol,0
2025-04,Cataluña,FUELÓLEO  BIA,Fueloleo_BIA,24914
2025-04,Cataluña,GLP,GLP,12962
2025-04,Cataluña,GASÓLEO A,GasoleoA,300313
2025-04,Cataluña,GASÓLEO B,GasoleoB,35532
2025-04,Cataluña,GASÓLEO C,GasoleoC,6367
2025-04,Cataluña,GASOLINA  AUTO. S/PB 95 I.O.,Gasolina95,96885
2025-04,Cataluña,GASOLINA  AUTO. S/PB 98 I.O.,Gasolina98,4760
2025-04,Cataluña,OTRAS GASOLINAS,OtrasGasolinas,109
2025-04,Cataluña,OTROS FUELÓLEOS,OtrosFueloleos,63258
2025-04,Cataluña,OTROS GASOLEOS,OtrosGasoleos,35805
2025-04,Cataluña,OTROS QUEROSENOS,OtrosQueroseno,0
2025-04,Cataluña,QUEROSENO AVIACIÓN,QuerosenoAviacion,113037
2025-04,Ceuta,BIODIESEL,Biodiesel,0
2025-04,Ceuta,BIOETANOL,Bioetanol,0
2025-04,Ceuta,FUELÓLEO  BIA,Fueloleo_BIA,4784
2025-04,Ceuta,GLP,GLP,222
2025-04,Ceuta,GASÓLEO A,GasoleoA,995
2025-04,Ceuta,GASÓLEO B,GasoleoB,0
2025-04,Ceuta,GASÓLEO C,GasoleoC,54
2025-04,Ceuta,GASOLINA  AUTO. S/PB 95 I.O.,Gasolina95,528
2025-04,Ceuta,GASOLINA  AUTO. S/PB 98 I.O.,Gasolina98,35
2025-04,Ceuta,OTRAS GASOLINAS,OtrasGasolinas,0
2025-04,Ceuta,OTROS FUELÓLEOS,OtrosFueloleos,7421
2025-04,Ceuta,OTROS GASOLEOS,OtrosGasoleos,8670
2025-04,Ceuta,OTROS QUEROSENOS,OtrosQueroseno,0
2025-04,Ceuta,QUEROSENO AVIACIÓN,QuerosenoAviacion,54
2025-04,Comunitat Valenciana,BIODIESEL,Biodiesel,673
2025-04,Comunitat Valenciana,BIOETANOL,Bioetanol,1
2025-04,Comunitat Valenciana,FUELÓLEO  BIA,Fueloleo_BIA,214
2025-04,Comunitat Valenciana,GLP,GLP,12146
2025-04,Comunitat Valenciana,GASÓLEO A,GasoleoA,170997
2025-04,Comunitat Valenciana,GASÓLEO B,GasoleoB,18293
2025-04,Comunitat Valenciana,GASÓLEO C,GasoleoC,3331
2025-04,Comunitat Valenciana,GASOLINA  AUTO. S/PB 95 I.O.,Gasolina95,64085
2025-04,Comunitat Valenciana,GASOLINA  AUTO. S/PB 98 I.O.,Gasolina98,2626
2025-04,Comunitat Valenciana,OTRAS GASOLINAS,OtrasGasolinas,22
2025-04,Comunitat Valenciana,OTROS FUELÓLEOS,OtrosFueloleos,15516
2025-04,Comunitat Valenciana,OTROS GASOLEOS,OtrosGasoleos,25619
2025-04,Comunitat Valenciana,OTROS QUEROSENOS,OtrosQueroseno,-1
2025-04,Comunitat Valenciana,QUEROSENO AVIACIÓN,QuerosenoAviacion,42888
2025-04,ESPAÑA,BIODIESEL,Biodiesel,14145
2025-04,ESPAÑA,BIOETANOL,Bioetanol,1
2025-04,ESPAÑA,FUELÓLEO  BIA,Fueloleo_BIA,254902
2025-04,ESPAÑA,GLP,GLP,113198
2025-04,ESPAÑA,GASÓLEO A,GasoleoA,1836554
2025-04,ESPAÑA,GASÓLEO B,GasoleoB,314712
2025-04,ESPAÑA,GASÓLEO C,GasoleoC,91588
2025-04,ESPAÑA,GASOLINA  AUTO. S/PB 95 I.O.,Gasolina95,555674
2025-04,ESPAÑA,GASOLINA  AUTO. S/PB 98 I.O.,Gasolina98,31799
2025-04,ESPAÑA,OTRAS GASOLINAS,OtrasGasolinas,431
2025-04,ESPAÑA,OTROS FUELÓLEOS,OtrosFueloleos,449333
2025-04,ESPAÑA,OTROS GASOLEOS,OtrosGasoleos,312283
2025-04,ESPAÑA,OTROS QUEROSENOS,OtrosQueroseno,1
2025-04,ESPAÑA,QUEROSENO AVIACIÓN,QuerosenoAviacion,624305
2025-04,Extremadura,BIODIESEL,Biodiesel,151
2025-04,Extremadura,BIOETANOL,Bioetanol,0
2025-04,Extremadura,FUELÓLEO  BIA,Fueloleo_BIA,356
2025-04,Extremadura,GLP,GLP,4338
2025-04,Extremadura,GASÓLEO A,GasoleoA,57951
2025-04,Extremadura,GASÓLEO B,GasoleoB,13023
2025-04,Extremadura,GASÓLEO C,GasoleoC,938
2025-04,Extremadura,GASOLINA  AUTO. S/PB 95 I.O.,Gasolina95,11126
2025-04,Extremadura,GASOLINA  AUTO. S/PB 98 I.O.,Gasolina98,358
2025-04,Extremadura,OTRAS GASOLINAS,OtrasGasolinas,1
2025-04,Extremadura,OTROS FUELÓLEOS,OtrosFueloleos,0
2025-04,Extremadura,OTROS GASOLEOS,OtrosGasoleos,0
2025-04,Extremadura,OTROS QUEROSENOS,OtrosQueroseno,0
2025-04,Extremadura,QUEROSENO AVIACIÓN,QuerosenoAviacion,432
2025-04,Galicia,BIODIESEL,Biodiesel,226
2025-04,Galicia,BIOETANOL,Bioetanol,0
2025-04,Galicia,FUELÓLEO  BIA,Fueloleo_BIA,3518
2025-04,Galicia,GLP,GLP,9154
2025-04,Galicia,GASÓLEO A,GasoleoA,111227
2025-04,Galicia,GASÓLEO B,GasoleoB,23064
2025-04,Galicia,GASÓLEO C,GasoleoC,13399
2025-04,Galicia,GASOLINA  AUTO. S/PB 95 I.O.,Gasolina95,26854
2025-04,Galicia,GASOLINA  AUTO. S/PB 98 I.O.,Gasolina98,1390
2025-04,Galicia,OTRAS GASOLINAS,OtrasGasolinas,9
2025-04,Galicia,OTROS FUELÓLEOS,OtrosFueloleos,2018
2025-04,Galicia,OTROS GASOLEOS,OtrosGasoleos,9174
2025-04,Galicia,OTROS QUEROSENOS,OtrosQueroseno,0
2025-04,Galicia,QUEROSENO AVIACIÓN,QuerosenoAviacion,6251
2025-04,"Madrid, Comunidad de",BIODIESEL,Biodiesel,2431
2025-04,"Madrid, Comunidad de",BIOETANOL,Bioetanol,0
2025-04,"Madrid, Comunidad de",FUELÓLEO  BIA,Fueloleo_BIA,321
2025-04,"Madrid, Comunidad de",GLP,GLP,8938
2025-04,"Madrid, Comunidad de",GASÓLEO A,GasoleoA,148497
2025-04,"Madrid, Comunidad de",GASÓLEO B,GasoleoB,10851
2025-04,"Madrid, Comunidad de",GASÓLEO C,GasoleoC,14433
2025-04,"Madrid, Comunidad de",GASOLINA  AUTO. S/PB 95 I.O.,Gasolina95,74104
2025-04,"Madrid, Comunidad de",GASOLINA  AUTO. S/PB 98 I.O.,Gasolina98,2949
2025-04,"Madrid, Comunidad de",OTRAS GASOLINAS,OtrasGasolinas,55
2025-04,"Madrid, Comunidad de",OTROS FUELÓLEOS,OtrosFueloleos,0
2025-04,"Madrid, Comunidad de",OTROS GASOLEOS,OtrosGasoleos,123
2025-04,"Madrid, Comunidad de",OTROS QUEROSENOS,OtrosQueroseno,0
2025-04,"Madrid, Comunidad de",QUEROSENO AVIACIÓN,QuerosenoAviacion,224470
2025-04,Melilla,BIODIESEL,Biodiesel,0
2025-04,Melilla,BIOETANOL,Bioetanol,0
2025-04,Melilla,FUELÓLEO  BIA,Fueloleo_BIA,4883
2025-04,Melilla,GLP,GLP,197
2025-04,Melilla,GASÓLEO A,GasoleoA,1025
2025-04,Melilla,GASÓLEO B,GasoleoB,0
2025-04,Melilla,GASÓLEO C,GasoleoC,0
2025-04,Melilla,GASOLINA  AUTO. S/PB 95 I.O.,Gasolina95,599
2025-04,Melilla,GASOLINA  AUTO. S/PB 98 I.O.,Gasolina98,0
2025-04,Melilla,OTRAS GASOLINAS,OtrasGasolinas,0
2025-04,Melilla,OTROS FUELÓLEOS,OtrosFueloleos,0
2025-04,Melilla,OTROS GASOLEOS,OtrosGasoleos,0
2025-04,Melilla,OTROS QUEROSENOS,OtrosQueroseno,0
2025-04,Melilla,QUEROSENO AVIACIÓN,QuerosenoAviacion,180
2025-04,"Murcia, Región de",BIODIESEL,Biodiesel,1545
2025-04,"Murcia, Región de",BIOETANOL,Bioetanol,0
2025-04,"Murcia, Región de",FUELÓLEO  BIA,Fueloleo_BIA,163
2025-04,"Murcia, Región de",GLP,GLP,3912
2025-04,"Murcia, Región de",GASÓLEO A,GasoleoA,77398
2025-04,"Murcia, Región de",GASÓLEO B,GasoleoB,12696
2025-04,"Murcia, Región de",GASÓLEO C,GasoleoC,591
2025-04,"Murcia, Región de",GASOLINA  AUTO. S/PB 95 I.O.,Gasolina95,15279
2025-04,"Murcia, Región de",GASOLINA  AUTO. S/PB 98 I.O.,Gasolina98,632
2025-04,"Murcia, Región de",OTRAS GASOLINAS,OtrasGasolinas,8
2025-04,"Murcia, Región de",OTROS FUELÓLEOS,OtrosFueloleos,129
2025-04,"Murcia, Región de",OTROS GASOLEOS,OtrosGasoleos,1476
2025-04,"Murcia, Región de",OTROS QUEROSENOS,OtrosQueroseno,0
2025-04,"Murcia, Región de",QUEROSENO AVIACIÓN,QuerosenoAviacion,1558
2025-04,"Navarra, Comunidad Foral de",BIODIESEL,Biodiesel,453
2025-04,"Navarra, Comunidad Foral de",BIOETANOL,Bioetanol,0
2025-04,"Navarra, Comunidad Foral de",FUELÓLEO  BIA,Fueloleo_BIA,266
2025-04,"Navarra, Comunidad Foral de",GLP,GLP,1215
2025-04,"Navarra, Comunidad Foral de",GASÓLEO A,GasoleoA,59200
2025-04,"Navarra, Comunidad Foral de",GASÓLEO B,GasoleoB,7372
2025-04,"Navarra, Comunidad Foral de",GASÓLEO C,GasoleoC,975
2025-04,"Navarra, Comunidad Foral de",GASOLINA  AUTO. S/PB 95 I.O.,Gasolina95,7906
2025-04,"Navarra, Comunidad Foral de",GASOLINA  AUTO. S/PB 98 I.O.,Gasolina98,305
2025-04,"Navarra, Comunidad Foral de",OTRAS GASOLINAS,OtrasGasolinas,2
2025-04,"Navarra, Comunidad Foral de",OTROS FUELÓLEOS,OtrosFueloleos,0
2025-04,"Navarra, Comunidad Foral de",OTROS GASOLEOS,OtrosGasoleos,0
2025-04,"Navarra, Comunidad Foral de",OTROS QUEROSENOS,OtrosQueroseno,0
2025-04,"Navarra, Comunidad Foral de",QUEROSENO AVIACIÓN,QuerosenoAviacion,183
2025-04,País Vasco,BIODIESEL,Biodiesel,1112
2025-04,País Vasco,BIOETANOL,Bioetanol,0
2025-04,País Vasco,FUELÓLEO  BIA,Fueloleo_BIA,266
2025-04,País Vasco,GLP,GLP,2947
2025-04,País Vasco,GASÓLEO A,GasoleoA,141229
2025-04,País Vasco,GASÓLEO B,GasoleoB,12112
2025-04,País Vasco,GASÓLEO C,GasoleoC,3943
2025-04,País Vasco,GASOLINA  AUTO. S/PB 95 I.O.,Gasolina95,18914
2025-04,País Vasco,GASOLINA  AUTO. S/PB 98 I.O.,Gasolina98,1079
2025-04,País Vasco,OTRAS GASOLINAS,OtrasGasolinas,3
2025-04,País Vasco,OTROS FUELÓLEOS,OtrosFueloleos,0
2025-04,País Vasco,OTROS GASOLEOS,OtrosGasoleos,2301
2025-04,País Vasco,OTROS QUEROSENOS,OtrosQueroseno,2
2025-04,País Vasco,QUEROSENO AVIACIÓN,QuerosenoAviacion,9100
2025-04,"Rioja, La",BIODIESEL,Biodiesel,115
2025-04,"Rioja, La",BIOETANOL,Bioetanol,0
2025-04,"Rioja, La",FUELÓLEO  BIA,Fueloleo_BIA,40
2025-04,"Rioja, La",GLP,GLP,545
2025-04,"Rioja, La",GASÓLEO A,GasoleoA,12988
2025-04,"Rioja, La",GASÓLEO B,GasoleoB,3407
2025-04,"Rioja, La",GASÓLEO C,GasoleoC,1120
2025-04,"Rioja, La",GASOLINA  AUTO. S/PB 95 I.O.,Gasolina95,3030
2025-04,"Rioja, La",GASOLINA  AUTO. S/PB 98 I.O.,Gasolina98,124
2025-04,"Rioja, La",OTRAS GASOLINAS,OtrasGasolinas,7
2025-04,"Rioja, La",OTROS FUELÓLEOS,OtrosFueloleos,0
2025-04,"Rioja, La",OTROS GASOLEOS,OtrosGasoleos,0
2025-04,"Rioja, La",OTROS QUEROSENOS,OtrosQueroseno,0
2025-04,"Rioja, La",QUEROSENO AVIACIÓN,QuerosenoAviacion,61
2025-05,Andalucía,BIODIESEL,Biodiesel,1591
2025-05,Andalucía,BIOETANOL,Bioetanol,0
2025-05,Andalucía,FUELÓLEO  BIA,Fueloleo_BIA,26995
2025-05,Andalucía,GLP,GLP,22338
2025-05,Andalucía,GASÓLEO A,GasoleoA,314491
2025-05,Andalucía,GASÓLEO B,GasoleoB,63809
2025-05,Andalucía,GASÓLEO C,GasoleoC,3581
2025-05,Andalucía,GASOLINA  AUTO. S/PB 95 I.O.,Gasolina95,88380
2025-05,Andalucía,GASOLINA  AUTO. S/PB 98 I.O.,Gasolina98,3796
2025-05,Andalucía,OTRAS GASOLINAS,OtrasGasolinas,142
2025-05,Andalucía,OTROS FUELÓLEOS,OtrosFueloleos,198611
2025-05,Andalucía,OTROS GASOLEOS,OtrosGasoleos,67451
2025-05,Andalucía,OTROS QUEROSENOS,OtrosQueroseno,0
2025-05,Andalucía,QUEROSENO AVIACIÓN,QuerosenoAviacion,66016
2025-05,Aragón,BIODIESEL,Biodiesel,1975
2025-05,Aragón,BIOETANOL,Bioetanol,0
2025-05,Aragón,FUELÓLEO  BIA,Fueloleo_BIA,200
2025-05,Aragón,GLP,GLP,2830
2025-05,Aragón,GASÓLEO A,GasoleoA,70188
2025-05,Aragón,GASÓLEO B,GasoleoB,21187
2025-05,Aragón,GASÓLEO C,GasoleoC,3213
2025-05,Aragón,GASOLINA  AUTO. S/PB 95 I.O.,Gasolina95,15488
2025-05,Aragón,GASOLINA  AUTO. S/PB 98 I.O.,Gasolina98,655
2025-05,Aragón,OTRAS GASOLINAS,OtrasGasolinas,6
2025-05,Aragón,OTROS FUELÓLEOS,OtrosFueloleos,537
2025-05,Aragón,OTROS GASOLEOS,OtrosGasoleos,78
2025-05,Aragón,OTROS QUEROSENOS,OtrosQueroseno,0
2025-05,Aragón,QUEROSENO AVIACIÓN,QuerosenoAviacion,7267
2025-05,"Asturias, Principado de",BIODIESEL,Biodiesel,68
2025-05,"Asturias, Principado de",BIOETANOL,Bioetanol,10
2025-05,"Asturias, Principado de",FUELÓLEO  BIA,Fueloleo_BIA,727
2025-05,"Asturias, Principado de",GLP,GLP,1944
2025-05,"Asturias, Principado de",GASÓLEO A,GasoleoA,34631
2025-05,"Asturias, Principado de",GASÓLEO B,GasoleoB,6908
2025-05,"Asturias, Principado de",GASÓLEO C,GasoleoC,1889
2025-05,"Asturias, Principado de",GASOLINA  AUTO. S/PB 95 I.O.,Gasolina95,9591
2025-05,"Asturias, Principado de",GASOLINA  AUTO. S/PB 98 I.O.,Gasolina98,597
2025-05,"Asturias, Principado de",OTRAS GASOLINAS,OtrasGasolinas,1
2025-05,"Asturias, Principado de",OTROS FUELÓLEOS,OtrosFueloleos,186
2025-05,"Asturias, Principado de",OTROS GASOLEOS,OtrosGasoleos,2709
2025-05,"Asturias, Principado de",OTROS QUEROSENOS,OtrosQueroseno,0
2025-05,"Asturias, Principado de",QUEROSENO AVIACIÓN,QuerosenoAviacion,2012
2025-05,"Balears, Illes",BIODIESEL,Biodiesel,0
2025-05,"Balears, Illes",BIOETANOL,Bioetanol,0
2025-05,"Balears, Illes",FUELÓLEO  BIA,Fueloleo_BIA,0
2025-05,"Balears, Illes",GLP,GLP,4370
2025-05,"Balears, Illes",GASÓLEO A,GasoleoA,30553
2025-05,"Balears, Illes",GASÓLEO B,GasoleoB,3595
2025-05,"Balears, Illes",GASÓLEO C,GasoleoC,8330
2025-05,"Balears, Illes",GASOLINA  AUTO. S/PB 95 I.O.,Gasolina95,24358
2025-05,"Balears, Illes",GASOLINA  AUTO. S/PB 98 I.O.,Gasolina98,1127
2025-05,"Balears, Illes",OTRAS GASOLINAS,OtrasGasolinas,29
2025-05,"Balears, Illes",OTROS FUELÓLEOS,OtrosFueloleos,0
2025-05,"Balears, Illes",OTROS GASOLEOS,OtrosGasoleos,4417
2025-05,"Balears, Illes",OTROS QUEROSENOS,OtrosQueroseno,0
2025-05,"Balears, Illes",QUEROSENO AVIACIÓN,QuerosenoAviacion,75248
2025-05,Canarias,BIODIESEL,Biodiesel,56
2025-05,Canarias,BIOETANOL,Bioetanol,0
2025-05,Canarias,FUELÓLEO  BIA,Fueloleo_BIA,133802
2025-05,Canarias,GLP,GLP,6526
2025-05,Canarias,GASÓLEO A,GasoleoA,53813
2025-05,Canarias,GASÓLEO B,GasoleoB,0
2025-05,Canarias,GASÓLEO C,GasoleoC,0
2025-05,Canarias,GASOLINA  AUTO. S/PB 95 I.O.,Gasolina95,36946
2025-05,Canarias,GASOLINA  AUTO. S/PB 98 I.O.,Gasolina98,8896
2025-05,Canarias,OTRAS GASOLINAS,OtrasGasolinas,3
2025-05,Canarias,OTROS FUELÓLEOS,OtrosFueloleos,92811
2025-05,Canarias,OTROS GASOLEOS,OtrosGasoleos,136294
2025-05,Canarias,OTROS QUEROSENOS,OtrosQueroseno,0
2025-05,Canarias,QUEROSENO AVIACIÓN,QuerosenoAviacion,87001
2025-05,Cantabria,BIODIESEL,Biodiesel,745
2025-05,Cantabria,BIOETANOL,Bioetanol,0
2025-05,Cantabria,FUELÓLEO  BIA,Fueloleo_BIA,451
2025-05,Cantabria,GLP,GLP,1272
2025-05,Cantabria,GASÓLEO A,GasoleoA,25207
2025-05,Cantabria,GASÓLEO B,GasoleoB,4079
2025-05,Cantabria,GASÓLEO C,GasoleoC,77
2025-05,Cantabria,GASOLINA  AUTO. S/PB 95 I.O.,Gasolina95,7554
2025-05,Cantabria,GASOLINA  AUTO. S/PB 98 I.O.,Gasolina98,322
2025-05,Cantabria,OTRAS GASOLINAS,OtrasGasolinas,1
2025-05,Cantabria,OTROS FUELÓLEOS,OtrosFueloleos,0
2025-05,Cantabria,OTROS GASOLEOS,OtrosGasoleos,1396
2025-05,Cantabria,OTROS QUEROSENOS,OtrosQueroseno,0
2025-05,Cantabria,QUEROSENO AVIACIÓN,QuerosenoAviacion,1211
2025-05,Castilla - La Mancha,BIODIESEL,Biodiesel,1541
2025-05,Castilla - La Mancha,BIOETANOL,Bioetanol,0
2025-05,Castilla - La Mancha,FUELÓLEO  BIA,Fueloleo_BIA,324
2025-05,Castilla - La Mancha,GLP,GLP,4192
2025-05,Castilla - La Mancha,GASÓLEO A,GasoleoA,109601
2025-05,Castilla - La Mancha,GASÓLEO B,GasoleoB,35157
2025-05,Castilla - La Mancha,GASÓLEO C,GasoleoC,4362
2025-05,Castilla - La Mancha,GASOLINA  AUTO. S/PB 95 I.O.,Gasolina95,24128
2025-05,Castilla - La Mancha,GASOLINA  AUTO. S/PB 98 I.O.,Gasolina98,822
2025-05,Castilla - La Mancha,OTRAS GASOLINAS,OtrasGasolinas,0
2025-05,Castilla - La Mancha,OTROS FUELÓLEOS,OtrosFueloleos,0
2025-05,Castilla - La Mancha,OTROS GASOLEOS,OtrosGasoleos,0
2025-05,Castilla - La Mancha,OTROS QUEROSENOS,OtrosQueroseno,0
2025-05,Castilla - La Mancha,QUEROSENO AVIACIÓN,QuerosenoAviacion,188
2025-05,Castilla y León,BIODIESEL,Biodiesel,999
2025-05,Castilla y León,BIOETANOL,Bioetanol,13
2025-05,Castilla y León,FUELÓLEO  BIA,Fueloleo_BIA,590
2025-05,Castilla y León,GLP,GLP,5502
2025-05,Castilla y León,GASÓLEO A,GasoleoA,145186
2025-05,Castilla y León,GASÓLEO B,GasoleoB,42955
2025-05,Castilla y León,GASÓLEO C,GasoleoC,9118
2025-05,Castilla y León,GASOLINA  AUTO. S/PB 95 I.O.,Gasolina95,29663
2025-05,Castilla y León,GASOLINA  AUTO. S/PB 98 I.O.,Gasolina98,1464
2025-05,Castilla y León,OTRAS GASOLINAS,OtrasGasolinas,94
2025-05,Castilla y León,OTROS FUELÓLEOS,OtrosFueloleos,0
2025-05,Castilla y León,OTROS GASOLEOS,OtrosGasoleos,0
2025-05,Castilla y León,OTROS QUEROSENOS,OtrosQueroseno,0
2025-05,Castilla y León,QUEROSENO AVIACIÓN,QuerosenoAviacion,464
2025-05,Cataluña,BIODIESEL,Biodiesel,3209
2025-05,Cataluña,BIOETANOL,Bioetanol,0
2025-05,Cataluña,FUELÓLEO  BIA,Fueloleo_BIA,13713
2025-05,Cataluña,GLP,GLP,10221
2025-05,Cataluña,GASÓLEO A,GasoleoA,311864
2025-05,Cataluña,GASÓLEO B,GasoleoB,33088
2025-05,Cataluña,GASÓLEO C,GasoleoC,4549
2025-05,Cataluña,GASOLINA  AUTO. S/PB 95 I.O.,Gasolina95,99149
2025-05,Cataluña,GASOLINA  AUTO. S/PB 98 I.O.,Gasolina98,4569
2025-05,Cataluña,OTRAS GASOLINAS,OtrasGasolinas,109
2025-05,Cataluña,OTROS FUELÓLEOS,OtrosFueloleos,56632
2025-05,Cataluña,OTROS GASOLEOS,OtrosGasoleos,44512
2025-05,Cataluña,OTROS QUEROSENOS,OtrosQueroseno,0
2025-05,Cataluña,QUEROSENO AVIACIÓN,QuerosenoAviacion,126201
2025-05,Ceuta,BIODIESEL,Biodiesel,0
2025-05,Ceuta,BIOETANOL,Bioetanol,0
2025-05,Ceuta,FUELÓLEO  BIA,Fueloleo_BIA,2493
2025-05,Ceuta,GLP,GLP,201
2025-05,Ceuta,GASÓLEO A,GasoleoA,849
2025-05,Ceuta,GASÓLEO B,GasoleoB,0
2025-05,Ceuta,GASÓLEO C,GasoleoC,27
2025-05,Ceuta,GASOLINA  AUTO. S/PB 95 I.O.,Gasolina95,518
2025-05,Ceuta,GASOLINA  AUTO. S/PB 98 I.O.,Gasolina98,110
2025-05,Ceuta,OTRAS GASOLINAS,OtrasGasolinas,0
2025-05,Ceuta,OTROS FUELÓLEOS,OtrosFueloleos,4311
2025-05,Ceuta,OTROS GASOLEOS,OtrosGasoleos,14209
2025-05,Ceuta,OTROS QUEROSENOS,OtrosQueroseno,0
2025-05,Ceuta,QUEROSENO AVIACIÓN,QuerosenoAviacion,54
2025-05,Comunitat Valenciana,BIODIESEL,Biodiesel,868
2025-05,Comunitat Valenciana,BIOETANOL,Bioetanol,0
2025-05,Comunitat Valenciana,FUELÓLEO  BIA,Fueloleo_BIA,406
2025-05,Comunitat Valenciana,GLP,GLP,10155
2025-05,Comunitat Valenciana,GASÓLEO A,GasoleoA,176110
2025-05,Comunitat Valenciana,GASÓLEO B,GasoleoB,18748
2025-05,Comunitat Valenciana,GASÓLEO C,GasoleoC,2366
2025-05,Comunitat Valenciana,GASOLINA  AUTO. S/PB 95 I.O.,Gasolina95,64727
2025-05,Comunitat Valenciana,GASOLINA  AUTO. S/PB 98 I.O.,Gasolina98,2588
2025-05,Comunitat Valenciana,OTRAS GASOLINAS,OtrasGasolinas,43
2025-05,Comunitat Valenciana,OTROS FUELÓLEOS,OtrosFueloleos,18429
2025-05,Comunitat Valenciana,OTROS GASOLEOS,OtrosGasoleos,30289
2025-05,Comunitat Valenciana,OTROS QUEROSENOS,OtrosQueroseno,15
2025-05,Comunitat Valenciana,QUEROSENO AVIACIÓN,QuerosenoAviacion,47487
2025-05,ESPAÑA,BIODIESEL,Biodiesel,18921
2025-05,ESPAÑA,BIOETANOL,Bioetanol,32
2025-05,ESPAÑA,FUELÓLEO  BIA,Fueloleo_BIA,189178
2025-05,ESPAÑA,GLP,GLP,95799
2025-05,ESPAÑA,GASÓLEO A,GasoleoA,1889524
2025-05,ESPAÑA,GASÓLEO B,GasoleoB,316162
2025-05,ESPAÑA,GASÓLEO C,GasoleoC,59240
2025-05,ESPAÑA,GASOLINA  AUTO. S/PB 95 I.O.,Gasolina95,560025
2025-05,ESPAÑA,GASOLINA  AUTO. S/PB 98 I.O.,Gasolina98,31717
2025-05,ESPAÑA,OTRAS GASOLINAS,OtrasGasolinas,542
2025-05,ESPAÑA,OTROS FUELÓLEOS,OtrosFueloleos,373266
2025-05,ESPAÑA,OTROS GASOLEOS,OtrosGasoleos,316348
2025-05,ESPAÑA,OTROS QUEROSENOS,OtrosQueroseno,15
2025-05,ESPAÑA,QUEROSENO AVIACIÓN,QuerosenoAviacion,665727
2025-05,Extremadura,BIODIESEL,Biodiesel,208
2025-05,Extremadura,BIOETANOL,Bioetanol,0
2025-05,Extremadura,FUELÓLEO  BIA,Fueloleo_BIA,235
2025-05,Extremadura,GLP,GLP,3381
2025-05,Extremadura,GASÓLEO A,GasoleoA,59488
2025-05,Extremadura,GASÓLEO B,GasoleoB,14736
2025-05,Extremadura,GASÓLEO C,GasoleoC,517
2025-05,Extremadura,GASOLINA  AUTO. S/PB 95 I.O.,Gasolina95,10756
2025-05,Extremadura,GASOLINA  AUTO. S/PB 98 I.O.,Gasolina98,358
2025-05,Extremadura,OTRAS GASOLINAS,OtrasGasolinas,1
2025-05,Extremadura,OTROS FUELÓLEOS,OtrosFueloleos,0
2025-05,Extremadura,OTROS GASOLEOS,OtrosGasoleos,0
2025-05,Extremadura,OTROS QUEROSENOS,OtrosQueroseno,0
2025-05,Extremadura,QUEROSENO AVIACIÓN,QuerosenoAviacion,185
2025-05,Galicia,BIODIESEL,Biodiesel,385
2025-05,Galicia,BIOETANOL,Bioetanol,9
2025-05,Galicia,FUELÓLEO  BIA,Fueloleo_BIA,4961
2025-05,Galicia,GLP,GLP,8229
2025-05,Galicia,GASÓLEO A,GasoleoA,115471
2025-05,Galicia,GASÓLEO B,GasoleoB,26704
2025-05,Galicia,GASÓLEO C,GasoleoC,9458
2025-05,Galicia,GASOLINA  AUTO. S/PB 95 I.O.,Gasolina95,26925
2025-05,Galicia,GASOLINA  AUTO. S/PB 98 I.O.,Gasolina98,1384
2025-05,Galicia,OTRAS GASOLINAS,OtrasGasolinas,18
2025-05,Galicia,OTROS FUELÓLEOS,OtrosFueloleos,1749
2025-05,Galicia,OTROS GASOLEOS,OtrosGasoleos,11009
2025-05,Galicia,OTROS QUEROSENOS,OtrosQueroseno,0
2025-05,Galicia,QUEROSENO AVIACIÓN,QuerosenoAviacion,6741
2025-05,"Madrid, Comunidad de",BIODIESEL,Biodiesel,2961
2025-05,"Madrid, Comunidad de",BIOETANOL,Bioetanol,0
2025-05,"Madrid, Comunidad de",FUELÓLEO  BIA,Fueloleo_BIA,526
2025-05,"Madrid, Comunidad de",GLP,GLP,7233
2025-05,"Madrid, Comunidad de",GASÓLEO A,GasoleoA,150387
2025-05,"Madrid, Comunidad de",GASÓLEO B,GasoleoB,9068
2025-05,"Madrid, Comunidad de",GASÓLEO C,GasoleoC,7017
2025-05,"Madrid, Comunidad de",GASOLINA  AUTO. S/PB 95 I.O.,Gasolina95,75141
2025-05,"Madrid, Comunidad de",GASOLINA  AUTO. S/PB 98 I.O.,Gasolina98,2838
2025-05,"Madrid, Comunidad de",OTRAS GASOLINAS,OtrasGasolinas,69
2025-05,"Madrid, Comunidad de",OTROS FUELÓLEOS,OtrosFueloleos,0
2025-05,"Madrid, Comunidad de",OTROS GASOLEOS,OtrosGasoleos,0
2025-05,"Madrid, Comunidad de",OTROS QUEROSENOS,OtrosQueroseno,0
2025-05,"Madrid, Comunidad de",QUEROSENO AVIACIÓN,QuerosenoAviacion,233327
2025-05,Melilla,BIODIESEL,Biodiesel,0
2025-05,Melilla,BIOETANOL,Bioetanol,0
2025-05,Melilla,FUELÓLEO  BIA,Fueloleo_BIA,2497
2025-05,Melilla,GLP,GLP,190
2025-05,Melilla,GASÓLEO A,GasoleoA,984
2025-05,Melilla,GASÓLEO B,GasoleoB,0
2025-05,Melilla,GASÓLEO C,GasoleoC,0
2025-05,Melilla,GASOLINA  AUTO. S/PB 95 I.O.,Gasolina95,562
2025-05,Melilla,GASOLINA  AUTO. S/PB 98 I.O.,Gasolina98,0
2025-05,Melilla,OTRAS GASOLINAS,OtrasGasolinas,0
2025-05,Melilla,OTROS FUELÓLEOS,OtrosFueloleos,0
2025-05,Melilla,OTROS GASOLEOS,OtrosGasoleos,0
2025-05,Melilla,OTROS QUEROSENOS,OtrosQueroseno,0
2025-05,Melilla,QUEROSENO AVIACIÓN,QuerosenoAviacion,267
2025-05,"Murcia, Región de",BIODIESEL,Biodiesel,2131
2025-05,"Murcia, Región de",BIOETANOL,Bioetanol,0
2025-05,"Murcia, Región de",FUELÓLEO  BIA,Fueloleo_BIA,214
2025-05,"Murcia, Región de",GLP,GLP,3483
2025-05,"Murcia, Región de",GASÓLEO A,GasoleoA,81692
2025-05,"Murcia, Región de",GASÓLEO B,GasoleoB,12676
2025-05,"Murcia, Región de",GASÓLEO C,GasoleoC,559
2025-05,"Murcia, Región de",GASOLINA  AUTO. S/PB 95 I.O.,Gasolina95,15422
2025-05,"Murcia, Región de",GASOLINA  AUTO. S/PB 98 I.O.,Gasolina98,678
2025-05,"Murcia, Región de",OTRAS GASOLINAS,OtrasGasolinas,13
2025-05,"Murcia, Región de",OTROS FUELÓLEOS,OtrosFueloleos,0
2025-05,"Murcia, Región de",OTROS GASOLEOS,OtrosGasoleos,1982
2025-05,"Murcia, Región de",OTROS QUEROSENOS,OtrosQueroseno,0
2025-05,"Murcia, Región de",QUEROSENO AVIACIÓN,QuerosenoAviacion,1691
2025-05,"Navarra, Comunidad Foral de",BIODIESEL,Biodiesel,513
2025-05,"Navarra, Comunidad Foral de",BIOETANOL,Bioetanol,0
2025-05,"Navarra, Comunidad Foral de",FUELÓLEO  BIA,Fueloleo_BIA,484
2025-05,"Navarra, Comunidad Foral de",GLP,GLP,981
2025-05,"Navarra, Comunidad Foral de",GASÓLEO A,GasoleoA,53544
2025-05,"Navarra, Comunidad Foral de",GASÓLEO B,GasoleoB,6913
2025-05,"Navarra, Comunidad Foral de",GASÓLEO C,GasoleoC,524
2025-05,"Navarra, Comunidad Foral de",GASOLINA  AUTO. S/PB 95 I.O.,Gasolina95,8082
2025-05,"Navarra, Comunidad Foral de",GASOLINA  AUTO. S/PB 98 I.O.,Gasolina98,285
2025-05,"Navarra, Comunidad Foral de",OTRAS GASOLINAS,OtrasGasolinas,2
2025-05,"Navarra, Comunidad Foral de",OTROS FUELÓLEOS,OtrosFueloleos,0
2025-05,"Navarra, Comunidad Foral de",OTROS GASOLEOS,OtrosGasoleos,0
2025-05,"Navarra, Comunidad Foral de",OTROS QUEROSENOS,OtrosQueroseno,0
2025-05,"Navarra, Comunidad Foral de",QUEROSENO AVIACIÓN,QuerosenoAviacion,150
2025-05,País Vasco,BIODIESEL,Biodiesel,1522
2025-05,País Vasco,BIOETANOL,Bioetanol,0
2025-05,País Vasco,FUELÓLEO  BIA,Fueloleo_BIA,453
2025-05,País Vasco,GLP,GLP,2248
2025-05,País Vasco,GASÓLEO A,GasoleoA,142402
2025-05,País Vasco,GASÓLEO B,GasoleoB,13124
2025-05,País Vasco,GASÓLEO C,GasoleoC,2860
2025-05,País Vasco,GASOLINA  AUTO. S/PB 95 I.O.,Gasolina95,19715
2025-05,País Vasco,GASOLINA  AUTO. S/PB 98 I.O.,Gasolina98,1094
2025-05,País Vasco,OTRAS GASOLINAS,OtrasGasolinas,3
2025-05,País Vasco,OTROS FUELÓLEOS,OtrosFueloleos,0
2025-05,País Vasco,OTROS GASOLEOS,OtrosGasoleos,2002
2025-05,País Vasco,OTROS QUEROSENOS,OtrosQueroseno,0
2025-05,País Vasco,QUEROSENO AVIACIÓN,QuerosenoAviacion,10194
2025-05,"Rioja, La",BIODIESEL,Biodiesel,149
2025-05,"Rioja, La",BIOETANOL,Bioetanol,0
2025-05,"Rioja, La",FUELÓLEO  BIA,Fueloleo_BIA,107
2025-05,"Rioja, La",GLP,GLP,503
2025-05,"Rioja, La",GASÓLEO A,GasoleoA,13063
2025-05,"Rioja, La",GASÓLEO B,GasoleoB,3415
2025-05,"Rioja, La",GASÓLEO C,GasoleoC,793
2025-05,"Rioja, La",GASOLINA  AUTO. S/PB 95 I.O.,Gasolina95,2920
2025-05,"Rioja, La",GASOLINA  AUTO. S/PB 98 I.O.,Gasolina98,134
2025-05,"Rioja, La",OTRAS GASOLINAS,OtrasGasolinas,8
2025-05,"Rioja, La",OTROS FUELÓLEOS,OtrosFueloleos,0
2025-05,"Rioja, La",OTROS GASOLEOS,OtrosGasoleos,0
2025-05,"Rioja, La",OTROS QUEROSENOS,OtrosQueroseno,0
2025-05,"Rioja, La",QUEROSENO AVIACIÓN,QuerosenoAviacion,23
2025-06,Andalucía,BIODIESEL,Biodiesel,2162
2025-06,Andalucía,BIOETANOL,Bioetanol,0
2025-06,Andalucía,FUELÓLEO  BIA,Fueloleo_BIA,36364
2025-06,Andalucía,GLP,GLP,16875
2025-06,Andalucía,GASÓLEO A,GasoleoA,303539
2025-06,Andalucía,GASÓLEO B,GasoleoB,60160
2025-06,Andalucía,GASÓLEO C,GasoleoC,2739
2025-06,Andalucía,GASOLINA  AUTO. S/PB 95 I.O.,Gasolina95,88785
2025-06,Andalucía,GASOLINA  AUTO. S/PB 98 I.O.,Gasolina98,3638
2025-06,Andalucía,OTRAS GASOLINAS,OtrasGasolinas,135
2025-06,Andalucía,OTROS FUELÓLEOS,OtrosFueloleos,174508
2025-06,Andalucía,OTROS GASOLEOS,OtrosGasoleos,60339
2025-06,Andalucía,OTROS QUEROSENOS,OtrosQueroseno,0
2025-06,Andalucía,QUEROSENO AVIACIÓN,QuerosenoAviacion,65905
2025-06,Aragón,BIODIESEL,Biodiesel,2248
2025-06,Aragón,BIOETANOL,Bioetanol,0
2025-06,Aragón,FUELÓLEO  BIA,Fueloleo_BIA,50
2025-06,Aragón,GLP,GLP,2274
2025-06,Aragón,GASÓLEO A,GasoleoA,70334
2025-06,Aragón,GASÓLEO B,GasoleoB,24968
2025-06,Aragón,GASÓLEO C,GasoleoC,2382
2025-06,Aragón,GASOLINA  AUTO. S/PB 95 I.O.,Gasolina95,16566
2025-06,Aragón,GASOLINA  AUTO. S/PB 98 I.O.,Gasolina98,745
2025-06,Aragón,OTRAS GASOLINAS,OtrasGasolinas,9
2025-06,Aragón,OTROS FUELÓLEOS,OtrosFueloleos,565
2025-06,Aragón,OTROS GASOLEOS,OtrosGasoleos,101
2025-06,Aragón,OTROS QUEROSENOS,OtrosQueroseno,0
2025-06,Aragón,QUEROSENO AVIACIÓN,QuerosenoAviacion,6287
2025-06,"Asturias, Principado de",BIODIESEL,Biodiesel,251
2025-06,"Asturias, Principado de",BIOETANOL,Bioetanol,0
2025-06,"Asturias, Principado de",FUELÓLEO  BIA,Fueloleo_BIA,585
2025-06,"Asturias, Principado de",GLP,GLP,1603
2025-06,"Asturias, Principado de",GASÓLEO A,GasoleoA,33431
2025-06,"Asturias, Principado de",GASÓLEO B,GasoleoB,6114
2025-06,"Asturias, Principado de",GASÓLEO C,GasoleoC,1763
2025-06,"Asturias, Principado de",GASOLINA  AUTO. S/PB 95 I.O.,Gasolina95,9631
2025-06,"Asturias, Principado de",GASOLINA  AUTO. S/PB 98 I.O.,Gasolina98,574
2025-06,"Asturias, Principado de",OTRAS GASOLINAS,OtrasGasolinas,3
2025-06,"Asturias, Principado de",OTROS FUELÓLEOS,OtrosFueloleos,399
2025-06,"Asturias, Principado de",OTROS GASOLEOS,OtrosGasoleos,3552
2025-06,"Asturias, Principado de",OTROS QUEROSENOS,OtrosQueroseno,0
2025-06,"Asturias, Principado de",QUEROSENO AVIACIÓN,QuerosenoAviacion,2190
2025-06,"Balears, Illes",BIODIESEL,Biodiesel,0
2025-06,"Balears, Illes",BIOETANOL,Bioetanol,0
2025-06,"Balears, Illes",FUELÓLEO  BIA,Fueloleo_BIA,0
2025-06,"Balears, Illes",GLP,GLP,3845
2025-06,"Balears, Illes",GASÓLEO A,GasoleoA,33357
2025-06,"Balears, Illes",GASÓLEO B,GasoleoB,3328
2025-06,"Balears, Illes",GASÓLEO C,GasoleoC,14075
2025-06,"Balears, Illes",GASOLINA  AUTO. S/PB 95 I.O.,Gasolina95,27244
2025-06,"Balears, Illes",GASOLINA  AUTO. S/PB 98 I.O.,Gasolina98,1264
2025-06,"Balears, Illes",OTRAS GASOLINAS,OtrasGasolinas,37
2025-06,"Balears, Illes",OTROS FUELÓLEOS,OtrosFueloleos,0
2025-06,"Balears, Illes",OTROS GASOLEOS,OtrosGasoleos,7322
2025-06,"Balears, Illes",OTROS QUEROSENOS,OtrosQueroseno,0
2025-06,"Balears, Illes",QUEROSENO AVIACIÓN,QuerosenoAviacion,88624
2025-06,Canarias,BIODIESEL,Biodiesel,133
2025-06,Canarias,BIOETANOL,Bioetanol,0
2025-06,Canarias,FUELÓLEO  BIA,Fueloleo_BIA,129986
2025-06,Canarias,GLP,GLP,6124
2025-06,Canarias,GASÓLEO A,GasoleoA,53025
2025-06,Canarias,GASÓLEO B,GasoleoB,0
2025-06,Canarias,GASÓLEO C,GasoleoC,0
2025-06,Canarias,GASOLINA  AUTO. S/PB 95 I.O.,Gasolina95,35999
2025-06,Canarias,GASOLINA  AUTO. S/PB 98 I.O.,Gasolina98,8425
2025-06,Canarias,OTRAS GASOLINAS,OtrasGasolinas,1
2025-06,Canarias,OTROS FUELÓLEOS,OtrosFueloleos,66587
2025-06,Canarias,OTROS GASOLEOS,OtrosGasoleos,133458
2025-06,Canarias,OTROS QUEROSENOS,OtrosQueroseno,0
2025-06,Canarias,QUEROSENO AVIACIÓN,QuerosenoAviacion,85167
2025-06,Cantabria,BIODIESEL,Biodiesel,848
2025-06,Cantabria,BIOETANOL,Bioetanol,0
2025-06,Cantabria,FUELÓLEO  BIA,Fueloleo_BIA,228
2025-06,Cantabria,GLP,GLP,1207
2025-06,Cantabria,GASÓLEO A,GasoleoA,24755
2025-06,Cantabria,GASÓLEO B,GasoleoB,3808
2025-06,Cantabria,GASÓLEO C,GasoleoC,47
2025-06,Cantabria,GASOLINA  AUTO. S/PB 95 I.O.,Gasolina95,7772
2025-06,Cantabria,GASOLINA  AUTO. S/PB 98 I.O.,Gasolina98,359
2025-06,Cantabria,OTRAS GASOLINAS,OtrasGasolinas,1
2025-06,Cantabria,OTROS FUELÓLEOS,OtrosFueloleos,0
2025-06,Cantabria,OTROS GASOLEOS,OtrosGasoleos,1261
2025-06,Cantabria,OTROS QUEROSENOS,OtrosQueroseno,0
2025-06,Cantabria,QUEROSENO AVIACIÓN,QuerosenoAviacion,1143
2025-06,Castilla - La Mancha,BIODIESEL,Biodiesel,2301
2025-06,Castilla - La Mancha,BIOETANOL,Bioetanol,0
2025-06,Castilla - La Mancha,FUELÓLEO  BIA,Fueloleo_BIA,314
2025-06,Castilla - La Mancha,GLP,GLP,3042
2025-06,Castilla - La Mancha,GASÓLEO A,GasoleoA,109357
2025-06,Castilla - La Mancha,GASÓLEO B,GasoleoB,36874
2025-06,Castilla - La Mancha,GASÓLEO C,GasoleoC,3042
2025-06,Castilla - La Mancha,GASOLINA  AUTO. S/PB 95 I.O.,Gasolina95,24924
2025-06,Castilla - La Mancha,GASOLINA  AUTO. S/PB 98 I.O.,Gasolina98,925
2025-06,Castilla - La Mancha,OTRAS GASOLINAS,OtrasGasolinas,11
2025-06,Castilla - La Mancha,OTROS FUELÓLEOS,OtrosFueloleos,0
2025-06,Castilla - La Mancha,OTROS GASOLEOS,OtrosGasoleos,0
2025-06,Castilla - La Mancha,OTROS QUEROSENOS,OtrosQueroseno,0
2025-06,Castilla - La Mancha,QUEROSENO AVIACIÓN,QuerosenoAviacion,129
2025-06,Castilla y León,BIODIESEL,Biodiesel,1422
2025-06,Castilla y León,BIOETANOL,Bioetanol,0
2025-06,Castilla y León,FUELÓLEO  BIA,Fueloleo_BIA,624
2025-06,Castilla y León,GLP,GLP,3985
2025-06,Castilla y León,GASÓLEO A,GasoleoA,142169
2025-06,Castilla y León,GASÓLEO B,GasoleoB,43347
2025-06,Castilla y León,GASÓLEO C,GasoleoC,5145
2025-06,Castilla y León,GASOLINA  AUTO. S/PB 95 I.O.,Gasolina95,30709
2025-06,Castilla y León,GASOLINA  AUTO. S/PB 98 I.O.,Gasolina98,1530
2025-06,Castilla y León,OTRAS GASOLINAS,OtrasGasolinas,92
2025-06,Castilla y León,OTROS FUELÓLEOS,OtrosFueloleos,0
2025-06,Castilla y León,OTROS GASOLEOS,OtrosGasoleos,0
2025-06,Castilla y León,OTROS QUEROSENOS,OtrosQueroseno,0
2025-06,Castilla y León,QUEROSENO AVIACIÓN,QuerosenoAviacion,238
2025-06,Cataluña,BIODIESEL,Biodiesel,3522
2025-06,Cataluña,BIOETANOL,Bioetanol,0
2025-06,Cataluña,FUELÓLEO  BIA,Fueloleo_BIA,10861
2025-06,Cataluña,GLP,GLP,7710
2025-06,Cataluña,GASÓLEO A,GasoleoA,299807
2025-06,Cataluña,GASÓLEO B,GasoleoB,33299
2025-06,Cataluña,GASÓLEO C,GasoleoC,3287
2025-06,Cataluña,GASOLINA  AUTO. S/PB 95 I.O.,Gasolina95,105228
2025-06,Cataluña,GASOLINA  AUTO. S/PB 98 I.O.,Gasolina98,4925
2025-06,Cataluña,OTRAS GASOLINAS,OtrasGasolinas,115
2025-06,Cataluña,OTROS FUELÓLEOS,OtrosFueloleos,64626
2025-06,Cataluña,OTROS GASOLEOS,OtrosGasoleos,47755
2025-06,Cataluña,OTROS QUEROSENOS,OtrosQueroseno,0
2025-06,Cataluña,QUEROSENO AVIACIÓN,QuerosenoAviacion,136302
2025-06,Ceuta,BIODIESEL,Biodiesel,0
2025-06,Ceuta,BIOETANOL,Bioetanol,0
2025-06,Ceuta,FUELÓLEO  BIA,Fueloleo_BIA,2499
2025-06,Ceuta,GLP,GLP,164
2025-06,Ceuta,GASÓLEO A,GasoleoA,893
2025-06,Ceuta,GASÓLEO B,GasoleoB,0
2025-06,Ceuta,GASÓLEO C,GasoleoC,27
2025-06,Ceuta,GASOLINA  AUTO. S/PB 95 I.O.,Gasolina95,529
2025-06,Ceuta,GASOLINA  AUTO. S/PB 98 I.O.,Gasolina98,52
2025-06,Ceuta,OTRAS GASOLINAS,OtrasGasolinas,0
2025-06,Ceuta,OTROS FUELÓLEOS,OtrosFueloleos,2835
2025-06,Ceuta,OTROS GASOLEOS,OtrosGasoleos,10509
2025-06,Ceuta,OTROS QUEROSENOS,OtrosQueroseno,0
2025-06,Ceuta,QUEROSENO AVIACIÓN,QuerosenoAviacion,27
2025-06,Comunitat Valenciana,BIODIESEL,Biodiesel,1045
2025-06,Comunitat Valenciana,BIOETANOL,Bioetanol,0
2025-06,Comunitat Valenciana,FUELÓLEO  BIA,Fueloleo_BIA,219
2025-06,Comunitat Valenciana,GLP,GLP,8430
2025-06,Comunitat Valenciana,GASÓLEO A,GasoleoA,175784
2025-06,Comunitat Valenciana,GASÓLEO B,GasoleoB,17975
2025-06,Comunitat Valenciana,GASÓLEO C,GasoleoC,1670
2025-06,Comunitat Valenciana,GASOLINA  AUTO. S/PB 95 I.O.,Gasolina95,68758
2025-06,Comunitat Valenciana,GASOLINA  AUTO. S/PB 98 I.O.,Gasolina98,2834
2025-06,Comunitat Valenciana,OTRAS GASOLINAS,OtrasGasolinas,36
2025-06,Comunitat Valenciana,OTROS FUELÓLEOS,OtrosFueloleos,23671
2025-06,Comunitat Valenciana,OTROS GASOLEOS,OtrosGasoleos,35268
2025-06,Comunitat Valenciana,OTROS QUEROSENOS,OtrosQueroseno,11
2025-06,Comunitat Valenciana,QUEROSENO AVIACIÓN,QuerosenoAviacion,48532
2025-06,ESPAÑA,BIODIESEL,Biodiesel,23356
2025-06,ESPAÑA,BIOETANOL,Bioetanol,0
2025-06,ESPAÑA,FUELÓLEO  BIA,Fueloleo_BIA,190293
2025-06,ESPAÑA,GLP,GLP,76058
2025-06,ESPAÑA,GASÓLEO A,GasoleoA,1858343
2025-06,ESPAÑA,GASÓLEO B,GasoleoB,312052
2025-06,ESPAÑA,GASÓLEO C,GasoleoC,50698
2025-06,ESPAÑA,GASOLINA  AUTO. S/PB 95 I.O.,Gasolina95,581075
2025-06,ESPAÑA,GASOLINA  AUTO. S/PB 98 I.O.,Gasolina98,32320
2025-06,ESPAÑA,OTRAS GASOLINAS,OtrasGasolinas,539
2025-06,ESPAÑA,OTROS FUELÓLEOS,OtrosFueloleos,335062
2025-06,ESPAÑA,OTROS GASOLEOS,OtrosGasoleos,318787
2025-06,ESPAÑA,OTROS QUEROSENOS,OtrosQueroseno,13
2025-06,ESPAÑA,QUEROSENO AVIACIÓN,QuerosenoAviacion,694008
2025-06,Extremadura,BIODIESEL,Biodiesel,264
2025-06,Extremadura,BIOETANOL,Bioetanol,0
2025-06,Extremadura,FUELÓLEO  BIA,Fueloleo_BIA,232
2025-06,Extremadura,GLP,GLP,2076
2025-06,Extremadura,GASÓLEO A,GasoleoA,58635
2025-06,Extremadura,GASÓLEO B,GasoleoB,13953
2025-06,Extremadura,GASÓLEO C,GasoleoC,300
2025-06,Extremadura,GASOLINA  AUTO. S/PB 95 I.O.,Gasolina95,10580
2025-06,Extremadura,GASOLINA  AUTO. S/PB 98 I.O.,Gasolina98,357
2025-06,Extremadura,OTRAS GASOLINAS,OtrasGasolinas,3
2025-06,Extremadura,OTROS FUELÓLEOS,OtrosFueloleos,0
2025-06,Extremadura,OTROS GASOLEOS,OtrosGasoleos,0
2025-06,Extremadura,OTROS QUEROSENOS,OtrosQueroseno,0
2025-06,Extremadura,QUEROSENO AVIACIÓN,QuerosenoAviacion,115
2025-06,Galicia,BIODIESEL,Biodiesel,478
2025-06,Galicia,BIOETANOL,Bioetanol,0
2025-06,Galicia,FUELÓLEO  BIA,Fueloleo_BIA,4288
2025-06,Galicia,GLP,GLP,6684
2025-06,Galicia,GASÓLEO A,GasoleoA,114059
2025-06,Galicia,GASÓLEO B,GasoleoB,24046
2025-06,Galicia,GASÓLEO C,GasoleoC,7859
2025-06,Galicia,GASOLINA  AUTO. S/PB 95 I.O.,Gasolina95,27863
2025-06,Galicia,GASOLINA  AUTO. S/PB 98 I.O.,Gasolina98,1435
2025-06,Galicia,OTRAS GASOLINAS,OtrasGasolinas,12
2025-06,Galicia,OTROS FUELÓLEOS,OtrosFueloleos,1871
2025-06,Galicia,OTROS GASOLEOS,OtrosGasoleos,15173
2025-06,Galicia,OTROS QUEROSENOS,OtrosQueroseno,0
2025-06,Galicia,QUEROSENO AVIACIÓN,QuerosenoAviacion,6955
2025-06,"Madrid, Comunidad de",BIODIESEL,Biodiesel,3747
2025-06,"Madrid, Comunidad de",BIOETANOL,Bioetanol,0
2025-06,"Madrid, Comunidad de",FUELÓLEO  BIA,Fueloleo_BIA,341
2025-06,"Madrid, Comunidad de",GLP,GLP,5850
2025-06,"Madrid, Comunidad de",GASÓLEO A,GasoleoA,154420
2025-06,"Madrid, Comunidad de",GASÓLEO B,GasoleoB,9071
2025-06,"Madrid, Comunidad de",GASÓLEO C,GasoleoC,4772
2025-06,"Madrid, Comunidad de",GASOLINA  AUTO. S/PB 95 I.O.,Gasolina95,78728
2025-06,"Madrid, Comunidad de",GASOLINA  AUTO. S/PB 98 I.O.,Gasolina98,2970
2025-06,"Madrid, Comunidad de",OTRAS GASOLINAS,OtrasGasolinas,69
2025-06,"Madrid, Comunidad de",OTROS FUELÓLEOS,OtrosFueloleos,0
2025-06,"Madrid, Comunidad de",OTROS GASOLEOS,OtrosGasoleos,0
2025-06,"Madrid, Comunidad de",OTROS QUEROSENOS,OtrosQueroseno,0
2025-06,"Madrid, Comunidad de",QUEROSENO AVIACIÓN,QuerosenoAviacion,239802
2025-06,Melilla,BIODIESEL,Biodiesel,0
2025-06,Melilla,BIOETANOL,Bioetanol,0
2025-06,Melilla,FUELÓLEO  BIA,Fueloleo_BIA,2500
2025-06,Melilla,GLP,GLP,136
2025-06,Melilla,GASÓLEO A,GasoleoA,1111
2025-06,Melilla,GASÓLEO B,GasoleoB,0
2025-06,Melilla,GASÓLEO C,GasoleoC,0
2025-06,Melilla,GASOLINA  AUTO. S/PB 95 I.O.,Gasolina95,649
2025-06,Melilla,GASOLINA  AUTO. S/PB 98 I.O.,Gasolina98,0
2025-06,Melilla,OTRAS GASOLINAS,OtrasGasolinas,0
2025-06,Melilla,OTROS FUELÓLEOS,OtrosFueloleos,0
2025-06,Melilla,OTROS GASOLEOS,OtrosGasoleos,0
2025-06,Melilla,OTROS QUEROSENOS,OtrosQueroseno,0
2025-06,Melilla,QUEROSENO AVIACIÓN,QuerosenoAviacion,194
2025-06,"Murcia, Región de",BIODIESEL,Biodiesel,2518
2025-06,"Murcia, Región de",BIOETANOL,Bioetanol,0
2025-06,"Murcia, Región de",FUELÓLEO  BIA,Fueloleo_BIA,237
2025-06,"Murcia, Región de",GLP,GLP,2730
2025-06,"Murcia, Región de",GASÓLEO A,GasoleoA,79334
2025-06,"Murcia, Región de",GASÓLEO B,GasoleoB,12678
2025-06,"Murcia, Región de",GASÓLEO C,GasoleoC,455
2025-06,"Murcia, Región de",GASOLINA  AUTO. S/PB 95 I.O.,Gasolina95,16378
2025-06,"Murcia, Región de",GASOLINA  AUTO. S/PB 98 I.O.,Gasolina98,707
2025-06,"Murcia, Región de",OTRAS GASOLINAS,OtrasGasolinas,0
2025-06,"Murcia, Región de",OTROS FUELÓLEOS,OtrosFueloleos,0
2025-06,"Murcia, Región de",OTROS GASOLEOS,OtrosGasoleos,1561
2025-06,"Murcia, Región de",OTROS QUEROSENOS,OtrosQueroseno,0
2025-06,"Murcia, Región de",QUEROSENO AVIACIÓN,QuerosenoAviacion,1692
2025-06,"Navarra, Comunidad Foral de",BIODIESEL,Biodiesel,455
2025-06,"Navarra, Comunidad Foral de",BIOETANOL,Bioetanol,0
2025-06,"Navarra, Comunidad Foral de",FUELÓLEO  BIA,Fueloleo_BIA,269
2025-06,"Navarra, Comunidad Foral de",GLP,GLP,942
2025-06,"Navarra, Comunidad Foral de",GASÓLEO A,GasoleoA,53006
2025-06,"Navarra, Comunidad Foral de",GASÓLEO B,GasoleoB,7466
2025-06,"Navarra, Comunidad Foral de",GASÓLEO C,GasoleoC,387
2025-06,"Navarra, Comunidad Foral de",GASOLINA  AUTO. S/PB 95 I.O.,Gasolina95,8057
2025-06,"Navarra, Comunidad Foral de",GASOLINA  AUTO. S/PB 98 I.O.,Gasolina98,341
2025-06,"Navarra, Comunidad Foral de",OTRAS GASOLINAS,OtrasGasolinas,3
2025-06,"Navarra, Comunidad Foral de",OTROS FUELÓLEOS,OtrosFueloleos,0
2025-06,"Navarra, Comunidad Foral de",OTROS GASOLEOS,OtrosGasoleos,0
2025-06,"Navarra, Comunidad Foral de",OTROS QUEROSENOS,OtrosQueroseno,0
2025-06,"Navarra, Comunidad Foral de",QUEROSENO AVIACIÓN,QuerosenoAviacion,121
2025-06,País Vasco,BIODIESEL,Biodiesel,1762
2025-06,País Vasco,BIOETANOL,Bioetanol,0
2025-06,País Vasco,FUELÓLEO  BIA,Fueloleo_BIA,656
2025-06,País Vasco,GLP,GLP,1884
2025-06,País Vasco,GASÓLEO A,GasoleoA,138225
2025-06,País Vasco,GASÓLEO B,GasoleoB,11615
2025-06,País Vasco,GASÓLEO C,GasoleoC,2226
2025-06,País Vasco,GASOLINA  AUTO. S/PB 95 I.O.,Gasolina95,19711
2025-06,País Vasco,GASOLINA  AUTO. S/PB 98 I.O.,Gasolina98,1132
2025-06,País Vasco,OTRAS GASOLINAS,OtrasGasolinas,3
2025-06,País Vasco,OTROS FUELÓLEOS,OtrosFueloleos,0
2025-06,País Vasco,OTROS GASOLEOS,OtrosGasoleos,2488
2025-06,País Vasco,OTROS QUEROSENOS,OtrosQueroseno,2
2025-06,País Vasco,QUEROSENO AVIACIÓN,QuerosenoAviacion,10553
2025-06,"Rioja, La",BIODIESEL,Biodiesel,200
2025-06,"Rioja, La",BIOETANOL,Bioetanol,0
2025-06,"Rioja, La",FUELÓLEO  BIA,Fueloleo_BIA,40
2025-06,"Rioja, La",GLP,GLP,497
2025-06,"Rioja, La",GASÓLEO A,GasoleoA,13102
2025-06,"Rioja, La",GASÓLEO B,GasoleoB,3350
2025-06,"Rioja, La",GASÓLEO C,GasoleoC,522
2025-06,"Rioja, La",GASOLINA  AUTO. S/PB 95 I.O.,Gasolina95,2964
2025-06,"Rioja, La",GASOLINA  AUTO. S/PB 98 I.O.,Gasolina98,107
2025-06,"Rioja, La",OTRAS GASOLINAS,OtrasGasolinas,9
2025-06,"Rioja, La",OTROS FUELÓLEOS,OtrosFueloleos,0
2025-06,"Rioja, La",OTROS GASOLEOS,OtrosGasoleos,0
2025-06,"Rioja, La",OTROS QUEROSENOS,OtrosQueroseno,0
2025-06,"Rioja, La",QUEROSENO AVIACIÓN,QuerosenoAviacion,32
2025-07,Andalucía,BIODIESEL,Biodiesel,2664
2025-07,Andalucía,BIOETANOL,Bioetanol,0
2025-07,Andalucía,FUELÓLEO  BIA,Fueloleo_BIA,28252
2025-07,Andalucía,GLP,GLP,16435
2025-07,Andalucía,GASÓLEO A,GasoleoA,321039
2025-07,Andalucía,GASÓLEO B,GasoleoB,54479
2025-07,Andalucía,GASÓLEO C,GasoleoC,2416
2025-07,Andalucía,GASOLINA  AUTO. S/PB 95 I.O.,Gasolina95,99439
2025-07,Andalucía,GASOLINA  AUTO. S/PB 98 I.O.,Gasolina98,4217
2025-07,Andalucía,OTRAS GASOLINAS,OtrasGasolinas,124
2025-07,Andalucía,OTROS FUELÓLEOS,OtrosFueloleos,196556
2025-07,Andalucía,OTROS GASOLEOS,OtrosGasoleos,70141
2025-07,Andalucía,OTROS QUEROSENOS,OtrosQueroseno,0
2025-07,Andalucía,QUEROSENO AVIACIÓN,QuerosenoAviacion,72303
2025-07,Aragón,BIODIESEL,Biodiesel,2556
2025-07,Aragón,BIOETANOL,Bioetanol,0
2025-07,Aragón,FUELÓLEO  BIA,Fueloleo_BIA,0
2025-07,Aragón,GLP,GLP,2199
2025-07,Aragón,GASÓLEO A,GasoleoA,75597
2025-07,Aragón,GASÓLEO B,GasoleoB,22984
2025-07,Aragón,GASÓLEO C,GasoleoC,1824
2025-07,Aragón,GASOLINA  AUTO. S/PB 95 I.O.,Gasolina95,18476
2025-07,Aragón,GASOLINA  AUTO. S/PB 98 I.O.,Gasolina98,820
2025-07,Aragón,OTRAS GASOLINAS,OtrasGasolinas,13
2025-07,Aragón,OTROS FUELÓLEOS,OtrosFueloleos,429
2025-07,Aragón,OTROS GASOLEOS,OtrosGasoleos,77
2025-07,Aragón,OTROS QUEROSENOS,OtrosQueroseno,0
2025-07,Aragón,QUEROSENO AVIACIÓN,QuerosenoAviacion,7098
2025-07,"Asturias, Principado de",BIODIESEL,Biodiesel,267
2025-07,"Asturias, Principado de",BIOETANOL,Bioetanol,0
2025-07,"Asturias, Principado de",FUELÓLEO  BIA,Fueloleo_BIA,540
2025-07,"Asturias, Principado de",GLP,GLP,1680
2025-07,"Asturias, Principado de",GASÓLEO A,GasoleoA,37504
2025-07,"Asturias, Principado de",GASÓLEO B,GasoleoB,6135
2025-07,"Asturias, Principado de",GASÓLEO C,GasoleoC,1359
2025-07,"Asturias, Principado de",GASOLINA  AUTO. S/PB 95 I.O.,Gasolina95,11789
2025-07,"Asturias, Principado de",GASOLINA  AUTO. S/PB 98 I.O.,Gasolina98,698
2025-07,"Asturias, Principado de",OTRAS GASOLINAS,OtrasGasolinas,1
2025-07,"Asturias, Principado de",OTROS FUELÓLEOS,OtrosFueloleos,399
2025-07,"Asturias, Principado de",OTROS GASOLEOS,OtrosGasoleos,3537
2025-07,"Asturias, Principado de",OTROS QUEROSENOS,OtrosQueroseno,0
2025-07,"Asturias, Principado de",QUEROSENO AVIACIÓN,QuerosenoAviacion,2445
2025-07,"Balears, Illes",BIODIESEL,Biodiesel,0
2025-07,"Balears, Illes",BIOETANOL,Bioetanol,0
2025-07,"Balears, Illes",FUELÓLEO  BIA,Fueloleo_BIA,0
2025-07,"Balears, Illes",GLP,GLP,4193
2025-07,"Balears, Illes",GASÓLEO A,GasoleoA,35544
2025-07,"Balears, Illes",GASÓLEO B,GasoleoB,3476
2025-07,"Balears, Illes",GASÓLEO C,GasoleoC,14773
2025-07,"Balears, Illes",GASOLINA  AUTO. S/PB 95 I.O.,Gasolina95,30225
2025-07,"Balears, Illes",GASOLINA  AUTO. S/PB 98 I.O.,Gasolina98,1346
2025-07,"Balears, Illes",OTRAS GASOLINAS,OtrasGasolinas,34
2025-07,"Balears, Illes",OTROS FUELÓLEOS,OtrosFueloleos,0
2025-07,"Balears, Illes",OTROS GASOLEOS,OtrosGasoleos,8190
2025-07,"Balears, Illes",OTROS QUEROSENOS,OtrosQueroseno,0
2025-07,"Balears, Illes",QUEROSENO AVIACIÓN,QuerosenoAviacion,103197
2025-07,Canarias,BIODIESEL,Biodiesel,228
2025-07,Canarias,BIOETANOL,Bioetanol,0
2025-07,Canarias,FUELÓLEO  BIA,Fueloleo_BIA,101252
2025-07,Canarias,GLP,GLP,6296
2025-07,Canarias,GASÓLEO A,GasoleoA,55619
2025-07,Canarias,GASÓLEO B,GasoleoB,0
2025-07,Canarias,GASÓLEO C,GasoleoC,0
2025-07,Canarias,GASOLINA  AUTO. S/PB 95 I.O.,Gasolina95,39713
2025-07,Canarias,GASOLINA  AUTO. S/PB 98 I.O.,Gasolina98,9032
2025-07,Canarias,OTRAS GASOLINAS,OtrasGasolinas,2
2025-07,Canarias,OTROS FUELÓLEOS,OtrosFueloleos,78939
2025-07,Canarias,OTROS GASOLEOS,OtrosGasoleos,139123
2025-07,Canarias,OTROS QUEROSENOS,OtrosQueroseno,0
2025-07,Canarias,QUEROSENO AVIACIÓN,QuerosenoAviacion,95912
2025-07,Cantabria,BIODIESEL,Biodiesel,979
2025-07,Cantabria,BIOETANOL,Bioetanol,0
2025-07,Cantabria,FUELÓLEO  BIA,Fueloleo_BIA,184
2025-07,Cantabria,GLP,GLP,1275
2025-07,Cantabria,GASÓLEO A,GasoleoA,27584
2025-07,Cantabria,GASÓLEO B,GasoleoB,3239
2025-07,Cantabria,GASÓLEO C,GasoleoC,26
2025-07,Cantabria,GASOLINA  AUTO. S/PB 95 I.O.,Gasolina95,9883
2025-07,Cantabria,GASOLINA  AUTO. S/PB 98 I.O.,Gasolina98,423
2025-07,Cantabria,OTRAS GASOLINAS,OtrasGasolinas,1
2025-07,Cantabria,OTROS FUELÓLEOS,OtrosFueloleos,0
2025-07,Cantabria,OTROS GASOLEOS,OtrosGasoleos,1521
2025-07,Cantabria,OTROS QUEROSENOS,OtrosQueroseno,0
2025-07,Cantabria,QUEROSENO AVIACIÓN,QuerosenoAviacion,1274
2025-07,Castilla - La Mancha,BIODIESEL,Biodiesel,2690
2025-07,Castilla - La Mancha,BIOETANOL,Bioetanol,0
2025-07,Castilla - La Mancha,FUELÓLEO  BIA,Fueloleo_BIA,225
2025-07,Castilla - La Mancha,GLP,GLP,3218
2025-07,Castilla - La Mancha,GASÓLEO A,GasoleoA,114620
2025-07,Castilla - La Mancha,GASÓLEO B,GasoleoB,36070
2025-07,Castilla - La Mancha,GASÓLEO C,GasoleoC,2163
2025-07,Castilla - La Mancha,GASOLINA  AUTO. S/PB 95 I.O.,Gasolina95,28118
2025-07,Castilla - La Mancha,GASOLINA  AUTO. S/PB 98 I.O.,Gasolina98,1088
2025-07,Castilla - La Mancha,OTRAS GASOLINAS,OtrasGasolinas,18
2025-07,Castilla - La Mancha,OTROS FUELÓLEOS,OtrosFueloleos,0
2025-07,Castilla - La Mancha,OTROS GASOLEOS,OtrosGasoleos,0
2025-07,Castilla - La Mancha,OTROS QUEROSENOS,OtrosQueroseno,0
2025-07,Castilla - La Mancha,QUEROSENO AVIACIÓN,QuerosenoAviacion,90
2025-07,Castilla y León,BIODIESEL,Biodiesel,1835
2025-07,Castilla y León,BIOETANOL,Bioetanol,0
2025-07,Castilla y León,FUELÓLEO  BIA,Fueloleo_BIA,707
2025-07,Castilla y León,GLP,GLP,4505
2025-07,Castilla y León,GASÓLEO A,GasoleoA,158272
2025-07,Castilla y León,GASÓLEO B,GasoleoB,53891
2025-07,Castilla y León,GASÓLEO C,GasoleoC,3508
2025-07,Castilla y León,GASOLINA  AUTO. S/PB 95 I.O.,Gasolina95,38671
2025-07,Castilla y León,GASOLINA  AUTO. S/PB 98 I.O.,Gasolina98,2244
2025-07,Castilla y León,OTRAS GASOLINAS,OtrasGasolinas,94
2025-07,Castilla y León,OTROS FUELÓLEOS,OtrosFueloleos,0
2025-07,Castilla y León,OTROS GASOLEOS,OtrosGasoleos,0
2025-07,Castilla y León,OTROS QUEROSENOS,OtrosQueroseno,0
2025-07,Castilla y León,QUEROSENO AVIACIÓN,QuerosenoAviacion,409
2025-07,Cataluña,BIODIESEL,Biodiesel,3811
2025-07,Cataluña,BIOETANOL,Bioetanol,0
2025-07,Cataluña,FUELÓLEO  BIA,Fueloleo_BIA,20491
2025-07,Cataluña,GLP,GLP,8600
2025-07,Cataluña,GASÓLEO A,GasoleoA,329177
2025-07,Cataluña,GASÓLEO B,GasoleoB,32312
2025-07,Cataluña,GASÓLEO C,GasoleoC,3032
2025-07,Cataluña,GASOLINA  AUTO. S/PB 95 I.O.,Gasolina95,116242
2025-07,Cataluña,GASOLINA  AUTO. S/PB 98 I.O.,Gasolina98,5633
2025-07,Cataluña,OTRAS GASOLINAS,OtrasGasolinas,129
2025-07,Cataluña,OTROS FUELÓLEOS,OtrosFueloleos,67471
2025-07,Cataluña,OTROS GASOLEOS,OtrosGasoleos,36809
2025-07,Cataluña,OTROS QUEROSENOS,OtrosQueroseno,0
2025-07,Cataluña,QUEROSENO AVIACIÓN,QuerosenoAviacion,143037
2025-07,Ceuta,BIODIESEL,Biodiesel,0
2025-07,Ceuta,BIOETANOL,Bioetanol,0
2025-07,Ceuta,FUELÓLEO  BIA,Fueloleo_BIA,4683
2025-07,Ceuta,GLP,GLP,146
2025-07,Ceuta,GASÓLEO A,GasoleoA,1113
2025-07,Ceuta,GASÓLEO B,GasoleoB,0
2025-07,Ceuta,GASÓLEO C,GasoleoC,0
2025-07,Ceuta,GASOLINA  AUTO. S/PB 95 I.O.,Gasolina95,575
2025-07,Ceuta,GASOLINA  AUTO. S/PB 98 I.O.,Gasolina98,86
2025-07,Ceuta,OTRAS GASOLINAS,OtrasGasolinas,0
2025-07,Ceuta,OTROS FUELÓLEOS,OtrosFueloleos,12349
2025-07,Ceuta,OTROS GASOLEOS,OtrosGasoleos,9830
2025-07,Ceuta,OTROS QUEROSENOS,OtrosQueroseno,0
2025-07,Ceuta,QUEROSENO AVIACIÓN,QuerosenoAviacion,54
2025-07,Comunitat Valenciana,BIODIESEL,Biodiesel,1448
2025-07,Comunitat Valenciana,BIOETANOL,Bioetanol,0
2025-07,Comunitat Valenciana,FUELÓLEO  BIA,Fueloleo_BIA,341
2025-07,Comunitat Valenciana,GLP,GLP,8948
2025-07,Comunitat Valenciana,GASÓLEO A,GasoleoA,192698
2025-07,Comunitat Valenciana,GASÓLEO B,GasoleoB,17761
2025-07,Comunitat Valenciana,GASÓLEO C,GasoleoC,1709
2025-07,Comunitat Valenciana,GASOLINA  AUTO. S/PB 95 I.O.,Gasolina95,79119
2025-07,Comunitat Valenciana,GASOLINA  AUTO. S/PB 98 I.O.,Gasolina98,3240
2025-07,Comunitat Valenciana,OTRAS GASOLINAS,OtrasGasolinas,32
2025-07,Comunitat Valenciana,OTROS FUELÓLEOS,OtrosFueloleos,19684
2025-07,Comunitat Valenciana,OTROS GASOLEOS,OtrosGasoleos,28413
2025-07,Comunitat Valenciana,OTROS QUEROSENOS,OtrosQueroseno,1
2025-07,Comunitat Valenciana,QUEROSENO AVIACIÓN,QuerosenoAviacion,53180
2025-07,ESPAÑA,BIODIESEL,Biodiesel,27001
2025-07,ESPAÑA,BIOETANOL,Bioetanol,0
2025-07,ESPAÑA,FUELÓLEO  BIA,Fueloleo_BIA,169107
2025-07,ESPAÑA,GLP,GLP,79034
2025-07,ESPAÑA,GASÓLEO A,GasoleoA,1988635
2025-07,ESPAÑA,GASÓLEO B,GasoleoB,308516
2025-07,ESPAÑA,GASÓLEO C,GasoleoC,43563
2025-07,ESPAÑA,GASOLINA  AUTO. S/PB 95 I.O.,Gasolina95,649279
2025-07,ESPAÑA,GASOLINA  AUTO. S/PB 98 I.O.,Gasolina98,37095
2025-07,ESPAÑA,OTRAS GASOLINAS,OtrasGasolinas,580
2025-07,ESPAÑA,OTROS FUELÓLEOS,OtrosFueloleos,377283
2025-07,ESPAÑA,OTROS GASOLEOS,OtrosGasoleos,313966
2025-07,ESPAÑA,OTROS QUEROSENOS,OtrosQueroseno,3
2025-07,ESPAÑA,QUEROSENO AVIACIÓN,QuerosenoAviacion,762021
2025-07,Extremadura,BIODIESEL,Biodiesel,531
2025-07,Extremadura,BIOETANOL,Bioetanol,0
2025-07,Extremadura,FUELÓLEO  BIA,Fueloleo_BIA,355
2025-07,Extremadura,GLP,GLP,2251
2025-07,Extremadura,GASÓLEO A,GasoleoA,62763
2025-07,Extremadura,GASÓLEO B,GasoleoB,13023
2025-07,Extremadura,GASÓLEO C,GasoleoC,224
2025-07,Extremadura,GASOLINA  AUTO. S/PB 95 I.O.,Gasolina95,12304
2025-07,Extremadura,GASOLINA  AUTO. S/PB 98 I.O.,Gasolina98,417
2025-07,Extremadura,OTRAS GASOLINAS,OtrasGasolinas,6
2025-07,Extremadura,OTROS FUELÓLEOS,OtrosFueloleos,0
2025-07,Extremadura,OTROS GASOLEOS,OtrosGasoleos,0
2025-07,Extremadura,OTROS QUEROSENOS,OtrosQueroseno,0
2025-07,Extremadura,QUEROSENO AVIACIÓN,QuerosenoAviacion,250
2025-07,Galicia,BIODIESEL,Biodiesel,682
2025-07,Galicia,BIOETANOL,Bioetanol,0
2025-07,Galicia,FUELÓLEO  BIA,Fueloleo_BIA,5071
2025-07,Galicia,GLP,GLP,7396
2025-07,Galicia,GASÓLEO A,GasoleoA,123205
2025-07,Galicia,GASÓLEO B,GasoleoB,19883
2025-07,Galicia,GASÓLEO C,GasoleoC,6102
2025-07,Galicia,GASOLINA  AUTO. S/PB 95 I.O.,Gasolina95,33126
2025-07,Galicia,GASOLINA  AUTO. S/PB 98 I.O.,Gasolina98,1884
2025-07,Galicia,OTRAS GASOLINAS,OtrasGasolinas,13
2025-07,Galicia,OTROS FUELÓLEOS,OtrosFueloleos,1456
2025-07,Galicia,OTROS GASOLEOS,OtrosGasoleos,10269
2025-07,Galicia,OTROS QUEROSENOS,OtrosQueroseno,0
2025-07,Galicia,QUEROSENO AVIACIÓN,QuerosenoAviacion,8024
2025-07,"Madrid, Comunidad de",BIODIESEL,Biodiesel,3854
2025-07,"Madrid, Comunidad de",BIOETANOL,Bioetanol,0
2025-07,"Madrid, Comunidad de",FUELÓLEO  BIA,Fueloleo_BIA,339
2025-07,"Madrid, Comunidad de",GLP,GLP,5833
2025-07,"Madrid, Comunidad de",GASÓLEO A,GasoleoA,153688
2025-07,"Madrid, Comunidad de",GASÓLEO B,GasoleoB,8220
2025-07,"Madrid, Comunidad de",GASÓLEO C,GasoleoC,3408
2025-07,"Madrid, Comunidad de",GASOLINA  AUTO. S/PB 95 I.O.,Gasolina95,78463
2025-07,"Madrid, Comunidad de",GASOLINA  AUTO. S/PB 98 I.O.,Gasolina98,3171
2025-07,"Madrid, Comunidad de",OTRAS GASOLINAS,OtrasGasolinas,80
2025-07,"Madrid, Comunidad de",OTROS FUELÓLEOS,OtrosFueloleos,0
2025-07,"Madrid, Comunidad de",OTROS GASOLEOS,OtrosGasoleos,0
2025-07,"Madrid, Comunidad de",OTROS QUEROSENOS,OtrosQueroseno,2
2025-07,"Madrid, Comunidad de",QUEROSENO AVIACIÓN,QuerosenoAviacion,261227
2025-07,Melilla,BIODIESEL,Biodiesel,0
2025-07,Melilla,BIOETANOL,Bioetanol,0
2025-07,Melilla,FUELÓLEO  BIA,Fueloleo_BIA,5983
2025-07,Melilla,GLP,GLP,129
2025-07,Melilla,GASÓLEO A,GasoleoA,1100
2025-07,Melilla,GASÓLEO B,GasoleoB,0
2025-07,Melilla,GASÓLEO C,GasoleoC,0
2025-07,Melilla,GASOLINA  AUTO. S/PB 95 I.O.,Gasolina95,634
2025-07,Melilla,GASOLINA  AUTO. S/PB 98 I.O.,Gasolina98,0
2025-07,Melilla,OTRAS GASOLINAS,OtrasGasolinas,0
2025-07,Melilla,OTROS FUELÓLEOS,OtrosFueloleos,0
2025-07,Melilla,OTROS GASOLEOS,OtrosGasoleos,0
2025-07,Melilla,OTROS QUEROSENOS,OtrosQueroseno,0
2025-07,Melilla,QUEROSENO AVIACIÓN,QuerosenoAviacion,150
2025-07,"Murcia, Región de",BIODIESEL,Biodiesel,2768
2025-07,"Murcia, Región de",BIOETANOL,Bioetanol,0
2025-07,"Murcia, Región de",FUELÓLEO  BIA,Fueloleo_BIA,180
2025-07,"Murcia, Región de",GLP,GLP,2672
2025-07,"Murcia, Región de",GASÓLEO A,GasoleoA,83954
2025-07,"Murcia, Región de",GASÓLEO B,GasoleoB,13175
2025-07,"Murcia, Región de",GASÓLEO C,GasoleoC,383
2025-07,"Murcia, Región de",GASOLINA  AUTO. S/PB 95 I.O.,Gasolina95,18589
2025-07,"Murcia, Región de",GASOLINA  AUTO. S/PB 98 I.O.,Gasolina98,834
2025-07,"Murcia, Región de",OTRAS GASOLINAS,OtrasGasolinas,10
2025-07,"Murcia, Región de",OTROS FUELÓLEOS,OtrosFueloleos,0
2025-07,"Murcia, Región de",OTROS GASOLEOS,OtrosGasoleos,2247
2025-07,"Murcia, Región de",OTROS QUEROSENOS,OtrosQueroseno,0
2025-07,"Murcia, Región de",QUEROSENO AVIACIÓN,QuerosenoAviacion,2098
2025-07,"Navarra, Comunidad Foral de",BIODIESEL,Biodiesel,477
2025-07,"Navarra, Comunidad Foral de",BIOETANOL,Bioetanol,0
2025-07,"Navarra, Comunidad Foral de",FUELÓLEO  BIA,Fueloleo_BIA,133
2025-07,"Navarra, Comunidad Foral de",GLP,GLP,735
2025-07,"Navarra, Comunidad Foral de",GASÓLEO A,GasoleoA,53814
2025-07,"Navarra, Comunidad Foral de",GASÓLEO B,GasoleoB,7310
2025-07,"Navarra, Comunidad Foral de",GASÓLEO C,GasoleoC,173
2025-07,"Navarra, Comunidad Foral de",GASOLINA  AUTO. S/PB 95 I.O.,Gasolina95,8398
2025-07,"Navarra, Comunidad Foral de",GASOLINA  AUTO. S/PB 98 I.O.,Gasolina98,302
2025-07,"Navarra, Comunidad Foral de",OTRAS GASOLINAS,OtrasGasolinas,3
2025-07,"Navarra, Comunidad Foral de",OTROS FUELÓLEOS,OtrosFueloleos,0
2025-07,"Navarra, Comunidad Foral de",OTROS GASOLEOS,OtrosGasoleos,0
2025-07,"Navarra, Comunidad Foral de",OTROS QUEROSENOS,OtrosQueroseno,0
2025-07,"Navarra, Comunidad Foral de",QUEROSENO AVIACIÓN,QuerosenoAviacion,207
2025-07,País Vasco,BIODIESEL,Biodiesel,2016
2025-07,País Vasco,BIOETANOL,Bioetanol,0
2025-07,País Vasco,FUELÓLEO  BIA,Fueloleo_BIA,346
2025-07,País Vasco,GLP,GLP,2021
2025-07,País Vasco,GASÓLEO A,GasoleoA,146220
2025-07,País Vasco,GASÓLEO B,GasoleoB,12478
2025-07,País Vasco,GASÓLEO C,GasoleoC,2024
2025-07,País Vasco,GASOLINA  AUTO. S/PB 95 I.O.,Gasolina95,22036
2025-07,País Vasco,GASOLINA  AUTO. S/PB 98 I.O.,Gasolina98,1527
2025-07,País Vasco,OTRAS GASOLINAS,OtrasGasolinas,5
2025-07,País Vasco,OTROS FUELÓLEOS,OtrosFueloleos,0
2025-07,País Vasco,OTROS GASOLEOS,OtrosGasoleos,3809
2025-07,País Vasco,OTROS QUEROSENOS,OtrosQueroseno,0
2025-07,País Vasco,QUEROSENO AVIACIÓN,QuerosenoAviacion,11046
2025-07,"Rioja, La",BIODIESEL,Biodiesel,195
2025-07,"Rioja, La",BIOETANOL,Bioetanol,0
2025-07,"Rioja, La",FUELÓLEO  BIA,Fueloleo_BIA,25
2025-07,"Rioja, La",GLP,GLP,502
2025-07,"Rioja, La",GASÓLEO A,GasoleoA,15124
2025-07,"Rioja, La",GASÓLEO B,GasoleoB,4080
2025-07,"Rioja, La",GASÓLEO C,GasoleoC,439
2025-07,"Rioja, La",GASOLINA  AUTO. S/PB 95 I.O.,Gasolina95,3479
2025-07,"Rioja, La",GASOLINA  AUTO. S/PB 98 I.O.,Gasolina98,133
2025-07,"Rioja, La",OTRAS GASOLINAS,OtrasGasolinas,15
2025-07,"Rioja, La",OTROS FUELÓLEOS,OtrosFueloleos,0
2025-07,"Rioja, La",OTROS GASOLEOS,OtrosGasoleos,0
2025-07,"Rioja, La",OTROS QUEROSENOS,OtrosQueroseno,0
2025-07,"Rioja, La",QUEROSENO AVIACIÓN,QuerosenoAviacion,20
2025-08,Andalucía,BIODIESEL,Biodiesel,1823
2025-08,Andalucía,BIOETANOL,Bioetanol,0
2025-08,Andalucía,FUELÓLEO  BIA,Fueloleo_BIA,22105
2025-08,Andalucía,GLP,GLP,14761
2025-08,Andalucía,GASÓLEO A,GasoleoA,291734
2025-08,Andalucía,GASÓLEO B,GasoleoB,46528
2025-08,Andalucía,GASÓLEO C,GasoleoC,1781
2025-08,Andalucía,GASOLINA  AUTO. S/PB 95 I.O.,Gasolina95,99822
2025-08,Andalucía,GASOLINA  AUTO. S/PB 98 I.O.,Gasolina98,4675
2025-08,Andalucía,OTRAS GASOLINAS,OtrasGasolinas,119
2025-08,Andalucía,OTROS FUELÓLEOS,OtrosFueloleos,223112
2025-08,Andalucía,OTROS GASOLEOS,OtrosGasoleos,72403
2025-08,Andalucía,OTROS QUEROSENOS,OtrosQueroseno,0
2025-08,Andalucía,QUEROSENO AVIACIÓN,QuerosenoAviacion,70750
2025-08,Aragón,BIODIESEL,Biodiesel,1783
2025-08,Aragón,BIOETANOL,Bioetanol,0
2025-08,Aragón,FUELÓLEO  BIA,Fueloleo_BIA,66
2025-08,Aragón,GLP,GLP,2213
2025-08,Aragón,GASÓLEO A,GasoleoA,65430
2025-08,Aragón,GASÓLEO B,GasoleoB,16031
2025-08,Aragón,GASÓLEO C,GasoleoC,1592
2025-08,Aragón,GASOLINA  AUTO. S/PB 95 I.O.,Gasolina95,19286
2025-08,Aragón,GASOLINA  AUTO. S/PB 98 I.O.,Gasolina98,944
2025-08,Aragón,OTRAS GASOLINAS,OtrasGasolinas,10
2025-08,Aragón,OTROS FUELÓLEOS,OtrosFueloleos,258
2025-08,Aragón,OTROS GASOLEOS,OtrosGasoleos,103
2025-08,Aragón,OTROS QUEROSENOS,OtrosQueroseno,0
2025-08,Aragón,QUEROSENO AVIACIÓN,QuerosenoAviacion,7779
2025-08,"Asturias, Principado de",BIODIESEL,Biodiesel,541
2025-08,"Asturias, Principado de",BIOETANOL,Bioetanol,0
2025-08,"Asturias, Principado de",FUELÓLEO  BIA,Fueloleo_BIA,489
2025-08,"Asturias, Principado de",GLP,GLP,1623
2025-08,"Asturias, Principado de",GASÓLEO A,GasoleoA,36317
2025-08,"Asturias, Principado de",GASÓLEO B,GasoleoB,4913
2025-08,"Asturias, Principado de",GASÓLEO C,GasoleoC,1171
2025-08,"Asturias, Principado de",GASOLINA  AUTO. S/PB 95 I.O.,Gasolina95,12768
2025-08,"Asturias, Principado de",GASOLINA  AUTO. S/PB 98 I.O.,Gasolina98,784
2025-08,"Asturias, Principado de",OTRAS GASOLINAS,OtrasGasolinas,3
2025-08,"Asturias, Principado de",OTROS FUELÓLEOS,OtrosFueloleos,108
2025-08,"Asturias, Principado de",OTROS GASOLEOS,OtrosGasoleos,1991
2025-08,"Asturias, Principado de",OTROS QUEROSENOS,OtrosQueroseno,0
2025-08,"Asturias, Principado de",QUEROSENO AVIACIÓN,QuerosenoAviacion,2657
2025-08,"Balears, Illes",BIODIESEL,Biodiesel,0
2025-08,"Balears, Illes",BIOETANOL,Bioetanol,0
2025-08,"Balears, Illes",FUELÓLEO  BIA,Fueloleo_BIA,0
2025-08,"Balears, Illes",GLP,GLP,3931
2025-08,"Balears, Illes",GASÓLEO A,GasoleoA,32625
2025-08,"Balears, Illes",GASÓLEO B,GasoleoB,2913
2025-08,"Balears, Illes",GASÓLEO C,GasoleoC,17887
2025-08,"Balears, Illes",GASOLINA  AUTO. S/PB 95 I.O.,Gasolina95,31813
2025-08,"Balears, Illes",GASOLINA  AUTO. S/PB 98 I.O.,Gasolina98,1357
2025-08,"Balears, Illes",OTRAS GASOLINAS,OtrasGasolinas,30
2025-08,"Balears, Illes",OTROS FUELÓLEOS,OtrosFueloleos,0
2025-08,"Balears, Illes",OTROS GASOLEOS,OtrosGasoleos,8321
2025-08,"Balears, Illes",OTROS QUEROSENOS,OtrosQueroseno,0
2025-08,"Balears, Illes",QUEROSENO AVIACIÓN,QuerosenoAviacion,101193
2025-08,Canarias,BIODIESEL,Biodiesel,423
2025-08,Canarias,BIOETANOL,Bioetanol,0
2025-08,Canarias,FUELÓLEO  BIA,Fueloleo_BIA,145351
2025-08,Canarias,GLP,GLP,5671
2025-08,Canarias,GASÓLEO A,GasoleoA,51240
2025-08,Canarias,GASÓLEO B,GasoleoB,0
2025-08,Canarias,GASÓLEO C,GasoleoC,0
2025-08,Canarias,GASOLINA  AUTO. S/PB 95 I.O.,Gasolina95,38105
2025-08,Canarias,GASOLINA  AUTO. S/PB 98 I.O.,Gasolina98,8296
2025-08,Canarias,OTRAS GASOLINAS,OtrasGasolinas,3
2025-08,Canarias,OTROS FUELÓLEOS,OtrosFueloleos,84210
2025-08,Canarias,OTROS GASOLEOS,OtrosGasoleos,133076
2025-08,Canarias,OTROS QUEROSENOS,OtrosQueroseno,0
2025-08,Canarias,QUEROSENO AVIACIÓN,QuerosenoAviacion,95104
2025-08,Cantabria,BIODIESEL,Biodiesel,687
2025-08,Cantabria,BIOETANOL,Bioetanol,0
2025-08,Cantabria,FUELÓLEO  BIA,Fueloleo_BIA,174
2025-08,Cantabria,GLP,GLP,1049
2025-08,Cantabria,GASÓLEO A,GasoleoA,28123
2025-08,Cantabria,GASÓLEO B,GasoleoB,3534
2025-08,Cantabria,GASÓLEO C,GasoleoC,22
2025-08,Cantabria,GASOLINA  AUTO. S/PB 95 I.O.,Gasolina95,11176
2025-08,Cantabria,GASOLINA  AUTO. S/PB 98 I.O.,Gasolina98,453
2025-08,Cantabria,OTRAS GASOLINAS,OtrasGasolinas,2
2025-08,Cantabria,OTROS FUELÓLEOS,OtrosFueloleos,0
2025-08,Cantabria,OTROS GASOLEOS,OtrosGasoleos,661
2025-08,Cantabria,OTROS QUEROSENOS,OtrosQueroseno,0
2025-08,Cantabria,QUEROSENO AVIACIÓN,QuerosenoAviacion,1361
2025-08,Castilla - La Mancha,BIODIESEL,Biodiesel,1972
2025-08,Castilla - La Mancha,BIOETANOL,Bioetanol,0
2025-08,Castilla - La Mancha,FUELÓLEO  BIA,Fueloleo_BIA,120
2025-08,Castilla - La Mancha,GLP,GLP,2986
2025-08,Castilla - La Mancha,GASÓLEO A,GasoleoA,101312
2025-08,Castilla - La Mancha,GASÓLEO B,GasoleoB,27939
2025-08,Castilla - La Mancha,GASÓLEO C,GasoleoC,2537
2025-08,Castilla - La Mancha,GASOLINA  AUTO. S/PB 95 I.O.,Gasolina95,28304
2025-08,Castilla - La Mancha,GASOLINA  AUTO. S/PB 98 I.O.,Gasolina98,1094
2025-08,Castilla - La Mancha,OTRAS GASOLINAS,OtrasGasolinas,1
2025-08,Castilla - La Mancha,OTROS FUELÓLEOS,OtrosFueloleos,0
2025-08,Castilla - La Mancha,OTROS GASOLEOS,OtrosGasoleos,0
2025-08,Castilla - La Mancha,OTROS QUEROSENOS,OtrosQueroseno,0
2025-08,Castilla - La Mancha,QUEROSENO AVIACIÓN,QuerosenoAviacion,152
2025-08,Castilla y León,BIODIESEL,Biodiesel,1331
2025-08,Castilla y León,BIOETANOL,Bioetanol,0
2025-08,Castilla y León,FUELÓLEO  BIA,Fueloleo_BIA,464
2025-08,Castilla y León,GLP,GLP,4562
2025-08,Castilla y León,GASÓLEO A,GasoleoA,151043
2025-08,Castilla y León,GASÓLEO B,GasoleoB,35620
2025-08,Castilla y León,GASÓLEO C,GasoleoC,3672
2025-08,Castilla y León,GASOLINA  AUTO. S/PB 95 I.O.,Gasolina95,44053
2025-08,Castilla y León,GASOLINA  AUTO. S/PB 98 I.O.,Gasolina98,3017
2025-08,Castilla y León,OTRAS GASOLINAS,OtrasGasolinas,72
2025-08,Castilla y León,OTROS FUELÓLEOS,OtrosFueloleos,0
2025-08,Castilla y León,OTROS GASOLEOS,OtrosGasoleos,0
2025-08,Castilla y León,OTROS QUEROSENOS,OtrosQueroseno,0
2025-08,Castilla y León,QUEROSENO AVIACIÓN,QuerosenoAviacion,1320
2025-08,Cataluña,BIODIESEL,Biodiesel,2919
2025-08,Cataluña,BIOETANOL,Bioetanol,0
2025-08,Cataluña,FUELÓLEO  BIA,Fueloleo_BIA,13821
2025-08,Cataluña,GLP,GLP,7550
2025-08,Cataluña,GASÓLEO A,GasoleoA,273798
2025-08,Cataluña,GASÓLEO B,GasoleoB,25843
2025-08,Cataluña,GASÓLEO C,GasoleoC,2855
2025-08,Cataluña,GASOLINA  AUTO. S/PB 95 I.O.,Gasolina95,107314
2025-08,Cataluña,GASOLINA  AUTO. S/PB 98 I.O.,Gasolina98,5593
2025-08,Cataluña,OTRAS GASOLINAS,OtrasGasolinas,101
2025-08,Cataluña,OTROS FUELÓLEOS,OtrosFueloleos,62348
2025-08,Cataluña,OTROS GASOLEOS,OtrosGasoleos,37767
2025-08,Cataluña,OTROS QUEROSENOS,OtrosQueroseno,0
2025-08,Cataluña,QUEROSENO AVIACIÓN,QuerosenoAviacion,142484
2025-08,Ceuta,BIODIESEL,Biodiesel,0
2025-08,Ceuta,BIOETANOL,Bioetanol,0
2025-08,Ceuta,FUELÓLEO  BIA,Fueloleo_BIA,4344
2025-08,Ceuta,GLP,GLP,127
2025-08,Ceuta,GASÓLEO A,GasoleoA,972
2025-08,Ceuta,GASÓLEO B,GasoleoB,0
2025-08,Ceuta,GASÓLEO C,GasoleoC,27
2025-08,Ceuta,GASOLINA  AUTO. S/PB 95 I.O.,Gasolina95,532
2025-08,Ceuta,GASOLINA  AUTO. S/PB 98 I.O.,Gasolina98,84
2025-08,Ceuta,OTRAS GASOLINAS,OtrasGasolinas,0
2025-08,Ceuta,OTROS FUELÓLEOS,OtrosFueloleos,5102
2025-08,Ceuta,OTROS GASOLEOS,OtrosGasoleos,8505
2025-08,Ceuta,OTROS QUEROSENOS,OtrosQueroseno,0
2025-08,Ceuta,QUEROSENO AVIACIÓN,QuerosenoAviacion,27
2025-08,Comunitat Valenciana,BIODIESEL,Biodiesel,954
2025-08,Comunitat Valenciana,BIOETANOL,Bioetanol,0
2025-08,Comunitat Valenciana,FUELÓLEO  BIA,Fueloleo_BIA,218
2025-08,Comunitat Valenciana,GLP,GLP,7991
2025-08,Comunitat Valenciana,GASÓLEO A,GasoleoA,164780
2025-08,Comunitat Valenciana,GASÓLEO B,GasoleoB,13995
2025-08,Comunitat Valenciana,GASÓLEO C,GasoleoC,1260
2025-08,Comunitat Valenciana,GASOLINA  AUTO. S/PB 95 I.O.,Gasolina95,75898
2025-08,Comunitat Valenciana,GASOLINA  AUTO. S/PB 98 I.O.,Gasolina98,3349
2025-08,Comunitat Valenciana,OTRAS GASOLINAS,OtrasGasolinas,27
2025-08,Comunitat Valenciana,OTROS FUELÓLEOS,OtrosFueloleos,22761
2025-08,Comunitat Valenciana,OTROS GASOLEOS,OtrosGasoleos,30424
2025-08,Comunitat Valenciana,OTROS QUEROSENOS,OtrosQueroseno,0
2025-08,Comunitat Valenciana,QUEROSENO AVIACIÓN,QuerosenoAviacion,52406
2025-08,ESPAÑA,BIODIESEL,Biodiesel,19929
2025-08,ESPAÑA,BIOETANOL,Bioetanol,0
2025-08,ESPAÑA,FUELÓLEO  BIA,Fueloleo_BIA,194731
2025-08,ESPAÑA,GLP,GLP,71623
2025-08,ESPAÑA,GASÓLEO A,GasoleoA,1748783
2025-08,ESPAÑA,GASÓLEO B,GasoleoB,238715
2025-08,ESPAÑA,GASÓLEO C,GasoleoC,44699
2025-08,ESPAÑA,GASOLINA  AUTO. S/PB 95 I.O.,Gasolina95,634026
2025-08,ESPAÑA,GASOLINA  AUTO. S/PB 98 I.O.,Gasolina98,37631
2025-08,ESPAÑA,OTRAS GASOLINAS,OtrasGasolinas,504
2025-08,ESPAÑA,OTROS FUELÓLEOS,OtrosFueloleos,398818
2025-08,ESPAÑA,OTROS GASOLEOS,OtrosGasoleos,306887
2025-08,ESPAÑA,OTROS QUEROSENOS,OtrosQueroseno,3
2025-08,ESPAÑA,QUEROSENO AVIACIÓN,QuerosenoAviacion,758069
2025-08,Extremadura,BIODIESEL,Biodiesel,325
2025-08,Extremadura,BIOETANOL,Bioetanol,0
2025-08,Extremadura,FUELÓLEO  BIA,Fueloleo_BIA,179
2025-08,Extremadura,GLP,GLP,2225
2025-08,Extremadura,GASÓLEO A,GasoleoA,58047
2025-08,Extremadura,GASÓLEO B,GasoleoB,11222
2025-08,Extremadura,GASÓLEO C,GasoleoC,240
2025-08,Extremadura,GASOLINA  AUTO. S/PB 95 I.O.,Gasolina95,13456
2025-08,Extremadura,GASOLINA  AUTO. S/PB 98 I.O.,Gasolina98,480
2025-08,Extremadura,OTRAS GASOLINAS,OtrasGasolinas,5
2025-08,Extremadura,OTROS FUELÓLEOS,OtrosFueloleos,0
2025-08,Extremadura,OTROS GASOLEOS,OtrosGasoleos,0
2025-08,Extremadura,OTROS QUEROSENOS,OtrosQueroseno,0
2025-08,Extremadura,QUEROSENO AVIACIÓN,QuerosenoAviacion,414
2025-08,Galicia,BIODIESEL,Biodiesel,509
2025-08,Galicia,BIOETANOL,Bioetanol,0
2025-08,Galicia,FUELÓLEO  BIA,Fueloleo_BIA,1266
2025-08,Galicia,GLP,GLP,6642
2025-08,Galicia,GASÓLEO A,GasoleoA,118846
2025-08,Galicia,GASÓLEO B,GasoleoB,16215
2025-08,Galicia,GASÓLEO C,GasoleoC,6445
2025-08,Galicia,GASOLINA  AUTO. S/PB 95 I.O.,Gasolina95,35504
2025-08,Galicia,GASOLINA  AUTO. S/PB 98 I.O.,Gasolina98,2060
2025-08,Galicia,OTRAS GASOLINAS,OtrasGasolinas,17
2025-08,Galicia,OTROS FUELÓLEOS,OtrosFueloleos,919
2025-08,Galicia,OTROS GASOLEOS,OtrosGasoleos,9679
2025-08,Galicia,OTROS QUEROSENOS,OtrosQueroseno,0
2025-08,Galicia,QUEROSENO AVIACIÓN,QuerosenoAviacion,8421
2025-08,"Madrid, Comunidad de",BIODIESEL,Biodiesel,2698
2025-08,"Madrid, Comunidad de",BIOETANOL,Bioetanol,0
2025-08,"Madrid, Comunidad de",FUELÓLEO  BIA,Fueloleo_BIA,295
2025-08,"Madrid, Comunidad de",GLP,GLP,4568
2025-08,"Madrid, Comunidad de",GASÓLEO A,GasoleoA,127859
2025-08,"Madrid, Comunidad de",GASÓLEO B,GasoleoB,6858
2025-08,"Madrid, Comunidad de",GASÓLEO C,GasoleoC,3247
2025-08,"Madrid, Comunidad de",GASOLINA  AUTO. S/PB 95 I.O.,Gasolina95,63972
2025-08,"Madrid, Comunidad de",GASOLINA  AUTO. S/PB 98 I.O.,Gasolina98,2407
2025-08,"Madrid, Comunidad de",OTRAS GASOLINAS,OtrasGasolinas,74
2025-08,"Madrid, Comunidad de",OTROS FUELÓLEOS,OtrosFueloleos,0
2025-08,"Madrid, Comunidad de",OTROS GASOLEOS,OtrosGasoleos,0
2025-08,"Madrid, Comunidad de",OTROS QUEROSENOS,OtrosQueroseno,0
2025-08,"Madrid, Comunidad de",QUEROSENO AVIACIÓN,QuerosenoAviacion,260972
2025-08,Melilla,BIODIESEL,Biodiesel,0
2025-08,Melilla,BIOETANOL,Bioetanol,0
2025-08,Melilla,FUELÓLEO  BIA,Fueloleo_BIA,4877
2025-08,Melilla,GLP,GLP,121
2025-08,Melilla,GASÓLEO A,GasoleoA,1230
2025-08,Melilla,GASÓLEO B,GasoleoB,0
2025-08,Melilla,GASÓLEO C,GasoleoC,0
2025-08,Melilla,GASOLINA  AUTO. S/PB 95 I.O.,Gasolina95,618
2025-08,Melilla,GASOLINA  AUTO. S/PB 98 I.O.,Gasolina98,0
2025-08,Melilla,OTRAS GASOLINAS,OtrasGasolinas,0
2025-08,Melilla,OTROS FUELÓLEOS,OtrosFueloleos,0
2025-08,Melilla,OTROS GASOLEOS,OtrosGasoleos,0
2025-08,Melilla,OTROS QUEROSENOS,OtrosQueroseno,0
2025-08,Melilla,QUEROSENO AVIACIÓN,QuerosenoAviacion,186
2025-08,"Murcia, Región de",BIODIESEL,Biodiesel,1860
2025-08,"Murcia, Región de",BIOETANOL,Bioetanol,0
2025-08,"Murcia, Región de",FUELÓLEO  BIA,Fueloleo_BIA,188
2025-08,"Murcia, Región de",GLP,GLP,2469
2025-08,"Murcia, Región de",GASÓLEO A,GasoleoA,73974
2025-08,"Murcia, Región de",GASÓLEO B,GasoleoB,10644
2025-08,"Murcia, Región de",GASÓLEO C,GasoleoC,246
2025-08,"Murcia, Región de",GASOLINA  AUTO. S/PB 95 I.O.,Gasolina95,17816
2025-08,"Murcia, Región de",GASOLINA  AUTO. S/PB 98 I.O.,Gasolina98,760
2025-08,"Murcia, Región de",OTRAS GASOLINAS,OtrasGasolinas,16
2025-08,"Murcia, Región de",OTROS FUELÓLEOS,OtrosFueloleos,0
2025-08,"Murcia, Región de",OTROS GASOLEOS,OtrosGasoleos,1187
2025-08,"Murcia, Región de",OTROS QUEROSENOS,OtrosQueroseno,0
2025-08,"Murcia, Región de",QUEROSENO AVIACIÓN,QuerosenoAviacion,1848
2025-08,"Navarra, Comunidad Foral de",BIODIESEL,Biodiesel,465
2025-08,"Navarra, Comunidad Foral de",BIOETANOL,Bioetanol,0
2025-08,"Navarra, Comunidad Foral de",FUELÓLEO  BIA,Fueloleo_BIA,291
2025-08,"Navarra, Comunidad Foral de",GLP,GLP,824
2025-08,"Navarra, Comunidad Foral de",GASÓLEO A,GasoleoA,47013
2025-08,"Navarra, Comunidad Foral de",GASÓLEO B,GasoleoB,5004
2025-08,"Navarra, Comunidad Foral de",GASÓLEO C,GasoleoC,212
2025-08,"Navarra, Comunidad Foral de",GASOLINA  AUTO. S/PB 95 I.O.,Gasolina95,8936
2025-08,"Navarra, Comunidad Foral de",GASOLINA  AUTO. S/PB 98 I.O.,Gasolina98,387
2025-08,"Navarra, Comunidad Foral de",OTRAS GASOLINAS,OtrasGasolinas,4
2025-08,"Navarra, Comunidad Foral de",OTROS FUELÓLEOS,OtrosFueloleos,0
2025-08,"Navarra, Comunidad Foral de",OTROS GASOLEOS,OtrosGasoleos,0
2025-08,"Navarra, Comunidad Foral de",OTROS QUEROSENOS,OtrosQueroseno,0
2025-08,"Navarra, Comunidad Foral de",QUEROSENO AVIACIÓN,QuerosenoAviacion,212
2025-08,País Vasco,BIODIESEL,Biodiesel,1491
2025-08,País Vasco,BIOETANOL,Bioetanol,0
2025-08,País Vasco,FUELÓLEO  BIA,Fueloleo_BIA,391
2025-08,País Vasco,GLP,GLP,1809
2025-08,País Vasco,GASÓLEO A,GasoleoA,112074
2025-08,País Vasco,GASÓLEO B,GasoleoB,8787
2025-08,País Vasco,GASÓLEO C,GasoleoC,1099
2025-08,País Vasco,GASOLINA  AUTO. S/PB 95 I.O.,Gasolina95,21087
2025-08,País Vasco,GASOLINA  AUTO. S/PB 98 I.O.,Gasolina98,1729
2025-08,País Vasco,OTRAS GASOLINAS,OtrasGasolinas,7
2025-08,País Vasco,OTROS FUELÓLEOS,OtrosFueloleos,0
2025-08,País Vasco,OTROS GASOLEOS,OtrosGasoleos,2770
2025-08,País Vasco,OTROS QUEROSENOS,OtrosQueroseno,3
2025-08,País Vasco,QUEROSENO AVIACIÓN,QuerosenoAviacion,10741
2025-08,"Rioja, La",BIODIESEL,Biodiesel,148
2025-08,"Rioja, La",BIOETANOL,Bioetanol,0
2025-08,"Rioja, La",FUELÓLEO  BIA,Fueloleo_BIA,92
2025-08,"Rioja, La",GLP,GLP,501
2025-08,"Rioja, La",GASÓLEO A,GasoleoA,12366
2025-08,"Rioja, La",GASÓLEO B,GasoleoB,2669
2025-08,"Rioja, La",GASÓLEO C,GasoleoC,406
2025-08,"Rioja, La",GASOLINA  AUTO. S/PB 95 I.O.,Gasolina95,3566
2025-08,"Rioja, La",GASOLINA  AUTO. S/PB 98 I.O.,Gasolina98,162
2025-08,"Rioja, La",OTRAS GASOLINAS,OtrasGasolinas,13
2025-08,"Rioja, La",OTROS FUELÓLEOS,OtrosFueloleos,0
2025-08,"Rioja, La",OTROS GASOLEOS,OtrosGasoleos,0
2025-08,"Rioja, La",OTROS QUEROSENOS,OtrosQueroseno,0
2025-08,"Rioja, La",QUEROSENO AVIACIÓN,QuerosenoAviacion,42
2025-09,Andalucía,BIODIESEL,Biodiesel,1612
2025-09,Andalucía,BIOETANOL,Bioetanol,0
2025-09,Andalucía,FUELÓLEO  BIA,Fueloleo_BIA,26472
2025-09,Andalucía,GLP,GLP,17868
2025-09,Andalucía,GASÓLEO A,GasoleoA,291452
2025-09,Andalucía,GASÓLEO B,GasoleoB,53727
2025-09,Andalucía,GASÓLEO C,GasoleoC,3059
2025-09,Andalucía,GASOLINA  AUTO. S/PB 95 I.O.,Gasolina95,89173
2025-09,Andalucía,GASOLINA  AUTO. S/PB 98 I.O.,Gasolina98,3626
2025-09,Andalucía,OTRAS GASOLINAS,OtrasGasolinas,104
2025-09,Andalucía,OTROS FUELÓLEOS,OtrosFueloleos,221217
2025-09,Andalucía,OTROS GASOLEOS,OtrosGasoleos,54680
2025-09,Andalucía,OTROS QUEROSENOS,OtrosQueroseno,0
2025-09,Andalucía,QUEROSENO AVIACIÓN,QuerosenoAviacion,65182
2025-09,Aragón,BIODIESEL,Biodiesel,1862
2025-09,Aragón,BIOETANOL,Bioetanol,0
2025-09,Aragón,FUELÓLEO  BIA,Fueloleo_BIA,180
2025-09,Aragón,GLP,GLP,2720
2025-09,Aragón,GASÓLEO A,GasoleoA,68064
2025-09,Aragón,GASÓLEO B,GasoleoB,20410
2025-09,Aragón,GASÓLEO C,GasoleoC,3373
2025-09,Aragón,GASOLINA  AUTO. S/PB 95 I.O.,Gasolina95,16215
2025-09,Aragón,GASOLINA  AUTO. S/PB 98 I.O.,Gasolina98,732
2025-09,Aragón,OTRAS GASOLINAS,OtrasGasolinas,5
2025-09,Aragón,OTROS FUELÓLEOS,OtrosFueloleos,475
2025-09,Aragón,OTROS GASOLEOS,OtrosGasoleos,127
2025-09,Aragón,OTROS QUEROSENOS,OtrosQueroseno,0
2025-09,Aragón,QUEROSENO AVIACIÓN,QuerosenoAviacion,8755
2025-09,"Asturias, Principado de",BIODIESEL,Biodiesel,265
2025-09,"Asturias, Principado de",BIOETANOL,Bioetanol,0
2025-09,"Asturias, Principado de",FUELÓLEO  BIA,Fueloleo_BIA,436
2025-09,"Asturias, Principado de",GLP,GLP,1580
2025-09,"Asturias, Principado de",GASÓLEO A,GasoleoA,33408
2025-09,"Asturias, Principado de",GASÓLEO B,GasoleoB,5959
2025-09,"Asturias, Principado de",GASÓLEO C,GasoleoC,1694
2025-09,"Asturias, Principado de",GASOLINA  AUTO. S/PB 95 I.O.,Gasolina95,9702
2025-09,"Asturias, Principado de",GASOLINA  AUTO. S/PB 98 I.O.,Gasolina98,582
2025-09,"Asturias, Principado de",OTRAS GASOLINAS,OtrasGasolinas,3
2025-09,"Asturias, Principado de",OTROS FUELÓLEOS,OtrosFueloleos,825
2025-09,"Asturias, Principado de",OTROS GASOLEOS,OtrosGasoleos,3138
2025-09,"Asturias, Principado de",OTROS QUEROSENOS,OtrosQueroseno,0
2025-09,"Asturias, Principado de",QUEROSENO AVIACIÓN,QuerosenoAviacion,2329
2025-09,"Balears, Illes",BIODIESEL,Biodiesel,0
2025-09,"Balears, Illes",BIOETANOL,Bioetanol,0
2025-09,"Balears, Illes",FUELÓLEO  BIA,Fueloleo_BIA,0
2025-09,"Balears, Illes",GLP,GLP,3989
2025-09,"Balears, Illes",GASÓLEO A,GasoleoA,30199
2025-09,"Balears, Illes",GASÓLEO B,GasoleoB,3332
2025-09,"Balears, Illes",GASÓLEO C,GasoleoC,12116
2025-09,"Balears, Illes",GASOLINA  AUTO. S/PB 95 I.O.,Gasolina95,26930
2025-09,"Balears, Illes",GASOLINA  AUTO. S/PB 98 I.O.,Gasolina98,1168
2025-09,"Balears, Illes",OTRAS GASOLINAS,OtrasGasolinas,29
2025-09,"Balears, Illes",OTROS FUELÓLEOS,OtrosFueloleos,0
2025-09,"Balears, Illes",OTROS GASOLEOS,OtrosGasoleos,5180
2025-09,"Balears, Illes",OTROS QUEROSENOS,OtrosQueroseno,0
2025-09,"Balears, Illes",QUEROSENO AVIACIÓN,QuerosenoAviacion,86962
2025-09,Canarias,BIODIESEL,Biodiesel,520
2025-09,Canarias,BIOETANOL,Bioetanol,0
2025-09,Canarias,FUELÓLEO  BIA,Fueloleo_BIA,133472
2025-09,Canarias,GLP,GLP,6064
2025-09,Canarias,GASÓLEO A,GasoleoA,52371
2025-09,Canarias,GASÓLEO B,GasoleoB,0
2025-09,Canarias,GASÓLEO C,GasoleoC,0
2025-09,Canarias,GASOLINA  AUTO. S/PB 95 I.O.,Gasolina95,38415
2025-09,Canarias,GASOLINA  AUTO. S/PB 98 I.O.,Gasolina98,8472
2025-09,Canarias,OTRAS GASOLINAS,OtrasGasolinas,5
2025-09,Canarias,OTROS FUELÓLEOS,OtrosFueloleos,92763
2025-09,Canarias,OTROS GASOLEOS,OtrosGasoleos,129134
2025-09,Canarias,OTROS QUEROSENOS,OtrosQueroseno,0
2025-09,Canarias,QUEROSENO AVIACIÓN,QuerosenoAviacion,94212
2025-09,Cantabria,BIODIESEL,Biodiesel,547
2025-09,Cantabria,BIOETANOL,Bioetanol,0
2025-09,Cantabria,FUELÓLEO  BIA,Fueloleo_BIA,463
2025-09,Cantabria,GLP,GLP,1326
2025-09,Cantabria,GASÓLEO A,GasoleoA,25188
2025-09,Cantabria,GASÓLEO B,GasoleoB,3966
2025-09,Cantabria,GASÓLEO C,GasoleoC,28
2025-09,Cantabria,GASOLINA  AUTO. S/PB 95 I.O.,Gasolina95,7987
2025-09,Cantabria,GASOLINA  AUTO. S/PB 98 I.O.,Gasolina98,352
2025-09,Cantabria,OTRAS GASOLINAS,OtrasGasolinas,1
2025-09,Cantabria,OTROS FUELÓLEOS,OtrosFueloleos,0
2025-09,Cantabria,OTROS GASOLEOS,OtrosGasoleos,817
2025-09,Cantabria,OTROS QUEROSENOS,OtrosQueroseno,0
2025-09,Cantabria,QUEROSENO AVIACIÓN,QuerosenoAviacion,1181
2025-09,Castilla - La Mancha,BIODIESEL,Biodiesel,1932
2025-09,Castilla - La Mancha,BIOETANOL,Bioetanol,0
2025-09,Castilla - La Mancha,FUELÓLEO  BIA,Fueloleo_BIA,158
2025-09,Castilla - La Mancha,GLP,GLP,3620
2025-09,Castilla - La Mancha,GASÓLEO A,GasoleoA,105004
2025-09,Castilla - La Mancha,GASÓLEO B,GasoleoB,33458
2025-09,Castilla - La Mancha,GASÓLEO C,GasoleoC,5696
2025-09,Castilla - La Mancha,GASOLINA  AUTO. S/PB 95 I.O.,Gasolina95,24700
2025-09,Castilla - La Mancha,GASOLINA  AUTO. S/PB 98 I.O.,Gasolina98,928
2025-09,Castilla - La Mancha,OTRAS GASOLINAS,OtrasGasolinas,19
2025-09,Castilla - La Mancha,OTROS FUELÓLEOS,OtrosFueloleos,0
2025-09,Castilla - La Mancha,OTROS GASOLEOS,OtrosGasoleos,0
2025-09,Castilla - La Mancha,OTROS QUEROSENOS,OtrosQueroseno,0
2025-09,Castilla - La Mancha,QUEROSENO AVIACIÓN,QuerosenoAviacion,158
2025-09,Castilla y León,BIODIESEL,Biodiesel,1113
2025-09,Castilla y León,BIOETANOL,Bioetanol,17
2025-09,Castilla y León,FUELÓLEO  BIA,Fueloleo_BIA,640
2025-09,Castilla y León,GLP,GLP,4847
2025-09,Castilla y León,GASÓLEO A,GasoleoA,146888
2025-09,Castilla y León,GASÓLEO B,GasoleoB,40186
2025-09,Castilla y León,GASÓLEO C,GasoleoC,7967
2025-09,Castilla y León,GASOLINA  AUTO. S/PB 95 I.O.,Gasolina95,31039
2025-09,Castilla y León,GASOLINA  AUTO. S/PB 98 I.O.,Gasolina98,1508
2025-09,Castilla y León,OTRAS GASOLINAS,OtrasGasolinas,68
2025-09,Castilla y León,OTROS FUELÓLEOS,OtrosFueloleos,0
2025-09,Castilla y León,OTROS GASOLEOS,OtrosGasoleos,0
2025-09,Castilla y León,OTROS QUEROSENOS,OtrosQueroseno,0
2025-09,Castilla y León,QUEROSENO AVIACIÓN,QuerosenoAviacion,279
2025-09,Cataluña,BIODIESEL,Biodiesel,2503
2025-09,Cataluña,BIOETANOL,Bioetanol,0
2025-09,Cataluña,FUELÓLEO  BIA,Fueloleo_BIA,19765
2025-09,Cataluña,GLP,GLP,8814
2025-09,Cataluña,GASÓLEO A,GasoleoA,287783
2025-09,Cataluña,GASÓLEO B,GasoleoB,34036
2025-09,Cataluña,GASÓLEO C,GasoleoC,5692
2025-09,Cataluña,GASOLINA  AUTO. S/PB 95 I.O.,Gasolina95,100591
2025-09,Cataluña,GASOLINA  AUTO. S/PB 98 I.O.,Gasolina98,4780
2025-09,Cataluña,OTRAS GASOLINAS,OtrasGasolinas,117
2025-09,Cataluña,OTROS FUELÓLEOS,OtrosFueloleos,51260
2025-09,Cataluña,OTROS GASOLEOS,OtrosGasoleos,37171
2025-09,Cataluña,OTROS QUEROSENOS,OtrosQueroseno,0
2025-09,Cataluña,QUEROSENO AVIACIÓN,QuerosenoAviacion,131632
2025-09,Ceuta,BIODIESEL,Biodiesel,0
2025-09,Ceuta,BIOETANOL,Bioetanol,0
2025-09,Ceuta,FUELÓLEO  BIA,Fueloleo_BIA,2393
2025-09,Ceuta,GLP,GLP,166
2025-09,Ceuta,GASÓLEO A,GasoleoA,990
2025-09,Ceuta,GASÓLEO B,GasoleoB,0
2025-09,Ceuta,GASÓLEO C,GasoleoC,0
2025-09,Ceuta,GASOLINA  AUTO. S/PB 95 I.O.,Gasolina95,565
2025-09,Ceuta,GASOLINA  AUTO. S/PB 98 I.O.,Gasolina98,99
2025-09,Ceuta,OTRAS GASOLINAS,OtrasGasolinas,0
2025-09,Ceuta,OTROS FUELÓLEOS,OtrosFueloleos,6396
2025-09,Ceuta,OTROS GASOLEOS,OtrosGasoleos,10920
2025-09,Ceuta,OTROS QUEROSENOS,OtrosQueroseno,0
2025-09,Ceuta,QUEROSENO AVIACIÓN,QuerosenoAviacion,54
2025-09,Comunitat Valenciana,BIODIESEL,Biodiesel,900
2025-09,Comunitat Valenciana,BIOETANOL,Bioetanol,0
2025-09,Comunitat Valenciana,FUELÓLEO  BIA,Fueloleo_BIA,289
2025-09,Comunitat Valenciana,GLP,GLP,8949
2025-09,Comunitat Valenciana,GASÓLEO A,GasoleoA,167938
2025-09,Comunitat Valenciana,GASÓLEO B,GasoleoB,18182
2025-09,Comunitat Valenciana,GASÓLEO C,GasoleoC,2116
2025-09,Comunitat Valenciana,GASOLINA  AUTO. S/PB 95 I.O.,Gasolina95,67039
2025-09,Comunitat Valenciana,GASOLINA  AUTO. S/PB 98 I.O.,Gasolina98,2795
2025-09,Comunitat Valenciana,OTRAS GASOLINAS,OtrasGasolinas,34
2025-09,Comunitat Valenciana,OTROS FUELÓLEOS,OtrosFueloleos,17725
2025-09,Comunitat Valenciana,OTROS GASOLEOS,OtrosGasoleos,27823
2025-09,Comunitat Valenciana,OTROS QUEROSENOS,OtrosQueroseno,1
2025-09,Comunitat Valenciana,QUEROSENO AVIACIÓN,QuerosenoAviacion,48814
2025-09,ESPAÑA,BIODIESEL,Biodiesel,18836
2025-09,ESPAÑA,BIOETANOL,Bioetanol,17
2025-09,ESPAÑA,FUELÓLEO  BIA,Fueloleo_BIA,193000
2025-09,ESPAÑA,GLP,GLP,83973
2025-09,ESPAÑA,GASÓLEO A,GasoleoA,1802901
2025-09,ESPAÑA,GASÓLEO B,GasoleoB,291741
2025-09,ESPAÑA,GASÓLEO C,GasoleoC,65332
2025-09,ESPAÑA,GASOLINA  AUTO. S/PB 95 I.O.,Gasolina95,574207
2025-09,ESPAÑA,GASOLINA  AUTO. S/PB 98 I.O.,Gasolina98,31668
2025-09,ESPAÑA,OTRAS GASOLINAS,OtrasGasolinas,522
2025-09,ESPAÑA,OTROS FUELÓLEOS,OtrosFueloleos,392514
2025-09,ESPAÑA,OTROS GASOLEOS,OtrosGasoleos,285221
2025-09,ESPAÑA,OTROS QUEROSENOS,OtrosQueroseno,6
2025-09,ESPAÑA,QUEROSENO AVIACIÓN,QuerosenoAviacion,708651
2025-09,Extremadura,BIODIESEL,Biodiesel,540
2025-09,Extremadura,BIOETANOL,Bioetanol,0
2025-09,Extremadura,FUELÓLEO  BIA,Fueloleo_BIA,229
2025-09,Extremadura,GLP,GLP,3143
2025-09,Extremadura,GASÓLEO A,GasoleoA,57540
2025-09,Extremadura,GASÓLEO B,GasoleoB,11603
2025-09,Extremadura,GASÓLEO C,GasoleoC,409
2025-09,Extremadura,GASOLINA  AUTO. S/PB 95 I.O.,Gasolina95,10793
2025-09,Extremadura,GASOLINA  AUTO. S/PB 98 I.O.,Gasolina98,351
2025-09,Extremadura,OTRAS GASOLINAS,OtrasGasolinas,2
2025-09,Extremadura,OTROS FUELÓLEOS,OtrosFueloleos,0
2025-09,Extremadura,OTROS GASOLEOS,OtrosGasoleos,0
2025-09,Extremadura,OTROS QUEROSENOS,OtrosQueroseno,0
2025-09,Extremadura,QUEROSENO AVIACIÓN,QuerosenoAviacion,122
2025-09,Galicia,BIODIESEL,Biodiesel,414
2025-09,Galicia,BIOETANOL,Bioetanol,0
2025-09,Galicia,FUELÓLEO  BIA,Fueloleo_BIA,4830
2025-09,Galicia,GLP,GLP,7828
2025-09,Galicia,GASÓLEO A,GasoleoA,114860
2025-09,Galicia,GASÓLEO B,GasoleoB,23996
2025-09,Galicia,GASÓLEO C,GasoleoC,12857
2025-09,Galicia,GASOLINA  AUTO. S/PB 95 I.O.,Gasolina95,27827
2025-09,Galicia,GASOLINA  AUTO. S/PB 98 I.O.,Gasolina98,1421
2025-09,Galicia,OTRAS GASOLINAS,OtrasGasolinas,13
2025-09,Galicia,OTROS FUELÓLEOS,OtrosFueloleos,1853
2025-09,Galicia,OTROS GASOLEOS,OtrosGasoleos,11918
2025-09,Galicia,OTROS QUEROSENOS,OtrosQueroseno,0
2025-09,Galicia,QUEROSENO AVIACIÓN,QuerosenoAviacion,7094
2025-09,"Madrid, Comunidad de",BIODIESEL,Biodiesel,2821
2025-09,"Madrid, Comunidad de",BIOETANOL,Bioetanol,0
2025-09,"Madrid, Comunidad de",FUELÓLEO  BIA,Fueloleo_BIA,384
2025-09,"Madrid, Comunidad de",GLP,GLP,6134
2025-09,"Madrid, Comunidad de",GASÓLEO A,GasoleoA,147429
2025-09,"Madrid, Comunidad de",GASÓLEO B,GasoleoB,9344
2025-09,"Madrid, Comunidad de",GASÓLEO C,GasoleoC,6314
2025-09,"Madrid, Comunidad de",GASOLINA  AUTO. S/PB 95 I.O.,Gasolina95,76312
2025-09,"Madrid, Comunidad de",GASOLINA  AUTO. S/PB 98 I.O.,Gasolina98,2622
2025-09,"Madrid, Comunidad de",OTRAS GASOLINAS,OtrasGasolinas,85
2025-09,"Madrid, Comunidad de",OTROS FUELÓLEOS,OtrosFueloleos,0
2025-09,"Madrid, Comunidad de",OTROS GASOLEOS,OtrosGasoleos,0
2025-09,"Madrid, Comunidad de",OTROS QUEROSENOS,OtrosQueroseno,0
2025-09,"Madrid, Comunidad de",QUEROSENO AVIACIÓN,QuerosenoAviacion,248475
2025-09,Melilla,BIODIESEL,Biodiesel,0
2025-09,Melilla,BIOETANOL,Bioetanol,0
2025-09,Melilla,FUELÓLEO  BIA,Fueloleo_BIA,2600
2025-09,Melilla,GLP,GLP,139
2025-09,Melilla,GASÓLEO A,GasoleoA,1126
2025-09,Melilla,GASÓLEO B,GasoleoB,0
2025-09,Melilla,GASÓLEO C,GasoleoC,0
2025-09,Melilla,GASOLINA  AUTO. S/PB 95 I.O.,Gasolina95,585
2025-09,Melilla,GASOLINA  AUTO. S/PB 98 I.O.,Gasolina98,0
2025-09,Melilla,OTRAS GASOLINAS,OtrasGasolinas,0
2025-09,Melilla,OTROS FUELÓLEOS,OtrosFueloleos,0
2025-09,Melilla,OTROS GASOLEOS,OtrosGasoleos,0
2025-09,Melilla,OTROS QUEROSENOS,OtrosQueroseno,0
2025-09,Melilla,QUEROSENO AVIACIÓN,QuerosenoAviacion,174
2025-09,"Murcia, Región de",BIODIESEL,Biodiesel,1745
2025-09,"Murcia, Región de",BIOETANOL,Bioetanol,0
2025-09,"Murcia, Región de",FUELÓLEO  BIA,Fueloleo_BIA,250
2025-09,"Murcia, Región de",GLP,GLP,2874
2025-09,"Murcia, Región de",GASÓLEO A,GasoleoA,74755
2025-09,"Murcia, Región de",GASÓLEO B,GasoleoB,11963
2025-09,"Murcia, Región de",GASÓLEO C,GasoleoC,584
2025-09,"Murcia, Región de",GASOLINA  AUTO. S/PB 95 I.O.,Gasolina95,16051
2025-09,"Murcia, Región de",GASOLINA  AUTO. S/PB 98 I.O.,Gasolina98,702
2025-09,"Murcia, Región de",OTRAS GASOLINAS,OtrasGasolinas,18
2025-09,"Murcia, Región de",OTROS FUELÓLEOS,OtrosFueloleos,0
2025-09,"Murcia, Región de",OTROS GASOLEOS,OtrosGasoleos,1657
2025-09,"Murcia, Región de",OTROS QUEROSENOS,OtrosQueroseno,0
2025-09,"Murcia, Región de",QUEROSENO AVIACIÓN,QuerosenoAviacion,2331
2025-09,"Navarra, Comunidad Foral de",BIODIESEL,Biodiesel,578
2025-09,"Navarra, Comunidad Foral de",BIOETANOL,Bioetanol,0
2025-09,"Navarra, Comunidad Foral de",FUELÓLEO  BIA,Fueloleo_BIA,186
2025-09,"Navarra, Comunidad Foral de",GLP,GLP,1138
2025-09,"Navarra, Comunidad Foral de",GASÓLEO A,GasoleoA,51218
2025-09,"Navarra, Comunidad Foral de",GASÓLEO B,GasoleoB,7193
2025-09,"Navarra, Comunidad Foral de",GASÓLEO C,GasoleoC,418
2025-09,"Navarra, Comunidad Foral de",GASOLINA  AUTO. S/PB 95 I.O.,Gasolina95,7978
2025-09,"Navarra, Comunidad Foral de",GASOLINA  AUTO. S/PB 98 I.O.,Gasolina98,300
2025-09,"Navarra, Comunidad Foral de",OTRAS GASOLINAS,OtrasGasolinas,3
2025-09,"Navarra, Comunidad Foral de",OTROS FUELÓLEOS,OtrosFueloleos,0
2025-09,"Navarra, Comunidad Foral de",OTROS GASOLEOS,OtrosGasoleos,0
2025-09,"Navarra, Comunidad Foral de",OTROS QUEROSENOS,OtrosQueroseno,0
2025-09,"Navarra, Comunidad Foral de",QUEROSENO AVIACIÓN,QuerosenoAviacion,138
2025-09,País Vasco,BIODIESEL,Biodiesel,1348
2025-09,País Vasco,BIOETANOL,Bioetanol,0
2025-09,País Vasco,FUELÓLEO  BIA,Fueloleo_BIA,209
2025-09,País Vasco,GLP,GLP,2158
2025-09,País Vasco,GASÓLEO A,GasoleoA,133287
2025-09,País Vasco,GASÓLEO B,GasoleoB,11233
2025-09,País Vasco,GASÓLEO C,GasoleoC,2376
2025-09,País Vasco,GASOLINA  AUTO. S/PB 95 I.O.,Gasolina95,19266
2025-09,País Vasco,GASOLINA  AUTO. S/PB 98 I.O.,Gasolina98,1113
2025-09,País Vasco,OTRAS GASOLINAS,OtrasGasolinas,3
2025-09,País Vasco,OTROS FUELÓLEOS,OtrosFueloleos,0
2025-09,País Vasco,OTROS GASOLEOS,OtrosGasoleos,2656
2025-09,País Vasco,OTROS QUEROSENOS,OtrosQueroseno,5
2025-09,País Vasco,QUEROSENO AVIACIÓN,QuerosenoAviacion,10701
2025-09,"Rioja, La",BIODIESEL,Biodiesel,136
2025-09,"Rioja, La",BIOETANOL,Bioetanol,0
2025-09,"Rioja, La",FUELÓLEO  BIA,Fueloleo_BIA,44
2025-09,"Rioja, La",GLP,GLP,616
2025-09,"Rioja, La",GASÓLEO A,GasoleoA,13401
2025-09,"Rioja, La",GASÓLEO B,GasoleoB,3153
2025-09,"Rioja, La",GASÓLEO C,GasoleoC,633
2025-09,"Rioja, La",GASOLINA  AUTO. S/PB 95 I.O.,Gasolina95,3039
2025-09,"Rioja, La",GASOLINA  AUTO. S/PB 98 I.O.,Gasolina98,117
2025-09,"Rioja, La",OTRAS GASOLINAS,OtrasGasolinas,13
2025-09,"Rioja, La",OTROS FUELÓLEOS,OtrosFueloleos,0
2025-09,"Rioja, La",OTROS GASOLEOS,OtrosGasoleos,0
2025-09,"Rioja, La",OTROS QUEROSENOS,OtrosQueroseno,0
2025-09,"Rioja, La",QUEROSENO AVIACIÓN,QuerosenoAviacion,58
2025-10,Andalucía,BIODIESEL,Biodiesel,1637
2025-10,Andalucía,BIOETANOL,Bioetanol,0
2025-10,Andalucía,FUELÓLEO  BIA,Fueloleo_BIA,29353
2025-10,Andalucía,GLP,GLP,20532
2025-10,Andalucía,GASÓLEO A,GasoleoA,309630
2025-10,Andalucía,GASÓLEO B,GasoleoB,61044
2025-10,Andalucía,GASÓLEO C,GasoleoC,4417
2025-10,Andalucía,GASOLINA  AUTO. S/PB 95 I.O.,Gasolina95,91252
2025-10,Andalucía,GASOLINA  AUTO. S/PB 98 I.O.,Gasolina98,3997
2025-10,Andalucía,OTRAS GASOLINAS,OtrasGasolinas,77
2025-10,Andalucía,OTROS FUELÓLEOS,OtrosFueloleos,262919
2025-10,Andalucía,OTROS GASOLEOS,OtrosGasoleos,35882
2025-10,Andalucía,OTROS QUEROSENOS,OtrosQueroseno,0
2025-10,Andalucía,QUEROSENO AVIACIÓN,QuerosenoAviacion,66396
2025-10,Aragón,BIODIESEL,Biodiesel,1867
2025-10,Aragón,BIOETANOL,Bioetanol,0
2025-10,Aragón,FUELÓLEO  BIA,Fueloleo_BIA,186
2025-10,Aragón,GLP,GLP,3906
2025-10,Aragón,GASÓLEO A,GasoleoA,72072
2025-10,Aragón,GASÓLEO B,GasoleoB,25678
2025-10,Aragón,GASÓLEO C,GasoleoC,6154
2025-10,Aragón,GASOLINA  AUTO. S/PB 95 I.O.,Gasolina95,16174
2025-10,Aragón,GASOLINA  AUTO. S/PB 98 I.O.,Gasolina98,659
2025-10,Aragón,OTRAS GASOLINAS,OtrasGasolinas,4
2025-10,Aragón,OTROS FUELÓLEOS,OtrosFueloleos,303
2025-10,Aragón,OTROS GASOLEOS,OtrosGasoleos,59
2025-10,Aragón,OTROS QUEROSENOS,OtrosQueroseno,0
2025-10,Aragón,QUEROSENO AVIACIÓN,QuerosenoAviacion,11987
2025-10,"Asturias, Principado de",BIODIESEL,Biodiesel,339
2025-10,"Asturias, Principado de",BIOETANOL,Bioetanol,0
2025-10,"Asturias, Principado de",FUELÓLEO  BIA,Fueloleo_BIA,415
2025-10,"Asturias, Principado de",GLP,GLP,2055
2025-10,"Asturias, Principado de",GASÓLEO A,GasoleoA,35153
2025-10,"Asturias, Principado de",GASÓLEO B,GasoleoB,6700
2025-10,"Asturias, Principado de",GASÓLEO C,GasoleoC,2528
2025-10,"Asturias, Principado de",GASOLINA  AUTO. S/PB 95 I.O.,Gasolina95,9884
2025-10,"Asturias, Principado de",GASOLINA  AUTO. S/PB 98 I.O.,Gasolina98,591
2025-10,"Asturias, Principado de",OTRAS GASOLINAS,OtrasGasolinas,3
2025-10,"Asturias, Principado de",OTROS FUELÓLEOS,OtrosFueloleos,336
2025-10,"Asturias, Principado de",OTROS GASOLEOS,OtrosGasoleos,2768
2025-10,"Asturias, Principado de",OTROS QUEROSENOS,OtrosQueroseno,0
2025-10,"Asturias, Principado de",QUEROSENO AVIACIÓN,QuerosenoAviacion,2213
2025-10,"Balears, Illes",BIODIESEL,Biodiesel,0
2025-10,"Balears, Illes",BIOETANOL,Bioetanol,0
2025-10,"Balears, Illes",FUELÓLEO  BIA,Fueloleo_BIA,0
2025-10,"Balears, Illes",GLP,GLP,4377
2025-10,"Balears, Illes",GASÓLEO A,GasoleoA,29509
2025-10,"Balears, Illes",GASÓLEO B,GasoleoB,3737
2025-10,"Balears, Illes",GASÓLEO C,GasoleoC,11067
2025-10,"Balears, Illes",GASOLINA  AUTO. S/PB 95 I.O.,Gasolina95,23950
2025-10,"Balears, Illes",GASOLINA  AUTO. S/PB 98 I.O.,Gasolina98,1141
2025-10,"Balears, Illes",OTRAS GASOLINAS,OtrasGasolinas,29
2025-10,"Balears, Illes",OTROS FUELÓLEOS,OtrosFueloleos,0
2025-10,"Balears, Illes",OTROS GASOLEOS,OtrosGasoleos,3454
2025-10,"Balears, Illes",OTROS QUEROSENOS,OtrosQueroseno,0
2025-10,"Balears, Illes",QUEROSENO AVIACIÓN,QuerosenoAviacion,76043
2025-10,Canarias,BIODIESEL,Biodiesel,581
2025-10,Canarias,BIOETANOL,Bioetanol,0
2025-10,Canarias,FUELÓLEO  BIA,Fueloleo_BIA,127524
2025-10,Canarias,GLP,GLP,6779
2025-10,Canarias,GASÓLEO A,GasoleoA,57103
2025-10,Canarias,GASÓLEO B,GasoleoB,0
2025-10,Canarias,GASÓLEO C,GasoleoC,0
2025-10,Canarias,GASOLINA  AUTO. S/PB 95 I.O.,Gasolina95,40211
2025-10,Canarias,GASOLINA  AUTO. S/PB 98 I.O.,Gasolina98,9103
2025-10,Canarias,OTRAS GASOLINAS,OtrasGasolinas,5
2025-10,Canarias,OTROS FUELÓLEOS,OtrosFueloleos,102489
2025-10,Canarias,OTROS GASOLEOS,OtrosGasoleos,142907
2025-10,Canarias,OTROS QUEROSENOS,OtrosQueroseno,0
2025-10,Canarias,QUEROSENO AVIACIÓN,QuerosenoAviacion,106947
2025-10,Cantabria,BIODIESEL,Biodiesel,530
2025-10,Cantabria,BIOETANOL,Bioetanol,0
2025-10,Cantabria,FUELÓLEO  BIA,Fueloleo_BIA,518
2025-10,Cantabria,GLP,GLP,1026
2025-10,Cantabria,GASÓLEO A,GasoleoA,25694
2025-10,Cantabria,GASÓLEO B,GasoleoB,4607
2025-10,Cantabria,GASÓLEO C,GasoleoC,98
2025-10,Cantabria,GASOLINA  AUTO. S/PB 95 I.O.,Gasolina95,7667
2025-10,Cantabria,GASOLINA  AUTO. S/PB 98 I.O.,Gasolina98,334
2025-10,Cantabria,OTRAS GASOLINAS,OtrasGasolinas,1
2025-10,Cantabria,OTROS FUELÓLEOS,OtrosFueloleos,0
2025-10,Cantabria,OTROS GASOLEOS,OtrosGasoleos,724
2025-10,Cantabria,OTROS QUEROSENOS,OtrosQueroseno,0
2025-10,Cantabria,QUEROSENO AVIACIÓN,QuerosenoAviacion,1219
2025-10,Castilla - La Mancha,BIODIESEL,Biodiesel,1913
2025-10,Castilla - La Mancha,BIOETANOL,Bioetanol,0
2025-10,Castilla - La Mancha,FUELÓLEO  BIA,Fueloleo_BIA,298
2025-10,Castilla - La Mancha,GLP,GLP,4819
2025-10,Castilla - La Mancha,GASÓLEO A,GasoleoA,113641
2025-10,Castilla - La Mancha,GASÓLEO B,GasoleoB,39317
2025-10,Castilla - La Mancha,GASÓLEO C,GasoleoC,8995
2025-10,Castilla - La Mancha,GASOLINA  AUTO. S/PB 95 I.O.,Gasolina95,25036
2025-10,Castilla - La Mancha,GASOLINA  AUTO. S/PB 98 I.O.,Gasolina98,939
2025-10,Castilla - La Mancha,OTRAS GASOLINAS,OtrasGasolinas,0
2025-10,Castilla - La Mancha,OTROS FUELÓLEOS,OtrosFueloleos,0
2025-10,Castilla - La Mancha,OTROS GASOLEOS,OtrosGasoleos,0
2025-10,Castilla - La Mancha,OTROS QUEROSENOS,OtrosQueroseno,0
2025-10,Castilla - La Mancha,QUEROSENO AVIACIÓN,QuerosenoAviacion,95
2025-10,Castilla y León,BIODIESEL,Biodiesel,1199
2025-10,Castilla y León,BIOETANOL,Bioetanol,0
2025-10,Castilla y León,FUELÓLEO  BIA,Fueloleo_BIA,750
2025-10,Castilla y León,GLP,GLP,7003
2025-10,Castilla y León,GASÓLEO A,GasoleoA,149309
2025-10,Castilla y León,GASÓLEO B,GasoleoB,51177
2025-10,Castilla y León,GASÓLEO C,GasoleoC,11256
2025-10,Castilla y León,GASOLINA  AUTO. S/PB 95 I.O.,Gasolina95,30884
2025-10,Castilla y León,GASOLINA  AUTO. S/PB 98 I.O.,Gasolina98,1524
2025-10,Castilla y León,OTRAS GASOLINAS,OtrasGasolinas,59
2025-10,Castilla y León,OTROS FUELÓLEOS,OtrosFueloleos,0
2025-10,Castilla y León,OTROS GASOLEOS,OtrosGasoleos,0
2025-10,Castilla y León,OTROS QUEROSENOS,OtrosQueroseno,0
2025-10,Castilla y León,QUEROSENO AVIACIÓN,QuerosenoAviacion,349
2025-10,Cataluña,BIODIESEL,Biodiesel,3470
2025-10,Cataluña,BIOETANOL,Bioetanol,0
2025-10,Cataluña,FUELÓLEO  BIA,Fueloleo_BIA,15523
2025-10,Cataluña,GLP,GLP,14131
2025-10,Cataluña,GASÓLEO A,GasoleoA,310778
2025-10,Cataluña,GASÓLEO B,GasoleoB,41872
2025-10,Cataluña,GASÓLEO C,GasoleoC,8572
2025-10,Cataluña,GASOLINA  AUTO. S/PB 95 I.O.,Gasolina95,101687
2025-10,Cataluña,GASOLINA  AUTO. S/PB 98 I.O.,Gasolina98,4742
2025-10,Cataluña,OTRAS GASOLINAS,OtrasGasolinas,115
2025-10,Cataluña,OTROS FUELÓLEOS,OtrosFueloleos,65690
2025-10,Cataluña,OTROS GASOLEOS,OtrosGasoleos,41393
2025-10,Cataluña,OTROS QUEROSENOS,OtrosQueroseno,10
2025-10,Cataluña,QUEROSENO AVIACIÓN,QuerosenoAviacion,132123
2025-10,Ceuta,BIODIESEL,Biodiesel,0
2025-10,Ceuta,BIOETANOL,Bioetanol,0
2025-10,Ceuta,FUELÓLEO  BIA,Fueloleo_BIA,4991
2025-10,Ceuta,GLP,GLP,177
2025-10,Ceuta,GASÓLEO A,GasoleoA,922
2025-10,Ceuta,GASÓLEO B,GasoleoB,0
2025-10,Ceuta,GASÓLEO C,GasoleoC,54
2025-10,Ceuta,GASOLINA  AUTO. S/PB 95 I.O.,Gasolina95,547
2025-10,Ceuta,GASOLINA  AUTO. S/PB 98 I.O.,Gasolina98,58
2025-10,Ceuta,OTRAS GASOLINAS,OtrasGasolinas,0
2025-10,Ceuta,OTROS FUELÓLEOS,OtrosFueloleos,41233
2025-10,Ceuta,OTROS GASOLEOS,OtrosGasoleos,695
2025-10,Ceuta,OTROS QUEROSENOS,OtrosQueroseno,0
2025-10,Ceuta,QUEROSENO AVIACIÓN,QuerosenoAviacion,27
2025-10,Comunitat Valenciana,BIODIESEL,Biodiesel,955
2025-10,Comunitat Valenciana,BIOETANOL,Bioetanol,0
2025-10,Comunitat Valenciana,FUELÓLEO  BIA,Fueloleo_BIA,257
2025-10,Comunitat Valenciana,GLP,GLP,10830
2025-10,Comunitat Valenciana,GASÓLEO A,GasoleoA,174371
2025-10,Comunitat Valenciana,GASÓLEO B,GasoleoB,18853
2025-10,Comunitat Valenciana,GASÓLEO C,GasoleoC,3332
2025-10,Comunitat Valenciana,GASOLINA  AUTO. S/PB 95 I.O.,Gasolina95,65660
2025-10,Comunitat Valenciana,GASOLINA  AUTO. S/PB 98 I.O.,Gasolina98,2777
2025-10,Comunitat Valenciana,OTRAS GASOLINAS,OtrasGasolinas,31
2025-10,Comunitat Valenciana,OTROS FUELÓLEOS,OtrosFueloleos,20409
2025-10,Comunitat Valenciana,OTROS GASOLEOS,OtrosGasoleos,30902
2025-10,Comunitat Valenciana,OTROS QUEROSENOS,OtrosQueroseno,1
2025-10,Comunitat Valenciana,QUEROSENO AVIACIÓN,QuerosenoAviacion,49906
2025-10,ESPAÑA,BIODIESEL,Biodiesel,20133
2025-10,ESPAÑA,BIOETANOL,Bioetanol,0
2025-10,ESPAÑA,FUELÓLEO  BIA,Fueloleo_BIA,190553
2025-10,ESPAÑA,GLP,GLP,103641
2025-10,ESPAÑA,GASÓLEO A,GasoleoA,1920834
2025-10,ESPAÑA,GASÓLEO B,GasoleoB,341256
2025-10,ESPAÑA,GASÓLEO C,GasoleoC,92592
2025-10,ESPAÑA,GASOLINA  AUTO. S/PB 95 I.O.,Gasolina95,579970
2025-10,ESPAÑA,GASOLINA  AUTO. S/PB 98 I.O.,Gasolina98,32902
2025-10,ESPAÑA,OTRAS GASOLINAS,OtrasGasolinas,423
2025-10,ESPAÑA,OTROS FUELÓLEOS,OtrosFueloleos,494617
2025-10,ESPAÑA,OTROS GASOLEOS,OtrosGasoleos,274645
2025-10,ESPAÑA,OTROS QUEROSENOS,OtrosQueroseno,11
2025-10,ESPAÑA,QUEROSENO AVIACIÓN,QuerosenoAviacion,716360
2025-10,Extremadura,BIODIESEL,Biodiesel,371
2025-10,Extremadura,BIOETANOL,Bioetanol,0
2025-10,Extremadura,FUELÓLEO  BIA,Fueloleo_BIA,304
2025-10,Extremadura,GLP,GLP,3998
2025-10,Extremadura,GASÓLEO A,GasoleoA,61908
2025-10,Extremadura,GASÓLEO B,GasoleoB,13842
2025-10,Extremadura,GASÓLEO C,GasoleoC,985
2025-10,Extremadura,GASOLINA  AUTO. S/PB 95 I.O.,Gasolina95,10618
2025-10,Extremadura,GASOLINA  AUTO. S/PB 98 I.O.,Gasolina98,324
2025-10,Extremadura,OTRAS GASOLINAS,OtrasGasolinas,2
2025-10,Extremadura,OTROS FUELÓLEOS,OtrosFueloleos,0
2025-10,Extremadura,OTROS GASOLEOS,OtrosGasoleos,0
2025-10,Extremadura,OTROS QUEROSENOS,OtrosQueroseno,0
2025-10,Extremadura,QUEROSENO AVIACIÓN,QuerosenoAviacion,89
2025-10,Galicia,BIODIESEL,Biodiesel,619
2025-10,Galicia,BIOETANOL,Bioetanol,0
2025-10,Galicia,FUELÓLEO  BIA,Fueloleo_BIA,4156
2025-10,Galicia,GLP,GLP,8453
2025-10,Galicia,GASÓLEO A,GasoleoA,118728
2025-10,Galicia,GASÓLEO B,GasoleoB,25028
2025-10,Galicia,GASÓLEO C,GasoleoC,16857
2025-10,Galicia,GASOLINA  AUTO. S/PB 95 I.O.,Gasolina95,28371
2025-10,Galicia,GASOLINA  AUTO. S/PB 98 I.O.,Gasolina98,1413
2025-10,Galicia,OTRAS GASOLINAS,OtrasGasolinas,9
2025-10,Galicia,OTROS FUELÓLEOS,OtrosFueloleos,1238
2025-10,Galicia,OTROS GASOLEOS,OtrosGasoleos,11934
2025-10,Galicia,OTROS QUEROSENOS,OtrosQueroseno,0
2025-10,Galicia,QUEROSENO AVIACIÓN,QuerosenoAviacion,6552
2025-10,"Madrid, Comunidad de",BIODIESEL,Biodiesel,2617
2025-10,"Madrid, Comunidad de",BIOETANOL,Bioetanol,0
2025-10,"Madrid, Comunidad de",FUELÓLEO  BIA,Fueloleo_BIA,260
2025-10,"Madrid, Comunidad de",GLP,GLP,7483
2025-10,"Madrid, Comunidad de",GASÓLEO A,GasoleoA,157863
2025-10,"Madrid, Comunidad de",GASÓLEO B,GasoleoB,11228
2025-10,"Madrid, Comunidad de",GASÓLEO C,GasoleoC,11807
2025-10,"Madrid, Comunidad de",GASOLINA  AUTO. S/PB 95 I.O.,Gasolina95,79599
2025-10,"Madrid, Comunidad de",GASOLINA  AUTO. S/PB 98 I.O.,Gasolina98,3019
2025-10,"Madrid, Comunidad de",OTRAS GASOLINAS,OtrasGasolinas,62
2025-10,"Madrid, Comunidad de",OTROS FUELÓLEOS,OtrosFueloleos,0
2025-10,"Madrid, Comunidad de",OTROS GASOLEOS,OtrosGasoleos,0
2025-10,"Madrid, Comunidad de",OTROS QUEROSENOS,OtrosQueroseno,0
2025-10,"Madrid, Comunidad de",QUEROSENO AVIACIÓN,QuerosenoAviacion,249711
2025-10,Melilla,BIODIESEL,Biodiesel,0
2025-10,Melilla,BIOETANOL,Bioetanol,0
2025-10,Melilla,FUELÓLEO  BIA,Fueloleo_BIA,5397
2025-10,Melilla,GLP,GLP,159
2025-10,Melilla,GASÓLEO A,GasoleoA,1055
2025-10,Melilla,GASÓLEO B,GasoleoB,0
2025-10,Melilla,GASÓLEO C,GasoleoC,0
2025-10,Melilla,GASOLINA  AUTO. S/PB 95 I.O.,Gasolina95,617
2025-10,Melilla,GASOLINA  AUTO. S/PB 98 I.O.,Gasolina98,0
2025-10,Melilla,OTRAS GASOLINAS,OtrasGasolinas,0
2025-10,Melilla,OTROS FUELÓLEOS,OtrosFueloleos,0
2025-10,Melilla,OTROS GASOLEOS,OtrosGasoleos,0
2025-10,Melilla,OTROS QUEROSENOS,OtrosQueroseno,0
2025-10,Melilla,QUEROSENO AVIACIÓN,QuerosenoAviacion,159
2025-10,"Murcia, Región de",BIODIESEL,Biodiesel,1761
2025-10,"Murcia, Región de",BIOETANOL,Bioetanol,0
2025-10,"Murcia, Región de",FUELÓLEO  BIA,Fueloleo_BIA,216
2025-10,"Murcia, Región de",GLP,GLP,3644
2025-10,"Murcia, Región de",GASÓLEO A,GasoleoA,80682
2025-10,"Murcia, Región de",GASÓLEO B,GasoleoB,12267
2025-10,"Murcia, Región de",GASÓLEO C,GasoleoC,927
2025-10,"Murcia, Región de",GASOLINA  AUTO. S/PB 95 I.O.,Gasolina95,15996
2025-10,"Murcia, Región de",GASOLINA  AUTO. S/PB 98 I.O.,Gasolina98,698
2025-10,"Murcia, Región de",OTRAS GASOLINAS,OtrasGasolinas,7
2025-10,"Murcia, Región de",OTROS FUELÓLEOS,OtrosFueloleos,0
2025-10,"Murcia, Región de",OTROS GASOLEOS,OtrosGasoleos,2014
2025-10,"Murcia, Región de",OTROS QUEROSENOS,OtrosQueroseno,0
2025-10,"Murcia, Región de",QUEROSENO AVIACIÓN,QuerosenoAviacion,1605
2025-10,"Navarra, Comunidad Foral de",BIODIESEL,Biodiesel,556
2025-10,"Navarra, Comunidad Foral de",BIOETANOL,Bioetanol,0
2025-10,"Navarra, Comunidad Foral de",FUELÓLEO  BIA,Fueloleo_BIA,157
2025-10,"Navarra, Comunidad Foral de",GLP,GLP,1317
2025-10,"Navarra, Comunidad Foral de",GASÓLEO A,GasoleoA,57123
2025-10,"Navarra, Comunidad Foral de",GASÓLEO B,GasoleoB,9307
2025-10,"Navarra, Comunidad Foral de",GASÓLEO C,GasoleoC,862
2025-10,"Navarra, Comunidad Foral de",GASOLINA  AUTO. S/PB 95 I.O.,Gasolina95,8395
2025-10,"Navarra, Comunidad Foral de",GASOLINA  AUTO. S/PB 98 I.O.,Gasolina98,325
2025-10,"Navarra, Comunidad Foral de",OTRAS GASOLINAS,OtrasGasolinas,4
2025-10,"Navarra, Comunidad Foral de",OTROS FUELÓLEOS,OtrosFueloleos,0
2025-10,"Navarra, Comunidad Foral de",OTROS GASOLEOS,OtrosGasoleos,0
2025-10,"Navarra, Comunidad Foral de",OTROS QUEROSENOS,OtrosQueroseno,0
2025-10,"Navarra, Comunidad Foral de",QUEROSENO AVIACIÓN,QuerosenoAviacion,115
2025-10,País Vasco,BIODIESEL,Biodiesel,1576
2025-10,País Vasco,BIOETANOL,Bioetanol,0
2025-10,País Vasco,FUELÓLEO  BIA,Fueloleo_BIA,205
2025-10,País Vasco,GLP,GLP,2443
2025-10,País Vasco,GASÓLEO A,GasoleoA,149728
2025-10,País Vasco,GASÓLEO B,GasoleoB,12993
2025-10,País Vasco,GASÓLEO C,GasoleoC,3458
2025-10,País Vasco,GASOLINA  AUTO. S/PB 95 I.O.,Gasolina95,20196
2025-10,País Vasco,GASOLINA  AUTO. S/PB 98 I.O.,Gasolina98,1120
2025-10,País Vasco,OTRAS GASOLINAS,OtrasGasolinas,4
2025-10,País Vasco,OTROS FUELÓLEOS,OtrosFueloleos,0
2025-10,País Vasco,OTROS GASOLEOS,OtrosGasoleos,1913
2025-10,País Vasco,OTROS QUEROSENOS,OtrosQueroseno,0
2025-10,País Vasco,QUEROSENO AVIACIÓN,QuerosenoAviacion,10817
2025-10,"Rioja, La",BIODIESEL,Biodiesel,142
2025-10,"Rioja, La",BIOETANOL,Bioetanol,0
2025-10,"Rioja, La",FUELÓLEO  BIA,Fueloleo_BIA,43
2025-10,"Rioja, La",GLP,GLP,509
2025-10,"Rioja, La",GASÓLEO A,GasoleoA,15565
2025-10,"Rioja, La",GASÓLEO B,GasoleoB,3606
2025-10,"Rioja, La",GASÓLEO C,GasoleoC,1223
2025-10,"Rioja, La",GASOLINA  AUTO. S/PB 95 I.O.,Gasolina95,3226
2025-10,"Rioja, La",GASOLINA  AUTO. S/PB 98 I.O.,Gasolina98,138
2025-10,"Rioja, La",OTRAS GASOLINAS,OtrasGasolinas,11
2025-10,"Rioja, La",OTROS FUELÓLEOS,OtrosFueloleos,0
2025-10,"Rioja, La",OTROS GASOLEOS,OtrosGasoleos,0
2025-10,"Rioja, La",OTROS QUEROSENOS,OtrosQueroseno,0
2025-10,"Rioja, La",QUEROSENO AVIACIÓN,QuerosenoAviacion,7
2025-11,Andalucía,BIODIESEL,Biodiesel,1565
2025-11,Andalucía,BIOETANOL,Bioetanol,0
2025-11,Andalucía,FUELÓLEO  BIA,Fueloleo_BIA,22856
2025-11,Andalucía,GLP,GLP,22851
2025-11,Andalucía,GASÓLEO A,GasoleoA,276182
2025-11,Andalucía,GASÓLEO B,GasoleoB,56460
2025-11,Andalucía,GASÓLEO C,GasoleoC,7387
2025-11,Andalucía,GASOLINA  AUTO. S/PB 95 I.O.,Gasolina95,79139
2025-11,Andalucía,GASOLINA  AUTO. S/PB 98 I.O.,Gasolina98,3148
2025-11,Andalucía,OTRAS GASOLINAS,OtrasGasolinas,68
2025-11,Andalucía,OTROS FUELÓLEOS,OtrosFueloleos,212580
2025-11,Andalucía,OTROS GASOLEOS,OtrosGasoleos,44916
2025-11,Andalucía,OTROS QUEROSENOS,OtrosQueroseno,0
2025-11,Andalucía,QUEROSENO AVIACIÓN,QuerosenoAviacion,49116
2025-11,Aragón,BIODIESEL,Biodiesel,1658
2025-11,Aragón,BIOETANOL,Bioetanol,0
2025-11,Aragón,FUELÓLEO  BIA,Fueloleo_BIA,205
2025-11,Aragón,GLP,GLP,4457
2025-11,Aragón,GASÓLEO A,GasoleoA,64629
2025-11,Aragón,GASÓLEO B,GasoleoB,25428
2025-11,Aragón,GASÓLEO C,GasoleoC,8911
2025-11,Aragón,GASOLINA  AUTO. S/PB 95 I.O.,Gasolina95,14059
2025-11,Aragón,GASOLINA  AUTO. S/PB 98 I.O.,Gasolina98,570
2025-11,Aragón,OTRAS GASOLINAS,OtrasGasolinas,8
2025-11,Aragón,OTROS FUELÓLEOS,OtrosFueloleos,220
2025-11,Aragón,OTROS GASOLEOS,OtrosGasoleos,51
2025-11,Aragón,OTROS QUEROSENOS,OtrosQueroseno,2
2025-11,Aragón,QUEROSENO AVIACIÓN,QuerosenoAviacion,13189
2025-11,"Asturias, Principado de",BIODIESEL,Biodiesel,377
2025-11,"Asturias, Principado de",BIOETANOL,Bioetanol,0
2025-11,"Asturias, Principado de",FUELÓLEO  BIA,Fueloleo_BIA,664
2025-11,"Asturias, Principado de",GLP,GLP,2022
2025-11,"Asturias, Principado de",GASÓLEO A,GasoleoA,29885
2025-11,"Asturias, Principado de",GASÓLEO B,GasoleoB,6036
2025-11,"Asturias, Principado de",GASÓLEO C,GasoleoC,2910
2025-11,"Asturias, Principado de",GASOLINA  AUTO. S/PB 95 I.O.,Gasolina95,8389
2025-11,"Asturias, Principado de",GASOLINA  AUTO. S/PB 98 I.O.,Gasolina98,485
2025-11,"Asturias, Principado de",OTRAS GASOLINAS,OtrasGasolinas,0
2025-11,"Asturias, Principado de",OTROS FUELÓLEOS,OtrosFueloleos,54
2025-11,"Asturias, Principado de",OTROS GASOLEOS,OtrosGasoleos,3054
2025-11,"Asturias, Principado de",OTROS QUEROSENOS,OtrosQueroseno,0
2025-11,"Asturias, Principado de",QUEROSENO AVIACIÓN,QuerosenoAviacion,1663
2025-11,"Balears, Illes",BIODIESEL,Biodiesel,0
2025-11,"Balears, Illes",BIOETANOL,Bioetanol,0
2025-11,"Balears, Illes",FUELÓLEO  BIA,Fueloleo_BIA,0
2025-11,"Balears, Illes",GLP,GLP,3230
2025-11,"Balears, Illes",GASÓLEO A,GasoleoA,22065
2025-11,"Balears, Illes",GASÓLEO B,GasoleoB,3320
2025-11,"Balears, Illes",GASÓLEO C,GasoleoC,14444
2025-11,"Balears, Illes",GASOLINA  AUTO. S/PB 95 I.O.,Gasolina95,16060
2025-11,"Balears, Illes",GASOLINA  AUTO. S/PB 98 I.O.,Gasolina98,846
2025-11,"Balears, Illes",OTRAS GASOLINAS,OtrasGasolinas,20
2025-11,"Balears, Illes",OTROS FUELÓLEOS,OtrosFueloleos,0
2025-11,"Balears, Illes",OTROS GASOLEOS,OtrosGasoleos,1753
2025-11,"Balears, Illes",OTROS QUEROSENOS,OtrosQueroseno,0
2025-11,"Balears, Illes",QUEROSENO AVIACIÓN,QuerosenoAviacion,19749
2025-11,Canarias,BIODIESEL,Biodiesel,585
2025-11,Canarias,BIOETANOL,Bioetanol,0
2025-11,Canarias,FUELÓLEO  BIA,Fueloleo_BIA,145411
2025-11,Canarias,GLP,GLP,6397
2025-11,Canarias,GASÓLEO A,GasoleoA,51309
2025-11,Canarias,GASÓLEO B,GasoleoB,0
2025-11,Canarias,GASÓLEO C,GasoleoC,0
2025-11,Canarias,GASOLINA  AUTO. S/PB 95 I.O.,Gasolina95,36119
2025-11,Canarias,GASOLINA  AUTO. S/PB 98 I.O.,Gasolina98,8303
2025-11,Canarias,OTRAS GASOLINAS,OtrasGasolinas,6
2025-11,Canarias,OTROS FUELÓLEOS,OtrosFueloleos,107364
2025-11,Canarias,OTROS GASOLEOS,OtrosGasoleos,139522
2025-11,Canarias,OTROS QUEROSENOS,OtrosQueroseno,0
2025-11,Canarias,QUEROSENO AVIACIÓN,QuerosenoAviacion,119690
2025-11,Cantabria,BIODIESEL,Biodiesel,431
2025-11,Cantabria,BIOETANOL,Bioetanol,0
2025-11,Cantabria,FUELÓLEO  BIA,Fueloleo_BIA,320
2025-11,Cantabria,GLP,GLP,1256
2025-11,Cantabria,GASÓLEO A,GasoleoA,22754
2025-11,Cantabria,GASÓLEO B,GasoleoB,4591
2025-11,Cantabria,GASÓLEO C,GasoleoC,98
2025-11,Cantabria,GASOLINA  AUTO. S/PB 95 I.O.,Gasolina95,6494
2025-11,Cantabria,GASOLINA  AUTO. S/PB 98 I.O.,Gasolina98,246
2025-11,Cantabria,OTRAS GASOLINAS,OtrasGasolinas,0
2025-11,Cantabria,OTROS FUELÓLEOS,OtrosFueloleos,0
2025-11,Cantabria,OTROS GASOLEOS,OtrosGasoleos,449
2025-11,Cantabria,OTROS QUEROSENOS,OtrosQueroseno,0
2025-11,Cantabria,QUEROSENO AVIACIÓN,QuerosenoAviacion,673
2025-11,Castilla - La Mancha,BIODIESEL,Biodiesel,2009
2025-11,Castilla - La Mancha,BIOETANOL,Bioetanol,0
2025-11,Castilla - La Mancha,FUELÓLEO  BIA,Fueloleo_BIA,277
2025-11,Castilla - La Mancha,GLP,GLP,5561
2025-11,Castilla - La Mancha,GASÓLEO A,GasoleoA,101160
2025-11,Castilla - La Mancha,GASÓLEO B,GasoleoB,44037
2025-11,Castilla - La Mancha,GASÓLEO C,GasoleoC,14315
2025-11,Castilla - La Mancha,GASOLINA  AUTO. S/PB 95 I.O.,Gasolina95,22573
2025-11,Castilla - La Mancha,GASOLINA  AUTO. S/PB 98 I.O.,Gasolina98,815
2025-11,Castilla - La Mancha,OTRAS GASOLINAS,OtrasGasolinas,20
2025-11,Castilla - La Mancha,OTROS FUELÓLEOS,OtrosFueloleos,0
2025-11,Castilla - La Mancha,OTROS GASOLEOS,OtrosGasoleos,0
2025-11,Castilla - La Mancha,OTROS QUEROSENOS,OtrosQueroseno,0
2025-11,Castilla - La Mancha,QUEROSENO AVIACIÓN,QuerosenoAviacion,26
2025-11,Castilla y León,BIODIESEL,Biodiesel,1363
2025-11,Castilla y León,BIOETANOL,Bioetanol,0
2025-11,Castilla y León,FUELÓLEO  BIA,Fueloleo_BIA,649
2025-11,Castilla y León,GLP,GLP,8238
2025-11,Castilla y León,GASÓLEO A,GasoleoA,133444
2025-11,Castilla y León,GASÓLEO B,GasoleoB,55368
2025-11,Castilla y León,GASÓLEO C,GasoleoC,16524
2025-11,Castilla y León,GASOLINA  AUTO. S/PB 95 I.O.,Gasolina95,26540
2025-11,Castilla y León,GASOLINA  AUTO. S/PB 98 I.O.,Gasolina98,1243
2025-11,Castilla y León,OTRAS GASOLINAS,OtrasGasolinas,44
2025-11,Castilla y León,OTROS FUELÓLEOS,OtrosFueloleos,0
2025-11,Castilla y León,OTROS GASOLEOS,OtrosGasoleos,0
2025-11,Castilla y León,OTROS QUEROSENOS,OtrosQueroseno,0
2025-11,Castilla y León,QUEROSENO AVIACIÓN,QuerosenoAviacion,191
2025-11,Cataluña,BIODIESEL,Biodiesel,3081
2025-11,Cataluña,BIOETANOL,Bioetanol,0
2025-11,Cataluña,FUELÓLEO  BIA,Fueloleo_BIA,17999
2025-11,Cataluña,GLP,GLP,13441
2025-11,Cataluña,GASÓLEO A,GasoleoA,290583
2025-11,Cataluña,GASÓLEO B,GasoleoB,42465
2025-11,Cataluña,GASÓLEO C,GasoleoC,11962
2025-11,Cataluña,GASOLINA  AUTO. S/PB 95 I.O.,Gasolina95,90548
2025-11,Cataluña,GASOLINA  AUTO. S/PB 98 I.O.,Gasolina98,4076
2025-11,Cataluña,OTRAS GASOLINAS,OtrasGasolinas,87
2025-11,Cataluña,OTROS FUELÓLEOS,OtrosFueloleos,62315
2025-11,Cataluña,OTROS GASOLEOS,OtrosGasoleos,35514
2025-11,Cataluña,OTROS QUEROSENOS,OtrosQueroseno,0
2025-11,Cataluña,QUEROSENO AVIACIÓN,QuerosenoAviacion,102878
2025-11,Ceuta,BIODIESEL,Biodiesel,0
2025-11,Ceuta,BIOETANOL,Bioetanol,0
2025-11,Ceuta,FUELÓLEO  BIA,Fueloleo_BIA,2477
2025-11,Ceuta,GLP,GLP,185
2025-11,Ceuta,GASÓLEO A,GasoleoA,858
2025-11,Ceuta,GASÓLEO B,GasoleoB,0
2025-11,Ceuta,GASÓLEO C,GasoleoC,27
2025-11,Ceuta,GASOLINA  AUTO. S/PB 95 I.O.,Gasolina95,450
2025-11,Ceuta,GASOLINA  AUTO. S/PB 98 I.O.,Gasolina98,56
2025-11,Ceuta,OTRAS GASOLINAS,OtrasGasolinas,0
2025-11,Ceuta,OTROS FUELÓLEOS,OtrosFueloleos,21775
2025-11,Ceuta,OTROS GASOLEOS,OtrosGasoleos,924
2025-11,Ceuta,OTROS QUEROSENOS,OtrosQueroseno,0
2025-11,Ceuta,QUEROSENO AVIACIÓN,QuerosenoAviacion,54
2025-11,Comunitat Valenciana,BIODIESEL,Biodiesel,1162
2025-11,Comunitat Valenciana,BIOETANOL,Bioetanol,0
2025-11,Comunitat Valenciana,FUELÓLEO  BIA,Fueloleo_BIA,355
2025-11,Comunitat Valenciana,GLP,GLP,12270
2025-11,Comunitat Valenciana,GASÓLEO A,GasoleoA,161932
2025-11,Comunitat Valenciana,GASÓLEO B,GasoleoB,18702
2025-11,Comunitat Valenciana,GASÓLEO C,GasoleoC,4613
2025-11,Comunitat Valenciana,GASOLINA  AUTO. S/PB 95 I.O.,Gasolina95,60039
2025-11,Comunitat Valenciana,GASOLINA  AUTO. S/PB 98 I.O.,Gasolina98,2487
2025-11,Comunitat Valenciana,OTRAS GASOLINAS,OtrasGasolinas,33
2025-11,Comunitat Valenciana,OTROS FUELÓLEOS,OtrosFueloleos,21231
2025-11,Comunitat Valenciana,OTROS GASOLEOS,OtrosGasoleos,26507
2025-11,Comunitat Valenciana,OTROS QUEROSENOS,OtrosQueroseno,4
2025-11,Comunitat Valenciana,QUEROSENO AVIACIÓN,QuerosenoAviacion,39749
2025-11,ESPAÑA,BIODIESEL,Biodiesel,20228
2025-11,ESPAÑA,BIOETANOL,Bioetanol,0
2025-11,ESPAÑA,FUELÓLEO  BIA,Fueloleo_BIA,199608
2025-11,ESPAÑA,GLP,GLP,112719
2025-11,ESPAÑA,GASÓLEO A,GasoleoA,1730844
2025-11,ESPAÑA,GASÓLEO B,GasoleoB,337697
2025-11,ESPAÑA,GASÓLEO C,GasoleoC,130282
2025-11,ESPAÑA,GASOLINA  AUTO. S/PB 95 I.O.,Gasolina95,510264
2025-11,ESPAÑA,GASOLINA  AUTO. S/PB 98 I.O.,Gasolina98,28297
2025-11,ESPAÑA,OTRAS GASOLINAS,OtrasGasolinas,381
2025-11,ESPAÑA,OTROS FUELÓLEOS,OtrosFueloleos,426766
2025-11,ESPAÑA,OTROS GASOLEOS,OtrosGasoleos,265105
2025-11,ESPAÑA,OTROS QUEROSENOS,OtrosQueroseno,8
2025-11,ESPAÑA,QUEROSENO AVIACIÓN,QuerosenoAviacion,591307
2025-11,Extremadura,BIODIESEL,Biodiesel,341
2025-11,Extremadura,BIOETANOL,Bioetanol,0
2025-11,Extremadura,FUELÓLEO  BIA,Fueloleo_BIA,306
2025-11,Extremadura,GLP,GLP,4520
2025-11,Extremadura,GASÓLEO A,GasoleoA,54186
2025-11,Extremadura,GASÓLEO B,GasoleoB,13031
2025-11,Extremadura,GASÓLEO C,GasoleoC,1533
2025-11,Extremadura,GASOLINA  AUTO. S/PB 95 I.O.,Gasolina95,9353
2025-11,Extremadura,GASOLINA  AUTO. S/PB 98 I.O.,Gasolina98,296
2025-11,Extremadura,OTRAS GASOLINAS,OtrasGasolinas,2
2025-11,Extremadura,OTROS FUELÓLEOS,OtrosFueloleos,0
2025-11,Extremadura,OTROS GASOLEOS,OtrosGasoleos,0
2025-11,Extremadura,OTROS QUEROSENOS,OtrosQueroseno,0
2025-11,Extremadura,QUEROSENO AVIACIÓN,QuerosenoAviacion,65
2025-11,Galicia,BIODIESEL,Biodiesel,733
2025-11,Galicia,BIOETANOL,Bioetanol,0
2025-11,Galicia,FUELÓLEO  BIA,Fueloleo_BIA,4438
2025-11,Galicia,GLP,GLP,9729
2025-11,Galicia,GASÓLEO A,GasoleoA,103023
2025-11,Galicia,GASÓLEO B,GasoleoB,18367
2025-11,Galicia,GASÓLEO C,GasoleoC,19734
2025-11,Galicia,GASOLINA  AUTO. S/PB 95 I.O.,Gasolina95,23762
2025-11,Galicia,GASOLINA  AUTO. S/PB 98 I.O.,Gasolina98,1110
2025-11,Galicia,OTRAS GASOLINAS,OtrasGasolinas,13
2025-11,Galicia,OTROS FUELÓLEOS,OtrosFueloleos,1227
2025-11,Galicia,OTROS GASOLEOS,OtrosGasoleos,9267
2025-11,Galicia,OTROS QUEROSENOS,OtrosQueroseno,0
2025-11,Galicia,QUEROSENO AVIACIÓN,QuerosenoAviacion,4153
2025-11,"Madrid, Comunidad de",BIODIESEL,Biodiesel,3118
2025-11,"Madrid, Comunidad de",BIOETANOL,Bioetanol,0
2025-11,"Madrid, Comunidad de",FUELÓLEO  BIA,Fueloleo_BIA,187
2025-11,"Madrid, Comunidad de",GLP,GLP,9607
2025-11,"Madrid, Comunidad de",GASÓLEO A,GasoleoA,143168
2025-11,"Madrid, Comunidad de",GASÓLEO B,GasoleoB,11920
2025-11,"Madrid, Comunidad de",GASÓLEO C,GasoleoC,18924
2025-11,"Madrid, Comunidad de",GASOLINA  AUTO. S/PB 95 I.O.,Gasolina95,74579
2025-11,"Madrid, Comunidad de",GASOLINA  AUTO. S/PB 98 I.O.,Gasolina98,2667
2025-11,"Madrid, Comunidad de",OTRAS GASOLINAS,OtrasGasolinas,58
2025-11,"Madrid, Comunidad de",OTROS FUELÓLEOS,OtrosFueloleos,0
2025-11,"Madrid, Comunidad de",OTROS GASOLEOS,OtrosGasoleos,0
2025-11,"Madrid, Comunidad de",OTROS QUEROSENOS,OtrosQueroseno,0
2025-11,"Madrid, Comunidad de",QUEROSENO AVIACIÓN,QuerosenoAviacion,231503
2025-11,Melilla,BIODIESEL,Biodiesel,0
2025-11,Melilla,BIOETANOL,Bioetanol,0
2025-11,Melilla,FUELÓLEO  BIA,Fueloleo_BIA,2684
2025-11,Melilla,GLP,GLP,177
2025-11,Melilla,GASÓLEO A,GasoleoA,964
2025-11,Melilla,GASÓLEO B,GasoleoB,0
2025-11,Melilla,GASÓLEO C,GasoleoC,0
2025-11,Melilla,GASOLINA  AUTO. S/PB 95 I.O.,Gasolina95,537
2025-11,Melilla,GASOLINA  AUTO. S/PB 98 I.O.,Gasolina98,0
2025-11,Melilla,OTRAS GASOLINAS,OtrasGasolinas,0
2025-11,Melilla,OTROS FUELÓLEOS,OtrosFueloleos,0
2025-11,Melilla,OTROS GASOLEOS,OtrosGasoleos,0
2025-11,Melilla,OTROS QUEROSENOS,OtrosQueroseno,0
2025-11,Melilla,QUEROSENO AVIACIÓN,QuerosenoAviacion,171
2025-11,"Murcia, Región de",BIODIESEL,Biodiesel,1680
2025-11,"Murcia, Región de",BIOETANOL,Bioetanol,0
2025-11,"Murcia, Región de",FUELÓLEO  BIA,Fueloleo_BIA,207
2025-11,"Murcia, Región de",GLP,GLP,3835
2025-11,"Murcia, Región de",GASÓLEO A,GasoleoA,74154
2025-11,"Murcia, Región de",GASÓLEO B,GasoleoB,12507
2025-11,"Murcia, Región de",GASÓLEO C,GasoleoC,1170
2025-11,"Murcia, Región de",GASOLINA  AUTO. S/PB 95 I.O.,Gasolina95,14534
2025-11,"Murcia, Región de",GASOLINA  AUTO. S/PB 98 I.O.,Gasolina98,720
2025-11,"Murcia, Región de",OTRAS GASOLINAS,OtrasGasolinas,10
2025-11,"Murcia, Región de",OTROS FUELÓLEOS,OtrosFueloleos,0
2025-11,"Murcia, Región de",OTROS GASOLEOS,OtrosGasoleos,1629
2025-11,"Murcia, Región de",OTROS QUEROSENOS,OtrosQueroseno,0
2025-11,"Murcia, Región de",QUEROSENO AVIACIÓN,QuerosenoAviacion,976
2025-11,"Navarra, Comunidad Foral de",BIODIESEL,Biodiesel,541
2025-11,"Navarra, Comunidad Foral de",BIOETANOL,Bioetanol,0
2025-11,"Navarra, Comunidad Foral de",FUELÓLEO  BIA,Fueloleo_BIA,348
2025-11,"Navarra, Comunidad Foral de",GLP,GLP,1261
2025-11,"Navarra, Comunidad Foral de",GASÓLEO A,GasoleoA,52132
2025-11,"Navarra, Comunidad Foral de",GASÓLEO B,GasoleoB,7961
2025-11,"Navarra, Comunidad Foral de",GASÓLEO C,GasoleoC,1090
2025-11,"Navarra, Comunidad Foral de",GASOLINA  AUTO. S/PB 95 I.O.,Gasolina95,7133
2025-11,"Navarra, Comunidad Foral de",GASOLINA  AUTO. S/PB 98 I.O.,Gasolina98,223
2025-11,"Navarra, Comunidad Foral de",OTRAS GASOLINAS,OtrasGasolinas,2
2025-11,"Navarra, Comunidad Foral de",OTROS FUELÓLEOS,OtrosFueloleos,0
2025-11,"Navarra, Comunidad Foral de",OTROS GASOLEOS,OtrosGasoleos,0
2025-11,"Navarra, Comunidad Foral de",OTROS QUEROSENOS,OtrosQueroseno,0
2025-11,"Navarra, Comunidad Foral de",QUEROSENO AVIACIÓN,QuerosenoAviacion,84
2025-11,País Vasco,BIODIESEL,Biodiesel,1441
2025-11,País Vasco,BIOETANOL,Bioetanol,0
2025-11,País Vasco,FUELÓLEO  BIA,Fueloleo_BIA,187
2025-11,País Vasco,GLP,GLP,3123
2025-11,País Vasco,GASÓLEO A,GasoleoA,135509
2025-11,País Vasco,GASÓLEO B,GasoleoB,13846
2025-11,País Vasco,GASÓLEO C,GasoleoC,4893
2025-11,País Vasco,GASOLINA  AUTO. S/PB 95 I.O.,Gasolina95,17265
2025-11,País Vasco,GASOLINA  AUTO. S/PB 98 I.O.,Gasolina98,920
2025-11,País Vasco,OTRAS GASOLINAS,OtrasGasolinas,2
2025-11,País Vasco,OTROS FUELÓLEOS,OtrosFueloleos,0
2025-11,País Vasco,OTROS GASOLEOS,OtrosGasoleos,1519
2025-11,País Vasco,OTROS QUEROSENOS,OtrosQueroseno,2
2025-11,País Vasco,QUEROSENO AVIACIÓN,QuerosenoAviacion,7348
2025-11,"Rioja, La",BIODIESEL,Biodiesel,143
2025-11,"Rioja, La",BIOETANOL,Bioetanol,0
2025-11,"Rioja, La",FUELÓLEO  BIA,Fueloleo_BIA,38
2025-11,"Rioja, La",GLP,GLP,559
2025-11,"Rioja, La",GASÓLEO A,GasoleoA,12907
2025-11,"Rioja, La",GASÓLEO B,GasoleoB,3658
2025-11,"Rioja, La",GASÓLEO C,GasoleoC,1747
2025-11,"Rioja, La",GASOLINA  AUTO. S/PB 95 I.O.,Gasolina95,2691
2025-11,"Rioja, La",GASOLINA  AUTO. S/PB 98 I.O.,Gasolina98,86
2025-11,"Rioja, La",OTRAS GASOLINAS,OtrasGasolinas,8
2025-11,"Rioja, La",OTROS FUELÓLEOS,OtrosFueloleos,0
2025-11,"Rioja, La",OTROS GASOLEOS,OtrosGasoleos,0
2025-11,"Rioja, La",OTROS QUEROSENOS,OtrosQueroseno,0
2025-11,"Rioja, La",QUEROSENO AVIACIÓN,QuerosenoAviacion,29
2025-12,Andalucía,BIODIESEL,Biodiesel,1911
2025-12,Andalucía,BIOETANOL,Bioetanol,0
2025-12,Andalucía,FUELÓLEO  BIA,Fueloleo_BIA,27324
2025-12,Andalucía,GLP,GLP,32567
2025-12,Andalucía,GASÓLEO A,GasoleoA,298437
2025-12,Andalucía,GASÓLEO B,GasoleoB,58657
2025-12,Andalucía,GASÓLEO C,GasoleoC,10883
2025-12,Andalucía,GASOLINA  AUTO. S/PB 95 I.O.,Gasolina95,87319
2025-12,Andalucía,GASOLINA  AUTO. S/PB 98 I.O.,Gasolina98,3714
2025-12,Andalucía,OTRAS GASOLINAS,OtrasGasolinas,45
2025-12,Andalucía,OTROS FUELÓLEOS,OtrosFueloleos,224011
2025-12,Andalucía,OTROS GASOLEOS,OtrosGasoleos,41158
2025-12,Andalucía,OTROS QUEROSENOS,OtrosQueroseno,0
2025-12,Andalucía,QUEROSENO AVIACIÓN,QuerosenoAviacion,46864
2025-12,Aragón,BIODIESEL,Biodiesel,2130
2025-12,Aragón,BIOETANOL,Bioetanol,0
2025-12,Aragón,FUELÓLEO  BIA,Fueloleo_BIA,101
2025-12,Aragón,GLP,GLP,7007
2025-12,Aragón,GASÓLEO A,GasoleoA,66402
2025-12,Aragón,GASÓLEO B,GasoleoB,25767
2025-12,Aragón,GASÓLEO C,GasoleoC,15011
2025-12,Aragón,GASOLINA  AUTO. S/PB 95 I.O.,Gasolina95,16437
2025-12,Aragón,GASOLINA  AUTO. S/PB 98 I.O.,Gasolina98,743
2025-12,Aragón,OTRAS GASOLINAS,OtrasGasolinas,2
2025-12,Aragón,OTROS FUELÓLEOS,OtrosFueloleos,344
2025-12,Aragón,OTROS GASOLEOS,OtrosGasoleos,0
2025-12,Aragón,OTROS QUEROSENOS,OtrosQueroseno,0
2025-12,Aragón,QUEROSENO AVIACIÓN,QuerosenoAviacion,11237
2025-12,"Asturias, Principado de",BIODIESEL,Biodiesel,412
2025-12,"Asturias, Principado de",BIOETANOL,Bioetanol,0
2025-12,"Asturias, Principado de",FUELÓLEO  BIA,Fueloleo_BIA,432
2025-12,"Asturias, Principado de",GLP,GLP,3400
2025-12,"Asturias, Principado de",GASÓLEO A,GasoleoA,32054
2025-12,"Asturias, Principado de",GASÓLEO B,GasoleoB,7449
2025-12,"Asturias, Principado de",GASÓLEO C,GasoleoC,4633
2025-12,"Asturias, Principado de",GASOLINA  AUTO. S/PB 95 I.O.,Gasolina95,9485
2025-12,"Asturias, Principado de",GASOLINA  AUTO. S/PB 98 I.O.,Gasolina98,603
2025-12,"Asturias, Principado de",OTRAS GASOLINAS,OtrasGasolinas,1
2025-12,"Asturias, Principado de",OTROS FUELÓLEOS,OtrosFueloleos,54
2025-12,"Asturias, Principado de",OTROS GASOLEOS,OtrosGasoleos,2378
2025-12,"Asturias, Principado de",OTROS QUEROSENOS,OtrosQueroseno,0
2025-12,"Asturias, Principado de",QUEROSENO AVIACIÓN,QuerosenoAviacion,1925
2025-12,"Balears, Illes",BIODIESEL,Biodiesel,0
2025-12,"Balears, Illes",BIOETANOL,Bioetanol,0
2025-12,"Balears, Illes",FUELÓLEO  BIA,Fueloleo_BIA,0
2025-12,"Balears, Illes",GLP,GLP,4514
2025-12,"Balears, Illes",GASÓLEO A,GasoleoA,22167
2025-12,"Balears, Illes",GASÓLEO B,GasoleoB,3707
2025-12,"Balears, Illes",GASÓLEO C,GasoleoC,10753
2025-12,"Balears, Illes",GASOLINA  AUTO. S/PB 95 I.O.,Gasolina95,16517
2025-12,"Balears, Illes",GASOLINA  AUTO. S/PB 98 I.O.,Gasolina98,872
2025-12,"Balears, Illes",OTRAS GASOLINAS,OtrasGasolinas,19
2025-12,"Balears, Illes",OTROS FUELÓLEOS,OtrosFueloleos,0
2025-12,"Balears, Illes",OTROS GASOLEOS,OtrosGasoleos,2020
2025-12,"Balears, Illes",OTROS QUEROSENOS,OtrosQueroseno,0
2025-12,"Balears, Illes",QUEROSENO AVIACIÓN,QuerosenoAviacion,16099
2025-12,Canarias,BIODIESEL,Biodiesel,757
2025-12,Canarias,BIOETANOL,Bioetanol,0
2025-12,Canarias,FUELÓLEO  BIA,Fueloleo_BIA,157812
2025-12,Canarias,GLP,GLP,8478
2025-12,Canarias,GASÓLEO A,GasoleoA,54686
2025-12,Canarias,GASÓLEO B,GasoleoB,0
2025-12,Canarias,GASÓLEO C,GasoleoC,0
2025-12,Canarias,GASOLINA  AUTO. S/PB 95 I.O.,Gasolina95,40291
2025-12,Canarias,GASOLINA  AUTO. S/PB 98 I.O.,Gasolina98,9103
2025-12,Canarias,OTRAS GASOLINAS,OtrasGasolinas,3
2025-12,Canarias,OTROS FUELÓLEOS,OtrosFueloleos,80397
2025-12,Canarias,OTROS GASOLEOS,OtrosGasoleos,150706
2025-12,Canarias,OTROS QUEROSENOS,OtrosQueroseno,0
2025-12,Canarias,QUEROSENO AVIACIÓN,QuerosenoAviacion,118037
2025-12,Cantabria,BIODIESEL,Biodiesel,549
2025-12,Cantabria,BIOETANOL,Bioetanol,0
2025-12,Cantabria,FUELÓLEO  BIA,Fueloleo_BIA,253
2025-12,Cantabria,GLP,GLP,2924
2025-12,Cantabria,GASÓLEO A,GasoleoA,24489
2025-12,Cantabria,GASÓLEO B,GasoleoB,5939
2025-12,Cantabria,GASÓLEO C,GasoleoC,186
2025-12,Cantabria,GASOLINA  AUTO. S/PB 95 I.O.,Gasolina95,7685
2025-12,Cantabria,GASOLINA  AUTO. S/PB 98 I.O.,Gasolina98,329
2025-12,Cantabria,OTRAS GASOLINAS,OtrasGasolinas,0
2025-12,Cantabria,OTROS FUELÓLEOS,OtrosFueloleos,0
2025-12,Cantabria,OTROS GASOLEOS,OtrosGasoleos,535
2025-12,Cantabria,OTROS QUEROSENOS,OtrosQueroseno,0
2025-12,Cantabria,QUEROSENO AVIACIÓN,QuerosenoAviacion,925
2025-12,Castilla - La Mancha,BIODIESEL,Biodiesel,2088
2025-12,Castilla - La Mancha,BIOETANOL,Bioetanol,0
2025-12,Castilla - La Mancha,FUELÓLEO  BIA,Fueloleo_BIA,245
2025-12,Castilla - La Mancha,GLP,GLP,8873
2025-12,Castilla - La Mancha,GASÓLEO A,GasoleoA,107595
2025-12,Castilla - La Mancha,GASÓLEO B,GasoleoB,49956
2025-12,Castilla - La Mancha,GASÓLEO C,GasoleoC,21118
2025-12,Castilla - La Mancha,GASOLINA  AUTO. S/PB 95 I.O.,Gasolina95,26631
2025-12,Castilla - La Mancha,GASOLINA  AUTO. S/PB 98 I.O.,Gasolina98,1013
2025-12,Castilla - La Mancha,OTRAS GASOLINAS,OtrasGasolinas,0
2025-12,Castilla - La Mancha,OTROS FUELÓLEOS,OtrosFueloleos,0
2025-12,Castilla - La Mancha,OTROS GASOLEOS,OtrosGasoleos,0
2025-12,Castilla - La Mancha,OTROS QUEROSENOS,OtrosQueroseno,0
2025-12,Castilla - La Mancha,QUEROSENO AVIACIÓN,QuerosenoAviacion,72
2025-12,Castilla y León,BIODIESEL,Biodiesel,1417
2025-12,Castilla y León,BIOETANOL,Bioetanol,0
2025-12,Castilla y León,FUELÓLEO  BIA,Fueloleo_BIA,372
2025-12,Castilla y León,GLP,GLP,10906
2025-12,Castilla y León,GASÓLEO A,GasoleoA,140425
2025-12,Castilla y León,GASÓLEO B,GasoleoB,62372
2025-12,Castilla y León,GASÓLEO C,GasoleoC,26830
2025-12,Castilla y León,GASOLINA  AUTO. S/PB 95 I.O.,Gasolina95,31406
2025-12,Castilla y León,GASOLINA  AUTO. S/PB 98 I.O.,Gasolina98,1746
2025-12,Castilla y León,OTRAS GASOLINAS,OtrasGasolinas,23
2025-12,Castilla y León,OTROS FUELÓLEOS,OtrosFueloleos,0
2025-12,Castilla y León,OTROS GASOLEOS,OtrosGasoleos,0
2025-12,Castilla y León,OTROS QUEROSENOS,OtrosQueroseno,0
2025-12,Castilla y León,QUEROSENO AVIACIÓN,QuerosenoAviacion,195
2025-12,Cataluña,BIODIESEL,Biodiesel,3362
2025-12,Cataluña,BIOETANOL,Bioetanol,0
2025-12,Cataluña,FUELÓLEO  BIA,Fueloleo_BIA,13544
2025-12,Cataluña,GLP,GLP,19969
2025-12,Cataluña,GASÓLEO A,GasoleoA,309897
2025-12,Cataluña,GASÓLEO B,GasoleoB,51382
2025-12,Cataluña,GASÓLEO C,GasoleoC,16104
2025-12,Cataluña,GASOLINA  AUTO. S/PB 95 I.O.,Gasolina95,100503
2025-12,Cataluña,GASOLINA  AUTO. S/PB 98 I.O.,Gasolina98,4635
2025-12,Cataluña,OTRAS GASOLINAS,OtrasGasolinas,92
2025-12,Cataluña,OTROS FUELÓLEOS,OtrosFueloleos,51950
2025-12,Cataluña,OTROS GASOLEOS,OtrosGasoleos,30512
2025-12,Cataluña,OTROS QUEROSENOS,OtrosQueroseno,0
2025-12,Cataluña,QUEROSENO AVIACIÓN,QuerosenoAviacion,108750
2025-12,Ceuta,BIODIESEL,Biodiesel,0
2025-12,Ceuta,BIOETANOL,Bioetanol,0
2025-12,Ceuta,FUELÓLEO  BIA,Fueloleo_BIA,2600
2025-12,Ceuta,GLP,GLP,257
2025-12,Ceuta,GASÓLEO A,GasoleoA,989
2025-12,Ceuta,GASÓLEO B,GasoleoB,0
2025-12,Ceuta,GASÓLEO C,GasoleoC,55
2025-12,Ceuta,GASOLINA  AUTO. S/PB 95 I.O.,Gasolina95,518
2025-12,Ceuta,GASOLINA  AUTO. S/PB 98 I.O.,Gasolina98,84
2025-12,Ceuta,OTRAS GASOLINAS,OtrasGasolinas,0
2025-12,Ceuta,OTROS FUELÓLEOS,OtrosFueloleos,12312
2025-12,Ceuta,OTROS GASOLEOS,OtrosGasoleos,215
2025-12,Ceuta,OTROS QUEROSENOS,OtrosQueroseno,0
2025-12,Ceuta,QUEROSENO AVIACIÓN,QuerosenoAviacion,54
2025-12,Comunitat Valenciana,BIODIESEL,Biodiesel,1273
2025-12,Comunitat Valenciana,BIOETANOL,Bioetanol,0
2025-12,Comunitat Valenciana,FUELÓLEO  BIA,Fueloleo_BIA,385
2025-12,Comunitat Valenciana,GLP,GLP,19090
2025-12,Comunitat Valenciana,GASÓLEO A,GasoleoA,168403
2025-12,Comunitat Valenciana,GASÓLEO B,GasoleoB,19479
2025-12,Comunitat Valenciana,GASÓLEO C,GasoleoC,6806
2025-12,Comunitat Valenciana,GASOLINA  AUTO. S/PB 95 I.O.,Gasolina95,64356
2025-12,Comunitat Valenciana,GASOLINA  AUTO. S/PB 98 I.O.,Gasolina98,2749
2025-12,Comunitat Valenciana,OTRAS GASOLINAS,OtrasGasolinas,30
2025-12,Comunitat Valenciana,OTROS FUELÓLEOS,OtrosFueloleos,14189
2025-12,Comunitat Valenciana,OTROS GASOLEOS,OtrosGasoleos,25236
2025-12,Comunitat Valenciana,OTROS QUEROSENOS,OtrosQueroseno,1
2025-12,Comunitat Valenciana,QUEROSENO AVIACIÓN,QuerosenoAviacion,37445
2025-12,ESPAÑA,BIODIESEL,Biodiesel,22632
2025-12,ESPAÑA,BIOETANOL,Bioetanol,0
2025-12,ESPAÑA,FUELÓLEO  BIA,Fueloleo_BIA,210608
2025-12,ESPAÑA,GLP,GLP,165286
2025-12,ESPAÑA,GASÓLEO A,GasoleoA,1819307
2025-12,ESPAÑA,GASÓLEO B,GasoleoB,374840
2025-12,ESPAÑA,GASÓLEO C,GasoleoC,189793
2025-12,ESPAÑA,GASOLINA  AUTO. S/PB 95 I.O.,Gasolina95,566895
2025-12,ESPAÑA,GASOLINA  AUTO. S/PB 98 I.O.,Gasolina98,32885
2025-12,ESPAÑA,OTRAS GASOLINAS,OtrasGasolinas,271
2025-12,ESPAÑA,OTROS FUELÓLEOS,OtrosFueloleos,385984
2025-12,ESPAÑA,OTROS GASOLEOS,OtrosGasoleos,271536
2025-12,ESPAÑA,OTROS QUEROSENOS,OtrosQueroseno,1
2025-12,ESPAÑA,QUEROSENO AVIACIÓN,QuerosenoAviacion,601506
2025-12,Extremadura,BIODIESEL,Biodiesel,416
2025-12,Extremadura,BIOETANOL,Bioetanol,0
2025-12,Extremadura,FUELÓLEO  BIA,Fueloleo_BIA,175
2025-12,Extremadura,GLP,GLP,5980
2025-12,Extremadura,GASÓLEO A,GasoleoA,58227
2025-12,Extremadura,GASÓLEO B,GasoleoB,12048
2025-12,Extremadura,GASÓLEO C,GasoleoC,2391
2025-12,Extremadura,GASOLINA  AUTO. S/PB 95 I.O.,Gasolina95,11036
2025-12,Extremadura,GASOLINA  AUTO. S/PB 98 I.O.,Gasolina98,333
2025-12,Extremadura,OTRAS GASOLINAS,OtrasGasolinas,1
2025-12,Extremadura,OTROS FUELÓLEOS,OtrosFueloleos,0
2025-12,Extremadura,OTROS GASOLEOS,OtrosGasoleos,0
2025-12,Extremadura,OTROS QUEROSENOS,OtrosQueroseno,0
2025-12,Extremadura,QUEROSENO AVIACIÓN,QuerosenoAviacion,72
2025-12,Galicia,BIODIESEL,Biodiesel,1050
2025-12,Galicia,BIOETANOL,Bioetanol,0
2025-12,Galicia,FUELÓLEO  BIA,Fueloleo_BIA,3735
2025-12,Galicia,GLP,GLP,14611
2025-12,Galicia,GASÓLEO A,GasoleoA,112983
2025-12,Galicia,GASÓLEO B,GasoleoB,22376
2025-12,Galicia,GASÓLEO C,GasoleoC,30210
2025-12,Galicia,GASOLINA  AUTO. S/PB 95 I.O.,Gasolina95,27622
2025-12,Galicia,GASOLINA  AUTO. S/PB 98 I.O.,Gasolina98,1538
2025-12,Galicia,OTRAS GASOLINAS,OtrasGasolinas,5
2025-12,Galicia,OTROS FUELÓLEOS,OtrosFueloleos,1227
2025-12,Galicia,OTROS GASOLEOS,OtrosGasoleos,14691
2025-12,Galicia,OTROS QUEROSENOS,OtrosQueroseno,0
2025-12,Galicia,QUEROSENO AVIACIÓN,QuerosenoAviacion,4925
2025-12,"Madrid, Comunidad de",BIODIESEL,Biodiesel,2975
2025-12,"Madrid, Comunidad de",BIOETANOL,Bioetanol,0
2025-12,"Madrid, Comunidad de",FUELÓLEO  BIA,Fueloleo_BIA,227
2025-12,"Madrid, Comunidad de",GLP,GLP,12992
2025-12,"Madrid, Comunidad de",GASÓLEO A,GasoleoA,150534
2025-12,"Madrid, Comunidad de",GASÓLEO B,GasoleoB,15783
2025-12,"Madrid, Comunidad de",GASÓLEO C,GasoleoC,31554
2025-12,"Madrid, Comunidad de",GASOLINA  AUTO. S/PB 95 I.O.,Gasolina95,80494
2025-12,"Madrid, Comunidad de",GASOLINA  AUTO. S/PB 98 I.O.,Gasolina98,3091
2025-12,"Madrid, Comunidad de",OTRAS GASOLINAS,OtrasGasolinas,39
2025-12,"Madrid, Comunidad de",OTROS FUELÓLEOS,OtrosFueloleos,1500
2025-12,"Madrid, Comunidad de",OTROS GASOLEOS,OtrosGasoleos,50
2025-12,"Madrid, Comunidad de",OTROS QUEROSENOS,OtrosQueroseno,0
2025-12,"Madrid, Comunidad de",QUEROSENO AVIACIÓN,QuerosenoAviacion,245543
2025-12,Melilla,BIODIESEL,Biodiesel,0
2025-12,Melilla,BIOETANOL,Bioetanol,0
2025-12,Melilla,FUELÓLEO  BIA,Fueloleo_BIA,2708
2025-12,Melilla,GLP,GLP,206
2025-12,Melilla,GASÓLEO A,GasoleoA,1244
2025-12,Melilla,GASÓLEO B,GasoleoB,0
2025-12,Melilla,GASÓLEO C,GasoleoC,0
2025-12,Melilla,GASOLINA  AUTO. S/PB 95 I.O.,Gasolina95,630
2025-12,Melilla,GASOLINA  AUTO. S/PB 98 I.O.,Gasolina98,0
2025-12,Melilla,OTRAS GASOLINAS,OtrasGasolinas,0
2025-12,Melilla,OTROS FUELÓLEOS,OtrosFueloleos,0
2025-12,Melilla,OTROS GASOLEOS,OtrosGasoleos,0
2025-12,Melilla,OTROS QUEROSENOS,OtrosQueroseno,0
2025-12,Melilla,QUEROSENO AVIACIÓN,QuerosenoAviacion,174
2025-12,"Murcia, Región de",BIODIESEL,Biodiesel,1955
2025-12,"Murcia, Región de",BIOETANOL,Bioetanol,0
2025-12,"Murcia, Región de",FUELÓLEO  BIA,Fueloleo_BIA,171
2025-12,"Murcia, Región de",GLP,GLP,5970
2025-12,"Murcia, Región de",GASÓLEO A,GasoleoA,79347
2025-12,"Murcia, Región de",GASÓLEO B,GasoleoB,12906
2025-12,"Murcia, Región de",GASÓLEO C,GasoleoC,1642
2025-12,"Murcia, Región de",GASOLINA  AUTO. S/PB 95 I.O.,Gasolina95,15664
2025-12,"Murcia, Región de",GASOLINA  AUTO. S/PB 98 I.O.,Gasolina98,766
2025-12,"Murcia, Región de",OTRAS GASOLINAS,OtrasGasolinas,4
2025-12,"Murcia, Región de",OTROS FUELÓLEOS,OtrosFueloleos,0
2025-12,"Murcia, Región de",OTROS GASOLEOS,OtrosGasoleos,2371
2025-12,"Murcia, Región de",OTROS QUEROSENOS,OtrosQueroseno,0
2025-12,"Murcia, Región de",QUEROSENO AVIACIÓN,QuerosenoAviacion,856
2025-12,"Navarra, Comunidad Foral de",BIODIESEL,Biodiesel,645
2025-12,"Navarra, Comunidad Foral de",BIOETANOL,Bioetanol,0
2025-12,"Navarra, Comunidad Foral de",FUELÓLEO  BIA,Fueloleo_BIA,294
2025-12,"Navarra, Comunidad Foral de",GLP,GLP,1726
2025-12,"Navarra, Comunidad Foral de",GASÓLEO A,GasoleoA,51482
2025-12,"Navarra, Comunidad Foral de",GASÓLEO B,GasoleoB,9102
2025-12,"Navarra, Comunidad Foral de",GASÓLEO C,GasoleoC,1475
2025-12,"Navarra, Comunidad Foral de",GASOLINA  AUTO. S/PB 95 I.O.,Gasolina95,7644
2025-12,"Navarra, Comunidad Foral de",GASOLINA  AUTO. S/PB 98 I.O.,Gasolina98,272
2025-12,"Navarra, Comunidad Foral de",OTRAS GASOLINAS,OtrasGasolinas,1
2025-12,"Navarra, Comunidad Foral de",OTROS FUELÓLEOS,OtrosFueloleos,0
2025-12,"Navarra, Comunidad Foral de",OTROS GASOLEOS,OtrosGasoleos,0
2025-12,"Navarra, Comunidad Foral de",OTROS QUEROSENOS,OtrosQueroseno,0
2025-12,"Navarra, Comunidad Foral de",QUEROSENO AVIACIÓN,QuerosenoAviacion,85
2025-12,País Vasco,BIODIESEL,Biodiesel,1515
2025-12,País Vasco,BIOETANOL,Bioetanol,0
2025-12,País Vasco,FUELÓLEO  BIA,Fueloleo_BIA,179
2025-12,País Vasco,GLP,GLP,5060
2025-12,País Vasco,GASÓLEO A,GasoleoA,126600
2025-12,País Vasco,GASÓLEO B,GasoleoB,13545
2025-12,País Vasco,GASÓLEO C,GasoleoC,7143
2025-12,País Vasco,GASOLINA  AUTO. S/PB 95 I.O.,Gasolina95,19551
2025-12,País Vasco,GASOLINA  AUTO. S/PB 98 I.O.,Gasolina98,1154
2025-12,País Vasco,OTRAS GASOLINAS,OtrasGasolinas,2
2025-12,País Vasco,OTROS FUELÓLEOS,OtrosFueloleos,0
2025-12,País Vasco,OTROS GASOLEOS,OtrosGasoleos,1664
2025-12,País Vasco,OTROS QUEROSENOS,OtrosQueroseno,0
2025-12,País Vasco,QUEROSENO AVIACIÓN,QuerosenoAviacion,8219
2025-12,"Rioja, La",BIODIESEL,Biodiesel,177
2025-12,"Rioja, La",BIOETANOL,Bioetanol,0
2025-12,"Rioja, La",FUELÓLEO  BIA,Fueloleo_BIA,51
2025-12,"Rioja, La",GLP,GLP,756
2025-12,"Rioja, La",GASÓLEO A,GasoleoA,13346
2025-12,"Rioja, La",GASÓLEO B,GasoleoB,4372
2025-12,"Rioja, La",GASÓLEO C,GasoleoC,2999
2025-12,"Rioja, La",GASOLINA  AUTO. S/PB 95 I.O.,Gasolina95,3106
2025-12,"Rioja, La",GASOLINA  AUTO. S/PB 98 I.O.,Gasolina98,140
2025-12,"Rioja, La",OTRAS GASOLINAS,OtrasGasolinas,4
2025-12,"Rioja, La",OTROS FUELÓLEOS,OtrosFueloleos,0
2025-12,"Rioja, La",OTROS GASOLEOS,OtrosGasoleos,0
2025-12,"Rioja, La",OTROS QUEROSENOS,OtrosQueroseno,0
2025-12,"Rioja, La",QUEROSENO AVIACIÓN,QuerosenoAviacion,29
2026-01,Andalucía,BIODIESEL,Biodiesel,1592
2026-01,Andalucía,BIOETANOL,Bioetanol,0
2026-01,Andalucía,FUELÓLEO  BIA,Fueloleo_BIA,26520
2026-01,Andalucía,GLP,GLP,33905
2026-01,Andalucía,GASÓLEO A,GasoleoA,265554
2026-01,Andalucía,GASÓLEO B,GasoleoB,49955
2026-01,Andalucía,GASÓLEO C,GasoleoC,12594
2026-01,Andalucía,GASOLINA  AUTO. S/PB 95 I.O.,Gasolina95,79386
2026-01,Andalucía,GASOLINA  AUTO. S/PB 98 I.O.,Gasolina98,3088
2026-01,Andalucía,OTRAS GASOLINAS,OtrasGasolinas,49
2026-01,Andalucía,OTROS FUELÓLEOS,OtrosFueloleos,203140
2026-01,Andalucía,OTROS GASOLEOS,OtrosGasoleos,30251
2026-01,Andalucía,OTROS QUEROSENOS,OtrosQueroseno,0
2026-01,Andalucía,QUEROSENO AVIACIÓN,QuerosenoAviacion,41882
2026-01,Aragón,BIODIESEL,Biodiesel,1764
2026-01,Aragón,BIOETANOL,Bioetanol,0
2026-01,Aragón,FUELÓLEO  BIA,Fueloleo_BIA,78
2026-01,Aragón,GLP,GLP,7785
2026-01,Aragón,GASÓLEO A,GasoleoA,60477
2026-01,Aragón,GASÓLEO B,GasoleoB,22751
2026-01,Aragón,GASÓLEO C,GasoleoC,15913
2026-01,Aragón,GASOLINA  AUTO. S/PB 95 I.O.,Gasolina95,14174
2026-01,Aragón,GASOLINA  AUTO. S/PB 98 I.O.,Gasolina98,571
2026-01,Aragón,OTRAS GASOLINAS,OtrasGasolinas,1
2026-01,Aragón,OTROS FUELÓLEOS,OtrosFueloleos,126
2026-01,Aragón,OTROS GASOLEOS,OtrosGasoleos,0
2026-01,Aragón,OTROS QUEROSENOS,OtrosQueroseno,0
2026-01,Aragón,QUEROSENO AVIACIÓN,QuerosenoAviacion,7204
2026-01,"Asturias, Principado de",BIODIESEL,Biodiesel,417
2026-01,"Asturias, Principado de",BIOETANOL,Bioetanol,0
2026-01,"Asturias, Principado de",FUELÓLEO  BIA,Fueloleo_BIA,407
2026-01,"Asturias, Principado de",GLP,GLP,3860
2026-01,"Asturias, Principado de",GASÓLEO A,GasoleoA,28806
2026-01,"Asturias, Principado de",GASÓLEO B,GasoleoB,7984
2026-01,"Asturias, Principado de",GASÓLEO C,GasoleoC,5417
2026-01,"Asturias, Principado de",GASOLINA  AUTO. S/PB 95 I.O.,Gasolina95,8491
2026-01,"Asturias, Principado de",GASOLINA  AUTO. S/PB 98 I.O.,Gasolina98,473
2026-01,"Asturias, Principado de",OTRAS GASOLINAS,OtrasGasolinas,0
2026-01,"Asturias, Principado de",OTROS FUELÓLEOS,OtrosFueloleos,212
2026-01,"Asturias, Principado de",OTROS GASOLEOS,OtrosGasoleos,2744
2026-01,"Asturias, Principado de",OTROS QUEROSENOS,OtrosQueroseno,0
2026-01,"Asturias, Principado de",QUEROSENO AVIACIÓN,QuerosenoAviacion,1578
2026-01,"Balears, Illes",BIODIESEL,Biodiesel,0
2026-01,"Balears, Illes",BIOETANOL,Bioetanol,0
2026-01,"Balears, Illes",FUELÓLEO  BIA,Fueloleo_BIA,0
2026-01,"Balears, Illes",GLP,GLP,4942
2026-01,"Balears, Illes",GASÓLEO A,GasoleoA,19807
2026-01,"Balears, Illes",GASÓLEO B,GasoleoB,3483
2026-01,"Balears, Illes",GASÓLEO C,GasoleoC,16038
2026-01,"Balears, Illes",GASOLINA  AUTO. S/PB 95 I.O.,Gasolina95,15461
2026-01,"Balears, Illes",GASOLINA  AUTO. S/PB 98 I.O.,Gasolina98,767
2026-01,"Balears, Illes",OTRAS GASOLINAS,OtrasGasolinas,13
2026-01,"Balears, Illes",OTROS FUELÓLEOS,OtrosFueloleos,0
2026-01,"Balears, Illes",OTROS GASOLEOS,OtrosGasoleos,1452
2026-01,"Balears, Illes",OTROS QUEROSENOS,OtrosQueroseno,0
2026-01,"Balears, Illes",QUEROSENO AVIACIÓN,QuerosenoAviacion,13973
2026-01,Canarias,BIODIESEL,Biodiesel,648
2026-01,Canarias,BIOETANOL,Bioetanol,0
2026-01,Canarias,FUELÓLEO  BIA,Fueloleo_BIA,111202
2026-01,Canarias,GLP,GLP,8189
2026-01,Canarias,GASÓLEO A,GasoleoA,51364
2026-01,Canarias,GASÓLEO B,GasoleoB,0
2026-01,Canarias,GASÓLEO C,GasoleoC,0
2026-01,Canarias,GASOLINA  AUTO. S/PB 95 I.O.,Gasolina95,38261
2026-01,Canarias,GASOLINA  AUTO. S/PB 98 I.O.,Gasolina98,8501
2026-01,Canarias,OTRAS GASOLINAS,OtrasGasolinas,4
2026-01,Canarias,OTROS FUELÓLEOS,OtrosFueloleos,101405
2026-01,Canarias,OTROS GASOLEOS,OtrosGasoleos,152633
2026-01,Canarias,OTROS QUEROSENOS,OtrosQueroseno,0
2026-01,Canarias,QUEROSENO AVIACIÓN,QuerosenoAviacion,117030
2026-01,Cantabria,BIODIESEL,Biodiesel,348
2026-01,Cantabria,BIOETANOL,Bioetanol,0
2026-01,Cantabria,FUELÓLEO  BIA,Fueloleo_BIA,482
2026-01,Cantabria,GLP,GLP,3299
2026-01,Cantabria,GASÓLEO A,GasoleoA,21693
2026-01,Cantabria,GASÓLEO B,GasoleoB,6388
2026-01,Cantabria,GASÓLEO C,GasoleoC,216
2026-01,Cantabria,GASOLINA  AUTO. S/PB 95 I.O.,Gasolina95,6480
2026-01,Cantabria,GASOLINA  AUTO. S/PB 98 I.O.,Gasolina98,230
2026-01,Cantabria,OTRAS GASOLINAS,OtrasGasolinas,0
2026-01,Cantabria,OTROS FUELÓLEOS,OtrosFueloleos,0
2026-01,Cantabria,OTROS GASOLEOS,OtrosGasoleos,528
2026-01,Cantabria,OTROS QUEROSENOS,OtrosQueroseno,0
2026-01,Cantabria,QUEROSENO AVIACIÓN,QuerosenoAviacion,787
2026-01,Castilla - La Mancha,BIODIESEL,Biodiesel,1674
2026-01,Castilla - La Mancha,BIOETANOL,Bioetanol,0
2026-01,Castilla - La Mancha,FUELÓLEO  BIA,Fueloleo_BIA,87
2026-01,Castilla - La Mancha,GLP,GLP,9272
2026-01,Castilla - La Mancha,GASÓLEO A,GasoleoA,94924
2026-01,Castilla - La Mancha,GASÓLEO B,GasoleoB,49152
2026-01,Castilla - La Mancha,GASÓLEO C,GasoleoC,23752
2026-01,Castilla - La Mancha,GASOLINA  AUTO. S/PB 95 I.O.,Gasolina95,22399
2026-01,Castilla - La Mancha,GASOLINA  AUTO. S/PB 98 I.O.,Gasolina98,770
2026-01,Castilla - La Mancha,OTRAS GASOLINAS,OtrasGasolinas,15
2026-01,Castilla - La Mancha,OTROS FUELÓLEOS,OtrosFueloleos,0
2026-01,Castilla - La Mancha,OTROS GASOLEOS,OtrosGasoleos,0
2026-01,Castilla - La Mancha,OTROS QUEROSENOS,OtrosQueroseno,0
2026-01,Castilla - La Mancha,QUEROSENO AVIACIÓN,QuerosenoAviacion,123
2026-01,Castilla y León,BIODIESEL,Biodiesel,1264
2026-01,Castilla y León,BIOETANOL,Bioetanol,12
2026-01,Castilla y León,FUELÓLEO  BIA,Fueloleo_BIA,144
2026-01,Castilla y León,GLP,GLP,10474
2026-01,Castilla y León,GASÓLEO A,GasoleoA,125544
2026-01,Castilla y León,GASÓLEO B,GasoleoB,54582
2026-01,Castilla y León,GASÓLEO C,GasoleoC,29394
2026-01,Castilla y León,GASOLINA  AUTO. S/PB 95 I.O.,Gasolina95,25392
2026-01,Castilla y León,GASOLINA  AUTO. S/PB 98 I.O.,Gasolina98,1303
2026-01,Castilla y León,OTRAS GASOLINAS,OtrasGasolinas,25
2026-01,Castilla y León,OTROS FUELÓLEOS,OtrosFueloleos,0
2026-01,Castilla y León,OTROS GASOLEOS,OtrosGasoleos,0
2026-01,Castilla y León,OTROS QUEROSENOS,OtrosQueroseno,0
2026-01,Castilla y León,QUEROSENO AVIACIÓN,QuerosenoAviacion,113
2026-01,Cataluña,BIODIESEL,Biodiesel,3036
2026-01,Cataluña,BIOETANOL,Bioetanol,12
2026-01,Cataluña,FUELÓLEO  BIA,Fueloleo_BIA,19217
2026-01,Cataluña,GLP,GLP,21444
2026-01,Cataluña,GASÓLEO A,GasoleoA,274444
2026-01,Cataluña,GASÓLEO B,GasoleoB,48304
2026-01,Cataluña,GASÓLEO C,GasoleoC,18863
2026-01,Cataluña,GASOLINA  AUTO. S/PB 95 I.O.,Gasolina95,88541
2026-01,Cataluña,GASOLINA  AUTO. S/PB 98 I.O.,Gasolina98,3942
2026-01,Cataluña,OTRAS GASOLINAS,OtrasGasolinas,69
2026-01,Cataluña,OTROS FUELÓLEOS,OtrosFueloleos,44221
2026-01,Cataluña,OTROS GASOLEOS,OtrosGasoleos,27193
2026-01,Cataluña,OTROS QUEROSENOS,OtrosQueroseno,2
2026-01,Cataluña,QUEROSENO AVIACIÓN,QuerosenoAviacion,95082
2026-01,Ceuta,BIODIESEL,Biodiesel,0
2026-01,Ceuta,BIOETANOL,Bioetanol,0
2026-01,Ceuta,FUELÓLEO  BIA,Fueloleo_BIA,4990
2026-01,Ceuta,GLP,GLP,240
2026-01,Ceuta,GASÓLEO A,GasoleoA,796
2026-01,Ceuta,GASÓLEO B,GasoleoB,0
2026-01,Ceuta,GASÓLEO C,GasoleoC,55
2026-01,Ceuta,GASOLINA  AUTO. S/PB 95 I.O.,Gasolina95,447
2026-01,Ceuta,GASOLINA  AUTO. S/PB 98 I.O.,Gasolina98,54
2026-01,Ceuta,OTRAS GASOLINAS,OtrasGasolinas,0
2026-01,Ceuta,OTROS FUELÓLEOS,OtrosFueloleos,2028
2026-01,Ceuta,OTROS GASOLEOS,OtrosGasoleos,821
2026-01,Ceuta,OTROS QUEROSENOS,OtrosQueroseno,0
2026-01,Ceuta,QUEROSENO AVIACIÓN,QuerosenoAviacion,27
2026-01,Comunitat Valenciana,BIODIESEL,Biodiesel,1110
2026-01,Comunitat Valenciana,BIOETANOL,Bioetanol,0
2026-01,Comunitat Valenciana,FUELÓLEO  BIA,Fueloleo_BIA,189
2026-01,Comunitat Valenciana,GLP,GLP,21276
2026-01,Comunitat Valenciana,GASÓLEO A,GasoleoA,153485
2026-01,Comunitat Valenciana,GASÓLEO B,GasoleoB,19632
2026-01,Comunitat Valenciana,GASÓLEO C,GasoleoC,7474
2026-01,Comunitat Valenciana,GASOLINA  AUTO. S/PB 95 I.O.,Gasolina95,57500
2026-01,Comunitat Valenciana,GASOLINA  AUTO. S/PB 98 I.O.,Gasolina98,2304
2026-01,Comunitat Valenciana,OTRAS GASOLINAS,OtrasGasolinas,29
2026-01,Comunitat Valenciana,OTROS FUELÓLEOS,OtrosFueloleos,14885
2026-01,Comunitat Valenciana,OTROS GASOLEOS,OtrosGasoleos,22994
2026-01,Comunitat Valenciana,OTROS QUEROSENOS,OtrosQueroseno,1
2026-01,Comunitat Valenciana,QUEROSENO AVIACIÓN,QuerosenoAviacion,31444
2026-01,ESPAÑA,BIODIESEL,Biodiesel,18914
2026-01,ESPAÑA,BIOETANOL,Bioetanol,24
2026-01,ESPAÑA,FUELÓLEO  BIA,Fueloleo_BIA,173947
2026-01,ESPAÑA,GLP,GLP,174240
2026-01,ESPAÑA,GASÓLEO A,GasoleoA,1648389
2026-01,ESPAÑA,GASÓLEO B,GasoleoB,350131
2026-01,ESPAÑA,GASÓLEO C,GasoleoC,214883
2026-01,ESPAÑA,GASOLINA  AUTO. S/PB 95 I.O.,Gasolina95,506103
2026-01,ESPAÑA,GASOLINA  AUTO. S/PB 98 I.O.,Gasolina98,27836
2026-01,ESPAÑA,OTRAS GASOLINAS,OtrasGasolinas,249
2026-01,ESPAÑA,OTROS FUELÓLEOS,OtrosFueloleos,367031
2026-01,ESPAÑA,OTROS GASOLEOS,OtrosGasoleos,252269
2026-01,ESPAÑA,OTROS QUEROSENOS,OtrosQueroseno,4
2026-01,ESPAÑA,QUEROSENO AVIACIÓN,QuerosenoAviacion,554329
2026-01,Extremadura,BIODIESEL,Biodiesel,373
2026-01,Extremadura,BIOETANOL,Bioetanol,0
2026-01,Extremadura,FUELÓLEO  BIA,Fueloleo_BIA,134
2026-01,Extremadura,GLP,GLP,6430
2026-01,Extremadura,GASÓLEO A,GasoleoA,54973
2026-01,Extremadura,GASÓLEO B,GasoleoB,10476
2026-01,Extremadura,GASÓLEO C,GasoleoC,2530
2026-01,Extremadura,GASOLINA  AUTO. S/PB 95 I.O.,Gasolina95,9944
2026-01,Extremadura,GASOLINA  AUTO. S/PB 98 I.O.,Gasolina98,322
2026-01,Extremadura,OTRAS GASOLINAS,OtrasGasolinas,1
2026-01,Extremadura,OTROS FUELÓLEOS,OtrosFueloleos,0
2026-01,Extremadura,OTROS GASOLEOS,OtrosGasoleos,0
2026-01,Extremadura,OTROS QUEROSENOS,OtrosQueroseno,0
2026-01,Extremadura,QUEROSENO AVIACIÓN,QuerosenoAviacion,49
2026-01,Galicia,BIODIESEL,Biodiesel,841
2026-01,Galicia,BIOETANOL,Bioetanol,0
2026-01,Galicia,FUELÓLEO  BIA,Fueloleo_BIA,4000
2026-01,Galicia,GLP,GLP,14914
2026-01,Galicia,GASÓLEO A,GasoleoA,100030
2026-01,Galicia,GASÓLEO B,GasoleoB,20625
2026-01,Galicia,GASÓLEO C,GasoleoC,34422
2026-01,Galicia,GASOLINA  AUTO. S/PB 95 I.O.,Gasolina95,23774
2026-01,Galicia,GASOLINA  AUTO. S/PB 98 I.O.,Gasolina98,1156
2026-01,Galicia,OTRAS GASOLINAS,OtrasGasolinas,3
2026-01,Galicia,OTROS FUELÓLEOS,OtrosFueloleos,961
2026-01,Galicia,OTROS GASOLEOS,OtrosGasoleos,9609
2026-01,Galicia,OTROS QUEROSENOS,OtrosQueroseno,0
2026-01,Galicia,QUEROSENO AVIACIÓN,QuerosenoAviacion,3640
2026-01,"Madrid, Comunidad de",BIODIESEL,Biodiesel,2513
2026-01,"Madrid, Comunidad de",BIOETANOL,Bioetanol,0
2026-01,"Madrid, Comunidad de",FUELÓLEO  BIA,Fueloleo_BIA,230
2026-01,"Madrid, Comunidad de",GLP,GLP,13167
2026-01,"Madrid, Comunidad de",GASÓLEO A,GasoleoA,136651
2026-01,"Madrid, Comunidad de",GASÓLEO B,GasoleoB,15949
2026-01,"Madrid, Comunidad de",GASÓLEO C,GasoleoC,33504
2026-01,"Madrid, Comunidad de",GASOLINA  AUTO. S/PB 95 I.O.,Gasolina95,74093
2026-01,"Madrid, Comunidad de",GASOLINA  AUTO. S/PB 98 I.O.,Gasolina98,2512
2026-01,"Madrid, Comunidad de",OTRAS GASOLINAS,OtrasGasolinas,29
2026-01,"Madrid, Comunidad de",OTROS FUELÓLEOS,OtrosFueloleos,0
2026-01,"Madrid, Comunidad de",OTROS GASOLEOS,OtrosGasoleos,0
2026-01,"Madrid, Comunidad de",OTROS QUEROSENOS,OtrosQueroseno,0
2026-01,"Madrid, Comunidad de",QUEROSENO AVIACIÓN,QuerosenoAviacion,234191
2026-01,Melilla,BIODIESEL,Biodiesel,0
2026-01,Melilla,BIOETANOL,Bioetanol,0
2026-01,Melilla,FUELÓLEO  BIA,Fueloleo_BIA,5190
2026-01,Melilla,GLP,GLP,233
2026-01,Melilla,GASÓLEO A,GasoleoA,939
2026-01,Melilla,GASÓLEO B,GasoleoB,0
2026-01,Melilla,GASÓLEO C,GasoleoC,0
2026-01,Melilla,GASOLINA  AUTO. S/PB 95 I.O.,Gasolina95,517
2026-01,Melilla,GASOLINA  AUTO. S/PB 98 I.O.,Gasolina98,0
2026-01,Melilla,OTRAS GASOLINAS,OtrasGasolinas,0
2026-01,Melilla,OTROS FUELÓLEOS,OtrosFueloleos,0
2026-01,Melilla,OTROS GASOLEOS,OtrosGasoleos,0
2026-01,Melilla,OTROS QUEROSENOS,OtrosQueroseno,0
2026-01,Melilla,QUEROSENO AVIACIÓN,QuerosenoAviacion,160
2026-01,"Murcia, Región de",BIODIESEL,Biodiesel,1494
2026-01,"Murcia, Región de",BIOETANOL,Bioetanol,0
2026-01,"Murcia, Región de",FUELÓLEO  BIA,Fueloleo_BIA,144
2026-01,"Murcia, Región de",GLP,GLP,6551
2026-01,"Murcia, Región de",GASÓLEO A,GasoleoA,71731
2026-01,"Murcia, Región de",GASÓLEO B,GasoleoB,12530
2026-01,"Murcia, Región de",GASÓLEO C,GasoleoC,1566
2026-01,"Murcia, Región de",GASOLINA  AUTO. S/PB 95 I.O.,Gasolina95,14234
2026-01,"Murcia, Región de",GASOLINA  AUTO. S/PB 98 I.O.,Gasolina98,605
2026-01,"Murcia, Región de",OTRAS GASOLINAS,OtrasGasolinas,5
2026-01,"Murcia, Región de",OTROS FUELÓLEOS,OtrosFueloleos,53
2026-01,"Murcia, Región de",OTROS GASOLEOS,OtrosGasoleos,2173
2026-01,"Murcia, Región de",OTROS QUEROSENOS,OtrosQueroseno,0
2026-01,"Murcia, Región de",QUEROSENO AVIACIÓN,QuerosenoAviacion,638
2026-01,"Navarra, Comunidad Foral de",BIODIESEL,Biodiesel,426
2026-01,"Navarra, Comunidad Foral de",BIOETANOL,Bioetanol,0
2026-01,"Navarra, Comunidad Foral de",FUELÓLEO  BIA,Fueloleo_BIA,615
2026-01,"Navarra, Comunidad Foral de",GLP,GLP,1778
2026-01,"Navarra, Comunidad Foral de",GASÓLEO A,GasoleoA,49453
2026-01,"Navarra, Comunidad Foral de",GASÓLEO B,GasoleoB,8846
2026-01,"Navarra, Comunidad Foral de",GASÓLEO C,GasoleoC,1688
2026-01,"Navarra, Comunidad Foral de",GASOLINA  AUTO. S/PB 95 I.O.,Gasolina95,6882
2026-01,"Navarra, Comunidad Foral de",GASOLINA  AUTO. S/PB 98 I.O.,Gasolina98,240
2026-01,"Navarra, Comunidad Foral de",OTRAS GASOLINAS,OtrasGasolinas,1
2026-01,"Navarra, Comunidad Foral de",OTROS FUELÓLEOS,OtrosFueloleos,0
2026-01,"Navarra, Comunidad Foral de",OTROS GASOLEOS,OtrosGasoleos,0
2026-01,"Navarra, Comunidad Foral de",OTROS QUEROSENOS,OtrosQueroseno,0
2026-01,"Navarra, Comunidad Foral de",QUEROSENO AVIACIÓN,QuerosenoAviacion,127
2026-01,País Vasco,BIODIESEL,Biodiesel,1301
2026-01,País Vasco,BIOETANOL,Bioetanol,0
2026-01,País Vasco,FUELÓLEO  BIA,Fueloleo_BIA,292
2026-01,País Vasco,GLP,GLP,5709
2026-01,País Vasco,GASÓLEO A,GasoleoA,125917
2026-01,País Vasco,GASÓLEO B,GasoleoB,15111
2026-01,País Vasco,GASÓLEO C,GasoleoC,8388
2026-01,País Vasco,GASOLINA  AUTO. S/PB 95 I.O.,Gasolina95,17392
2026-01,País Vasco,GASOLINA  AUTO. S/PB 98 I.O.,Gasolina98,908
2026-01,País Vasco,OTRAS GASOLINAS,OtrasGasolinas,1
2026-01,País Vasco,OTROS FUELÓLEOS,OtrosFueloleos,0
2026-01,País Vasco,OTROS GASOLEOS,OtrosGasoleos,1871
2026-01,País Vasco,OTROS QUEROSENOS,OtrosQueroseno,1
2026-01,País Vasco,QUEROSENO AVIACIÓN,QuerosenoAviacion,6268
2026-01,"Rioja, La",BIODIESEL,Biodiesel,113
2026-01,"Rioja, La",BIOETANOL,Bioetanol,0
2026-01,"Rioja, La",FUELÓLEO  BIA,Fueloleo_BIA,26
2026-01,"Rioja, La",GLP,GLP,772
2026-01,"Rioja, La",GASÓLEO A,GasoleoA,11801
2026-01,"Rioja, La",GASÓLEO B,GasoleoB,4363
2026-01,"Rioja, La",GASÓLEO C,GasoleoC,3069
2026-01,"Rioja, La",GASOLINA  AUTO. S/PB 95 I.O.,Gasolina95,2735
2026-01,"Rioja, La",GASOLINA  AUTO. S/PB 98 I.O.,Gasolina98,90
2026-01,"Rioja, La",OTRAS GASOLINAS,OtrasGasolinas,4
2026-01,"Rioja, La",OTROS FUELÓLEOS,OtrosFueloleos,0
2026-01,"Rioja, La",OTROS GASOLEOS,OtrosGasoleos,0
2026-01,"Rioja, La",OTROS QUEROSENOS,OtrosQueroseno,0
2026-01,"Rioja, La",QUEROSENO AVIACIÓN,QuerosenoAviacion,13
2026-02,Andalucía,BIODIESEL,Biodiesel,1595
2026-02,Andalucía,BIOETANOL,Bioetanol,0
2026-02,Andalucía,FUELÓLEO  BIA,Fueloleo_BIA,21946
2026-02,Andalucía,GLP,GLP,27260
2026-02,Andalucía,GASÓLEO A,GasoleoA,258243
2026-02,Andalucía,GASÓLEO B,GasoleoB,43160
2026-02,Andalucía,GASÓLEO C,GasoleoC,9162
2026-02,Andalucía,GASOLINA  AUTO. S/PB 95 I.O.,Gasolina95,74230
2026-02,Andalucía,GASOLINA  AUTO. S/PB 98 I.O.,Gasolina98,2984
2026-02,Andalucía,OTRAS GASOLINAS,OtrasGasolinas,48
2026-02,Andalucía,OTROS FUELÓLEOS,OtrosFueloleos,186729
2026-02,Andalucía,OTROS GASOLEOS,OtrosGasoleos,34315
2026-02,Andalucía,OTROS QUEROSENOS,OtrosQueroseno,0
2026-02,Andalucía,QUEROSENO AVIACIÓN,QuerosenoAviacion,41270
2026-02,Aragón,BIODIESEL,Biodiesel,1862
2026-02,Aragón,BIOETANOL,Bioetanol,0
2026-02,Aragón,FUELÓLEO  BIA,Fueloleo_BIA,52
2026-02,Aragón,GLP,GLP,6250
2026-02,Aragón,GASÓLEO A,GasoleoA,62738
2026-02,Aragón,GASÓLEO B,GasoleoB,19752
2026-02,Aragón,GASÓLEO C,GasoleoC,11766
2026-02,Aragón,GASOLINA  AUTO. S/PB 95 I.O.,Gasolina95,14130
2026-02,Aragón,GASOLINA  AUTO. S/PB 98 I.O.,Gasolina98,586
2026-02,Aragón,OTRAS GASOLINAS,OtrasGasolinas,2
2026-02,Aragón,OTROS FUELÓLEOS,OtrosFueloleos,0
2026-02,Aragón,OTROS GASOLEOS,OtrosGasoleos,0
2026-02,Aragón,OTROS QUEROSENOS,OtrosQueroseno,0
2026-02,Aragón,QUEROSENO AVIACIÓN,QuerosenoAviacion,6375
2026-02,"Asturias, Principado de",BIODIESEL,Biodiesel,342
2026-02,"Asturias, Principado de",BIOETANOL,Bioetanol,0
2026-02,"Asturias, Principado de",FUELÓLEO  BIA,Fueloleo_BIA,311
2026-02,"Asturias, Principado de",GLP,GLP,2690
2026-02,"Asturias, Principado de",GASÓLEO A,GasoleoA,28504
2026-02,"Asturias, Principado de",GASÓLEO B,GasoleoB,6229
2026-02,"Asturias, Principado de",GASÓLEO C,GasoleoC,3985
2026-02,"Asturias, Principado de",GASOLINA  AUTO. S/PB 95 I.O.,Gasolina95,8010
2026-02,"Asturias, Principado de",GASOLINA  AUTO. S/PB 98 I.O.,Gasolina98,474
2026-02,"Asturias, Principado de",OTRAS GASOLINAS,OtrasGasolinas,3
2026-02,"Asturias, Principado de",OTROS FUELÓLEOS,OtrosFueloleos,150
2026-02,"Asturias, Principado de",OTROS GASOLEOS,OtrosGasoleos,3147
2026-02,"Asturias, Principado de",OTROS QUEROSENOS,OtrosQueroseno,0
2026-02,"Asturias, Principado de",QUEROSENO AVIACIÓN,QuerosenoAviacion,1415
2026-02,"Balears, Illes",BIODIESEL,Biodiesel,93
2026-02,"Balears, Illes",BIOETANOL,Bioetanol,0
2026-02,"Balears, Illes",FUELÓLEO  BIA,Fueloleo_BIA,0
2026-02,"Balears, Illes",GLP,GLP,3987
2026-02,"Balears, Illes",GASÓLEO A,GasoleoA,21937
2026-02,"Balears, Illes",GASÓLEO B,GasoleoB,3717
2026-02,"Balears, Illes",GASÓLEO C,GasoleoC,9173
2026-02,"Balears, Illes",GASOLINA  AUTO. S/PB 95 I.O.,Gasolina95,16118
2026-02,"Balears, Illes",GASOLINA  AUTO. S/PB 98 I.O.,Gasolina98,795
2026-02,"Balears, Illes",OTRAS GASOLINAS,OtrasGasolinas,20
2026-02,"Balears, Illes",OTROS FUELÓLEOS,OtrosFueloleos,0
2026-02,"Balears, Illes",OTROS GASOLEOS,OtrosGasoleos,854
2026-02,"Balears, Illes",OTROS QUEROSENOS,OtrosQueroseno,0
2026-02,"Balears, Illes",QUEROSENO AVIACIÓN,QuerosenoAviacion,14756
2026-02,Canarias,BIODIESEL,Biodiesel,555
2026-02,Canarias,BIOETANOL,Bioetanol,0
2026-02,Canarias,FUELÓLEO  BIA,Fueloleo_BIA,137613
2026-02,Canarias,GLP,GLP,7201
2026-02,Canarias,GASÓLEO A,GasoleoA,48871
2026-02,Canarias,GASÓLEO B,GasoleoB,0
2026-02,Canarias,GASÓLEO C,GasoleoC,0
2026-02,Canarias,GASOLINA  AUTO. S/PB 95 I.O.,Gasolina95,35668
2026-02,Canarias,GASOLINA  AUTO. S/PB 98 I.O.,Gasolina98,7905
2026-02,Canarias,OTRAS GASOLINAS,OtrasGasolinas,1
2026-02,Canarias,OTROS FUELÓLEOS,OtrosFueloleos,79807
2026-02,Canarias,OTROS GASOLEOS,OtrosGasoleos,137561
2026-02,Canarias,OTROS QUEROSENOS,OtrosQueroseno,0
2026-02,Canarias,QUEROSENO AVIACIÓN,QuerosenoAviacion,105968
2026-02,Cantabria,BIODIESEL,Biodiesel,401
2026-02,Cantabria,BIOETANOL,Bioetanol,0
2026-02,Cantabria,FUELÓLEO  BIA,Fueloleo_BIA,422
2026-02,Cantabria,GLP,GLP,1977
2026-02,Cantabria,GASÓLEO A,GasoleoA,21313
2026-02,Cantabria,GASÓLEO B,GasoleoB,4963
2026-02,Cantabria,GASÓLEO C,GasoleoC,158
2026-02,Cantabria,GASOLINA  AUTO. S/PB 95 I.O.,Gasolina95,6224
2026-02,Cantabria,GASOLINA  AUTO. S/PB 98 I.O.,Gasolina98,213
2026-02,Cantabria,OTRAS GASOLINAS,OtrasGasolinas,1
2026-02,Cantabria,OTROS FUELÓLEOS,OtrosFueloleos,0
2026-02,Cantabria,OTROS GASOLEOS,OtrosGasoleos,1196
2026-02,Cantabria,OTROS QUEROSENOS,OtrosQueroseno,0
2026-02,Cantabria,QUEROSENO AVIACIÓN,QuerosenoAviacion,628
2026-02,Castilla - La Mancha,BIODIESEL,Biodiesel,1654
2026-02,Castilla - La Mancha,BIOETANOL,Bioetanol,0
2026-02,Castilla - La Mancha,FUELÓLEO  BIA,Fueloleo_BIA,111
2026-02,Castilla - La Mancha,GLP,GLP,7228
2026-02,Castilla - La Mancha,GASÓLEO A,GasoleoA,95839
2026-02,Castilla - La Mancha,GASÓLEO B,GasoleoB,36089
2026-02,Castilla - La Mancha,GASÓLEO C,GasoleoC,16701
2026-02,Castilla - La Mancha,GASOLINA  AUTO. S/PB 95 I.O.,Gasolina95,21496
2026-02,Castilla - La Mancha,GASOLINA  AUTO. S/PB 98 I.O.,Gasolina98,813
2026-02,Castilla - La Mancha,OTRAS GASOLINAS,OtrasGasolinas,0
2026-02,Castilla - La Mancha,OTROS FUELÓLEOS,OtrosFueloleos,0
2026-02,Castilla - La Mancha,OTROS GASOLEOS,OtrosGasoleos,0
2026-02,Castilla - La Mancha,OTROS QUEROSENOS,OtrosQueroseno,0
2026-02,Castilla - La Mancha,QUEROSENO AVIACIÓN,QuerosenoAviacion,98
2026-02,Castilla y León,BIODIESEL,Biodiesel,1315
2026-02,Castilla y León,BIOETANOL,Bioetanol,0
2026-02,Castilla y León,FUELÓLEO  BIA,Fueloleo_BIA,297
2026-02,Castilla y León,GLP,GLP,9214
2026-02,Castilla y León,GASÓLEO A,GasoleoA,125576
2026-02,Castilla y León,GASÓLEO B,GasoleoB,44114
2026-02,Castilla y León,GASÓLEO C,GasoleoC,23775
2026-02,Castilla y León,GASOLINA  AUTO. S/PB 95 I.O.,Gasolina95,24402
2026-02,Castilla y León,GASOLINA  AUTO. S/PB 98 I.O.,Gasolina98,1105
2026-02,Castilla y León,OTRAS GASOLINAS,OtrasGasolinas,47
2026-02,Castilla y León,OTROS FUELÓLEOS,OtrosFueloleos,0
2026-02,Castilla y León,OTROS GASOLEOS,OtrosGasoleos,0
2026-02,Castilla y León,OTROS QUEROSENOS,OtrosQueroseno,0
2026-02,Castilla y León,QUEROSENO AVIACIÓN,QuerosenoAviacion,121
2026-02,Cataluña,BIODIESEL,Biodiesel,2721
2026-02,Cataluña,BIOETANOL,Bioetanol,0
2026-02,Cataluña,FUELÓLEO  BIA,Fueloleo_BIA,23642
2026-02,Cataluña,GLP,GLP,17508
2026-02,Cataluña,GASÓLEO A,GasoleoA,277221
2026-02,Cataluña,GASÓLEO B,GasoleoB,39159
2026-02,Cataluña,GASÓLEO C,GasoleoC,12945
2026-02,Cataluña,GASOLINA  AUTO. S/PB 95 I.O.,Gasolina95,86610
2026-02,Cataluña,GASOLINA  AUTO. S/PB 98 I.O.,Gasolina98,3930
2026-02,Cataluña,OTRAS GASOLINAS,OtrasGasolinas,97
2026-02,Cataluña,OTROS FUELÓLEOS,OtrosFueloleos,48398
2026-02,Cataluña,OTROS GASOLEOS,OtrosGasoleos,33026
2026-02,Cataluña,OTROS QUEROSENOS,OtrosQueroseno,0
2026-02,Cataluña,QUEROSENO AVIACIÓN,QuerosenoAviacion,89373
2026-02,Ceuta,BIODIESEL,Biodiesel,0
2026-02,Ceuta,BIOETANOL,Bioetanol,0
2026-02,Ceuta,FUELÓLEO  BIA,Fueloleo_BIA,2449
2026-02,Ceuta,GLP,GLP,226
2026-02,Ceuta,GASÓLEO A,GasoleoA,791
2026-02,Ceuta,GASÓLEO B,GasoleoB,0
2026-02,Ceuta,GASÓLEO C,GasoleoC,0
2026-02,Ceuta,GASOLINA  AUTO. S/PB 95 I.O.,Gasolina95,454
2026-02,Ceuta,GASOLINA  AUTO. S/PB 98 I.O.,Gasolina98,57
2026-02,Ceuta,OTRAS GASOLINAS,OtrasGasolinas,0
2026-02,Ceuta,OTROS FUELÓLEOS,OtrosFueloleos,600
2026-02,Ceuta,OTROS GASOLEOS,OtrosGasoleos,1465
2026-02,Ceuta,OTROS QUEROSENOS,OtrosQueroseno,0
2026-02,Ceuta,QUEROSENO AVIACIÓN,QuerosenoAviacion,27
2026-02,Comunitat Valenciana,BIODIESEL,Biodiesel,1168
2026-02,Comunitat Valenciana,BIOETANOL,Bioetanol,0
2026-02,Comunitat Valenciana,FUELÓLEO  BIA,Fueloleo_BIA,333
2026-02,Comunitat Valenciana,GLP,GLP,14357
2026-02,Comunitat Valenciana,GASÓLEO A,GasoleoA,156514
2026-02,Comunitat Valenciana,GASÓLEO B,GasoleoB,18701
2026-02,Comunitat Valenciana,GASÓLEO C,GasoleoC,4874
2026-02,Comunitat Valenciana,GASOLINA  AUTO. S/PB 95 I.O.,Gasolina95,55677
2026-02,Comunitat Valenciana,GASOLINA  AUTO. S/PB 98 I.O.,Gasolina98,2300
2026-02,Comunitat Valenciana,OTRAS GASOLINAS,OtrasGasolinas,22
2026-02,Comunitat Valenciana,OTROS FUELÓLEOS,OtrosFueloleos,15285
2026-02,Comunitat Valenciana,OTROS GASOLEOS,OtrosGasoleos,19894
2026-02,Comunitat Valenciana,OTROS QUEROSENOS,OtrosQueroseno,0
2026-02,Comunitat Valenciana,QUEROSENO AVIACIÓN,QuerosenoAviacion,31355
2026-02,ESPAÑA,BIODIESEL,Biodiesel,18905
2026-02,ESPAÑA,BIOETANOL,Bioetanol,11
2026-02,ESPAÑA,FUELÓLEO  BIA,Fueloleo_BIA,195791
2026-02,ESPAÑA,GLP,GLP,138169
2026-02,ESPAÑA,GASÓLEO A,GasoleoA,1655321
2026-02,ESPAÑA,GASÓLEO B,GasoleoB,294322
2026-02,ESPAÑA,GASÓLEO C,GasoleoC,158614
2026-02,ESPAÑA,GASOLINA  AUTO. S/PB 95 I.O.,Gasolina95,486246
2026-02,ESPAÑA,GASOLINA  AUTO. S/PB 98 I.O.,Gasolina98,26886
2026-02,ESPAÑA,OTRAS GASOLINAS,OtrasGasolinas,310
2026-02,ESPAÑA,OTROS FUELÓLEOS,OtrosFueloleos,332095
2026-02,ESPAÑA,OTROS GASOLEOS,OtrosGasoleos,245041
2026-02,ESPAÑA,OTROS QUEROSENOS,OtrosQueroseno,2
2026-02,ESPAÑA,QUEROSENO AVIACIÓN,QuerosenoAviacion,510649
2026-02,Extremadura,BIODIESEL,Biodiesel,341
2026-02,Extremadura,BIOETANOL,Bioetanol,0
2026-02,Extremadura,FUELÓLEO  BIA,Fueloleo_BIA,335
2026-02,Extremadura,GLP,GLP,5247
2026-02,Extremadura,GASÓLEO A,GasoleoA,51879
2026-02,Extremadura,GASÓLEO B,GasoleoB,8853
2026-02,Extremadura,GASÓLEO C,GasoleoC,1583
2026-02,Extremadura,GASOLINA  AUTO. S/PB 95 I.O.,Gasolina95,9046
2026-02,Extremadura,GASOLINA  AUTO. S/PB 98 I.O.,Gasolina98,285
2026-02,Extremadura,OTRAS GASOLINAS,OtrasGasolinas,1
2026-02,Extremadura,OTROS FUELÓLEOS,OtrosFueloleos,0
2026-02,Extremadura,OTROS GASOLEOS,OtrosGasoleos,0
2026-02,Extremadura,OTROS QUEROSENOS,OtrosQueroseno,0
2026-02,Extremadura,QUEROSENO AVIACIÓN,QuerosenoAviacion,41
2026-02,Galicia,BIODIESEL,Biodiesel,880
2026-02,Galicia,BIOETANOL,Bioetanol,11
2026-02,Galicia,FUELÓLEO  BIA,Fueloleo_BIA,3303
2026-02,Galicia,GLP,GLP,12410
2026-02,Galicia,GASÓLEO A,GasoleoA,98479
2026-02,Galicia,GASÓLEO B,GasoleoB,18819
2026-02,Galicia,GASÓLEO C,GasoleoC,25488
2026-02,Galicia,GASOLINA  AUTO. S/PB 95 I.O.,Gasolina95,22418
2026-02,Galicia,GASOLINA  AUTO. S/PB 98 I.O.,Gasolina98,1069
2026-02,Galicia,OTRAS GASOLINAS,OtrasGasolinas,8
2026-02,Galicia,OTROS FUELÓLEOS,OtrosFueloleos,1126
2026-02,Galicia,OTROS GASOLEOS,OtrosGasoleos,9170
2026-02,Galicia,OTROS QUEROSENOS,OtrosQueroseno,0
2026-02,Galicia,QUEROSENO AVIACIÓN,QuerosenoAviacion,3290
2026-02,"Madrid, Comunidad de",BIODIESEL,Biodiesel,2550
2026-02,"Madrid, Comunidad de",BIOETANOL,Bioetanol,0
2026-02,"Madrid, Comunidad de",FUELÓLEO  BIA,Fueloleo_BIA,348
2026-02,"Madrid, Comunidad de",GLP,GLP,11088
2026-02,"Madrid, Comunidad de",GASÓLEO A,GasoleoA,136156
2026-02,"Madrid, Comunidad de",GASÓLEO B,GasoleoB,13070
2026-02,"Madrid, Comunidad de",GASÓLEO C,GasoleoC,27439
2026-02,"Madrid, Comunidad de",GASOLINA  AUTO. S/PB 95 I.O.,Gasolina95,71310
2026-02,"Madrid, Comunidad de",GASOLINA  AUTO. S/PB 98 I.O.,Gasolina98,2572
2026-02,"Madrid, Comunidad de",OTRAS GASOLINAS,OtrasGasolinas,38
2026-02,"Madrid, Comunidad de",OTROS FUELÓLEOS,OtrosFueloleos,0
2026-02,"Madrid, Comunidad de",OTROS GASOLEOS,OtrosGasoleos,0
2026-02,"Madrid, Comunidad de",OTROS QUEROSENOS,OtrosQueroseno,0
2026-02,"Madrid, Comunidad de",QUEROSENO AVIACIÓN,QuerosenoAviacion,209011
2026-02,Melilla,BIODIESEL,Biodiesel,0
2026-02,Melilla,BIOETANOL,Bioetanol,0
2026-02,Melilla,FUELÓLEO  BIA,Fueloleo_BIA,3850
2026-02,Melilla,GLP,GLP,197
2026-02,Melilla,GASÓLEO A,GasoleoA,933
2026-02,Melilla,GASÓLEO B,GasoleoB,0
2026-02,Melilla,GASÓLEO C,GasoleoC,0
2026-02,Melilla,GASOLINA  AUTO. S/PB 95 I.O.,Gasolina95,528
2026-02,Melilla,GASOLINA  AUTO. S/PB 98 I.O.,Gasolina98,0
2026-02,Melilla,OTRAS GASOLINAS,OtrasGasolinas,0
2026-02,Melilla,OTROS FUELÓLEOS,OtrosFueloleos,0
2026-02,Melilla,OTROS GASOLEOS,OtrosGasoleos,0
2026-02,Melilla,OTROS QUEROSENOS,OtrosQueroseno,0
2026-02,Melilla,QUEROSENO AVIACIÓN,QuerosenoAviacion,164
2026-02,"Murcia, Región de",BIODIESEL,Biodiesel,1562
2026-02,"Murcia, Región de",BIOETANOL,Bioetanol,0
2026-02,"Murcia, Región de",FUELÓLEO  BIA,Fueloleo_BIA,191
2026-02,"Murcia, Región de",GLP,GLP,4527
2026-02,"Murcia, Región de",GASÓLEO A,GasoleoA,71532
2026-02,"Murcia, Región de",GASÓLEO B,GasoleoB,12574
2026-02,"Murcia, Región de",GASÓLEO C,GasoleoC,1097
2026-02,"Murcia, Región de",GASOLINA  AUTO. S/PB 95 I.O.,Gasolina95,13493
2026-02,"Murcia, Región de",GASOLINA  AUTO. S/PB 98 I.O.,Gasolina98,553
2026-02,"Murcia, Región de",OTRAS GASOLINAS,OtrasGasolinas,12
2026-02,"Murcia, Región de",OTROS FUELÓLEOS,OtrosFueloleos,0
2026-02,"Murcia, Región de",OTROS GASOLEOS,OtrosGasoleos,2545
2026-02,"Murcia, Región de",OTROS QUEROSENOS,OtrosQueroseno,0
2026-02,"Murcia, Región de",QUEROSENO AVIACIÓN,QuerosenoAviacion,971
2026-02,"Navarra, Comunidad Foral de",BIODIESEL,Biodiesel,474
2026-02,"Navarra, Comunidad Foral de",BIOETANOL,Bioetanol,0
2026-02,"Navarra, Comunidad Foral de",FUELÓLEO  BIA,Fueloleo_BIA,189
2026-02,"Navarra, Comunidad Foral de",GLP,GLP,1494
2026-02,"Navarra, Comunidad Foral de",GASÓLEO A,GasoleoA,51652
2026-02,"Navarra, Comunidad Foral de",GASÓLEO B,GasoleoB,7610
2026-02,"Navarra, Comunidad Foral de",GASÓLEO C,GasoleoC,1263
2026-02,"Navarra, Comunidad Foral de",GASOLINA  AUTO. S/PB 95 I.O.,Gasolina95,6621
2026-02,"Navarra, Comunidad Foral de",GASOLINA  AUTO. S/PB 98 I.O.,Gasolina98,249
2026-02,"Navarra, Comunidad Foral de",OTRAS GASOLINAS,OtrasGasolinas,2
2026-02,"Navarra, Comunidad Foral de",OTROS FUELÓLEOS,OtrosFueloleos,0
2026-02,"Navarra, Comunidad Foral de",OTROS GASOLEOS,OtrosGasoleos,0
2026-02,"Navarra, Comunidad Foral de",OTROS QUEROSENOS,OtrosQueroseno,0
2026-02,"Navarra, Comunidad Foral de",QUEROSENO AVIACIÓN,QuerosenoAviacion,100
2026-02,País Vasco,BIODIESEL,Biodiesel,1238
2026-02,País Vasco,BIOETANOL,Bioetanol,0
2026-02,País Vasco,FUELÓLEO  BIA,Fueloleo_BIA,293
2026-02,País Vasco,GLP,GLP,4688
2026-02,País Vasco,GASÓLEO A,GasoleoA,134514
2026-02,País Vasco,GASÓLEO B,GasoleoB,13691
2026-02,País Vasco,GASÓLEO C,GasoleoC,6549
2026-02,País Vasco,GASOLINA  AUTO. S/PB 95 I.O.,Gasolina95,17204
2026-02,País Vasco,GASOLINA  AUTO. S/PB 98 I.O.,Gasolina98,899
2026-02,País Vasco,OTRAS GASOLINAS,OtrasGasolinas,2
2026-02,País Vasco,OTROS FUELÓLEOS,OtrosFueloleos,0
2026-02,País Vasco,OTROS GASOLEOS,OtrosGasoleos,1868
2026-02,País Vasco,OTROS QUEROSENOS,OtrosQueroseno,2
2026-02,País Vasco,QUEROSENO AVIACIÓN,QuerosenoAviacion,5679
2026-02,"Rioja, La",BIODIESEL,Biodiesel,154
2026-02,"Rioja, La",BIOETANOL,Bioetanol,0
2026-02,"Rioja, La",FUELÓLEO  BIA,Fueloleo_BIA,106
2026-02,"Rioja, La",GLP,GLP,620
2026-02,"Rioja, La",GASÓLEO A,GasoleoA,12629
2026-02,"Rioja, La",GASÓLEO B,GasoleoB,3821
2026-02,"Rioja, La",GASÓLEO C,GasoleoC,2656
2026-02,"Rioja, La",GASOLINA  AUTO. S/PB 95 I.O.,Gasolina95,2607
2026-02,"Rioja, La",GASOLINA  AUTO. S/PB 98 I.O.,Gasolina98,97
2026-02,"Rioja, La",OTRAS GASOLINAS,OtrasGasolinas,6
2026-02,"Rioja, La",OTROS FUELÓLEOS,OtrosFueloleos,0
2026-02,"Rioja, La",OTROS GASOLEOS,OtrosGasoleos,0
2026-02,"Rioja, La",OTROS QUEROSENOS,OtrosQueroseno,0
2026-02,"Rioja, La",QUEROSENO AVIACIÓN,QuerosenoAviacion,7
