Sexo	Comunidades y Ciudades Autónomas	Edad	Periodo	Total
Ambos sexos	Total Nacional	Total	2023T4	11,76
Ambos sexos	Total Nacional	Total	2023T3	11,84
Ambos sexos	Total Nacional	Total	2023T2	11,60
Ambos sexos	Total Nacional	Total	2023T1	13,26
Ambos sexos	Total Nacional	Total	2022T4	12,87
Ambos sexos	Total Nacional	Total	2022T3	12,67
Ambos sexos	Total Nacional	Total	2022T2	12,48
Ambos sexos	Total Nacional	Total	2022T1	13,65
Ambos sexos	Total Nacional	Total	2021T4	13,33
Ambos sexos	Total Nacional	Total	2021T3	14,57
Ambos sexos	Total Nacional	Total	2021T2	15,26
Ambos sexos	Total Nacional	Total	2021T1	15,98
Ambos sexos	Total Nacional	Menores de 25 años	2023T4	28,36
Ambos sexos	Total Nacional	Menores de 25 años	2023T3	27,82
Ambos sexos	Total Nacional	Menores de 25 años	2023T2	27,94
Ambos sexos	Total Nacional	Menores de 25 años	2023T1	30,03
Ambos sexos	Total Nacional	Menores de 25 años	2022T4	29,26
Ambos sexos	Total Nacional	Menores de 25 años	2022T3	31,01
Ambos sexos	Total Nacional	Menores de 25 años	2022T2	28,52
Ambos sexos	Total Nacional	Menores de 25 años	2022T1	30,18
Ambos sexos	Total Nacional	Menores de 25 años	2021T4	30,70
Ambos sexos	Total Nacional	Menores de 25 años	2021T3	31,15
Ambos sexos	Total Nacional	Menores de 25 años	2021T2	38,38
Ambos sexos	Total Nacional	Menores de 25 años	2021T1	39,53
Ambos sexos	Total Nacional	25 y más años	2023T4	10,50
Ambos sexos	Total Nacional	25 y más años	2023T3	10,50
Ambos sexos	Total Nacional	25 y más años	2023T2	10,36
Ambos sexos	Total Nacional	25 y más años	2023T1	12,06
Ambos sexos	Total Nacional	25 y más años	2022T4	11,69
Ambos sexos	Total Nacional	25 y más años	2022T3	11,20
Ambos sexos	Total Nacional	25 y más años	2022T2	11,27
Ambos sexos	Total Nacional	25 y más años	2022T1	12,49
Ambos sexos	Total Nacional	25 y más años	2021T4	12,15
Ambos sexos	Total Nacional	25 y más años	2021T3	13,29
Ambos sexos	Total Nacional	25 y más años	2021T2	13,60
Ambos sexos	Total Nacional	25 y más años	2021T1	14,45
Ambos sexos	Total Nacional	De 16 a 19 años	2023T4	42,46
Ambos sexos	Total Nacional	De 16 a 19 años	2023T3	40,18
Ambos sexos	Total Nacional	De 16 a 19 años	2023T2	42,94
Ambos sexos	Total Nacional	De 16 a 19 años	2023T1	46,91
Ambos sexos	Total Nacional	De 16 a 19 años	2022T4	42,81
Ambos sexos	Total Nacional	De 16 a 19 años	2022T3	45,42
Ambos sexos	Total Nacional	De 16 a 19 años	2022T2	48,67
Ambos sexos	Total Nacional	De 16 a 19 años	2022T1	46,43
Ambos sexos	Total Nacional	De 16 a 19 años	2021T4	49,22
Ambos sexos	Total Nacional	De 16 a 19 años	2021T3	42,82
Ambos sexos	Total Nacional	De 16 a 19 años	2021T2	56,56
Ambos sexos	Total Nacional	De 16 a 19 años	2021T1	58,23
Ambos sexos	Total Nacional	De 20 a 24 años	2023T4	25,57
Ambos sexos	Total Nacional	De 20 a 24 años	2023T3	24,92
Ambos sexos	Total Nacional	De 20 a 24 años	2023T2	24,87
Ambos sexos	Total Nacional	De 20 a 24 años	2023T1	26,73
Ambos sexos	Total Nacional	De 20 a 24 años	2022T4	26,51
Ambos sexos	Total Nacional	De 20 a 24 años	2022T3	27,60
Ambos sexos	Total Nacional	De 20 a 24 años	2022T2	24,10
Ambos sexos	Total Nacional	De 20 a 24 años	2022T1	26,75
Ambos sexos	Total Nacional	De 20 a 24 años	2021T4	27,06
Ambos sexos	Total Nacional	De 20 a 24 años	2021T3	28,38
Ambos sexos	Total Nacional	De 20 a 24 años	2021T2	34,56
Ambos sexos	Total Nacional	De 20 a 24 años	2021T1	36,52
Ambos sexos	Total Nacional	De 25 a 54 años	2023T4	10,44
Ambos sexos	Total Nacional	De 25 a 54 años	2023T3	10,40
Ambos sexos	Total Nacional	De 25 a 54 años	2023T2	10,18
Ambos sexos	Total Nacional	De 25 a 54 años	2023T1	12,13
Ambos sexos	Total Nacional	De 25 a 54 años	2022T4	11,84
Ambos sexos	Total Nacional	De 25 a 54 años	2022T3	11,40
Ambos sexos	Total Nacional	De 25 a 54 años	2022T2	11,15
Ambos sexos	Total Nacional	De 25 a 54 años	2022T1	12,55
Ambos sexos	Total Nacional	De 25 a 54 años	2021T4	12,11
Ambos sexos	Total Nacional	De 25 a 54 años	2021T3	13,13
Ambos sexos	Total Nacional	De 25 a 54 años	2021T2	13,82
Ambos sexos	Total Nacional	De 25 a 54 años	2021T1	14,90
Ambos sexos	Total Nacional	De 55 y más años	2023T4	10,69
Ambos sexos	Total Nacional	De 55 y más años	2023T3	10,84
Ambos sexos	Total Nacional	De 55 y más años	2023T2	11,02
Ambos sexos	Total Nacional	De 55 y más años	2023T1	11,79
Ambos sexos	Total Nacional	De 55 y más años	2022T4	11,13
Ambos sexos	Total Nacional	De 55 y más años	2022T3	10,48
Ambos sexos	Total Nacional	De 55 y más años	2022T2	11,70
Ambos sexos	Total Nacional	De 55 y más años	2022T1	12,26
Ambos sexos	Total Nacional	De 55 y más años	2021T4	12,31
Ambos sexos	Total Nacional	De 55 y más años	2021T3	13,91
Ambos sexos	Total Nacional	De 55 y más años	2021T2	12,75
Ambos sexos	Total Nacional	De 55 y más años	2021T1	12,70
Ambos sexos	01 Andalucía	Total	2023T4	17,60
Ambos sexos	01 Andalucía	Total	2023T3	18,67
Ambos sexos	01 Andalucía	Total	2023T2	18,05
Ambos sexos	01 Andalucía	Total	2023T1	18,31
Ambos sexos	01 Andalucía	Total	2022T4	19,00
Ambos sexos	01 Andalucía	Total	2022T3	18,98
Ambos sexos	01 Andalucía	Total	2022T2	18,68
Ambos sexos	01 Andalucía	Total	2022T1	19,43
Ambos sexos	01 Andalucía	Total	2021T4	20,18
Ambos sexos	01 Andalucía	Total	2021T3	22,41
Ambos sexos	01 Andalucía	Total	2021T2	21,58
Ambos sexos	01 Andalucía	Total	2021T1	22,54
Ambos sexos	01 Andalucía	Menores de 25 años	2023T4	39,99
Ambos sexos	01 Andalucía	Menores de 25 años	2023T3	40,56
Ambos sexos	01 Andalucía	Menores de 25 años	2023T2	38,91
Ambos sexos	01 Andalucía	Menores de 25 años	2023T1	37,97
Ambos sexos	01 Andalucía	Menores de 25 años	2022T4	35,83
Ambos sexos	01 Andalucía	Menores de 25 años	2022T3	35,92
Ambos sexos	01 Andalucía	Menores de 25 años	2022T2	33,59
Ambos sexos	01 Andalucía	Menores de 25 años	2022T1	36,07
Ambos sexos	01 Andalucía	Menores de 25 años	2021T4	39,15
Ambos sexos	01 Andalucía	Menores de 25 años	2021T3	41,68
Ambos sexos	01 Andalucía	Menores de 25 años	2021T2	47,01
Ambos sexos	01 Andalucía	Menores de 25 años	2021T1	51,09
Ambos sexos	01 Andalucía	25 y más años	2023T4	15,90
Ambos sexos	01 Andalucía	25 y más años	2023T3	16,77
Ambos sexos	01 Andalucía	25 y más años	2023T2	16,40
Ambos sexos	01 Andalucía	25 y más años	2023T1	16,97
Ambos sexos	01 Andalucía	25 y más años	2022T4	17,79
Ambos sexos	01 Andalucía	25 y más años	2022T3	17,66
Ambos sexos	01 Andalucía	25 y más años	2022T2	17,56
Ambos sexos	01 Andalucía	25 y más años	2022T1	18,28
Ambos sexos	01 Andalucía	25 y más años	2021T4	18,87
Ambos sexos	01 Andalucía	25 y más años	2021T3	20,84
Ambos sexos	01 Andalucía	25 y más años	2021T2	19,68
Ambos sexos	01 Andalucía	25 y más años	2021T1	20,70
Ambos sexos	01 Andalucía	De 16 a 19 años	2023T4	55,58
Ambos sexos	01 Andalucía	De 16 a 19 años	2023T3	56,50
Ambos sexos	01 Andalucía	De 16 a 19 años	2023T2	59,59
Ambos sexos	01 Andalucía	De 16 a 19 años	2023T1	58,84
Ambos sexos	01 Andalucía	De 16 a 19 años	2022T4	47,32
Ambos sexos	01 Andalucía	De 16 a 19 años	2022T3	50,63
Ambos sexos	01 Andalucía	De 16 a 19 años	2022T2	56,91
Ambos sexos	01 Andalucía	De 16 a 19 años	2022T1	52,47
Ambos sexos	01 Andalucía	De 16 a 19 años	2021T4	62,11
Ambos sexos	01 Andalucía	De 16 a 19 años	2021T3	54,84
Ambos sexos	01 Andalucía	De 16 a 19 años	2021T2	64,31
Ambos sexos	01 Andalucía	De 16 a 19 años	2021T1	57,65
Ambos sexos	01 Andalucía	De 20 a 24 años	2023T4	36,68
Ambos sexos	01 Andalucía	De 20 a 24 años	2023T3	36,84
Ambos sexos	01 Andalucía	De 20 a 24 años	2023T2	34,37
Ambos sexos	01 Andalucía	De 20 a 24 años	2023T1	33,65
Ambos sexos	01 Andalucía	De 20 a 24 años	2022T4	33,23
Ambos sexos	01 Andalucía	De 20 a 24 años	2022T3	32,94
Ambos sexos	01 Andalucía	De 20 a 24 años	2022T2	28,88
Ambos sexos	01 Andalucía	De 20 a 24 años	2022T1	33,25
Ambos sexos	01 Andalucía	De 20 a 24 años	2021T4	34,69
Ambos sexos	01 Andalucía	De 20 a 24 años	2021T3	39,02
Ambos sexos	01 Andalucía	De 20 a 24 años	2021T2	43,56
Ambos sexos	01 Andalucía	De 20 a 24 años	2021T1	50,10
Ambos sexos	01 Andalucía	De 25 a 54 años	2023T4	15,86
Ambos sexos	01 Andalucía	De 25 a 54 años	2023T3	16,36
Ambos sexos	01 Andalucía	De 25 a 54 años	2023T2	15,75
Ambos sexos	01 Andalucía	De 25 a 54 años	2023T1	16,96
Ambos sexos	01 Andalucía	De 25 a 54 años	2022T4	17,93
Ambos sexos	01 Andalucía	De 25 a 54 años	2022T3	17,52
Ambos sexos	01 Andalucía	De 25 a 54 años	2022T2	17,19
Ambos sexos	01 Andalucía	De 25 a 54 años	2022T1	18,13
Ambos sexos	01 Andalucía	De 25 a 54 años	2021T4	18,64
Ambos sexos	01 Andalucía	De 25 a 54 años	2021T3	20,43
Ambos sexos	01 Andalucía	De 25 a 54 años	2021T2	19,98
Ambos sexos	01 Andalucía	De 25 a 54 años	2021T1	21,13
Ambos sexos	01 Andalucía	De 55 y más años	2023T4	16,03
Ambos sexos	01 Andalucía	De 55 y más años	2023T3	18,31
Ambos sexos	01 Andalucía	De 55 y más años	2023T2	18,89
Ambos sexos	01 Andalucía	De 55 y más años	2023T1	17,00
Ambos sexos	01 Andalucía	De 55 y más años	2022T4	17,23
Ambos sexos	01 Andalucía	De 55 y más años	2022T3	18,20
Ambos sexos	01 Andalucía	De 55 y más años	2022T2	19,05
Ambos sexos	01 Andalucía	De 55 y más años	2022T1	18,88
Ambos sexos	01 Andalucía	De 55 y más años	2021T4	19,80
Ambos sexos	01 Andalucía	De 55 y más años	2021T3	22,49
Ambos sexos	01 Andalucía	De 55 y más años	2021T2	18,37
Ambos sexos	01 Andalucía	De 55 y más años	2021T1	18,88
Ambos sexos	02 Aragón	Total	2023T4	7,85
Ambos sexos	02 Aragón	Total	2023T3	7,77
Ambos sexos	02 Aragón	Total	2023T2	8,59
Ambos sexos	02 Aragón	Total	2023T1	8,94
Ambos sexos	02 Aragón	Total	2022T4	9,41
Ambos sexos	02 Aragón	Total	2022T3	9,08
Ambos sexos	02 Aragón	Total	2022T2	8,96
Ambos sexos	02 Aragón	Total	2022T1	10,14
Ambos sexos	02 Aragón	Total	2021T4	9,02
Ambos sexos	02 Aragón	Total	2021T3	8,79
Ambos sexos	02 Aragón	Total	2021T2	10,73
Ambos sexos	02 Aragón	Total	2021T1	12,10
Ambos sexos	02 Aragón	Menores de 25 años	2023T4	21,01
Ambos sexos	02 Aragón	Menores de 25 años	2023T3	20,65
Ambos sexos	02 Aragón	Menores de 25 años	2023T2	27,70
Ambos sexos	02 Aragón	Menores de 25 años	2023T1	19,69
Ambos sexos	02 Aragón	Menores de 25 años	2022T4	20,53
Ambos sexos	02 Aragón	Menores de 25 años	2022T3	28,25
Ambos sexos	02 Aragón	Menores de 25 años	2022T2	27,54
Ambos sexos	02 Aragón	Menores de 25 años	2022T1	19,31
Ambos sexos	02 Aragón	Menores de 25 años	2021T4	19,61
Ambos sexos	02 Aragón	Menores de 25 años	2021T3	24,61
Ambos sexos	02 Aragón	Menores de 25 años	2021T2	21,52
Ambos sexos	02 Aragón	Menores de 25 años	2021T1	34,25
Ambos sexos	02 Aragón	25 y más años	2023T4	6,89
Ambos sexos	02 Aragón	25 y más años	2023T3	6,78
Ambos sexos	02 Aragón	25 y más años	2023T2	7,26
Ambos sexos	02 Aragón	25 y más años	2023T1	8,24
Ambos sexos	02 Aragón	25 y más años	2022T4	8,67
Ambos sexos	02 Aragón	25 y más años	2022T3	7,59
Ambos sexos	02 Aragón	25 y más años	2022T2	7,64
Ambos sexos	02 Aragón	25 y más años	2022T1	9,46
Ambos sexos	02 Aragón	25 y más años	2021T4	8,28
Ambos sexos	02 Aragón	25 y más años	2021T3	7,66
Ambos sexos	02 Aragón	25 y más años	2021T2	10,01
Ambos sexos	02 Aragón	25 y más años	2021T1	10,62
Ambos sexos	02 Aragón	De 16 a 19 años	2023T4	32,58
Ambos sexos	02 Aragón	De 16 a 19 años	2023T3	34,02
Ambos sexos	02 Aragón	De 16 a 19 años	2023T2	54,52
Ambos sexos	02 Aragón	De 16 a 19 años	2023T1	40,01
Ambos sexos	02 Aragón	De 16 a 19 años	2022T4	32,79
Ambos sexos	02 Aragón	De 16 a 19 años	2022T3	39,22
Ambos sexos	02 Aragón	De 16 a 19 años	2022T2	30,42
Ambos sexos	02 Aragón	De 16 a 19 años	2022T1	25,78
Ambos sexos	02 Aragón	De 16 a 19 años	2021T4	27,61
Ambos sexos	02 Aragón	De 16 a 19 años	2021T3	43,92
Ambos sexos	02 Aragón	De 16 a 19 años	2021T2	17,64
Ambos sexos	02 Aragón	De 16 a 19 años	2021T1	51,80
Ambos sexos	02 Aragón	De 20 a 24 años	2023T4	19,09
Ambos sexos	02 Aragón	De 20 a 24 años	2023T3	17,64
Ambos sexos	02 Aragón	De 20 a 24 años	2023T2	22,79
Ambos sexos	02 Aragón	De 20 a 24 años	2023T1	16,16
Ambos sexos	02 Aragón	De 20 a 24 años	2022T4	17,14
Ambos sexos	02 Aragón	De 20 a 24 años	2022T3	25,26
Ambos sexos	02 Aragón	De 20 a 24 años	2022T2	26,64
Ambos sexos	02 Aragón	De 20 a 24 años	2022T1	17,69
Ambos sexos	02 Aragón	De 20 a 24 años	2021T4	18,12
Ambos sexos	02 Aragón	De 20 a 24 años	2021T3	20,02
Ambos sexos	02 Aragón	De 20 a 24 años	2021T2	22,36
Ambos sexos	02 Aragón	De 20 a 24 años	2021T1	31,43
Ambos sexos	02 Aragón	De 25 a 54 años	2023T4	6,63
Ambos sexos	02 Aragón	De 25 a 54 años	2023T3	6,62
Ambos sexos	02 Aragón	De 25 a 54 años	2023T2	7,31
Ambos sexos	02 Aragón	De 25 a 54 años	2023T1	8,96
Ambos sexos	02 Aragón	De 25 a 54 años	2022T4	8,82
Ambos sexos	02 Aragón	De 25 a 54 años	2022T3	7,88
Ambos sexos	02 Aragón	De 25 a 54 años	2022T2	7,49
Ambos sexos	02 Aragón	De 25 a 54 años	2022T1	10,12
Ambos sexos	02 Aragón	De 25 a 54 años	2021T4	8,13
Ambos sexos	02 Aragón	De 25 a 54 años	2021T3	7,68
Ambos sexos	02 Aragón	De 25 a 54 años	2021T2	10,35
Ambos sexos	02 Aragón	De 25 a 54 años	2021T1	11,04
Ambos sexos	02 Aragón	De 55 y más años	2023T4	7,74
Ambos sexos	02 Aragón	De 55 y más años	2023T3	7,33
Ambos sexos	02 Aragón	De 55 y más años	2023T2	7,09
Ambos sexos	02 Aragón	De 55 y más años	2023T1	5,73
Ambos sexos	02 Aragón	De 55 y más años	2022T4	8,20
Ambos sexos	02 Aragón	De 55 y más años	2022T3	6,65
Ambos sexos	02 Aragón	De 55 y más años	2022T2	8,15
Ambos sexos	02 Aragón	De 55 y más años	2022T1	7,18
Ambos sexos	02 Aragón	De 55 y más años	2021T4	8,84
Ambos sexos	02 Aragón	De 55 y más años	2021T3	7,57
Ambos sexos	02 Aragón	De 55 y más años	2021T2	8,81
Ambos sexos	02 Aragón	De 55 y más años	2021T1	9,12
Ambos sexos	03 Asturias, Principado de	Total	2023T4	11,81
Ambos sexos	03 Asturias, Principado de	Total	2023T3	13,09
Ambos sexos	03 Asturias, Principado de	Total	2023T2	10,45
Ambos sexos	03 Asturias, Principado de	Total	2023T1	13,06
Ambos sexos	03 Asturias, Principado de	Total	2022T4	14,39
Ambos sexos	03 Asturias, Principado de	Total	2022T3	12,81
Ambos sexos	03 Asturias, Principado de	Total	2022T2	11,36
Ambos sexos	03 Asturias, Principado de	Total	2022T1	11,97
Ambos sexos	03 Asturias, Principado de	Total	2021T4	10,01
Ambos sexos	03 Asturias, Principado de	Total	2021T3	12,32
Ambos sexos	03 Asturias, Principado de	Total	2021T2	13,64
Ambos sexos	03 Asturias, Principado de	Total	2021T1	14,09
Ambos sexos	03 Asturias, Principado de	Menores de 25 años	2023T4	28,63
Ambos sexos	03 Asturias, Principado de	Menores de 25 años	2023T3	29,56
Ambos sexos	03 Asturias, Principado de	Menores de 25 años	2023T2	23,98
Ambos sexos	03 Asturias, Principado de	Menores de 25 años	2023T1	26,64
Ambos sexos	03 Asturias, Principado de	Menores de 25 años	2022T4	47,53
Ambos sexos	03 Asturias, Principado de	Menores de 25 años	2022T3	43,35
Ambos sexos	03 Asturias, Principado de	Menores de 25 años	2022T2	29,36
Ambos sexos	03 Asturias, Principado de	Menores de 25 años	2022T1	25,48
Ambos sexos	03 Asturias, Principado de	Menores de 25 años	2021T4	10,43
Ambos sexos	03 Asturias, Principado de	Menores de 25 años	2021T3	29,24
Ambos sexos	03 Asturias, Principado de	Menores de 25 años	2021T2	38,63
Ambos sexos	03 Asturias, Principado de	Menores de 25 años	2021T1	37,63
Ambos sexos	03 Asturias, Principado de	25 y más años	2023T4	11,03
Ambos sexos	03 Asturias, Principado de	25 y más años	2023T3	12,10
Ambos sexos	03 Asturias, Principado de	25 y más años	2023T2	9,77
Ambos sexos	03 Asturias, Principado de	25 y más años	2023T1	12,44
Ambos sexos	03 Asturias, Principado de	25 y más años	2022T4	12,46
Ambos sexos	03 Asturias, Principado de	25 y más años	2022T3	11,17
Ambos sexos	03 Asturias, Principado de	25 y más años	2022T2	10,59
Ambos sexos	03 Asturias, Principado de	25 y más años	2022T1	11,40
Ambos sexos	03 Asturias, Principado de	25 y más años	2021T4	10,00
Ambos sexos	03 Asturias, Principado de	25 y más años	2021T3	11,53
Ambos sexos	03 Asturias, Principado de	25 y más años	2021T2	12,54
Ambos sexos	03 Asturias, Principado de	25 y más años	2021T1	13,35
Ambos sexos	03 Asturias, Principado de	De 16 a 19 años	2023T4	71,48
Ambos sexos	03 Asturias, Principado de	De 16 a 19 años	2023T3	67,90
Ambos sexos	03 Asturias, Principado de	De 16 a 19 años	2023T2	74,89
Ambos sexos	03 Asturias, Principado de	De 16 a 19 años	2023T1	50,71
Ambos sexos	03 Asturias, Principado de	De 16 a 19 años	2022T4	74,50
Ambos sexos	03 Asturias, Principado de	De 16 a 19 años	2022T3	74,12
Ambos sexos	03 Asturias, Principado de	De 16 a 19 años	2022T2	51,09
Ambos sexos	03 Asturias, Principado de	De 16 a 19 años	2022T1	87,86
Ambos sexos	03 Asturias, Principado de	De 16 a 19 años	2021T4	83,66
Ambos sexos	03 Asturias, Principado de	De 16 a 19 años	2021T3	29,60
Ambos sexos	03 Asturias, Principado de	De 16 a 19 años	2021T2	67,60
Ambos sexos	03 Asturias, Principado de	De 16 a 19 años	2021T1	23,39
Ambos sexos	03 Asturias, Principado de	De 20 a 24 años	2023T4	18,60
Ambos sexos	03 Asturias, Principado de	De 20 a 24 años	2023T3	20,41
Ambos sexos	03 Asturias, Principado de	De 20 a 24 años	2023T2	16,21
Ambos sexos	03 Asturias, Principado de	De 20 a 24 años	2023T1	22,12
Ambos sexos	03 Asturias, Principado de	De 20 a 24 años	2022T4	42,47
Ambos sexos	03 Asturias, Principado de	De 20 a 24 años	2022T3	38,28
Ambos sexos	03 Asturias, Principado de	De 20 a 24 años	2022T2	26,56
Ambos sexos	03 Asturias, Principado de	De 20 a 24 años	2022T1	20,64
Ambos sexos	03 Asturias, Principado de	De 20 a 24 años	2021T4	6,95
Ambos sexos	03 Asturias, Principado de	De 20 a 24 años	2021T3	29,20
Ambos sexos	03 Asturias, Principado de	De 20 a 24 años	2021T2	34,48
Ambos sexos	03 Asturias, Principado de	De 20 a 24 años	2021T1	38,67
Ambos sexos	03 Asturias, Principado de	De 25 a 54 años	2023T4	11,20
Ambos sexos	03 Asturias, Principado de	De 25 a 54 años	2023T3	12,55
Ambos sexos	03 Asturias, Principado de	De 25 a 54 años	2023T2	10,12
Ambos sexos	03 Asturias, Principado de	De 25 a 54 años	2023T1	13,16
Ambos sexos	03 Asturias, Principado de	De 25 a 54 años	2022T4	12,55
Ambos sexos	03 Asturias, Principado de	De 25 a 54 años	2022T3	11,66
Ambos sexos	03 Asturias, Principado de	De 25 a 54 años	2022T2	11,22
Ambos sexos	03 Asturias, Principado de	De 25 a 54 años	2022T1	12,32
Ambos sexos	03 Asturias, Principado de	De 25 a 54 años	2021T4	9,86
Ambos sexos	03 Asturias, Principado de	De 25 a 54 años	2021T3	12,45
Ambos sexos	03 Asturias, Principado de	De 25 a 54 años	2021T2	13,37
Ambos sexos	03 Asturias, Principado de	De 25 a 54 años	2021T1	14,68
Ambos sexos	03 Asturias, Principado de	De 55 y más años	2023T4	10,50
Ambos sexos	03 Asturias, Principado de	De 55 y más años	2023T3	10,70
Ambos sexos	03 Asturias, Principado de	De 55 y más años	2023T2	8,71
Ambos sexos	03 Asturias, Principado de	De 55 y más años	2023T1	10,22
Ambos sexos	03 Asturias, Principado de	De 55 y más años	2022T4	12,18
Ambos sexos	03 Asturias, Principado de	De 55 y más años	2022T3	9,56
Ambos sexos	03 Asturias, Principado de	De 55 y más años	2022T2	8,59
Ambos sexos	03 Asturias, Principado de	De 55 y más años	2022T1	8,32
Ambos sexos	03 Asturias, Principado de	De 55 y más años	2021T4	10,44
Ambos sexos	03 Asturias, Principado de	De 55 y más años	2021T3	8,39
Ambos sexos	03 Asturias, Principado de	De 55 y más años	2021T2	9,70
Ambos sexos	03 Asturias, Principado de	De 55 y más años	2021T1	8,94
Ambos sexos	04 Balears, Illes	Total	2023T4	11,38
Ambos sexos	04 Balears, Illes	Total	2023T3	5,72
Ambos sexos	04 Balears, Illes	Total	2023T2	7,15
Ambos sexos	04 Balears, Illes	Total	2023T1	18,14
Ambos sexos	04 Balears, Illes	Total	2022T4	10,91
Ambos sexos	04 Balears, Illes	Total	2022T3	5,79
Ambos sexos	04 Balears, Illes	Total	2022T2	9,29
Ambos sexos	04 Balears, Illes	Total	2022T1	18,03
Ambos sexos	04 Balears, Illes	Total	2021T4	14,90
Ambos sexos	04 Balears, Illes	Total	2021T3	10,57
Ambos sexos	04 Balears, Illes	Total	2021T2	15,17
Ambos sexos	04 Balears, Illes	Total	2021T1	18,88
Ambos sexos	04 Balears, Illes	Menores de 25 años	2023T4	24,10
Ambos sexos	04 Balears, Illes	Menores de 25 años	2023T3	10,52
Ambos sexos	04 Balears, Illes	Menores de 25 años	2023T2	19,40
Ambos sexos	04 Balears, Illes	Menores de 25 años	2023T1	28,23
Ambos sexos	04 Balears, Illes	Menores de 25 años	2022T4	23,39
Ambos sexos	04 Balears, Illes	Menores de 25 años	2022T3	17,78
Ambos sexos	04 Balears, Illes	Menores de 25 años	2022T2	22,91
Ambos sexos	04 Balears, Illes	Menores de 25 años	2022T1	32,23
Ambos sexos	04 Balears, Illes	Menores de 25 años	2021T4	32,04
Ambos sexos	04 Balears, Illes	Menores de 25 años	2021T3	21,37
Ambos sexos	04 Balears, Illes	Menores de 25 años	2021T2	43,44
Ambos sexos	04 Balears, Illes	Menores de 25 años	2021T1	38,09
Ambos sexos	04 Balears, Illes	25 y más años	2023T4	10,44
Ambos sexos	04 Balears, Illes	25 y más años	2023T3	5,28
Ambos sexos	04 Balears, Illes	25 y más años	2023T2	6,19
Ambos sexos	04 Balears, Illes	25 y más años	2023T1	17,45
Ambos sexos	04 Balears, Illes	25 y más años	2022T4	9,97
Ambos sexos	04 Balears, Illes	25 y más años	2022T3	4,71
Ambos sexos	04 Balears, Illes	25 y más años	2022T2	8,23
Ambos sexos	04 Balears, Illes	25 y más años	2022T1	17,20
Ambos sexos	04 Balears, Illes	25 y más años	2021T4	13,95
Ambos sexos	04 Balears, Illes	25 y más años	2021T3	9,71
Ambos sexos	04 Balears, Illes	25 y más años	2021T2	13,26
Ambos sexos	04 Balears, Illes	25 y más años	2021T1	17,81
Ambos sexos	04 Balears, Illes	De 16 a 19 años	2023T4	41,62
Ambos sexos	04 Balears, Illes	De 16 a 19 años	2023T3	15,56
Ambos sexos	04 Balears, Illes	De 16 a 19 años	2023T2	38,79
Ambos sexos	04 Balears, Illes	De 16 a 19 años	2023T1	56,19
Ambos sexos	04 Balears, Illes	De 16 a 19 años	2022T4	30,79
Ambos sexos	04 Balears, Illes	De 16 a 19 años	2022T3	41,09
Ambos sexos	04 Balears, Illes	De 16 a 19 años	2022T2	38,07
Ambos sexos	04 Balears, Illes	De 16 a 19 años	2022T1	55,27
Ambos sexos	04 Balears, Illes	De 16 a 19 años	2021T4	52,25
Ambos sexos	04 Balears, Illes	De 16 a 19 años	2021T3	23,36
Ambos sexos	04 Balears, Illes	De 16 a 19 años	2021T2	57,13
Ambos sexos	04 Balears, Illes	De 16 a 19 años	2021T1	36,99
Ambos sexos	04 Balears, Illes	De 20 a 24 años	2023T4	20,10
Ambos sexos	04 Balears, Illes	De 20 a 24 años	2023T3	8,90
Ambos sexos	04 Balears, Illes	De 20 a 24 años	2023T2	13,16
Ambos sexos	04 Balears, Illes	De 20 a 24 años	2023T1	22,79
Ambos sexos	04 Balears, Illes	De 20 a 24 años	2022T4	21,54
Ambos sexos	04 Balears, Illes	De 20 a 24 años	2022T3	11,89
Ambos sexos	04 Balears, Illes	De 20 a 24 años	2022T2	20,51
Ambos sexos	04 Balears, Illes	De 20 a 24 años	2022T1	28,68
Ambos sexos	04 Balears, Illes	De 20 a 24 años	2021T4	28,86
Ambos sexos	04 Balears, Illes	De 20 a 24 años	2021T3	20,84
Ambos sexos	04 Balears, Illes	De 20 a 24 años	2021T2	40,20
Ambos sexos	04 Balears, Illes	De 20 a 24 años	2021T1	38,30
Ambos sexos	04 Balears, Illes	De 25 a 54 años	2023T4	10,58
Ambos sexos	04 Balears, Illes	De 25 a 54 años	2023T3	5,23
Ambos sexos	04 Balears, Illes	De 25 a 54 años	2023T2	6,15
Ambos sexos	04 Balears, Illes	De 25 a 54 años	2023T1	17,26
Ambos sexos	04 Balears, Illes	De 25 a 54 años	2022T4	9,86
Ambos sexos	04 Balears, Illes	De 25 a 54 años	2022T3	4,77
Ambos sexos	04 Balears, Illes	De 25 a 54 años	2022T2	8,77
Ambos sexos	04 Balears, Illes	De 25 a 54 años	2022T1	17,19
Ambos sexos	04 Balears, Illes	De 25 a 54 años	2021T4	14,16
Ambos sexos	04 Balears, Illes	De 25 a 54 años	2021T3	9,29
Ambos sexos	04 Balears, Illes	De 25 a 54 años	2021T2	14,11
Ambos sexos	04 Balears, Illes	De 25 a 54 años	2021T1	19,31
Ambos sexos	04 Balears, Illes	De 55 y más años	2023T4	9,95
Ambos sexos	04 Balears, Illes	De 55 y más años	2023T3	5,50
Ambos sexos	04 Balears, Illes	De 55 y más años	2023T2	6,36
Ambos sexos	04 Balears, Illes	De 55 y más años	2023T1	18,18
Ambos sexos	04 Balears, Illes	De 55 y más años	2022T4	10,39
Ambos sexos	04 Balears, Illes	De 55 y más años	2022T3	4,45
Ambos sexos	04 Balears, Illes	De 55 y más años	2022T2	6,05
Ambos sexos	04 Balears, Illes	De 55 y más años	2022T1	17,26
Ambos sexos	04 Balears, Illes	De 55 y más años	2021T4	13,12
Ambos sexos	04 Balears, Illes	De 55 y más años	2021T3	11,32
Ambos sexos	04 Balears, Illes	De 55 y más años	2021T2	9,70
Ambos sexos	04 Balears, Illes	De 55 y más años	2021T1	11,47
Ambos sexos	05 Canarias	Total	2023T4	16,19
Ambos sexos	05 Canarias	Total	2023T3	15,23
Ambos sexos	05 Canarias	Total	2023T2	15,25
Ambos sexos	05 Canarias	Total	2023T1	17,17
Ambos sexos	05 Canarias	Total	2022T4	14,57
Ambos sexos	05 Canarias	Total	2022T3	17,73
Ambos sexos	05 Canarias	Total	2022T2	17,76
Ambos sexos	05 Canarias	Total	2022T1	20,30
Ambos sexos	05 Canarias	Total	2021T4	18,94
Ambos sexos	05 Canarias	Total	2021T3	23,89
Ambos sexos	05 Canarias	Total	2021T2	24,71
Ambos sexos	05 Canarias	Total	2021T1	25,42
Ambos sexos	05 Canarias	Menores de 25 años	2023T4	34,51
Ambos sexos	05 Canarias	Menores de 25 años	2023T3	31,63
Ambos sexos	05 Canarias	Menores de 25 años	2023T2	32,21
Ambos sexos	05 Canarias	Menores de 25 años	2023T1	36,42
Ambos sexos	05 Canarias	Menores de 25 años	2022T4	35,16
Ambos sexos	05 Canarias	Menores de 25 años	2022T3	43,45
Ambos sexos	05 Canarias	Menores de 25 años	2022T2	42,27
Ambos sexos	05 Canarias	Menores de 25 años	2022T1	57,35
Ambos sexos	05 Canarias	Menores de 25 años	2021T4	52,16
Ambos sexos	05 Canarias	Menores de 25 años	2021T3	56,24
Ambos sexos	05 Canarias	Menores de 25 años	2021T2	52,36
Ambos sexos	05 Canarias	Menores de 25 años	2021T1	61,37
Ambos sexos	05 Canarias	25 y más años	2023T4	14,79
Ambos sexos	05 Canarias	25 y más años	2023T3	13,88
Ambos sexos	05 Canarias	25 y más años	2023T2	14,02
Ambos sexos	05 Canarias	25 y más años	2023T1	15,91
Ambos sexos	05 Canarias	25 y más años	2022T4	13,17
Ambos sexos	05 Canarias	25 y más años	2022T3	15,95
Ambos sexos	05 Canarias	25 y más años	2022T2	16,20
Ambos sexos	05 Canarias	25 y más años	2022T1	18,28
Ambos sexos	05 Canarias	25 y más años	2021T4	17,02
Ambos sexos	05 Canarias	25 y más años	2021T3	21,78
Ambos sexos	05 Canarias	25 y más años	2021T2	23,04
Ambos sexos	05 Canarias	25 y más años	2021T1	23,13
Ambos sexos	05 Canarias	De 16 a 19 años	2023T4	47,43
Ambos sexos	05 Canarias	De 16 a 19 años	2023T3	28,60
Ambos sexos	05 Canarias	De 16 a 19 años	2023T2	38,48
Ambos sexos	05 Canarias	De 16 a 19 años	2023T1	26,16
Ambos sexos	05 Canarias	De 16 a 19 años	2022T4	32,75
Ambos sexos	05 Canarias	De 16 a 19 años	2022T3	41,76
Ambos sexos	05 Canarias	De 16 a 19 años	2022T2	70,86
Ambos sexos	05 Canarias	De 16 a 19 años	2022T1	67,38
Ambos sexos	05 Canarias	De 16 a 19 años	2021T4	61,17
Ambos sexos	05 Canarias	De 16 a 19 años	2021T3	84,48
Ambos sexos	05 Canarias	De 16 a 19 años	2021T2	64,70
Ambos sexos	05 Canarias	De 16 a 19 años	2021T1	90,04
Ambos sexos	05 Canarias	De 20 a 24 años	2023T4	31,02
Ambos sexos	05 Canarias	De 20 a 24 años	2023T3	32,40
Ambos sexos	05 Canarias	De 20 a 24 años	2023T2	30,89
Ambos sexos	05 Canarias	De 20 a 24 años	2023T1	38,33
Ambos sexos	05 Canarias	De 20 a 24 años	2022T4	35,59
Ambos sexos	05 Canarias	De 20 a 24 años	2022T3	43,71
Ambos sexos	05 Canarias	De 20 a 24 años	2022T2	37,85
Ambos sexos	05 Canarias	De 20 a 24 años	2022T1	56,35
Ambos sexos	05 Canarias	De 20 a 24 años	2021T4	51,14
Ambos sexos	05 Canarias	De 20 a 24 años	2021T3	51,17
Ambos sexos	05 Canarias	De 20 a 24 años	2021T2	49,95
Ambos sexos	05 Canarias	De 20 a 24 años	2021T1	58,31
Ambos sexos	05 Canarias	De 25 a 54 años	2023T4	14,78
Ambos sexos	05 Canarias	De 25 a 54 años	2023T3	13,64
Ambos sexos	05 Canarias	De 25 a 54 años	2023T2	13,63
Ambos sexos	05 Canarias	De 25 a 54 años	2023T1	15,25
Ambos sexos	05 Canarias	De 25 a 54 años	2022T4	12,54
Ambos sexos	05 Canarias	De 25 a 54 años	2022T3	15,99
Ambos sexos	05 Canarias	De 25 a 54 años	2022T2	16,25
Ambos sexos	05 Canarias	De 25 a 54 años	2022T1	18,25
Ambos sexos	05 Canarias	De 25 a 54 años	2021T4	16,05
Ambos sexos	05 Canarias	De 25 a 54 años	2021T3	21,07
Ambos sexos	05 Canarias	De 25 a 54 años	2021T2	22,96
Ambos sexos	05 Canarias	De 25 a 54 años	2021T1	23,62
Ambos sexos	05 Canarias	De 55 y más años	2023T4	14,82
Ambos sexos	05 Canarias	De 55 y más años	2023T3	14,77
Ambos sexos	05 Canarias	De 55 y más años	2023T2	15,50
Ambos sexos	05 Canarias	De 55 y más años	2023T1	18,43
Ambos sexos	05 Canarias	De 55 y más años	2022T4	15,60
Ambos sexos	05 Canarias	De 55 y más años	2022T3	15,79
Ambos sexos	05 Canarias	De 55 y más años	2022T2	15,99
Ambos sexos	05 Canarias	De 55 y más años	2022T1	18,40
Ambos sexos	05 Canarias	De 55 y más años	2021T4	20,79
Ambos sexos	05 Canarias	De 55 y más años	2021T3	24,54
Ambos sexos	05 Canarias	De 55 y más años	2021T2	23,38
Ambos sexos	05 Canarias	De 55 y más años	2021T1	20,95
Ambos sexos	06 Cantabria	Total	2023T4	7,48
Ambos sexos	06 Cantabria	Total	2023T3	7,48
Ambos sexos	06 Cantabria	Total	2023T2	8,12
Ambos sexos	06 Cantabria	Total	2023T1	9,29
Ambos sexos	06 Cantabria	Total	2022T4	10,34
Ambos sexos	06 Cantabria	Total	2022T3	8,61
Ambos sexos	06 Cantabria	Total	2022T2	8,17
Ambos sexos	06 Cantabria	Total	2022T1	10,53
Ambos sexos	06 Cantabria	Total	2021T4	11,52
Ambos sexos	06 Cantabria	Total	2021T3	10,04
Ambos sexos	06 Cantabria	Total	2021T2	12,43
Ambos sexos	06 Cantabria	Total	2021T1	11,88
Ambos sexos	06 Cantabria	Menores de 25 años	2023T4	21,98
Ambos sexos	06 Cantabria	Menores de 25 años	2023T3	16,02
Ambos sexos	06 Cantabria	Menores de 25 años	2023T2	19,96
Ambos sexos	06 Cantabria	Menores de 25 años	2023T1	24,07
Ambos sexos	06 Cantabria	Menores de 25 años	2022T4	26,56
Ambos sexos	06 Cantabria	Menores de 25 años	2022T3	18,60
Ambos sexos	06 Cantabria	Menores de 25 años	2022T2	28,75
Ambos sexos	06 Cantabria	Menores de 25 años	2022T1	29,19
Ambos sexos	06 Cantabria	Menores de 25 años	2021T4	26,60
Ambos sexos	06 Cantabria	Menores de 25 años	2021T3	19,87
Ambos sexos	06 Cantabria	Menores de 25 años	2021T2	36,87
Ambos sexos	06 Cantabria	Menores de 25 años	2021T1	28,62
Ambos sexos	06 Cantabria	25 y más años	2023T4	6,81
Ambos sexos	06 Cantabria	25 y más años	2023T3	6,90
Ambos sexos	06 Cantabria	25 y más años	2023T2	7,50
Ambos sexos	06 Cantabria	25 y más años	2023T1	8,48
Ambos sexos	06 Cantabria	25 y más años	2022T4	9,56
Ambos sexos	06 Cantabria	25 y más años	2022T3	8,05
Ambos sexos	06 Cantabria	25 y más años	2022T2	7,09
Ambos sexos	06 Cantabria	25 y más años	2022T1	9,71
Ambos sexos	06 Cantabria	25 y más años	2021T4	10,84
Ambos sexos	06 Cantabria	25 y más años	2021T3	9,47
Ambos sexos	06 Cantabria	25 y más años	2021T2	11,27
Ambos sexos	06 Cantabria	25 y más años	2021T1	11,33
Ambos sexos	06 Cantabria	De 16 a 19 años	2023T4	18,55
Ambos sexos	06 Cantabria	De 16 a 19 años	2023T3	27,47
Ambos sexos	06 Cantabria	De 16 a 19 años	2023T2	17,66
Ambos sexos	06 Cantabria	De 16 a 19 años	2023T1	53,81
Ambos sexos	06 Cantabria	De 16 a 19 años	2022T4	39,03
Ambos sexos	06 Cantabria	De 16 a 19 años	2022T3	34,12
Ambos sexos	06 Cantabria	De 16 a 19 años	2022T2	54,60
Ambos sexos	06 Cantabria	De 16 a 19 años	2022T1	58,09
Ambos sexos	06 Cantabria	De 16 a 19 años	2021T4	53,73
Ambos sexos	06 Cantabria	De 16 a 19 años	2021T3	26,48
Ambos sexos	06 Cantabria	De 16 a 19 años	2021T2	62,17
Ambos sexos	06 Cantabria	De 16 a 19 años	2021T1	24,89
Ambos sexos	06 Cantabria	De 20 a 24 años	2023T4	22,22
Ambos sexos	06 Cantabria	De 20 a 24 años	2023T3	14,00
Ambos sexos	06 Cantabria	De 20 a 24 años	2023T2	20,28
Ambos sexos	06 Cantabria	De 20 a 24 años	2023T1	21,74
Ambos sexos	06 Cantabria	De 20 a 24 años	2022T4	25,29
Ambos sexos	06 Cantabria	De 20 a 24 años	2022T3	16,87
Ambos sexos	06 Cantabria	De 20 a 24 años	2022T2	24,88
Ambos sexos	06 Cantabria	De 20 a 24 años	2022T1	25,15
Ambos sexos	06 Cantabria	De 20 a 24 años	2021T4	24,89
Ambos sexos	06 Cantabria	De 20 a 24 años	2021T3	18,43
Ambos sexos	06 Cantabria	De 20 a 24 años	2021T2	34,95
Ambos sexos	06 Cantabria	De 20 a 24 años	2021T1	29,03
Ambos sexos	06 Cantabria	De 25 a 54 años	2023T4	7,06
Ambos sexos	06 Cantabria	De 25 a 54 años	2023T3	6,62
Ambos sexos	06 Cantabria	De 25 a 54 años	2023T2	7,64
Ambos sexos	06 Cantabria	De 25 a 54 años	2023T1	7,92
Ambos sexos	06 Cantabria	De 25 a 54 años	2022T4	9,49
Ambos sexos	06 Cantabria	De 25 a 54 años	2022T3	8,46
Ambos sexos	06 Cantabria	De 25 a 54 años	2022T2	7,04
Ambos sexos	06 Cantabria	De 25 a 54 años	2022T1	10,28
Ambos sexos	06 Cantabria	De 25 a 54 años	2021T4	11,48
Ambos sexos	06 Cantabria	De 25 a 54 años	2021T3	9,24
Ambos sexos	06 Cantabria	De 25 a 54 años	2021T2	12,60
Ambos sexos	06 Cantabria	De 25 a 54 años	2021T1	11,87
Ambos sexos	06 Cantabria	De 55 y más años	2023T4	5,98
Ambos sexos	06 Cantabria	De 55 y más años	2023T3	7,83
Ambos sexos	06 Cantabria	De 55 y más años	2023T2	7,03
Ambos sexos	06 Cantabria	De 55 y más años	2023T1	10,32
Ambos sexos	06 Cantabria	De 55 y más años	2022T4	9,79
Ambos sexos	06 Cantabria	De 55 y más años	2022T3	6,72
Ambos sexos	06 Cantabria	De 55 y más años	2022T2	7,27
Ambos sexos	06 Cantabria	De 55 y más años	2022T1	7,77
Ambos sexos	06 Cantabria	De 55 y más años	2021T4	8,65
Ambos sexos	06 Cantabria	De 55 y más años	2021T3	10,25
Ambos sexos	06 Cantabria	De 55 y más años	2021T2	6,65
Ambos sexos	06 Cantabria	De 55 y más años	2021T1	9,46
Ambos sexos	07 Castilla y León	Total	2023T4	9,50
Ambos sexos	07 Castilla y León	Total	2023T3	9,47
Ambos sexos	07 Castilla y León	Total	2023T2	9,06
Ambos sexos	07 Castilla y León	Total	2023T1	10,28
Ambos sexos	07 Castilla y León	Total	2022T4	8,83
Ambos sexos	07 Castilla y León	Total	2022T3	8,91
Ambos sexos	07 Castilla y León	Total	2022T2	10,19
Ambos sexos	07 Castilla y León	Total	2022T1	11,08
Ambos sexos	07 Castilla y León	Total	2021T4	10,33
Ambos sexos	07 Castilla y León	Total	2021T3	10,05
Ambos sexos	07 Castilla y León	Total	2021T2	12,59
Ambos sexos	07 Castilla y León	Total	2021T1	12,64
Ambos sexos	07 Castilla y León	Menores de 25 años	2023T4	29,49
Ambos sexos	07 Castilla y León	Menores de 25 años	2023T3	23,59
Ambos sexos	07 Castilla y León	Menores de 25 años	2023T2	26,81
Ambos sexos	07 Castilla y León	Menores de 25 años	2023T1	29,36
Ambos sexos	07 Castilla y León	Menores de 25 años	2022T4	21,65
Ambos sexos	07 Castilla y León	Menores de 25 años	2022T3	21,35
Ambos sexos	07 Castilla y León	Menores de 25 años	2022T2	35,07
Ambos sexos	07 Castilla y León	Menores de 25 años	2022T1	28,21
Ambos sexos	07 Castilla y León	Menores de 25 años	2021T4	27,27
Ambos sexos	07 Castilla y León	Menores de 25 años	2021T3	27,53
Ambos sexos	07 Castilla y León	Menores de 25 años	2021T2	32,40
Ambos sexos	07 Castilla y León	Menores de 25 años	2021T1	32,08
Ambos sexos	07 Castilla y León	25 y más años	2023T4	8,43
Ambos sexos	07 Castilla y León	25 y más años	2023T3	8,53
Ambos sexos	07 Castilla y León	25 y más años	2023T2	8,06
Ambos sexos	07 Castilla y León	25 y más años	2023T1	9,33
Ambos sexos	07 Castilla y León	25 y más años	2022T4	8,15
Ambos sexos	07 Castilla y León	25 y más años	2022T3	8,12
Ambos sexos	07 Castilla y León	25 y más años	2022T2	8,67
Ambos sexos	07 Castilla y León	25 y más años	2022T1	10,12
Ambos sexos	07 Castilla y León	25 y más años	2021T4	9,38
Ambos sexos	07 Castilla y León	25 y más años	2021T3	8,98
Ambos sexos	07 Castilla y León	25 y más años	2021T2	11,50
Ambos sexos	07 Castilla y León	25 y más años	2021T1	11,68
Ambos sexos	07 Castilla y León	De 16 a 19 años	2023T4	27,98
Ambos sexos	07 Castilla y León	De 16 a 19 años	2023T3	36,82
Ambos sexos	07 Castilla y León	De 16 a 19 años	2023T2	31,26
Ambos sexos	07 Castilla y León	De 16 a 19 años	2023T1	42,09
Ambos sexos	07 Castilla y León	De 16 a 19 años	2022T4	33,12
Ambos sexos	07 Castilla y León	De 16 a 19 años	2022T3	37,27
Ambos sexos	07 Castilla y León	De 16 a 19 años	2022T2	64,21
Ambos sexos	07 Castilla y León	De 16 a 19 años	2022T1	44,75
Ambos sexos	07 Castilla y León	De 16 a 19 años	2021T4	47,36
Ambos sexos	07 Castilla y León	De 16 a 19 años	2021T3	41,79
Ambos sexos	07 Castilla y León	De 16 a 19 años	2021T2	58,02
Ambos sexos	07 Castilla y León	De 16 a 19 años	2021T1	58,09
Ambos sexos	07 Castilla y León	De 20 a 24 años	2023T4	29,68
Ambos sexos	07 Castilla y León	De 20 a 24 años	2023T3	20,76
Ambos sexos	07 Castilla y León	De 20 a 24 años	2023T2	25,98
Ambos sexos	07 Castilla y León	De 20 a 24 años	2023T1	26,91
Ambos sexos	07 Castilla y León	De 20 a 24 años	2022T4	19,43
Ambos sexos	07 Castilla y León	De 20 a 24 años	2022T3	17,38
Ambos sexos	07 Castilla y León	De 20 a 24 años	2022T2	29,06
Ambos sexos	07 Castilla y León	De 20 a 24 años	2022T1	25,30
Ambos sexos	07 Castilla y León	De 20 a 24 años	2021T4	24,47
Ambos sexos	07 Castilla y León	De 20 a 24 años	2021T3	25,03
Ambos sexos	07 Castilla y León	De 20 a 24 años	2021T2	27,84
Ambos sexos	07 Castilla y León	De 20 a 24 años	2021T1	29,59
Ambos sexos	07 Castilla y León	De 25 a 54 años	2023T4	8,37
Ambos sexos	07 Castilla y León	De 25 a 54 años	2023T3	8,62
Ambos sexos	07 Castilla y León	De 25 a 54 años	2023T2	8,32
Ambos sexos	07 Castilla y León	De 25 a 54 años	2023T1	9,70
Ambos sexos	07 Castilla y León	De 25 a 54 años	2022T4	8,32
Ambos sexos	07 Castilla y León	De 25 a 54 años	2022T3	8,32
Ambos sexos	07 Castilla y León	De 25 a 54 años	2022T2	8,71
Ambos sexos	07 Castilla y León	De 25 a 54 años	2022T1	10,07
Ambos sexos	07 Castilla y León	De 25 a 54 años	2021T4	9,67
Ambos sexos	07 Castilla y León	De 25 a 54 años	2021T3	9,14
Ambos sexos	07 Castilla y León	De 25 a 54 años	2021T2	12,09
Ambos sexos	07 Castilla y León	De 25 a 54 años	2021T1	12,37
Ambos sexos	07 Castilla y León	De 55 y más años	2023T4	8,59
Ambos sexos	07 Castilla y León	De 55 y más años	2023T3	8,28
Ambos sexos	07 Castilla y León	De 55 y más años	2023T2	7,34
Ambos sexos	07 Castilla y León	De 55 y más años	2023T1	8,29
Ambos sexos	07 Castilla y León	De 55 y más años	2022T4	7,66
Ambos sexos	07 Castilla y León	De 55 y más años	2022T3	7,55
Ambos sexos	07 Castilla y León	De 55 y más años	2022T2	8,56
Ambos sexos	07 Castilla y León	De 55 y más años	2022T1	10,25
Ambos sexos	07 Castilla y León	De 55 y más años	2021T4	8,50
Ambos sexos	07 Castilla y León	De 55 y más años	2021T3	8,50
Ambos sexos	07 Castilla y León	De 55 y más años	2021T2	9,69
Ambos sexos	07 Castilla y León	De 55 y más años	2021T1	9,50
Ambos sexos	08 Castilla - La Mancha	Total	2023T4	12,45
Ambos sexos	08 Castilla - La Mancha	Total	2023T3	11,85
Ambos sexos	08 Castilla - La Mancha	Total	2023T2	13,01
Ambos sexos	08 Castilla - La Mancha	Total	2023T1	15,02
Ambos sexos	08 Castilla - La Mancha	Total	2022T4	14,38
Ambos sexos	08 Castilla - La Mancha	Total	2022T3	14,41
Ambos sexos	08 Castilla - La Mancha	Total	2022T2	14,11
Ambos sexos	08 Castilla - La Mancha	Total	2022T1	14,27
Ambos sexos	08 Castilla - La Mancha	Total	2021T4	13,31
Ambos sexos	08 Castilla - La Mancha	Total	2021T3	15,29
Ambos sexos	08 Castilla - La Mancha	Total	2021T2	16,58
Ambos sexos	08 Castilla - La Mancha	Total	2021T1	17,42
Ambos sexos	08 Castilla - La Mancha	Menores de 25 años	2023T4	24,81
Ambos sexos	08 Castilla - La Mancha	Menores de 25 años	2023T3	29,76
Ambos sexos	08 Castilla - La Mancha	Menores de 25 años	2023T2	29,34
Ambos sexos	08 Castilla - La Mancha	Menores de 25 años	2023T1	32,81
Ambos sexos	08 Castilla - La Mancha	Menores de 25 años	2022T4	31,73
Ambos sexos	08 Castilla - La Mancha	Menores de 25 años	2022T3	33,29
Ambos sexos	08 Castilla - La Mancha	Menores de 25 años	2022T2	33,18
Ambos sexos	08 Castilla - La Mancha	Menores de 25 años	2022T1	32,44
Ambos sexos	08 Castilla - La Mancha	Menores de 25 años	2021T4	27,47
Ambos sexos	08 Castilla - La Mancha	Menores de 25 años	2021T3	35,34
Ambos sexos	08 Castilla - La Mancha	Menores de 25 años	2021T2	40,64
Ambos sexos	08 Castilla - La Mancha	Menores de 25 años	2021T1	37,44
Ambos sexos	08 Castilla - La Mancha	25 y más años	2023T4	11,52
Ambos sexos	08 Castilla - La Mancha	25 y más años	2023T3	10,41
Ambos sexos	08 Castilla - La Mancha	25 y más años	2023T2	11,74
Ambos sexos	08 Castilla - La Mancha	25 y más años	2023T1	13,67
Ambos sexos	08 Castilla - La Mancha	25 y más años	2022T4	13,07
Ambos sexos	08 Castilla - La Mancha	25 y más años	2022T3	12,84
Ambos sexos	08 Castilla - La Mancha	25 y más años	2022T2	12,65
Ambos sexos	08 Castilla - La Mancha	25 y más años	2022T1	13,00
Ambos sexos	08 Castilla - La Mancha	25 y más años	2021T4	12,37
Ambos sexos	08 Castilla - La Mancha	25 y más años	2021T3	13,64
Ambos sexos	08 Castilla - La Mancha	25 y más años	2021T2	14,82
Ambos sexos	08 Castilla - La Mancha	25 y más años	2021T1	16,02
Ambos sexos	08 Castilla - La Mancha	De 16 a 19 años	2023T4	47,40
Ambos sexos	08 Castilla - La Mancha	De 16 a 19 años	2023T3	43,42
Ambos sexos	08 Castilla - La Mancha	De 16 a 19 años	2023T2	32,52
Ambos sexos	08 Castilla - La Mancha	De 16 a 19 años	2023T1	44,42
Ambos sexos	08 Castilla - La Mancha	De 16 a 19 años	2022T4	50,20
Ambos sexos	08 Castilla - La Mancha	De 16 a 19 años	2022T3	51,43
Ambos sexos	08 Castilla - La Mancha	De 16 a 19 años	2022T2	47,87
Ambos sexos	08 Castilla - La Mancha	De 16 a 19 años	2022T1	37,56
Ambos sexos	08 Castilla - La Mancha	De 16 a 19 años	2021T4	36,14
Ambos sexos	08 Castilla - La Mancha	De 16 a 19 años	2021T3	44,11
Ambos sexos	08 Castilla - La Mancha	De 16 a 19 años	2021T2	60,47
Ambos sexos	08 Castilla - La Mancha	De 16 a 19 años	2021T1	50,57
Ambos sexos	08 Castilla - La Mancha	De 20 a 24 años	2023T4	21,07
Ambos sexos	08 Castilla - La Mancha	De 20 a 24 años	2023T3	27,30
Ambos sexos	08 Castilla - La Mancha	De 20 a 24 años	2023T2	28,76
Ambos sexos	08 Castilla - La Mancha	De 20 a 24 años	2023T1	31,02
Ambos sexos	08 Castilla - La Mancha	De 20 a 24 años	2022T4	29,11
Ambos sexos	08 Castilla - La Mancha	De 20 a 24 años	2022T3	29,09
Ambos sexos	08 Castilla - La Mancha	De 20 a 24 años	2022T2	29,67
Ambos sexos	08 Castilla - La Mancha	De 20 a 24 años	2022T1	31,39
Ambos sexos	08 Castilla - La Mancha	De 20 a 24 años	2021T4	25,84
Ambos sexos	08 Castilla - La Mancha	De 20 a 24 años	2021T3	32,92
Ambos sexos	08 Castilla - La Mancha	De 20 a 24 años	2021T2	35,38
Ambos sexos	08 Castilla - La Mancha	De 20 a 24 años	2021T1	34,91
Ambos sexos	08 Castilla - La Mancha	De 25 a 54 años	2023T4	11,50
Ambos sexos	08 Castilla - La Mancha	De 25 a 54 años	2023T3	10,13
Ambos sexos	08 Castilla - La Mancha	De 25 a 54 años	2023T2	10,99
Ambos sexos	08 Castilla - La Mancha	De 25 a 54 años	2023T1	13,73
Ambos sexos	08 Castilla - La Mancha	De 25 a 54 años	2022T4	12,77
Ambos sexos	08 Castilla - La Mancha	De 25 a 54 años	2022T3	12,92
Ambos sexos	08 Castilla - La Mancha	De 25 a 54 años	2022T2	12,29
Ambos sexos	08 Castilla - La Mancha	De 25 a 54 años	2022T1	12,74
Ambos sexos	08 Castilla - La Mancha	De 25 a 54 años	2021T4	11,86
Ambos sexos	08 Castilla - La Mancha	De 25 a 54 años	2021T3	13,06
Ambos sexos	08 Castilla - La Mancha	De 25 a 54 años	2021T2	15,09
Ambos sexos	08 Castilla - La Mancha	De 25 a 54 años	2021T1	16,20
Ambos sexos	08 Castilla - La Mancha	De 55 y más años	2023T4	11,57
Ambos sexos	08 Castilla - La Mancha	De 55 y más años	2023T3	11,35
Ambos sexos	08 Castilla - La Mancha	De 55 y más años	2023T2	14,36
Ambos sexos	08 Castilla - La Mancha	De 55 y más años	2023T1	13,48
Ambos sexos	08 Castilla - La Mancha	De 55 y más años	2022T4	14,16
Ambos sexos	08 Castilla - La Mancha	De 55 y más años	2022T3	12,52
Ambos sexos	08 Castilla - La Mancha	De 55 y más años	2022T2	13,95
Ambos sexos	08 Castilla - La Mancha	De 55 y más años	2022T1	13,98
Ambos sexos	08 Castilla - La Mancha	De 55 y más años	2021T4	14,30
Ambos sexos	08 Castilla - La Mancha	De 55 y más años	2021T3	15,84
Ambos sexos	08 Castilla - La Mancha	De 55 y más años	2021T2	13,74
Ambos sexos	08 Castilla - La Mancha	De 55 y más años	2021T1	15,31
Ambos sexos	09 Cataluña	Total	2023T4	8,97
Ambos sexos	09 Cataluña	Total	2023T3	8,50
Ambos sexos	09 Cataluña	Total	2023T2	8,44
Ambos sexos	09 Cataluña	Total	2023T1	10,37
Ambos sexos	09 Cataluña	Total	2022T4	9,91
Ambos sexos	09 Cataluña	Total	2022T3	9,31
Ambos sexos	09 Cataluña	Total	2022T2	9,29
Ambos sexos	09 Cataluña	Total	2022T1	10,23
Ambos sexos	09 Cataluña	Total	2021T4	10,16
Ambos sexos	09 Cataluña	Total	2021T3	10,92
Ambos sexos	09 Cataluña	Total	2021T2	12,28
Ambos sexos	09 Cataluña	Total	2021T1	12,90
Ambos sexos	09 Cataluña	Menores de 25 años	2023T4	24,82
Ambos sexos	09 Cataluña	Menores de 25 años	2023T3	20,62
Ambos sexos	09 Cataluña	Menores de 25 años	2023T2	19,15
Ambos sexos	09 Cataluña	Menores de 25 años	2023T1	22,08
Ambos sexos	09 Cataluña	Menores de 25 años	2022T4	19,68
Ambos sexos	09 Cataluña	Menores de 25 años	2022T3	25,70
Ambos sexos	09 Cataluña	Menores de 25 años	2022T2	25,42
Ambos sexos	09 Cataluña	Menores de 25 años	2022T1	25,33
Ambos sexos	09 Cataluña	Menores de 25 años	2021T4	27,27
Ambos sexos	09 Cataluña	Menores de 25 años	2021T3	21,41
Ambos sexos	09 Cataluña	Menores de 25 años	2021T2	33,52
Ambos sexos	09 Cataluña	Menores de 25 años	2021T1	33,40
Ambos sexos	09 Cataluña	25 y más años	2023T4	7,35
Ambos sexos	09 Cataluña	25 y más años	2023T3	7,26
Ambos sexos	09 Cataluña	25 y más años	2023T2	7,42
Ambos sexos	09 Cataluña	25 y más años	2023T1	9,30
Ambos sexos	09 Cataluña	25 y más años	2022T4	9,04
Ambos sexos	09 Cataluña	25 y más años	2022T3	7,56
Ambos sexos	09 Cataluña	25 y más años	2022T2	7,67
Ambos sexos	09 Cataluña	25 y más años	2022T1	8,91
Ambos sexos	09 Cataluña	25 y más años	2021T4	8,72
Ambos sexos	09 Cataluña	25 y más años	2021T3	10,01
Ambos sexos	09 Cataluña	25 y más años	2021T2	10,38
Ambos sexos	09 Cataluña	25 y más años	2021T1	11,18
Ambos sexos	09 Cataluña	De 16 a 19 años	2023T4	36,15
Ambos sexos	09 Cataluña	De 16 a 19 años	2023T3	27,63
Ambos sexos	09 Cataluña	De 16 a 19 años	2023T2	30,74
Ambos sexos	09 Cataluña	De 16 a 19 años	2023T1	29,22
Ambos sexos	09 Cataluña	De 16 a 19 años	2022T4	25,85
Ambos sexos	09 Cataluña	De 16 a 19 años	2022T3	38,16
Ambos sexos	09 Cataluña	De 16 a 19 años	2022T2	49,83
Ambos sexos	09 Cataluña	De 16 a 19 años	2022T1	43,96
Ambos sexos	09 Cataluña	De 16 a 19 años	2021T4	43,03
Ambos sexos	09 Cataluña	De 16 a 19 años	2021T3	34,16
Ambos sexos	09 Cataluña	De 16 a 19 años	2021T2	47,49
Ambos sexos	09 Cataluña	De 16 a 19 años	2021T1	55,35
Ambos sexos	09 Cataluña	De 20 a 24 años	2023T4	21,52
Ambos sexos	09 Cataluña	De 20 a 24 años	2023T3	18,45
Ambos sexos	09 Cataluña	De 20 a 24 años	2023T2	16,24
Ambos sexos	09 Cataluña	De 20 a 24 años	2023T1	20,40
Ambos sexos	09 Cataluña	De 20 a 24 años	2022T4	18,31
Ambos sexos	09 Cataluña	De 20 a 24 años	2022T3	21,42
Ambos sexos	09 Cataluña	De 20 a 24 años	2022T2	17,98
Ambos sexos	09 Cataluña	De 20 a 24 años	2022T1	19,98
Ambos sexos	09 Cataluña	De 20 a 24 años	2021T4	23,10
Ambos sexos	09 Cataluña	De 20 a 24 años	2021T3	17,34
Ambos sexos	09 Cataluña	De 20 a 24 años	2021T2	30,62
Ambos sexos	09 Cataluña	De 20 a 24 años	2021T1	29,57
Ambos sexos	09 Cataluña	De 25 a 54 años	2023T4	7,11
Ambos sexos	09 Cataluña	De 25 a 54 años	2023T3	7,01
Ambos sexos	09 Cataluña	De 25 a 54 años	2023T2	7,24
Ambos sexos	09 Cataluña	De 25 a 54 años	2023T1	9,32
Ambos sexos	09 Cataluña	De 25 a 54 años	2022T4	9,18
Ambos sexos	09 Cataluña	De 25 a 54 años	2022T3	7,85
Ambos sexos	09 Cataluña	De 25 a 54 años	2022T2	7,62
Ambos sexos	09 Cataluña	De 25 a 54 años	2022T1	8,79
Ambos sexos	09 Cataluña	De 25 a 54 años	2021T4	8,94
Ambos sexos	09 Cataluña	De 25 a 54 años	2021T3	10,11
Ambos sexos	09 Cataluña	De 25 a 54 años	2021T2	10,73
Ambos sexos	09 Cataluña	De 25 a 54 años	2021T1	11,68
Ambos sexos	09 Cataluña	De 55 y más años	2023T4	8,23
Ambos sexos	09 Cataluña	De 55 y más años	2023T3	8,16
Ambos sexos	09 Cataluña	De 55 y más años	2023T2	8,08
Ambos sexos	09 Cataluña	De 55 y más años	2023T1	9,22
Ambos sexos	09 Cataluña	De 55 y más años	2022T4	8,52
Ambos sexos	09 Cataluña	De 55 y más años	2022T3	6,42
Ambos sexos	09 Cataluña	De 55 y más años	2022T2	7,90
Ambos sexos	09 Cataluña	De 55 y más años	2022T1	9,41
Ambos sexos	09 Cataluña	De 55 y más años	2021T4	7,79
Ambos sexos	09 Cataluña	De 55 y más años	2021T3	9,60
Ambos sexos	09 Cataluña	De 55 y más años	2021T2	8,93
Ambos sexos	09 Cataluña	De 55 y más años	2021T1	9,09
Ambos sexos	10 Comunitat Valenciana	Total	2023T4	12,65
Ambos sexos	10 Comunitat Valenciana	Total	2023T3	11,79
Ambos sexos	10 Comunitat Valenciana	Total	2023T2	12,20
Ambos sexos	10 Comunitat Valenciana	Total	2023T1	13,78
Ambos sexos	10 Comunitat Valenciana	Total	2022T4	13,53
Ambos sexos	10 Comunitat Valenciana	Total	2022T3	13,50
Ambos sexos	10 Comunitat Valenciana	Total	2022T2	12,81
Ambos sexos	10 Comunitat Valenciana	Total	2022T1	12,85
Ambos sexos	10 Comunitat Valenciana	Total	2021T4	14,39
Ambos sexos	10 Comunitat Valenciana	Total	2021T3	16,12
Ambos sexos	10 Comunitat Valenciana	Total	2021T2	16,67
Ambos sexos	10 Comunitat Valenciana	Total	2021T1	16,51
Ambos sexos	10 Comunitat Valenciana	Menores de 25 años	2023T4	27,70
Ambos sexos	10 Comunitat Valenciana	Menores de 25 años	2023T3	23,11
Ambos sexos	10 Comunitat Valenciana	Menores de 25 años	2023T2	31,66
Ambos sexos	10 Comunitat Valenciana	Menores de 25 años	2023T1	30,20
Ambos sexos	10 Comunitat Valenciana	Menores de 25 años	2022T4	32,58
Ambos sexos	10 Comunitat Valenciana	Menores de 25 años	2022T3	26,91
Ambos sexos	10 Comunitat Valenciana	Menores de 25 años	2022T2	28,25
Ambos sexos	10 Comunitat Valenciana	Menores de 25 años	2022T1	26,82
Ambos sexos	10 Comunitat Valenciana	Menores de 25 años	2021T4	32,05
Ambos sexos	10 Comunitat Valenciana	Menores de 25 años	2021T3	34,18
Ambos sexos	10 Comunitat Valenciana	Menores de 25 años	2021T2	41,57
Ambos sexos	10 Comunitat Valenciana	Menores de 25 años	2021T1	41,28
Ambos sexos	10 Comunitat Valenciana	25 y más años	2023T4	11,44
Ambos sexos	10 Comunitat Valenciana	25 y más años	2023T3	10,77
Ambos sexos	10 Comunitat Valenciana	25 y más años	2023T2	10,67
Ambos sexos	10 Comunitat Valenciana	25 y más años	2023T1	12,56
Ambos sexos	10 Comunitat Valenciana	25 y más años	2022T4	12,02
Ambos sexos	10 Comunitat Valenciana	25 y más años	2022T3	12,41
Ambos sexos	10 Comunitat Valenciana	25 y más años	2022T2	11,61
Ambos sexos	10 Comunitat Valenciana	25 y más años	2022T1	11,87
Ambos sexos	10 Comunitat Valenciana	25 y más años	2021T4	13,19
Ambos sexos	10 Comunitat Valenciana	25 y más años	2021T3	14,51
Ambos sexos	10 Comunitat Valenciana	25 y más años	2021T2	14,82
Ambos sexos	10 Comunitat Valenciana	25 y más años	2021T1	14,89
Ambos sexos	10 Comunitat Valenciana	De 16 a 19 años	2023T4	48,34
Ambos sexos	10 Comunitat Valenciana	De 16 a 19 años	2023T3	45,46
Ambos sexos	10 Comunitat Valenciana	De 16 a 19 años	2023T2	55,12
Ambos sexos	10 Comunitat Valenciana	De 16 a 19 años	2023T1	50,96
Ambos sexos	10 Comunitat Valenciana	De 16 a 19 años	2022T4	39,71
Ambos sexos	10 Comunitat Valenciana	De 16 a 19 años	2022T3	45,61
Ambos sexos	10 Comunitat Valenciana	De 16 a 19 años	2022T2	47,02
Ambos sexos	10 Comunitat Valenciana	De 16 a 19 años	2022T1	36,32
Ambos sexos	10 Comunitat Valenciana	De 16 a 19 años	2021T4	42,46
Ambos sexos	10 Comunitat Valenciana	De 16 a 19 años	2021T3	42,11
Ambos sexos	10 Comunitat Valenciana	De 16 a 19 años	2021T2	55,98
Ambos sexos	10 Comunitat Valenciana	De 16 a 19 años	2021T1	69,95
Ambos sexos	10 Comunitat Valenciana	De 20 a 24 años	2023T4	23,75
Ambos sexos	10 Comunitat Valenciana	De 20 a 24 años	2023T3	17,75
Ambos sexos	10 Comunitat Valenciana	De 20 a 24 años	2023T2	26,64
Ambos sexos	10 Comunitat Valenciana	De 20 a 24 años	2023T1	26,35
Ambos sexos	10 Comunitat Valenciana	De 20 a 24 años	2022T4	31,14
Ambos sexos	10 Comunitat Valenciana	De 20 a 24 años	2022T3	22,95
Ambos sexos	10 Comunitat Valenciana	De 20 a 24 años	2022T2	23,97
Ambos sexos	10 Comunitat Valenciana	De 20 a 24 años	2022T1	24,94
Ambos sexos	10 Comunitat Valenciana	De 20 a 24 años	2021T4	29,57
Ambos sexos	10 Comunitat Valenciana	De 20 a 24 años	2021T3	32,01
Ambos sexos	10 Comunitat Valenciana	De 20 a 24 años	2021T2	38,20
Ambos sexos	10 Comunitat Valenciana	De 20 a 24 años	2021T1	36,57
Ambos sexos	10 Comunitat Valenciana	De 25 a 54 años	2023T4	11,21
Ambos sexos	10 Comunitat Valenciana	De 25 a 54 años	2023T3	10,57
Ambos sexos	10 Comunitat Valenciana	De 25 a 54 años	2023T2	10,61
Ambos sexos	10 Comunitat Valenciana	De 25 a 54 años	2023T1	12,55
Ambos sexos	10 Comunitat Valenciana	De 25 a 54 años	2022T4	12,29
Ambos sexos	10 Comunitat Valenciana	De 25 a 54 años	2022T3	12,47
Ambos sexos	10 Comunitat Valenciana	De 25 a 54 años	2022T2	10,83
Ambos sexos	10 Comunitat Valenciana	De 25 a 54 años	2022T1	11,71
Ambos sexos	10 Comunitat Valenciana	De 25 a 54 años	2021T4	13,01
Ambos sexos	10 Comunitat Valenciana	De 25 a 54 años	2021T3	14,36
Ambos sexos	10 Comunitat Valenciana	De 25 a 54 años	2021T2	14,38
Ambos sexos	10 Comunitat Valenciana	De 25 a 54 años	2021T1	15,02
Ambos sexos	10 Comunitat Valenciana	De 55 y más años	2023T4	12,22
Ambos sexos	10 Comunitat Valenciana	De 55 y más años	2023T3	11,44
Ambos sexos	10 Comunitat Valenciana	De 55 y más años	2023T2	10,89
Ambos sexos	10 Comunitat Valenciana	De 55 y más años	2023T1	12,58
Ambos sexos	10 Comunitat Valenciana	De 55 y más años	2022T4	11,07
Ambos sexos	10 Comunitat Valenciana	De 55 y más años	2022T3	12,23
Ambos sexos	10 Comunitat Valenciana	De 55 y más años	2022T2	14,34
Ambos sexos	10 Comunitat Valenciana	De 55 y más años	2022T1	12,46
Ambos sexos	10 Comunitat Valenciana	De 55 y más años	2021T4	13,85
Ambos sexos	10 Comunitat Valenciana	De 55 y más años	2021T3	15,08
Ambos sexos	10 Comunitat Valenciana	De 55 y más años	2021T2	16,51
Ambos sexos	10 Comunitat Valenciana	De 55 y más años	2021T1	14,40
Ambos sexos	11 Extremadura	Total	2023T4	16,29
Ambos sexos	11 Extremadura	Total	2023T3	16,50
Ambos sexos	11 Extremadura	Total	2023T2	17,05
Ambos sexos	11 Extremadura	Total	2023T1	19,53
Ambos sexos	11 Extremadura	Total	2022T4	17,62
Ambos sexos	11 Extremadura	Total	2022T3	15,85
Ambos sexos	11 Extremadura	Total	2022T2	16,73
Ambos sexos	11 Extremadura	Total	2022T1	18,98
Ambos sexos	11 Extremadura	Total	2021T4	18,94
Ambos sexos	11 Extremadura	Total	2021T3	17,92
Ambos sexos	11 Extremadura	Total	2021T2	19,15
Ambos sexos	11 Extremadura	Total	2021T1	22,22
Ambos sexos	11 Extremadura	Menores de 25 años	2023T4	31,39
Ambos sexos	11 Extremadura	Menores de 25 años	2023T3	32,73
Ambos sexos	11 Extremadura	Menores de 25 años	2023T2	36,30
Ambos sexos	11 Extremadura	Menores de 25 años	2023T1	47,03
Ambos sexos	11 Extremadura	Menores de 25 años	2022T4	43,69
Ambos sexos	11 Extremadura	Menores de 25 años	2022T3	33,10
Ambos sexos	11 Extremadura	Menores de 25 años	2022T2	41,68
Ambos sexos	11 Extremadura	Menores de 25 años	2022T1	39,88
Ambos sexos	11 Extremadura	Menores de 25 años	2021T4	46,32
Ambos sexos	11 Extremadura	Menores de 25 años	2021T3	40,94
Ambos sexos	11 Extremadura	Menores de 25 años	2021T2	44,36
Ambos sexos	11 Extremadura	Menores de 25 años	2021T1	55,92
Ambos sexos	11 Extremadura	25 y más años	2023T4	15,41
Ambos sexos	11 Extremadura	25 y más años	2023T3	15,31
Ambos sexos	11 Extremadura	25 y más años	2023T2	15,96
Ambos sexos	11 Extremadura	25 y más años	2023T1	17,87
Ambos sexos	11 Extremadura	25 y más años	2022T4	15,88
Ambos sexos	11 Extremadura	25 y más años	2022T3	14,58
Ambos sexos	11 Extremadura	25 y más años	2022T2	15,11
Ambos sexos	11 Extremadura	25 y más años	2022T1	17,76
Ambos sexos	11 Extremadura	25 y más años	2021T4	17,31
Ambos sexos	11 Extremadura	25 y más años	2021T3	16,17
Ambos sexos	11 Extremadura	25 y más años	2021T2	17,42
Ambos sexos	11 Extremadura	25 y más años	2021T1	20,21
Ambos sexos	11 Extremadura	De 16 a 19 años	2023T4	45,42
Ambos sexos	11 Extremadura	De 16 a 19 años	2023T3	53,26
Ambos sexos	11 Extremadura	De 16 a 19 años	2023T2	64,73
Ambos sexos	11 Extremadura	De 16 a 19 años	2023T1	75,21
Ambos sexos	11 Extremadura	De 16 a 19 años	2022T4	82,82
Ambos sexos	11 Extremadura	De 16 a 19 años	2022T3	50,71
Ambos sexos	11 Extremadura	De 16 a 19 años	2022T2	54,77
Ambos sexos	11 Extremadura	De 16 a 19 años	2022T1	49,74
Ambos sexos	11 Extremadura	De 16 a 19 años	2021T4	74,82
Ambos sexos	11 Extremadura	De 16 a 19 años	2021T3	48,54
Ambos sexos	11 Extremadura	De 16 a 19 años	2021T2	40,61
Ambos sexos	11 Extremadura	De 16 a 19 años	2021T1	60,89
Ambos sexos	11 Extremadura	De 20 a 24 años	2023T4	29,22
Ambos sexos	11 Extremadura	De 20 a 24 años	2023T3	27,17
Ambos sexos	11 Extremadura	De 20 a 24 años	2023T2	32,68
Ambos sexos	11 Extremadura	De 20 a 24 años	2023T1	43,11
Ambos sexos	11 Extremadura	De 20 a 24 años	2022T4	36,82
Ambos sexos	11 Extremadura	De 20 a 24 años	2022T3	29,59
Ambos sexos	11 Extremadura	De 20 a 24 años	2022T2	37,99
Ambos sexos	11 Extremadura	De 20 a 24 años	2022T1	38,22
Ambos sexos	11 Extremadura	De 20 a 24 años	2021T4	39,41
Ambos sexos	11 Extremadura	De 20 a 24 años	2021T3	39,03
Ambos sexos	11 Extremadura	De 20 a 24 años	2021T2	45,12
Ambos sexos	11 Extremadura	De 20 a 24 años	2021T1	55,05
Ambos sexos	11 Extremadura	De 25 a 54 años	2023T4	14,56
Ambos sexos	11 Extremadura	De 25 a 54 años	2023T3	15,30
Ambos sexos	11 Extremadura	De 25 a 54 años	2023T2	15,82
Ambos sexos	11 Extremadura	De 25 a 54 años	2023T1	17,88
Ambos sexos	11 Extremadura	De 25 a 54 años	2022T4	16,06
Ambos sexos	11 Extremadura	De 25 a 54 años	2022T3	14,72
Ambos sexos	11 Extremadura	De 25 a 54 años	2022T2	15,34
Ambos sexos	11 Extremadura	De 25 a 54 años	2022T1	18,02
Ambos sexos	11 Extremadura	De 25 a 54 años	2021T4	17,45
Ambos sexos	11 Extremadura	De 25 a 54 años	2021T3	15,94
Ambos sexos	11 Extremadura	De 25 a 54 años	2021T2	17,50
Ambos sexos	11 Extremadura	De 25 a 54 años	2021T1	19,76
Ambos sexos	11 Extremadura	De 55 y más años	2023T4	18,14
Ambos sexos	11 Extremadura	De 55 y más años	2023T3	15,35
Ambos sexos	11 Extremadura	De 55 y más años	2023T2	16,43
Ambos sexos	11 Extremadura	De 55 y más años	2023T1	17,82
Ambos sexos	11 Extremadura	De 55 y más años	2022T4	15,24
Ambos sexos	11 Extremadura	De 55 y más años	2022T3	14,07
Ambos sexos	11 Extremadura	De 55 y más años	2022T2	14,27
Ambos sexos	11 Extremadura	De 55 y más años	2022T1	16,79
Ambos sexos	11 Extremadura	De 55 y más años	2021T4	16,78
Ambos sexos	11 Extremadura	De 55 y más años	2021T3	17,05
Ambos sexos	11 Extremadura	De 55 y más años	2021T2	17,13
Ambos sexos	11 Extremadura	De 55 y más años	2021T1	21,91
Ambos sexos	12 Galicia	Total	2023T4	9,15
Ambos sexos	12 Galicia	Total	2023T3	9,29
Ambos sexos	12 Galicia	Total	2023T2	9,58
Ambos sexos	12 Galicia	Total	2023T1	10,90
Ambos sexos	12 Galicia	Total	2022T4	10,63
Ambos sexos	12 Galicia	Total	2022T3	10,80
Ambos sexos	12 Galicia	Total	2022T2	11,20
Ambos sexos	12 Galicia	Total	2022T1	11,44
Ambos sexos	12 Galicia	Total	2021T4	11,01
Ambos sexos	12 Galicia	Total	2021T3	10,23
Ambos sexos	12 Galicia	Total	2021T2	12,40
Ambos sexos	12 Galicia	Total	2021T1	13,00
Ambos sexos	12 Galicia	Menores de 25 años	2023T4	20,96
Ambos sexos	12 Galicia	Menores de 25 años	2023T3	23,98
Ambos sexos	12 Galicia	Menores de 25 años	2023T2	24,28
Ambos sexos	12 Galicia	Menores de 25 años	2023T1	28,74
Ambos sexos	12 Galicia	Menores de 25 años	2022T4	30,37
Ambos sexos	12 Galicia	Menores de 25 años	2022T3	32,45
Ambos sexos	12 Galicia	Menores de 25 años	2022T2	34,88
Ambos sexos	12 Galicia	Menores de 25 años	2022T1	32,01
Ambos sexos	12 Galicia	Menores de 25 años	2021T4	35,63
Ambos sexos	12 Galicia	Menores de 25 años	2021T3	24,32
Ambos sexos	12 Galicia	Menores de 25 años	2021T2	33,67
Ambos sexos	12 Galicia	Menores de 25 años	2021T1	37,08
Ambos sexos	12 Galicia	25 y más años	2023T4	8,57
Ambos sexos	12 Galicia	25 y más años	2023T3	8,43
Ambos sexos	12 Galicia	25 y más años	2023T2	8,82
Ambos sexos	12 Galicia	25 y más años	2023T1	10,05
Ambos sexos	12 Galicia	25 y más años	2022T4	9,73
Ambos sexos	12 Galicia	25 y más años	2022T3	9,64
Ambos sexos	12 Galicia	25 y más años	2022T2	10,07
Ambos sexos	12 Galicia	25 y más años	2022T1	10,49
Ambos sexos	12 Galicia	25 y más años	2021T4	9,91
Ambos sexos	12 Galicia	25 y más años	2021T3	9,54
Ambos sexos	12 Galicia	25 y más años	2021T2	11,52
Ambos sexos	12 Galicia	25 y más años	2021T1	12,13
Ambos sexos	12 Galicia	De 16 a 19 años	2023T4	29,46
Ambos sexos	12 Galicia	De 16 a 19 años	2023T3	33,44
Ambos sexos	12 Galicia	De 16 a 19 años	2023T2	26,05
Ambos sexos	12 Galicia	De 16 a 19 años	2023T1	53,58
Ambos sexos	12 Galicia	De 16 a 19 años	2022T4	39,23
Ambos sexos	12 Galicia	De 16 a 19 años	2022T3	40,16
Ambos sexos	12 Galicia	De 16 a 19 años	2022T2	55,34
Ambos sexos	12 Galicia	De 16 a 19 años	2022T1	37,75
Ambos sexos	12 Galicia	De 16 a 19 años	2021T4	59,86
Ambos sexos	12 Galicia	De 16 a 19 años	2021T3	29,43
Ambos sexos	12 Galicia	De 16 a 19 años	2021T2	42,14
Ambos sexos	12 Galicia	De 16 a 19 años	2021T1	50,09
Ambos sexos	12 Galicia	De 20 a 24 años	2023T4	20,12
Ambos sexos	12 Galicia	De 20 a 24 años	2023T3	22,18
Ambos sexos	12 Galicia	De 20 a 24 años	2023T2	24,05
Ambos sexos	12 Galicia	De 20 a 24 años	2023T1	25,78
Ambos sexos	12 Galicia	De 20 a 24 años	2022T4	29,19
Ambos sexos	12 Galicia	De 20 a 24 años	2022T3	30,94
Ambos sexos	12 Galicia	De 20 a 24 años	2022T2	31,15
Ambos sexos	12 Galicia	De 20 a 24 años	2022T1	31,03
Ambos sexos	12 Galicia	De 20 a 24 años	2021T4	31,89
Ambos sexos	12 Galicia	De 20 a 24 años	2021T3	23,54
Ambos sexos	12 Galicia	De 20 a 24 años	2021T2	32,68
Ambos sexos	12 Galicia	De 20 a 24 años	2021T1	35,27
Ambos sexos	12 Galicia	De 25 a 54 años	2023T4	8,51
Ambos sexos	12 Galicia	De 25 a 54 años	2023T3	8,74
Ambos sexos	12 Galicia	De 25 a 54 años	2023T2	8,86
Ambos sexos	12 Galicia	De 25 a 54 años	2023T1	10,36
Ambos sexos	12 Galicia	De 25 a 54 años	2022T4	10,13
Ambos sexos	12 Galicia	De 25 a 54 años	2022T3	9,86
Ambos sexos	12 Galicia	De 25 a 54 años	2022T2	10,17
Ambos sexos	12 Galicia	De 25 a 54 años	2022T1	10,71
Ambos sexos	12 Galicia	De 25 a 54 años	2021T4	9,83
Ambos sexos	12 Galicia	De 25 a 54 años	2021T3	9,69
Ambos sexos	12 Galicia	De 25 a 54 años	2021T2	11,68
Ambos sexos	12 Galicia	De 25 a 54 años	2021T1	12,83
Ambos sexos	12 Galicia	De 55 y más años	2023T4	8,74
Ambos sexos	12 Galicia	De 55 y más años	2023T3	7,42
Ambos sexos	12 Galicia	De 55 y más años	2023T2	8,72
Ambos sexos	12 Galicia	De 55 y más años	2023T1	9,02
Ambos sexos	12 Galicia	De 55 y más años	2022T4	8,33
Ambos sexos	12 Galicia	De 55 y más años	2022T3	8,86
Ambos sexos	12 Galicia	De 55 y más años	2022T2	9,75
Ambos sexos	12 Galicia	De 55 y más años	2022T1	9,71
Ambos sexos	12 Galicia	De 55 y más años	2021T4	10,18
Ambos sexos	12 Galicia	De 55 y más años	2021T3	9,01
Ambos sexos	12 Galicia	De 55 y más años	2021T2	10,96
Ambos sexos	12 Galicia	De 55 y más años	2021T1	9,63
Ambos sexos	13 Madrid, Comunidad de	Total	2023T4	9,72
Ambos sexos	13 Madrid, Comunidad de	Total	2023T3	10,53
Ambos sexos	13 Madrid, Comunidad de	Total	2023T2	9,56
Ambos sexos	13 Madrid, Comunidad de	Total	2023T1	11,01
Ambos sexos	13 Madrid, Comunidad de	Total	2022T4	11,51
Ambos sexos	13 Madrid, Comunidad de	Total	2022T3	11,33
Ambos sexos	13 Madrid, Comunidad de	Total	2022T2	10,18
Ambos sexos	13 Madrid, Comunidad de	Total	2022T1	11,85
Ambos sexos	13 Madrid, Comunidad de	Total	2021T4	10,12
Ambos sexos	13 Madrid, Comunidad de	Total	2021T3	11,84
Ambos sexos	13 Madrid, Comunidad de	Total	2021T2	12,09
Ambos sexos	13 Madrid, Comunidad de	Total	2021T1	12,15
Ambos sexos	13 Madrid, Comunidad de	Menores de 25 años	2023T4	25,33
Ambos sexos	13 Madrid, Comunidad de	Menores de 25 años	2023T3	30,00
Ambos sexos	13 Madrid, Comunidad de	Menores de 25 años	2023T2	25,31
Ambos sexos	13 Madrid, Comunidad de	Menores de 25 años	2023T1	32,33
Ambos sexos	13 Madrid, Comunidad de	Menores de 25 años	2022T4	31,02
Ambos sexos	13 Madrid, Comunidad de	Menores de 25 años	2022T3	37,56
Ambos sexos	13 Madrid, Comunidad de	Menores de 25 años	2022T2	20,86
Ambos sexos	13 Madrid, Comunidad de	Menores de 25 años	2022T1	27,91
Ambos sexos	13 Madrid, Comunidad de	Menores de 25 años	2021T4	23,67
Ambos sexos	13 Madrid, Comunidad de	Menores de 25 años	2021T3	27,76
Ambos sexos	13 Madrid, Comunidad de	Menores de 25 años	2021T2	34,01
Ambos sexos	13 Madrid, Comunidad de	Menores de 25 años	2021T1	31,75
Ambos sexos	13 Madrid, Comunidad de	25 y más años	2023T4	8,59
Ambos sexos	13 Madrid, Comunidad de	25 y más años	2023T3	9,04
Ambos sexos	13 Madrid, Comunidad de	25 y más años	2023T2	8,45
Ambos sexos	13 Madrid, Comunidad de	25 y más años	2023T1	9,33
Ambos sexos	13 Madrid, Comunidad de	25 y más años	2022T4	10,11
Ambos sexos	13 Madrid, Comunidad de	25 y más años	2022T3	9,29
Ambos sexos	13 Madrid, Comunidad de	25 y más años	2022T2	9,38
Ambos sexos	13 Madrid, Comunidad de	25 y más años	2022T1	10,63
Ambos sexos	13 Madrid, Comunidad de	25 y más años	2021T4	9,20
Ambos sexos	13 Madrid, Comunidad de	25 y más años	2021T3	10,66
Ambos sexos	13 Madrid, Comunidad de	25 y más años	2021T2	10,47
Ambos sexos	13 Madrid, Comunidad de	25 y más años	2021T1	10,80
Ambos sexos	13 Madrid, Comunidad de	De 16 a 19 años	2023T4	28,03
Ambos sexos	13 Madrid, Comunidad de	De 16 a 19 años	2023T3	52,62
Ambos sexos	13 Madrid, Comunidad de	De 16 a 19 años	2023T2	37,61
Ambos sexos	13 Madrid, Comunidad de	De 16 a 19 años	2023T1	59,14
Ambos sexos	13 Madrid, Comunidad de	De 16 a 19 años	2022T4	61,35
Ambos sexos	13 Madrid, Comunidad de	De 16 a 19 años	2022T3	55,30
Ambos sexos	13 Madrid, Comunidad de	De 16 a 19 años	2022T2	38,10
Ambos sexos	13 Madrid, Comunidad de	De 16 a 19 años	2022T1	54,55
Ambos sexos	13 Madrid, Comunidad de	De 16 a 19 años	2021T4	50,72
Ambos sexos	13 Madrid, Comunidad de	De 16 a 19 años	2021T3	40,97
Ambos sexos	13 Madrid, Comunidad de	De 16 a 19 años	2021T2	64,53
Ambos sexos	13 Madrid, Comunidad de	De 16 a 19 años	2021T1	54,79
Ambos sexos	13 Madrid, Comunidad de	De 20 a 24 años	2023T4	25,00
Ambos sexos	13 Madrid, Comunidad de	De 20 a 24 años	2023T3	26,29
Ambos sexos	13 Madrid, Comunidad de	De 20 a 24 años	2023T2	23,74
Ambos sexos	13 Madrid, Comunidad de	De 20 a 24 años	2023T1	26,44
Ambos sexos	13 Madrid, Comunidad de	De 20 a 24 años	2022T4	25,22
Ambos sexos	13 Madrid, Comunidad de	De 20 a 24 años	2022T3	33,98
Ambos sexos	13 Madrid, Comunidad de	De 20 a 24 años	2022T2	18,09
Ambos sexos	13 Madrid, Comunidad de	De 20 a 24 años	2022T1	21,43
Ambos sexos	13 Madrid, Comunidad de	De 20 a 24 años	2021T4	19,11
Ambos sexos	13 Madrid, Comunidad de	De 20 a 24 años	2021T3	24,80
Ambos sexos	13 Madrid, Comunidad de	De 20 a 24 años	2021T2	26,81
Ambos sexos	13 Madrid, Comunidad de	De 20 a 24 años	2021T1	27,54
Ambos sexos	13 Madrid, Comunidad de	De 25 a 54 años	2023T4	8,44
Ambos sexos	13 Madrid, Comunidad de	De 25 a 54 años	2023T3	9,19
Ambos sexos	13 Madrid, Comunidad de	De 25 a 54 años	2023T2	8,17
Ambos sexos	13 Madrid, Comunidad de	De 25 a 54 años	2023T1	9,25
Ambos sexos	13 Madrid, Comunidad de	De 25 a 54 años	2022T4	10,07
Ambos sexos	13 Madrid, Comunidad de	De 25 a 54 años	2022T3	9,64
Ambos sexos	13 Madrid, Comunidad de	De 25 a 54 años	2022T2	9,05
Ambos sexos	13 Madrid, Comunidad de	De 25 a 54 años	2022T1	10,68
Ambos sexos	13 Madrid, Comunidad de	De 25 a 54 años	2021T4	9,01
Ambos sexos	13 Madrid, Comunidad de	De 25 a 54 años	2021T3	9,98
Ambos sexos	13 Madrid, Comunidad de	De 25 a 54 años	2021T2	10,38
Ambos sexos	13 Madrid, Comunidad de	De 25 a 54 años	2021T1	11,02
Ambos sexos	13 Madrid, Comunidad de	De 55 y más años	2023T4	9,14
Ambos sexos	13 Madrid, Comunidad de	De 55 y más años	2023T3	8,49
Ambos sexos	13 Madrid, Comunidad de	De 55 y más años	2023T2	9,48
Ambos sexos	13 Madrid, Comunidad de	De 55 y más años	2023T1	9,62
Ambos sexos	13 Madrid, Comunidad de	De 55 y más años	2022T4	10,23
Ambos sexos	13 Madrid, Comunidad de	De 55 y más años	2022T3	8,01
Ambos sexos	13 Madrid, Comunidad de	De 55 y más años	2022T2	10,61
Ambos sexos	13 Madrid, Comunidad de	De 55 y más años	2022T1	10,44
Ambos sexos	13 Madrid, Comunidad de	De 55 y más años	2021T4	9,91
Ambos sexos	13 Madrid, Comunidad de	De 55 y más años	2021T3	13,35
Ambos sexos	13 Madrid, Comunidad de	De 55 y más años	2021T2	10,85
Ambos sexos	13 Madrid, Comunidad de	De 55 y más años	2021T1	9,94
Ambos sexos	14 Murcia, Región de	Total	2023T4	11,32
Ambos sexos	14 Murcia, Región de	Total	2023T3	13,39
Ambos sexos	14 Murcia, Región de	Total	2023T2	12,35
Ambos sexos	14 Murcia, Región de	Total	2023T1	13,48
Ambos sexos	14 Murcia, Región de	Total	2022T4	12,89
Ambos sexos	14 Murcia, Región de	Total	2022T3	14,54
Ambos sexos	14 Murcia, Región de	Total	2022T2	12,18
Ambos sexos	14 Murcia, Región de	Total	2022T1	13,44
Ambos sexos	14 Murcia, Región de	Total	2021T4	12,92
Ambos sexos	14 Murcia, Región de	Total	2021T3	14,65
Ambos sexos	14 Murcia, Región de	Total	2021T2	13,15
Ambos sexos	14 Murcia, Región de	Total	2021T1	16,42
Ambos sexos	14 Murcia, Región de	Menores de 25 años	2023T4	27,61
Ambos sexos	14 Murcia, Región de	Menores de 25 años	2023T3	26,14
Ambos sexos	14 Murcia, Región de	Menores de 25 años	2023T2	28,41
Ambos sexos	14 Murcia, Región de	Menores de 25 años	2023T1	32,70
Ambos sexos	14 Murcia, Región de	Menores de 25 años	2022T4	32,02
Ambos sexos	14 Murcia, Región de	Menores de 25 años	2022T3	32,59
Ambos sexos	14 Murcia, Región de	Menores de 25 años	2022T2	25,18
Ambos sexos	14 Murcia, Región de	Menores de 25 años	2022T1	25,97
Ambos sexos	14 Murcia, Región de	Menores de 25 años	2021T4	27,23
Ambos sexos	14 Murcia, Región de	Menores de 25 años	2021T3	26,68
Ambos sexos	14 Murcia, Región de	Menores de 25 años	2021T2	33,12
Ambos sexos	14 Murcia, Región de	Menores de 25 años	2021T1	37,45
Ambos sexos	14 Murcia, Región de	25 y más años	2023T4	10,06
Ambos sexos	14 Murcia, Región de	25 y más años	2023T3	12,21
Ambos sexos	14 Murcia, Región de	25 y más años	2023T2	10,93
Ambos sexos	14 Murcia, Región de	25 y más años	2023T1	11,85
Ambos sexos	14 Murcia, Región de	25 y más años	2022T4	11,30
Ambos sexos	14 Murcia, Región de	25 y más años	2022T3	12,88
Ambos sexos	14 Murcia, Región de	25 y más años	2022T2	11,13
Ambos sexos	14 Murcia, Región de	25 y más años	2022T1	12,43
Ambos sexos	14 Murcia, Región de	25 y más años	2021T4	11,79
Ambos sexos	14 Murcia, Región de	25 y más años	2021T3	13,56
Ambos sexos	14 Murcia, Región de	25 y más años	2021T2	11,54
Ambos sexos	14 Murcia, Región de	25 y más años	2021T1	14,85
Ambos sexos	14 Murcia, Región de	De 16 a 19 años	2023T4	50,34
Ambos sexos	14 Murcia, Región de	De 16 a 19 años	2023T3	26,04
Ambos sexos	14 Murcia, Región de	De 16 a 19 años	2023T2	44,64
Ambos sexos	14 Murcia, Región de	De 16 a 19 años	2023T1	56,36
Ambos sexos	14 Murcia, Región de	De 16 a 19 años	2022T4	45,79
Ambos sexos	14 Murcia, Región de	De 16 a 19 años	2022T3	53,73
Ambos sexos	14 Murcia, Región de	De 16 a 19 años	2022T2	44,34
Ambos sexos	14 Murcia, Región de	De 16 a 19 años	2022T1	51,66
Ambos sexos	14 Murcia, Región de	De 16 a 19 años	2021T4	59,78
Ambos sexos	14 Murcia, Región de	De 16 a 19 años	2021T3	48,35
Ambos sexos	14 Murcia, Región de	De 16 a 19 años	2021T2	54,73
Ambos sexos	14 Murcia, Región de	De 16 a 19 años	2021T1	56,34
Ambos sexos	14 Murcia, Región de	De 20 a 24 años	2023T4	22,92
Ambos sexos	14 Murcia, Región de	De 20 a 24 años	2023T3	26,16
Ambos sexos	14 Murcia, Región de	De 20 a 24 años	2023T2	24,80
Ambos sexos	14 Murcia, Región de	De 20 a 24 años	2023T1	28,11
Ambos sexos	14 Murcia, Región de	De 20 a 24 años	2022T4	28,39
Ambos sexos	14 Murcia, Región de	De 20 a 24 años	2022T3	27,30
Ambos sexos	14 Murcia, Región de	De 20 a 24 años	2022T2	20,14
Ambos sexos	14 Murcia, Región de	De 20 a 24 años	2022T1	18,49
Ambos sexos	14 Murcia, Región de	De 20 a 24 años	2021T4	20,89
Ambos sexos	14 Murcia, Región de	De 20 a 24 años	2021T3	21,81
Ambos sexos	14 Murcia, Región de	De 20 a 24 años	2021T2	27,54
Ambos sexos	14 Murcia, Región de	De 20 a 24 años	2021T1	32,71
Ambos sexos	14 Murcia, Región de	De 25 a 54 años	2023T4	11,22
Ambos sexos	14 Murcia, Región de	De 25 a 54 años	2023T3	12,71
Ambos sexos	14 Murcia, Región de	De 25 a 54 años	2023T2	11,71
Ambos sexos	14 Murcia, Región de	De 25 a 54 años	2023T1	12,08
Ambos sexos	14 Murcia, Región de	De 25 a 54 años	2022T4	12,01
Ambos sexos	14 Murcia, Región de	De 25 a 54 años	2022T3	13,40
Ambos sexos	14 Murcia, Región de	De 25 a 54 años	2022T2	11,34
Ambos sexos	14 Murcia, Región de	De 25 a 54 años	2022T1	13,15
Ambos sexos	14 Murcia, Región de	De 25 a 54 años	2021T4	12,16
Ambos sexos	14 Murcia, Región de	De 25 a 54 años	2021T3	13,84
Ambos sexos	14 Murcia, Región de	De 25 a 54 años	2021T2	11,99
Ambos sexos	14 Murcia, Región de	De 25 a 54 años	2021T1	15,07
Ambos sexos	14 Murcia, Región de	De 55 y más años	2023T4	5,63
Ambos sexos	14 Murcia, Región de	De 55 y más años	2023T3	10,29
Ambos sexos	14 Murcia, Región de	De 55 y más años	2023T2	7,95
Ambos sexos	14 Murcia, Región de	De 55 y más años	2023T1	10,92
Ambos sexos	14 Murcia, Región de	De 55 y más años	2022T4	8,41
Ambos sexos	14 Murcia, Región de	De 55 y más años	2022T3	10,83
Ambos sexos	14 Murcia, Región de	De 55 y más años	2022T2	10,32
Ambos sexos	14 Murcia, Región de	De 55 y más años	2022T1	9,51
Ambos sexos	14 Murcia, Región de	De 55 y más años	2021T4	10,40
Ambos sexos	14 Murcia, Región de	De 55 y más años	2021T3	12,39
Ambos sexos	14 Murcia, Región de	De 55 y más años	2021T2	9,71
Ambos sexos	14 Murcia, Región de	De 55 y más años	2021T1	13,94
Ambos sexos	15 Navarra, Comunidad Foral de	Total	2023T4	9,32
Ambos sexos	15 Navarra, Comunidad Foral de	Total	2023T3	9,29
Ambos sexos	15 Navarra, Comunidad Foral de	Total	2023T2	8,79
Ambos sexos	15 Navarra, Comunidad Foral de	Total	2023T1	12,13
Ambos sexos	15 Navarra, Comunidad Foral de	Total	2022T4	10,09
Ambos sexos	15 Navarra, Comunidad Foral de	Total	2022T3	8,99
Ambos sexos	15 Navarra, Comunidad Foral de	Total	2022T2	8,76
Ambos sexos	15 Navarra, Comunidad Foral de	Total	2022T1	10,44
Ambos sexos	15 Navarra, Comunidad Foral de	Total	2021T4	9,93
Ambos sexos	15 Navarra, Comunidad Foral de	Total	2021T3	10,70
Ambos sexos	15 Navarra, Comunidad Foral de	Total	2021T2	10,30
Ambos sexos	15 Navarra, Comunidad Foral de	Total	2021T1	11,45
Ambos sexos	15 Navarra, Comunidad Foral de	Menores de 25 años	2023T4	20,05
Ambos sexos	15 Navarra, Comunidad Foral de	Menores de 25 años	2023T3	29,05
Ambos sexos	15 Navarra, Comunidad Foral de	Menores de 25 años	2023T2	29,90
Ambos sexos	15 Navarra, Comunidad Foral de	Menores de 25 años	2023T1	25,26
Ambos sexos	15 Navarra, Comunidad Foral de	Menores de 25 años	2022T4	27,83
Ambos sexos	15 Navarra, Comunidad Foral de	Menores de 25 años	2022T3	24,45
Ambos sexos	15 Navarra, Comunidad Foral de	Menores de 25 años	2022T2	20,06
Ambos sexos	15 Navarra, Comunidad Foral de	Menores de 25 años	2022T1	17,34
Ambos sexos	15 Navarra, Comunidad Foral de	Menores de 25 años	2021T4	18,23
Ambos sexos	15 Navarra, Comunidad Foral de	Menores de 25 años	2021T3	16,30
Ambos sexos	15 Navarra, Comunidad Foral de	Menores de 25 años	2021T2	26,03
Ambos sexos	15 Navarra, Comunidad Foral de	Menores de 25 años	2021T1	31,32
Ambos sexos	15 Navarra, Comunidad Foral de	25 y más años	2023T4	8,56
Ambos sexos	15 Navarra, Comunidad Foral de	25 y más años	2023T3	7,54
Ambos sexos	15 Navarra, Comunidad Foral de	25 y más años	2023T2	7,20
Ambos sexos	15 Navarra, Comunidad Foral de	25 y más años	2023T1	11,26
Ambos sexos	15 Navarra, Comunidad Foral de	25 y más años	2022T4	8,86
Ambos sexos	15 Navarra, Comunidad Foral de	25 y más años	2022T3	7,79
Ambos sexos	15 Navarra, Comunidad Foral de	25 y más años	2022T2	7,89
Ambos sexos	15 Navarra, Comunidad Foral de	25 y más años	2022T1	9,90
Ambos sexos	15 Navarra, Comunidad Foral de	25 y más años	2021T4	9,32
Ambos sexos	15 Navarra, Comunidad Foral de	25 y más años	2021T3	10,25
Ambos sexos	15 Navarra, Comunidad Foral de	25 y más años	2021T2	9,19
Ambos sexos	15 Navarra, Comunidad Foral de	25 y más años	2021T1	10,17
Ambos sexos	15 Navarra, Comunidad Foral de	De 16 a 19 años	2023T4	35,26
Ambos sexos	15 Navarra, Comunidad Foral de	De 16 a 19 años	2023T3	47,56
Ambos sexos	15 Navarra, Comunidad Foral de	De 16 a 19 años	2023T2	50,94
Ambos sexos	15 Navarra, Comunidad Foral de	De 16 a 19 años	2023T1	38,54
Ambos sexos	15 Navarra, Comunidad Foral de	De 16 a 19 años	2022T4	61,97
Ambos sexos	15 Navarra, Comunidad Foral de	De 16 a 19 años	2022T3	45,12
Ambos sexos	15 Navarra, Comunidad Foral de	De 16 a 19 años	2022T2	42,27
Ambos sexos	15 Navarra, Comunidad Foral de	De 16 a 19 años	2022T1	19,09
Ambos sexos	15 Navarra, Comunidad Foral de	De 16 a 19 años	2021T4	21,22
Ambos sexos	15 Navarra, Comunidad Foral de	De 16 a 19 años	2021T3	29,57
Ambos sexos	15 Navarra, Comunidad Foral de	De 16 a 19 años	2021T2	56,40
Ambos sexos	15 Navarra, Comunidad Foral de	De 16 a 19 años	2021T1	80,41
Ambos sexos	15 Navarra, Comunidad Foral de	De 20 a 24 años	2023T4	17,39
Ambos sexos	15 Navarra, Comunidad Foral de	De 20 a 24 años	2023T3	24,19
Ambos sexos	15 Navarra, Comunidad Foral de	De 20 a 24 años	2023T2	24,91
Ambos sexos	15 Navarra, Comunidad Foral de	De 20 a 24 años	2023T1	22,69
Ambos sexos	15 Navarra, Comunidad Foral de	De 20 a 24 años	2022T4	21,39
Ambos sexos	15 Navarra, Comunidad Foral de	De 20 a 24 años	2022T3	20,20
Ambos sexos	15 Navarra, Comunidad Foral de	De 20 a 24 años	2022T2	17,46
Ambos sexos	15 Navarra, Comunidad Foral de	De 20 a 24 años	2022T1	17,13
Ambos sexos	15 Navarra, Comunidad Foral de	De 20 a 24 años	2021T4	17,87
Ambos sexos	15 Navarra, Comunidad Foral de	De 20 a 24 años	2021T3	14,00
Ambos sexos	15 Navarra, Comunidad Foral de	De 20 a 24 años	2021T2	23,15
Ambos sexos	15 Navarra, Comunidad Foral de	De 20 a 24 años	2021T1	28,00
Ambos sexos	15 Navarra, Comunidad Foral de	De 25 a 54 años	2023T4	8,68
Ambos sexos	15 Navarra, Comunidad Foral de	De 25 a 54 años	2023T3	7,94
Ambos sexos	15 Navarra, Comunidad Foral de	De 25 a 54 años	2023T2	7,47
Ambos sexos	15 Navarra, Comunidad Foral de	De 25 a 54 años	2023T1	12,58
Ambos sexos	15 Navarra, Comunidad Foral de	De 25 a 54 años	2022T4	9,63
Ambos sexos	15 Navarra, Comunidad Foral de	De 25 a 54 años	2022T3	8,34
Ambos sexos	15 Navarra, Comunidad Foral de	De 25 a 54 años	2022T2	8,40
Ambos sexos	15 Navarra, Comunidad Foral de	De 25 a 54 años	2022T1	10,52
Ambos sexos	15 Navarra, Comunidad Foral de	De 25 a 54 años	2021T4	10,48
Ambos sexos	15 Navarra, Comunidad Foral de	De 25 a 54 años	2021T3	10,84
Ambos sexos	15 Navarra, Comunidad Foral de	De 25 a 54 años	2021T2	9,46
Ambos sexos	15 Navarra, Comunidad Foral de	De 25 a 54 años	2021T1	10,00
Ambos sexos	15 Navarra, Comunidad Foral de	De 55 y más años	2023T4	8,14
Ambos sexos	15 Navarra, Comunidad Foral de	De 55 y más años	2023T3	6,14
Ambos sexos	15 Navarra, Comunidad Foral de	De 55 y más años	2023T2	6,24
Ambos sexos	15 Navarra, Comunidad Foral de	De 55 y más años	2023T1	6,62
Ambos sexos	15 Navarra, Comunidad Foral de	De 55 y más años	2022T4	6,18
Ambos sexos	15 Navarra, Comunidad Foral de	De 55 y más años	2022T3	5,96
Ambos sexos	15 Navarra, Comunidad Foral de	De 55 y más años	2022T2	6,01
Ambos sexos	15 Navarra, Comunidad Foral de	De 55 y más años	2022T1	7,59
Ambos sexos	15 Navarra, Comunidad Foral de	De 55 y más años	2021T4	5,09
Ambos sexos	15 Navarra, Comunidad Foral de	De 55 y más años	2021T3	7,94
Ambos sexos	15 Navarra, Comunidad Foral de	De 55 y más años	2021T2	8,22
Ambos sexos	15 Navarra, Comunidad Foral de	De 55 y más años	2021T1	10,80
Ambos sexos	16 País Vasco	Total	2023T4	6,33
Ambos sexos	16 País Vasco	Total	2023T3	8,32
Ambos sexos	16 País Vasco	Total	2023T2	7,13
Ambos sexos	16 País Vasco	Total	2023T1	8,44
Ambos sexos	16 País Vasco	Total	2022T4	8,66
Ambos sexos	16 País Vasco	Total	2022T3	8,29
Ambos sexos	16 País Vasco	Total	2022T2	8,75
Ambos sexos	16 País Vasco	Total	2022T1	8,69
Ambos sexos	16 País Vasco	Total	2021T4	8,43
Ambos sexos	16 País Vasco	Total	2021T3	9,91
Ambos sexos	16 País Vasco	Total	2021T2	10,02
Ambos sexos	16 País Vasco	Total	2021T1	10,99
Ambos sexos	16 País Vasco	Menores de 25 años	2023T4	19,55
Ambos sexos	16 País Vasco	Menores de 25 años	2023T3	31,72
Ambos sexos	16 País Vasco	Menores de 25 años	2023T2	24,76
Ambos sexos	16 País Vasco	Menores de 25 años	2023T1	19,27
Ambos sexos	16 País Vasco	Menores de 25 años	2022T4	20,88
Ambos sexos	16 País Vasco	Menores de 25 años	2022T3	29,35
Ambos sexos	16 País Vasco	Menores de 25 años	2022T2	24,62
Ambos sexos	16 País Vasco	Menores de 25 años	2022T1	28,88
Ambos sexos	16 País Vasco	Menores de 25 años	2021T4	27,15
Ambos sexos	16 País Vasco	Menores de 25 años	2021T3	27,72
Ambos sexos	16 País Vasco	Menores de 25 años	2021T2	37,80
Ambos sexos	16 País Vasco	Menores de 25 años	2021T1	39,01
Ambos sexos	16 País Vasco	25 y más años	2023T4	5,46
Ambos sexos	16 País Vasco	25 y más años	2023T3	6,64
Ambos sexos	16 País Vasco	25 y más años	2023T2	5,94
Ambos sexos	16 País Vasco	25 y más años	2023T1	7,79
Ambos sexos	16 País Vasco	25 y más años	2022T4	7,90
Ambos sexos	16 País Vasco	25 y más años	2022T3	6,92
Ambos sexos	16 País Vasco	25 y más años	2022T2	7,67
Ambos sexos	16 País Vasco	25 y más años	2022T1	7,34
Ambos sexos	16 País Vasco	25 y más años	2021T4	7,19
Ambos sexos	16 País Vasco	25 y más años	2021T3	8,61
Ambos sexos	16 País Vasco	25 y más años	2021T2	8,16
Ambos sexos	16 País Vasco	25 y más años	2021T1	9,47
Ambos sexos	16 País Vasco	De 16 a 19 años	2023T4	36,61
Ambos sexos	16 País Vasco	De 16 a 19 años	2023T3	42,98
Ambos sexos	16 País Vasco	De 16 a 19 años	2023T2	33,70
Ambos sexos	16 País Vasco	De 16 a 19 años	2023T1	31,89
Ambos sexos	16 País Vasco	De 16 a 19 años	2022T4	45,47
Ambos sexos	16 País Vasco	De 16 a 19 años	2022T3	43,79
Ambos sexos	16 País Vasco	De 16 a 19 años	2022T2	27,56
Ambos sexos	16 País Vasco	De 16 a 19 años	2022T1	33,12
Ambos sexos	16 País Vasco	De 16 a 19 años	2021T4	39,65
Ambos sexos	16 País Vasco	De 16 a 19 años	2021T3	40,95
Ambos sexos	16 País Vasco	De 16 a 19 años	2021T2	58,06
Ambos sexos	16 País Vasco	De 16 a 19 años	2021T1	82,42
Ambos sexos	16 País Vasco	De 20 a 24 años	2023T4	17,66
Ambos sexos	16 País Vasco	De 20 a 24 años	2023T3	29,90
Ambos sexos	16 País Vasco	De 20 a 24 años	2023T2	22,48
Ambos sexos	16 País Vasco	De 20 a 24 años	2023T1	17,84
Ambos sexos	16 País Vasco	De 20 a 24 años	2022T4	16,75
Ambos sexos	16 País Vasco	De 20 a 24 años	2022T3	26,32
Ambos sexos	16 País Vasco	De 20 a 24 años	2022T2	24,03
Ambos sexos	16 País Vasco	De 20 a 24 años	2022T1	28,14
Ambos sexos	16 País Vasco	De 20 a 24 años	2021T4	24,42
Ambos sexos	16 País Vasco	De 20 a 24 años	2021T3	24,98
Ambos sexos	16 País Vasco	De 20 a 24 años	2021T2	33,65
Ambos sexos	16 País Vasco	De 20 a 24 años	2021T1	34,17
Ambos sexos	16 País Vasco	De 25 a 54 años	2023T4	5,02
Ambos sexos	16 País Vasco	De 25 a 54 años	2023T3	5,77
Ambos sexos	16 País Vasco	De 25 a 54 años	2023T2	5,28
Ambos sexos	16 País Vasco	De 25 a 54 años	2023T1	7,70
Ambos sexos	16 País Vasco	De 25 a 54 años	2022T4	8,28
Ambos sexos	16 País Vasco	De 25 a 54 años	2022T3	6,89
Ambos sexos	16 País Vasco	De 25 a 54 años	2022T2	8,07
Ambos sexos	16 País Vasco	De 25 a 54 años	2022T1	7,11
Ambos sexos	16 País Vasco	De 25 a 54 años	2021T4	7,08
Ambos sexos	16 País Vasco	De 25 a 54 años	2021T3	8,49
Ambos sexos	16 País Vasco	De 25 a 54 años	2021T2	8,29
Ambos sexos	16 País Vasco	De 25 a 54 años	2021T1	9,65
Ambos sexos	16 País Vasco	De 55 y más años	2023T4	6,72
Ambos sexos	16 País Vasco	De 55 y más años	2023T3	9,20
Ambos sexos	16 País Vasco	De 55 y más años	2023T2	7,93
Ambos sexos	16 País Vasco	De 55 y más años	2023T1	8,07
Ambos sexos	16 País Vasco	De 55 y más años	2022T4	6,65
Ambos sexos	16 País Vasco	De 55 y más años	2022T3	7,01
Ambos sexos	16 País Vasco	De 55 y más años	2022T2	6,35
Ambos sexos	16 País Vasco	De 55 y más años	2022T1	8,08
Ambos sexos	16 País Vasco	De 55 y más años	2021T4	7,51
Ambos sexos	16 País Vasco	De 55 y más años	2021T3	9,02
Ambos sexos	16 País Vasco	De 55 y más años	2021T2	7,73
Ambos sexos	16 País Vasco	De 55 y más años	2021T1	8,85
Ambos sexos	17 Rioja, La	Total	2023T4	9,52
Ambos sexos	17 Rioja, La	Total	2023T3	9,61
Ambos sexos	17 Rioja, La	Total	2023T2	7,46
Ambos sexos	17 Rioja, La	Total	2023T1	10,06
Ambos sexos	17 Rioja, La	Total	2022T4	8,60
Ambos sexos	17 Rioja, La	Total	2022T3	8,03
Ambos sexos	17 Rioja, La	Total	2022T2	10,19
Ambos sexos	17 Rioja, La	Total	2022T1	11,21
Ambos sexos	17 Rioja, La	Total	2021T4	10,45
Ambos sexos	17 Rioja, La	Total	2021T3	12,21
Ambos sexos	17 Rioja, La	Total	2021T2	11,52
Ambos sexos	17 Rioja, La	Total	2021T1	11,90
Ambos sexos	17 Rioja, La	Menores de 25 años	2023T4	32,36
Ambos sexos	17 Rioja, La	Menores de 25 años	2023T3	27,02
Ambos sexos	17 Rioja, La	Menores de 25 años	2023T2	24,68
Ambos sexos	17 Rioja, La	Menores de 25 años	2023T1	27,37
Ambos sexos	17 Rioja, La	Menores de 25 años	2022T4	23,30
Ambos sexos	17 Rioja, La	Menores de 25 años	2022T3	20,43
Ambos sexos	17 Rioja, La	Menores de 25 años	2022T2	27,46
Ambos sexos	17 Rioja, La	Menores de 25 años	2022T1	34,33
Ambos sexos	17 Rioja, La	Menores de 25 años	2021T4	27,19
Ambos sexos	17 Rioja, La	Menores de 25 años	2021T3	30,65
Ambos sexos	17 Rioja, La	Menores de 25 años	2021T2	36,09
Ambos sexos	17 Rioja, La	Menores de 25 años	2021T1	30,03
Ambos sexos	17 Rioja, La	25 y más años	2023T4	8,10
Ambos sexos	17 Rioja, La	25 y más años	2023T3	8,28
Ambos sexos	17 Rioja, La	25 y más años	2023T2	6,28
Ambos sexos	17 Rioja, La	25 y más años	2023T1	8,91
Ambos sexos	17 Rioja, La	25 y más años	2022T4	7,69
Ambos sexos	17 Rioja, La	25 y más años	2022T3	7,20
Ambos sexos	17 Rioja, La	25 y más años	2022T2	9,05
Ambos sexos	17 Rioja, La	25 y más años	2022T1	9,67
Ambos sexos	17 Rioja, La	25 y más años	2021T4	9,45
Ambos sexos	17 Rioja, La	25 y más años	2021T3	10,76
Ambos sexos	17 Rioja, La	25 y más años	2021T2	9,66
Ambos sexos	17 Rioja, La	25 y más años	2021T1	10,81
Ambos sexos	17 Rioja, La	De 16 a 19 años	2023T4	40,87
Ambos sexos	17 Rioja, La	De 16 a 19 años	2023T3	17,29
Ambos sexos	17 Rioja, La	De 16 a 19 años	2023T2	43,84
Ambos sexos	17 Rioja, La	De 16 a 19 años	2023T1	21,89
Ambos sexos	17 Rioja, La	De 16 a 19 años	2022T4	14,62
Ambos sexos	17 Rioja, La	De 16 a 19 años	2022T3	32,82
Ambos sexos	17 Rioja, La	De 16 a 19 años	2022T2	43,63
Ambos sexos	17 Rioja, La	De 16 a 19 años	2022T1	57,18
Ambos sexos	17 Rioja, La	De 16 a 19 años	2021T4	57,38
Ambos sexos	17 Rioja, La	De 16 a 19 años	2021T3	56,63
Ambos sexos	17 Rioja, La	De 16 a 19 años	2021T2	60,27
Ambos sexos	17 Rioja, La	De 16 a 19 años	2021T1	35,78
Ambos sexos	17 Rioja, La	De 20 a 24 años	2023T4	29,90
Ambos sexos	17 Rioja, La	De 20 a 24 años	2023T3	29,85
Ambos sexos	17 Rioja, La	De 20 a 24 años	2023T2	19,61
Ambos sexos	17 Rioja, La	De 20 a 24 años	2023T1	28,19
Ambos sexos	17 Rioja, La	De 20 a 24 años	2022T4	24,51
Ambos sexos	17 Rioja, La	De 20 a 24 años	2022T3	17,04
Ambos sexos	17 Rioja, La	De 20 a 24 años	2022T2	24,15
Ambos sexos	17 Rioja, La	De 20 a 24 años	2022T1	29,03
Ambos sexos	17 Rioja, La	De 20 a 24 años	2021T4	23,15
Ambos sexos	17 Rioja, La	De 20 a 24 años	2021T3	23,52
Ambos sexos	17 Rioja, La	De 20 a 24 años	2021T2	29,47
Ambos sexos	17 Rioja, La	De 20 a 24 años	2021T1	29,14
Ambos sexos	17 Rioja, La	De 25 a 54 años	2023T4	8,75
Ambos sexos	17 Rioja, La	De 25 a 54 años	2023T3	8,30
Ambos sexos	17 Rioja, La	De 25 a 54 años	2023T2	6,29
Ambos sexos	17 Rioja, La	De 25 a 54 años	2023T1	9,30
Ambos sexos	17 Rioja, La	De 25 a 54 años	2022T4	8,23
Ambos sexos	17 Rioja, La	De 25 a 54 años	2022T3	6,65
Ambos sexos	17 Rioja, La	De 25 a 54 años	2022T2	8,64
Ambos sexos	17 Rioja, La	De 25 a 54 años	2022T1	10,22
Ambos sexos	17 Rioja, La	De 25 a 54 años	2021T4	9,43
Ambos sexos	17 Rioja, La	De 25 a 54 años	2021T3	10,59
Ambos sexos	17 Rioja, La	De 25 a 54 años	2021T2	8,95
Ambos sexos	17 Rioja, La	De 25 a 54 años	2021T1	10,86
Ambos sexos	17 Rioja, La	De 55 y más años	2023T4	6,07
Ambos sexos	17 Rioja, La	De 55 y más años	2023T3	8,19
Ambos sexos	17 Rioja, La	De 55 y más años	2023T2	6,23
Ambos sexos	17 Rioja, La	De 55 y más años	2023T1	7,66
Ambos sexos	17 Rioja, La	De 55 y más años	2022T4	5,98
Ambos sexos	17 Rioja, La	De 55 y más años	2022T3	9,01
Ambos sexos	17 Rioja, La	De 55 y más años	2022T2	10,38
Ambos sexos	17 Rioja, La	De 55 y más años	2022T1	7,82
Ambos sexos	17 Rioja, La	De 55 y más años	2021T4	9,54
Ambos sexos	17 Rioja, La	De 55 y más años	2021T3	11,35
Ambos sexos	17 Rioja, La	De 55 y más años	2021T2	12,08
Ambos sexos	17 Rioja, La	De 55 y más años	2021T1	10,62
Ambos sexos	18 Ceuta	Total	2023T4	28,35
Ambos sexos	18 Ceuta	Total	2023T3	27,79
Ambos sexos	18 Ceuta	Total	2023T2	27,37
Ambos sexos	18 Ceuta	Total	2023T1	23,97
Ambos sexos	18 Ceuta	Total	2022T4	30,55
Ambos sexos	18 Ceuta	Total	2022T3	30,82
Ambos sexos	18 Ceuta	Total	2022T2	22,75
Ambos sexos	18 Ceuta	Total	2022T1	29,21
Ambos sexos	18 Ceuta	Total	2021T4	26,86
Ambos sexos	18 Ceuta	Total	2021T3	27,07
Ambos sexos	18 Ceuta	Total	2021T2	24,20
Ambos sexos	18 Ceuta	Total	2021T1	28,52
Ambos sexos	18 Ceuta	Menores de 25 años	2023T4	65,84
Ambos sexos	18 Ceuta	Menores de 25 años	2023T3	59,49
Ambos sexos	18 Ceuta	Menores de 25 años	2023T2	51,23
Ambos sexos	18 Ceuta	Menores de 25 años	2023T1	40,83
Ambos sexos	18 Ceuta	Menores de 25 años	2022T4	48,94
Ambos sexos	18 Ceuta	Menores de 25 años	2022T3	51,69
Ambos sexos	18 Ceuta	Menores de 25 años	2022T2	31,20
Ambos sexos	18 Ceuta	Menores de 25 años	2022T1	42,32
Ambos sexos	18 Ceuta	Menores de 25 años	2021T4	40,50
Ambos sexos	18 Ceuta	Menores de 25 años	2021T3	49,99
Ambos sexos	18 Ceuta	Menores de 25 años	2021T2	68,70
Ambos sexos	18 Ceuta	Menores de 25 años	2021T1	71,47
Ambos sexos	18 Ceuta	25 y más años	2023T4	24,73
Ambos sexos	18 Ceuta	25 y más años	2023T3	24,37
Ambos sexos	18 Ceuta	25 y más años	2023T2	25,49
Ambos sexos	18 Ceuta	25 y más años	2023T1	22,36
Ambos sexos	18 Ceuta	25 y más años	2022T4	27,62
Ambos sexos	18 Ceuta	25 y más años	2022T3	28,54
Ambos sexos	18 Ceuta	25 y más años	2022T2	21,92
Ambos sexos	18 Ceuta	25 y más años	2022T1	27,75
Ambos sexos	18 Ceuta	25 y más años	2021T4	25,64
Ambos sexos	18 Ceuta	25 y más años	2021T3	24,66
Ambos sexos	18 Ceuta	25 y más años	2021T2	21,02
Ambos sexos	18 Ceuta	25 y más años	2021T1	23,90
Ambos sexos	18 Ceuta	De 16 a 19 años	2023T4	83,62
Ambos sexos	18 Ceuta	De 16 a 19 años	2023T3	84,52
Ambos sexos	18 Ceuta	De 16 a 19 años	2023T2	100,00
Ambos sexos	18 Ceuta	De 16 a 19 años	2023T1	100,00
Ambos sexos	18 Ceuta	De 16 a 19 años	2022T4	100,00
Ambos sexos	18 Ceuta	De 16 a 19 años	2022T3	100,00
Ambos sexos	18 Ceuta	De 16 a 19 años	2022T2	59,79
Ambos sexos	18 Ceuta	De 16 a 19 años	2022T1	74,21
Ambos sexos	18 Ceuta	De 16 a 19 años	2021T4	66,54
Ambos sexos	18 Ceuta	De 16 a 19 años	2021T3	50,07
Ambos sexos	18 Ceuta	De 16 a 19 años	2021T2	100,00
Ambos sexos	18 Ceuta	De 16 a 19 años	2021T1	100,00
Ambos sexos	18 Ceuta	De 20 a 24 años	2023T4	55,20
Ambos sexos	18 Ceuta	De 20 a 24 años	2023T3	53,55
Ambos sexos	18 Ceuta	De 20 a 24 años	2023T2	42,05
Ambos sexos	18 Ceuta	De 20 a 24 años	2023T1	22,69
Ambos sexos	18 Ceuta	De 20 a 24 años	2022T4	26,65
Ambos sexos	18 Ceuta	De 20 a 24 años	2022T3	32,71
Ambos sexos	18 Ceuta	De 20 a 24 años	2022T2	22,87
Ambos sexos	18 Ceuta	De 20 a 24 años	2022T1	28,74
Ambos sexos	18 Ceuta	De 20 a 24 años	2021T4	34,74
Ambos sexos	18 Ceuta	De 20 a 24 años	2021T3	49,98
Ambos sexos	18 Ceuta	De 20 a 24 años	2021T2	65,33
Ambos sexos	18 Ceuta	De 20 a 24 años	2021T1	69,30
Ambos sexos	18 Ceuta	De 25 a 54 años	2023T4	28,38
Ambos sexos	18 Ceuta	De 25 a 54 años	2023T3	28,72
Ambos sexos	18 Ceuta	De 25 a 54 años	2023T2	31,57
Ambos sexos	18 Ceuta	De 25 a 54 años	2023T1	26,83
Ambos sexos	18 Ceuta	De 25 a 54 años	2022T4	32,69
Ambos sexos	18 Ceuta	De 25 a 54 años	2022T3	34,05
Ambos sexos	18 Ceuta	De 25 a 54 años	2022T2	28,49
Ambos sexos	18 Ceuta	De 25 a 54 años	2022T1	34,66
Ambos sexos	18 Ceuta	De 25 a 54 años	2021T4	32,87
Ambos sexos	18 Ceuta	De 25 a 54 años	2021T3	32,31
Ambos sexos	18 Ceuta	De 25 a 54 años	2021T2	24,99
Ambos sexos	18 Ceuta	De 25 a 54 años	2021T1	29,14
Ambos sexos	18 Ceuta	De 55 y más años	2023T4	8,03
Ambos sexos	18 Ceuta	De 55 y más años	2023T3	6,94
Ambos sexos	18 Ceuta	De 55 y más años	2023T2	3,92
Ambos sexos	18 Ceuta	De 55 y más años	2023T1	5,86
Ambos sexos	18 Ceuta	De 55 y más años	2022T4	11,14
Ambos sexos	18 Ceuta	De 55 y más años	2022T3	9,93
Ambos sexos	18 Ceuta	De 55 y más años	2022T2	3,43
Ambos sexos	18 Ceuta	De 55 y más años	2022T1	7,16
Ambos sexos	18 Ceuta	De 55 y más años	2021T4	6,14
Ambos sexos	18 Ceuta	De 55 y más años	2021T3	6,30
Ambos sexos	18 Ceuta	De 55 y más años	2021T2	10,63
Ambos sexos	18 Ceuta	De 55 y más años	2021T1	9,62
Ambos sexos	19 Melilla	Total	2023T4	27,42
Ambos sexos	19 Melilla	Total	2023T3	20,89
Ambos sexos	19 Melilla	Total	2023T2	19,42
Ambos sexos	19 Melilla	Total	2023T1	26,06
Ambos sexos	19 Melilla	Total	2022T4	21,20
Ambos sexos	19 Melilla	Total	2022T3	18,16
Ambos sexos	19 Melilla	Total	2022T2	24,66
Ambos sexos	19 Melilla	Total	2022T1	22,12
Ambos sexos	19 Melilla	Total	2021T4	20,24
Ambos sexos	19 Melilla	Total	2021T3	19,44
Ambos sexos	19 Melilla	Total	2021T2	18,02
Ambos sexos	19 Melilla	Total	2021T1	21,52
Ambos sexos	19 Melilla	Menores de 25 años	2023T4	51,64
Ambos sexos	19 Melilla	Menores de 25 años	2023T3	41,34
Ambos sexos	19 Melilla	Menores de 25 años	2023T2	34,35
Ambos sexos	19 Melilla	Menores de 25 años	2023T1	42,61
Ambos sexos	19 Melilla	Menores de 25 años	2022T4	54,30
Ambos sexos	19 Melilla	Menores de 25 años	2022T3	34,56
Ambos sexos	19 Melilla	Menores de 25 años	2022T2	56,90
Ambos sexos	19 Melilla	Menores de 25 años	2022T1	62,56
Ambos sexos	19 Melilla	Menores de 25 años	2021T4	47,70
Ambos sexos	19 Melilla	Menores de 25 años	2021T3	40,76
Ambos sexos	19 Melilla	Menores de 25 años	2021T2	48,81
Ambos sexos	19 Melilla	Menores de 25 años	2021T1	46,98
Ambos sexos	19 Melilla	25 y más años	2023T4	24,29
Ambos sexos	19 Melilla	25 y más años	2023T3	18,30
Ambos sexos	19 Melilla	25 y más años	2023T2	17,65
Ambos sexos	19 Melilla	25 y más años	2023T1	24,05
Ambos sexos	19 Melilla	25 y más años	2022T4	18,04
Ambos sexos	19 Melilla	25 y más años	2022T3	16,45
Ambos sexos	19 Melilla	25 y más años	2022T2	21,05
Ambos sexos	19 Melilla	25 y más años	2022T1	17,64
Ambos sexos	19 Melilla	25 y más años	2021T4	18,08
Ambos sexos	19 Melilla	25 y más años	2021T3	17,91
Ambos sexos	19 Melilla	25 y más años	2021T2	15,05
Ambos sexos	19 Melilla	25 y más años	2021T1	19,46
Ambos sexos	19 Melilla	De 16 a 19 años	2023T4	49,28
Ambos sexos	19 Melilla	De 16 a 19 años	2023T3	100,00
Ambos sexos	19 Melilla	De 16 a 19 años	2023T2	46,88
Ambos sexos	19 Melilla	De 16 a 19 años	2023T1	100,00
Ambos sexos	19 Melilla	De 16 a 19 años	2022T4	..
Ambos sexos	19 Melilla	De 16 a 19 años	2022T3	100,00
Ambos sexos	19 Melilla	De 16 a 19 años	2022T2	100,00
Ambos sexos	19 Melilla	De 16 a 19 años	2022T1	100,00
Ambos sexos	19 Melilla	De 16 a 19 años	2021T4	100,00
Ambos sexos	19 Melilla	De 16 a 19 años	2021T3	..
Ambos sexos	19 Melilla	De 16 a 19 años	2021T2	100,00
Ambos sexos	19 Melilla	De 16 a 19 años	2021T1	100,00
Ambos sexos	19 Melilla	De 20 a 24 años	2023T4	51,85
Ambos sexos	19 Melilla	De 20 a 24 años	2023T3	32,79
Ambos sexos	19 Melilla	De 20 a 24 años	2023T2	33,30
Ambos sexos	19 Melilla	De 20 a 24 años	2023T1	40,84
Ambos sexos	19 Melilla	De 20 a 24 años	2022T4	54,30
Ambos sexos	19 Melilla	De 20 a 24 años	2022T3	31,42
Ambos sexos	19 Melilla	De 20 a 24 años	2022T2	54,72
Ambos sexos	19 Melilla	De 20 a 24 años	2022T1	59,16
Ambos sexos	19 Melilla	De 20 a 24 años	2021T4	43,71
Ambos sexos	19 Melilla	De 20 a 24 años	2021T3	44,48
Ambos sexos	19 Melilla	De 20 a 24 años	2021T2	42,02
Ambos sexos	19 Melilla	De 20 a 24 años	2021T1	32,33
Ambos sexos	19 Melilla	De 25 a 54 años	2023T4	25,55
Ambos sexos	19 Melilla	De 25 a 54 años	2023T3	18,42
Ambos sexos	19 Melilla	De 25 a 54 años	2023T2	18,46
Ambos sexos	19 Melilla	De 25 a 54 años	2023T1	23,91
Ambos sexos	19 Melilla	De 25 a 54 años	2022T4	18,56
Ambos sexos	19 Melilla	De 25 a 54 años	2022T3	17,60
Ambos sexos	19 Melilla	De 25 a 54 años	2022T2	22,61
Ambos sexos	19 Melilla	De 25 a 54 años	2022T1	20,25
Ambos sexos	19 Melilla	De 25 a 54 años	2021T4	20,23
Ambos sexos	19 Melilla	De 25 a 54 años	2021T3	19,36
Ambos sexos	19 Melilla	De 25 a 54 años	2021T2	16,16
Ambos sexos	19 Melilla	De 25 a 54 años	2021T1	20,92
Ambos sexos	19 Melilla	De 55 y más años	2023T4	19,84
Ambos sexos	19 Melilla	De 55 y más años	2023T3	17,88
Ambos sexos	19 Melilla	De 55 y más años	2023T2	14,79
Ambos sexos	19 Melilla	De 55 y más años	2023T1	24,52
Ambos sexos	19 Melilla	De 55 y más años	2022T4	16,04
Ambos sexos	19 Melilla	De 55 y más años	2022T3	12,51
Ambos sexos	19 Melilla	De 55 y más años	2022T2	14,70
Ambos sexos	19 Melilla	De 55 y más años	2022T1	7,20
Ambos sexos	19 Melilla	De 55 y más años	2021T4	7,57
Ambos sexos	19 Melilla	De 55 y más años	2021T3	10,74
Ambos sexos	19 Melilla	De 55 y más años	2021T2	9,83
Ambos sexos	19 Melilla	De 55 y más años	2021T1	11,48
Hombres	Total Nacional	Total	2023T4	10,30
Hombres	Total Nacional	Total	2023T3	10,26
Hombres	Total Nacional	Total	2023T2	10,19
Hombres	Total Nacional	Total	2023T1	11,57
Hombres	Total Nacional	Total	2022T4	11,32
Hombres	Total Nacional	Total	2022T3	10,74
Hombres	Total Nacional	Total	2022T2	10,99
Hombres	Total Nacional	Total	2022T1	12,04
Hombres	Total Nacional	Total	2021T4	11,79
Hombres	Total Nacional	Total	2021T3	12,97
Hombres	Total Nacional	Total	2021T2	13,39
Hombres	Total Nacional	Total	2021T1	14,07
Hombres	Total Nacional	Menores de 25 años	2023T4	29,27
Hombres	Total Nacional	Menores de 25 años	2023T3	28,58
Hombres	Total Nacional	Menores de 25 años	2023T2	27,54
Hombres	Total Nacional	Menores de 25 años	2023T1	28,99
Hombres	Total Nacional	Menores de 25 años	2022T4	28,72
Hombres	Total Nacional	Menores de 25 años	2022T3	29,01
Hombres	Total Nacional	Menores de 25 años	2022T2	27,75
Hombres	Total Nacional	Menores de 25 años	2022T1	30,28
Hombres	Total Nacional	Menores de 25 años	2021T4	30,63
Hombres	Total Nacional	Menores de 25 años	2021T3	31,05
Hombres	Total Nacional	Menores de 25 años	2021T2	37,07
Hombres	Total Nacional	Menores de 25 años	2021T1	38,18
Hombres	Total Nacional	25 y más años	2023T4	8,79
Hombres	Total Nacional	25 y más años	2023T3	8,66
Hombres	Total Nacional	25 y más años	2023T2	8,82
Hombres	Total Nacional	25 y más años	2023T1	10,28
Hombres	Total Nacional	25 y más años	2022T4	10,01
Hombres	Total Nacional	25 y más años	2022T3	9,22
Hombres	Total Nacional	25 y más años	2022T2	9,70
Hombres	Total Nacional	25 y más años	2022T1	10,73
Hombres	Total Nacional	25 y más años	2021T4	10,50
Hombres	Total Nacional	25 y más años	2021T3	11,56
Hombres	Total Nacional	25 y más años	2021T2	11,65
Hombres	Total Nacional	25 y más años	2021T1	12,44
Hombres	Total Nacional	De 16 a 19 años	2023T4	41,51
Hombres	Total Nacional	De 16 a 19 años	2023T3	40,27
Hombres	Total Nacional	De 16 a 19 años	2023T2	43,16
Hombres	Total Nacional	De 16 a 19 años	2023T1	47,63
Hombres	Total Nacional	De 16 a 19 años	2022T4	43,83
Hombres	Total Nacional	De 16 a 19 años	2022T3	45,80
Hombres	Total Nacional	De 16 a 19 años	2022T2	49,37
Hombres	Total Nacional	De 16 a 19 años	2022T1	44,13
Hombres	Total Nacional	De 16 a 19 años	2021T4	49,53
Hombres	Total Nacional	De 16 a 19 años	2021T3	44,13
Hombres	Total Nacional	De 16 a 19 años	2021T2	52,40
Hombres	Total Nacional	De 16 a 19 años	2021T1	55,98
Hombres	Total Nacional	De 20 a 24 años	2023T4	26,65
Hombres	Total Nacional	De 20 a 24 años	2023T3	25,71
Hombres	Total Nacional	De 20 a 24 años	2023T2	24,24
Hombres	Total Nacional	De 20 a 24 años	2023T1	25,27
Hombres	Total Nacional	De 20 a 24 años	2022T4	25,38
Hombres	Total Nacional	De 20 a 24 años	2022T3	25,04
Hombres	Total Nacional	De 20 a 24 años	2022T2	22,88
Hombres	Total Nacional	De 20 a 24 años	2022T1	27,30
Hombres	Total Nacional	De 20 a 24 años	2021T4	26,80
Hombres	Total Nacional	De 20 a 24 años	2021T3	27,96
Hombres	Total Nacional	De 20 a 24 años	2021T2	33,64
Hombres	Total Nacional	De 20 a 24 años	2021T1	35,04
Hombres	Total Nacional	De 25 a 54 años	2023T4	8,64
Hombres	Total Nacional	De 25 a 54 años	2023T3	8,60
Hombres	Total Nacional	De 25 a 54 años	2023T2	8,69
Hombres	Total Nacional	De 25 a 54 años	2023T1	10,26
Hombres	Total Nacional	De 25 a 54 años	2022T4	10,11
Hombres	Total Nacional	De 25 a 54 años	2022T3	9,31
Hombres	Total Nacional	De 25 a 54 años	2022T2	9,49
Hombres	Total Nacional	De 25 a 54 años	2022T1	10,69
Hombres	Total Nacional	De 25 a 54 años	2021T4	10,54
Hombres	Total Nacional	De 25 a 54 años	2021T3	11,45
Hombres	Total Nacional	De 25 a 54 años	2021T2	11,75
Hombres	Total Nacional	De 25 a 54 años	2021T1	12,65
Hombres	Total Nacional	De 55 y más años	2023T4	9,33
Hombres	Total Nacional	De 55 y más años	2023T3	8,90
Hombres	Total Nacional	De 55 y más años	2023T2	9,28
Hombres	Total Nacional	De 55 y más años	2023T1	10,35
Hombres	Total Nacional	De 55 y más años	2022T4	9,65
Hombres	Total Nacional	De 55 y más años	2022T3	8,92
Hombres	Total Nacional	De 55 y más años	2022T2	10,44
Hombres	Total Nacional	De 55 y más años	2022T1	10,89
Hombres	Total Nacional	De 55 y más años	2021T4	10,33
Hombres	Total Nacional	De 55 y más años	2021T3	11,96
Hombres	Total Nacional	De 55 y más años	2021T2	11,31
Hombres	Total Nacional	De 55 y más años	2021T1	11,62
Hombres	01 Andalucía	Total	2023T4	14,92
Hombres	01 Andalucía	Total	2023T3	16,28
Hombres	01 Andalucía	Total	2023T2	15,24
Hombres	01 Andalucía	Total	2023T1	15,28
Hombres	01 Andalucía	Total	2022T4	16,45
Hombres	01 Andalucía	Total	2022T3	15,48
Hombres	01 Andalucía	Total	2022T2	15,60
Hombres	01 Andalucía	Total	2022T1	16,21
Hombres	01 Andalucía	Total	2021T4	17,21
Hombres	01 Andalucía	Total	2021T3	19,42
Hombres	01 Andalucía	Total	2021T2	18,32
Hombres	01 Andalucía	Total	2021T1	19,07
Hombres	01 Andalucía	Menores de 25 años	2023T4	43,28
Hombres	01 Andalucía	Menores de 25 años	2023T3	43,39
Hombres	01 Andalucía	Menores de 25 años	2023T2	36,83
Hombres	01 Andalucía	Menores de 25 años	2023T1	37,54
Hombres	01 Andalucía	Menores de 25 años	2022T4	31,51
Hombres	01 Andalucía	Menores de 25 años	2022T3	29,84
Hombres	01 Andalucía	Menores de 25 años	2022T2	33,87
Hombres	01 Andalucía	Menores de 25 años	2022T1	35,27
Hombres	01 Andalucía	Menores de 25 años	2021T4	38,83
Hombres	01 Andalucía	Menores de 25 años	2021T3	41,65
Hombres	01 Andalucía	Menores de 25 años	2021T2	42,83
Hombres	01 Andalucía	Menores de 25 años	2021T1	48,76
Hombres	01 Andalucía	25 y más años	2023T4	12,61
Hombres	01 Andalucía	25 y más años	2023T3	13,89
Hombres	01 Andalucía	25 y más años	2023T2	13,53
Hombres	01 Andalucía	25 y más años	2023T1	13,71
Hombres	01 Andalucía	25 y más años	2022T4	15,37
Hombres	01 Andalucía	25 y más años	2022T3	14,35
Hombres	01 Andalucía	25 y más años	2022T2	14,21
Hombres	01 Andalucía	25 y más años	2022T1	14,86
Hombres	01 Andalucía	25 y más años	2021T4	15,63
Hombres	01 Andalucía	25 y más años	2021T3	17,53
Hombres	01 Andalucía	25 y más años	2021T2	16,46
Hombres	01 Andalucía	25 y más años	2021T1	17,05
Hombres	01 Andalucía	De 16 a 19 años	2023T4	59,71
Hombres	01 Andalucía	De 16 a 19 años	2023T3	58,69
Hombres	01 Andalucía	De 16 a 19 años	2023T2	57,17
Hombres	01 Andalucía	De 16 a 19 años	2023T1	54,84
Hombres	01 Andalucía	De 16 a 19 años	2022T4	46,68
Hombres	01 Andalucía	De 16 a 19 años	2022T3	50,37
Hombres	01 Andalucía	De 16 a 19 años	2022T2	52,59
Hombres	01 Andalucía	De 16 a 19 años	2022T1	52,85
Hombres	01 Andalucía	De 16 a 19 años	2021T4	62,94
Hombres	01 Andalucía	De 16 a 19 años	2021T3	51,59
Hombres	01 Andalucía	De 16 a 19 años	2021T2	57,32
Hombres	01 Andalucía	De 16 a 19 años	2021T1	57,52
Hombres	01 Andalucía	De 20 a 24 años	2023T4	39,08
Hombres	01 Andalucía	De 20 a 24 años	2023T3	39,41
Hombres	01 Andalucía	De 20 a 24 años	2023T2	31,67
Hombres	01 Andalucía	De 20 a 24 años	2023T1	33,57
Hombres	01 Andalucía	De 20 a 24 años	2022T4	27,70
Hombres	01 Andalucía	De 20 a 24 años	2022T3	25,57
Hombres	01 Andalucía	De 20 a 24 años	2022T2	29,26
Hombres	01 Andalucía	De 20 a 24 años	2022T1	32,01
Hombres	01 Andalucía	De 20 a 24 años	2021T4	34,00
Hombres	01 Andalucía	De 20 a 24 años	2021T3	39,49
Hombres	01 Andalucía	De 20 a 24 años	2021T2	39,80
Hombres	01 Andalucía	De 20 a 24 años	2021T1	47,24
Hombres	01 Andalucía	De 25 a 54 años	2023T4	12,31
Hombres	01 Andalucía	De 25 a 54 años	2023T3	13,40
Hombres	01 Andalucía	De 25 a 54 años	2023T2	13,02
Hombres	01 Andalucía	De 25 a 54 años	2023T1	13,56
Hombres	01 Andalucía	De 25 a 54 años	2022T4	15,14
Hombres	01 Andalucía	De 25 a 54 años	2022T3	14,09
Hombres	01 Andalucía	De 25 a 54 años	2022T2	13,99
Hombres	01 Andalucía	De 25 a 54 años	2022T1	14,76
Hombres	01 Andalucía	De 25 a 54 años	2021T4	15,45
Hombres	01 Andalucía	De 25 a 54 años	2021T3	16,97
Hombres	01 Andalucía	De 25 a 54 años	2021T2	16,38
Hombres	01 Andalucía	De 25 a 54 años	2021T1	17,22
Hombres	01 Andalucía	De 55 y más años	2023T4	13,70
Hombres	01 Andalucía	De 55 y más años	2023T3	15,62
Hombres	01 Andalucía	De 55 y más años	2023T2	15,41
Hombres	01 Andalucía	De 55 y más años	2023T1	14,28
Hombres	01 Andalucía	De 55 y más años	2022T4	16,25
Hombres	01 Andalucía	De 55 y más años	2022T3	15,31
Hombres	01 Andalucía	De 55 y más años	2022T2	15,00
Hombres	01 Andalucía	De 55 y más años	2022T1	15,21
Hombres	01 Andalucía	De 55 y más años	2021T4	16,29
Hombres	01 Andalucía	De 55 y más años	2021T3	19,65
Hombres	01 Andalucía	De 55 y más años	2021T2	16,75
Hombres	01 Andalucía	De 55 y más años	2021T1	16,37
Hombres	02 Aragón	Total	2023T4	5,84
Hombres	02 Aragón	Total	2023T3	6,42
Hombres	02 Aragón	Total	2023T2	5,74
Hombres	02 Aragón	Total	2023T1	6,68
Hombres	02 Aragón	Total	2022T4	7,48
Hombres	02 Aragón	Total	2022T3	7,18
Hombres	02 Aragón	Total	2022T2	7,25
Hombres	02 Aragón	Total	2022T1	8,57
Hombres	02 Aragón	Total	2021T4	8,17
Hombres	02 Aragón	Total	2021T3	7,91
Hombres	02 Aragón	Total	2021T2	7,95
Hombres	02 Aragón	Total	2021T1	9,93
Hombres	02 Aragón	Menores de 25 años	2023T4	15,92
Hombres	02 Aragón	Menores de 25 años	2023T3	19,36
Hombres	02 Aragón	Menores de 25 años	2023T2	17,00
Hombres	02 Aragón	Menores de 25 años	2023T1	16,56
Hombres	02 Aragón	Menores de 25 años	2022T4	19,72
Hombres	02 Aragón	Menores de 25 años	2022T3	22,90
Hombres	02 Aragón	Menores de 25 años	2022T2	18,80
Hombres	02 Aragón	Menores de 25 años	2022T1	16,57
Hombres	02 Aragón	Menores de 25 años	2021T4	18,48
Hombres	02 Aragón	Menores de 25 años	2021T3	24,13
Hombres	02 Aragón	Menores de 25 años	2021T2	13,38
Hombres	02 Aragón	Menores de 25 años	2021T1	28,80
Hombres	02 Aragón	25 y más años	2023T4	5,08
Hombres	02 Aragón	25 y más años	2023T3	5,34
Hombres	02 Aragón	25 y más años	2023T2	4,85
Hombres	02 Aragón	25 y más años	2023T1	5,98
Hombres	02 Aragón	25 y más años	2022T4	6,53
Hombres	02 Aragón	25 y más años	2022T3	5,83
Hombres	02 Aragón	25 y más años	2022T2	6,40
Hombres	02 Aragón	25 y más años	2022T1	7,89
Hombres	02 Aragón	25 y más años	2021T4	7,35
Hombres	02 Aragón	25 y más años	2021T3	6,67
Hombres	02 Aragón	25 y más años	2021T2	7,56
Hombres	02 Aragón	25 y más años	2021T1	8,49
Hombres	02 Aragón	De 16 a 19 años	2023T4	21,01
Hombres	02 Aragón	De 16 a 19 años	2023T3	39,95
Hombres	02 Aragón	De 16 a 19 años	2023T2	29,37
Hombres	02 Aragón	De 16 a 19 años	2023T1	27,65
Hombres	02 Aragón	De 16 a 19 años	2022T4	28,89
Hombres	02 Aragón	De 16 a 19 años	2022T3	33,56
Hombres	02 Aragón	De 16 a 19 años	2022T2	16,99
Hombres	02 Aragón	De 16 a 19 años	2022T1	14,25
Hombres	02 Aragón	De 16 a 19 años	2021T4	25,67
Hombres	02 Aragón	De 16 a 19 años	2021T3	37,05
Hombres	02 Aragón	De 16 a 19 años	2021T2	13,60
Hombres	02 Aragón	De 16 a 19 años	2021T1	39,96
Hombres	02 Aragón	De 20 a 24 años	2023T4	15,22
Hombres	02 Aragón	De 20 a 24 años	2023T3	15,38
Hombres	02 Aragón	De 20 a 24 años	2023T2	15,20
Hombres	02 Aragón	De 20 a 24 años	2023T1	14,05
Hombres	02 Aragón	De 20 a 24 años	2022T4	17,02
Hombres	02 Aragón	De 20 a 24 años	2022T3	19,31
Hombres	02 Aragón	De 20 a 24 años	2022T2	19,36
Hombres	02 Aragón	De 20 a 24 años	2022T1	17,25
Hombres	02 Aragón	De 20 a 24 años	2021T4	16,75
Hombres	02 Aragón	De 20 a 24 años	2021T3	20,61
Hombres	02 Aragón	De 20 a 24 años	2021T2	13,31
Hombres	02 Aragón	De 20 a 24 años	2021T1	26,69
Hombres	02 Aragón	De 25 a 54 años	2023T4	5,04
Hombres	02 Aragón	De 25 a 54 años	2023T3	5,30
Hombres	02 Aragón	De 25 a 54 años	2023T2	5,18
Hombres	02 Aragón	De 25 a 54 años	2023T1	6,69
Hombres	02 Aragón	De 25 a 54 años	2022T4	6,50
Hombres	02 Aragón	De 25 a 54 años	2022T3	5,74
Hombres	02 Aragón	De 25 a 54 años	2022T2	5,82
Hombres	02 Aragón	De 25 a 54 años	2022T1	8,17
Hombres	02 Aragón	De 25 a 54 años	2021T4	7,04
Hombres	02 Aragón	De 25 a 54 años	2021T3	6,89
Hombres	02 Aragón	De 25 a 54 años	2021T2	7,70
Hombres	02 Aragón	De 25 a 54 años	2021T1	8,38
Hombres	02 Aragón	De 55 y más años	2023T4	5,19
Hombres	02 Aragón	De 55 y más años	2023T3	5,49
Hombres	02 Aragón	De 55 y más años	2023T2	3,77
Hombres	02 Aragón	De 55 y más años	2023T1	3,58
Hombres	02 Aragón	De 55 y más años	2022T4	6,62
Hombres	02 Aragón	De 55 y más años	2022T3	6,16
Hombres	02 Aragón	De 55 y más años	2022T2	8,46
Hombres	02 Aragón	De 55 y más años	2022T1	6,93
Hombres	02 Aragón	De 55 y más años	2021T4	8,50
Hombres	02 Aragón	De 55 y más años	2021T3	5,87
Hombres	02 Aragón	De 55 y más años	2021T2	7,08
Hombres	02 Aragón	De 55 y más años	2021T1	8,86
Hombres	03 Asturias, Principado de	Total	2023T4	11,40
Hombres	03 Asturias, Principado de	Total	2023T3	11,48
Hombres	03 Asturias, Principado de	Total	2023T2	9,26
Hombres	03 Asturias, Principado de	Total	2023T1	12,47
Hombres	03 Asturias, Principado de	Total	2022T4	14,39
Hombres	03 Asturias, Principado de	Total	2022T3	12,02
Hombres	03 Asturias, Principado de	Total	2022T2	10,98
Hombres	03 Asturias, Principado de	Total	2022T1	9,65
Hombres	03 Asturias, Principado de	Total	2021T4	9,67
Hombres	03 Asturias, Principado de	Total	2021T3	11,43
Hombres	03 Asturias, Principado de	Total	2021T2	12,02
Hombres	03 Asturias, Principado de	Total	2021T1	12,49
Hombres	03 Asturias, Principado de	Menores de 25 años	2023T4	33,37
Hombres	03 Asturias, Principado de	Menores de 25 años	2023T3	32,38
Hombres	03 Asturias, Principado de	Menores de 25 años	2023T2	24,37
Hombres	03 Asturias, Principado de	Menores de 25 años	2023T1	38,82
Hombres	03 Asturias, Principado de	Menores de 25 años	2022T4	56,40
Hombres	03 Asturias, Principado de	Menores de 25 años	2022T3	46,75
Hombres	03 Asturias, Principado de	Menores de 25 años	2022T2	32,48
Hombres	03 Asturias, Principado de	Menores de 25 años	2022T1	19,25
Hombres	03 Asturias, Principado de	Menores de 25 años	2021T4	11,19
Hombres	03 Asturias, Principado de	Menores de 25 años	2021T3	24,82
Hombres	03 Asturias, Principado de	Menores de 25 años	2021T2	27,30
Hombres	03 Asturias, Principado de	Menores de 25 años	2021T1	36,23
Hombres	03 Asturias, Principado de	25 y más años	2023T4	10,44
Hombres	03 Asturias, Principado de	25 y más años	2023T3	9,99
Hombres	03 Asturias, Principado de	25 y más años	2023T2	8,41
Hombres	03 Asturias, Principado de	25 y más años	2023T1	11,24
Hombres	03 Asturias, Principado de	25 y más años	2022T4	11,72
Hombres	03 Asturias, Principado de	25 y más años	2022T3	10,34
Hombres	03 Asturias, Principado de	25 y más años	2022T2	10,04
Hombres	03 Asturias, Principado de	25 y más años	2022T1	9,27
Hombres	03 Asturias, Principado de	25 y más años	2021T4	9,61
Hombres	03 Asturias, Principado de	25 y más años	2021T3	10,70
Hombres	03 Asturias, Principado de	25 y más años	2021T2	11,33
Hombres	03 Asturias, Principado de	25 y más años	2021T1	11,61
Hombres	03 Asturias, Principado de	De 16 a 19 años	2023T4	85,51
Hombres	03 Asturias, Principado de	De 16 a 19 años	2023T3	66,73
Hombres	03 Asturias, Principado de	De 16 a 19 años	2023T2	78,83
Hombres	03 Asturias, Principado de	De 16 a 19 años	2023T1	65,45
Hombres	03 Asturias, Principado de	De 16 a 19 años	2022T4	82,44
Hombres	03 Asturias, Principado de	De 16 a 19 años	2022T3	86,31
Hombres	03 Asturias, Principado de	De 16 a 19 años	2022T2	74,08
Hombres	03 Asturias, Principado de	De 16 a 19 años	2022T1	100,00
Hombres	03 Asturias, Principado de	De 16 a 19 años	2021T4	71,68
Hombres	03 Asturias, Principado de	De 16 a 19 años	2021T3	17,12
Hombres	03 Asturias, Principado de	De 16 a 19 años	2021T2	39,07
Hombres	03 Asturias, Principado de	De 16 a 19 años	2021T1	31,57
Hombres	03 Asturias, Principado de	De 20 a 24 años	2023T4	24,60
Hombres	03 Asturias, Principado de	De 20 a 24 años	2023T3	25,58
Hombres	03 Asturias, Principado de	De 20 a 24 años	2023T2	19,36
Hombres	03 Asturias, Principado de	De 20 a 24 años	2023T1	34,92
Hombres	03 Asturias, Principado de	De 20 a 24 años	2022T4	51,49
Hombres	03 Asturias, Principado de	De 20 a 24 años	2022T3	41,16
Hombres	03 Asturias, Principado de	De 20 a 24 años	2022T2	29,37
Hombres	03 Asturias, Principado de	De 20 a 24 años	2022T1	16,42
Hombres	03 Asturias, Principado de	De 20 a 24 años	2021T4	8,22
Hombres	03 Asturias, Principado de	De 20 a 24 años	2021T3	25,85
Hombres	03 Asturias, Principado de	De 20 a 24 años	2021T2	25,56
Hombres	03 Asturias, Principado de	De 20 a 24 años	2021T1	36,65
Hombres	03 Asturias, Principado de	De 25 a 54 años	2023T4	10,59
Hombres	03 Asturias, Principado de	De 25 a 54 años	2023T3	10,25
Hombres	03 Asturias, Principado de	De 25 a 54 años	2023T2	9,16
Hombres	03 Asturias, Principado de	De 25 a 54 años	2023T1	11,81
Hombres	03 Asturias, Principado de	De 25 a 54 años	2022T4	11,71
Hombres	03 Asturias, Principado de	De 25 a 54 años	2022T3	10,68
Hombres	03 Asturias, Principado de	De 25 a 54 años	2022T2	10,40
Hombres	03 Asturias, Principado de	De 25 a 54 años	2022T1	10,14
Hombres	03 Asturias, Principado de	De 25 a 54 años	2021T4	9,28
Hombres	03 Asturias, Principado de	De 25 a 54 años	2021T3	11,67
Hombres	03 Asturias, Principado de	De 25 a 54 años	2021T2	11,53
Hombres	03 Asturias, Principado de	De 25 a 54 años	2021T1	12,45
Hombres	03 Asturias, Principado de	De 55 y más años	2023T4	9,95
Hombres	03 Asturias, Principado de	De 55 y más años	2023T3	9,12
Hombres	03 Asturias, Principado de	De 55 y más años	2023T2	5,96
Hombres	03 Asturias, Principado de	De 55 y más años	2023T1	9,35
Hombres	03 Asturias, Principado de	De 55 y más años	2022T4	11,76
Hombres	03 Asturias, Principado de	De 55 y más años	2022T3	9,22
Hombres	03 Asturias, Principado de	De 55 y más años	2022T2	8,89
Hombres	03 Asturias, Principado de	De 55 y más años	2022T1	6,23
Hombres	03 Asturias, Principado de	De 55 y más años	2021T4	10,76
Hombres	03 Asturias, Principado de	De 55 y más años	2021T3	7,27
Hombres	03 Asturias, Principado de	De 55 y más años	2021T2	10,60
Hombres	03 Asturias, Principado de	De 55 y más años	2021T1	8,67
Hombres	04 Balears, Illes	Total	2023T4	10,99
Hombres	04 Balears, Illes	Total	2023T3	5,60
Hombres	04 Balears, Illes	Total	2023T2	6,96
Hombres	04 Balears, Illes	Total	2023T1	17,18
Hombres	04 Balears, Illes	Total	2022T4	10,23
Hombres	04 Balears, Illes	Total	2022T3	5,21
Hombres	04 Balears, Illes	Total	2022T2	8,00
Hombres	04 Balears, Illes	Total	2022T1	16,38
Hombres	04 Balears, Illes	Total	2021T4	14,19
Hombres	04 Balears, Illes	Total	2021T3	9,78
Hombres	04 Balears, Illes	Total	2021T2	13,86
Hombres	04 Balears, Illes	Total	2021T1	16,91
Hombres	04 Balears, Illes	Menores de 25 años	2023T4	27,09
Hombres	04 Balears, Illes	Menores de 25 años	2023T3	11,92
Hombres	04 Balears, Illes	Menores de 25 años	2023T2	21,34
Hombres	04 Balears, Illes	Menores de 25 años	2023T1	32,45
Hombres	04 Balears, Illes	Menores de 25 años	2022T4	28,77
Hombres	04 Balears, Illes	Menores de 25 años	2022T3	20,58
Hombres	04 Balears, Illes	Menores de 25 años	2022T2	19,50
Hombres	04 Balears, Illes	Menores de 25 años	2022T1	42,29
Hombres	04 Balears, Illes	Menores de 25 años	2021T4	32,68
Hombres	04 Balears, Illes	Menores de 25 años	2021T3	20,02
Hombres	04 Balears, Illes	Menores de 25 años	2021T2	34,50
Hombres	04 Balears, Illes	Menores de 25 años	2021T1	45,30
Hombres	04 Balears, Illes	25 y más años	2023T4	9,60
Hombres	04 Balears, Illes	25 y más años	2023T3	5,01
Hombres	04 Balears, Illes	25 y más años	2023T2	5,89
Hombres	04 Balears, Illes	25 y más años	2023T1	16,11
Hombres	04 Balears, Illes	25 y más años	2022T4	8,83
Hombres	04 Balears, Illes	25 y más años	2022T3	3,72
Hombres	04 Balears, Illes	25 y más años	2022T2	7,10
Hombres	04 Balears, Illes	25 y más años	2022T1	14,63
Hombres	04 Balears, Illes	25 y más años	2021T4	13,23
Hombres	04 Balears, Illes	25 y más años	2021T3	8,90
Hombres	04 Balears, Illes	25 y más años	2021T2	12,42
Hombres	04 Balears, Illes	25 y más años	2021T1	15,25
Hombres	04 Balears, Illes	De 16 a 19 años	2023T4	36,11
Hombres	04 Balears, Illes	De 16 a 19 años	2023T3	9,79
Hombres	04 Balears, Illes	De 16 a 19 años	2023T2	37,66
Hombres	04 Balears, Illes	De 16 a 19 años	2023T1	53,94
Hombres	04 Balears, Illes	De 16 a 19 años	2022T4	16,60
Hombres	04 Balears, Illes	De 16 a 19 años	2022T3	48,24
Hombres	04 Balears, Illes	De 16 a 19 años	2022T2	20,26
Hombres	04 Balears, Illes	De 16 a 19 años	2022T1	65,11
Hombres	04 Balears, Illes	De 16 a 19 años	2021T4	69,41
Hombres	04 Balears, Illes	De 16 a 19 años	2021T3	22,84
Hombres	04 Balears, Illes	De 16 a 19 años	2021T2	50,12
Hombres	04 Balears, Illes	De 16 a 19 años	2021T1	35,50
Hombres	04 Balears, Illes	De 20 a 24 años	2023T4	24,46
Hombres	04 Balears, Illes	De 20 a 24 años	2023T3	12,65
Hombres	04 Balears, Illes	De 20 a 24 años	2023T2	14,54
Hombres	04 Balears, Illes	De 20 a 24 años	2023T1	27,76
Hombres	04 Balears, Illes	De 20 a 24 años	2022T4	31,98
Hombres	04 Balears, Illes	De 20 a 24 años	2022T3	12,99
Hombres	04 Balears, Illes	De 20 a 24 años	2022T2	19,42
Hombres	04 Balears, Illes	De 20 a 24 años	2022T1	38,23
Hombres	04 Balears, Illes	De 20 a 24 años	2021T4	24,33
Hombres	04 Balears, Illes	De 20 a 24 años	2021T3	19,10
Hombres	04 Balears, Illes	De 20 a 24 años	2021T2	30,14
Hombres	04 Balears, Illes	De 20 a 24 años	2021T1	47,32
Hombres	04 Balears, Illes	De 25 a 54 años	2023T4	9,51
Hombres	04 Balears, Illes	De 25 a 54 años	2023T3	4,83
Hombres	04 Balears, Illes	De 25 a 54 años	2023T2	6,04
Hombres	04 Balears, Illes	De 25 a 54 años	2023T1	15,51
Hombres	04 Balears, Illes	De 25 a 54 años	2022T4	8,74
Hombres	04 Balears, Illes	De 25 a 54 años	2022T3	3,92
Hombres	04 Balears, Illes	De 25 a 54 años	2022T2	7,74
Hombres	04 Balears, Illes	De 25 a 54 años	2022T1	15,60
Hombres	04 Balears, Illes	De 25 a 54 años	2021T4	14,47
Hombres	04 Balears, Illes	De 25 a 54 años	2021T3	9,10
Hombres	04 Balears, Illes	De 25 a 54 años	2021T2	13,34
Hombres	04 Balears, Illes	De 25 a 54 años	2021T1	17,30
Hombres	04 Balears, Illes	De 55 y más años	2023T4	9,91
Hombres	04 Balears, Illes	De 55 y más años	2023T3	5,70
Hombres	04 Balears, Illes	De 55 y más años	2023T2	5,33
Hombres	04 Balears, Illes	De 55 y más años	2023T1	18,33
Hombres	04 Balears, Illes	De 55 y más años	2022T4	9,16
Hombres	04 Balears, Illes	De 55 y más años	2022T3	2,96
Hombres	04 Balears, Illes	De 55 y más años	2022T2	4,58
Hombres	04 Balears, Illes	De 55 y más años	2022T1	10,94
Hombres	04 Balears, Illes	De 55 y más años	2021T4	8,46
Hombres	04 Balears, Illes	De 55 y más años	2021T3	8,15
Hombres	04 Balears, Illes	De 55 y más años	2021T2	8,48
Hombres	04 Balears, Illes	De 55 y más años	2021T1	6,24
Hombres	05 Canarias	Total	2023T4	14,27
Hombres	05 Canarias	Total	2023T3	13,21
Hombres	05 Canarias	Total	2023T2	13,04
Hombres	05 Canarias	Total	2023T1	15,89
Hombres	05 Canarias	Total	2022T4	12,88
Hombres	05 Canarias	Total	2022T3	15,25
Hombres	05 Canarias	Total	2022T2	17,78
Hombres	05 Canarias	Total	2022T1	19,39
Hombres	05 Canarias	Total	2021T4	17,77
Hombres	05 Canarias	Total	2021T3	22,16
Hombres	05 Canarias	Total	2021T2	24,09
Hombres	05 Canarias	Total	2021T1	25,01
Hombres	05 Canarias	Menores de 25 años	2023T4	29,53
Hombres	05 Canarias	Menores de 25 años	2023T3	36,79
Hombres	05 Canarias	Menores de 25 años	2023T2	31,04
Hombres	05 Canarias	Menores de 25 años	2023T1	37,33
Hombres	05 Canarias	Menores de 25 años	2022T4	31,00
Hombres	05 Canarias	Menores de 25 años	2022T3	47,37
Hombres	05 Canarias	Menores de 25 años	2022T2	39,16
Hombres	05 Canarias	Menores de 25 años	2022T1	58,93
Hombres	05 Canarias	Menores de 25 años	2021T4	55,80
Hombres	05 Canarias	Menores de 25 años	2021T3	55,97
Hombres	05 Canarias	Menores de 25 años	2021T2	57,02
Hombres	05 Canarias	Menores de 25 años	2021T1	59,10
Hombres	05 Canarias	25 y más años	2023T4	13,13
Hombres	05 Canarias	25 y más años	2023T3	11,22
Hombres	05 Canarias	25 y más años	2023T2	11,70
Hombres	05 Canarias	25 y más años	2023T1	14,33
Hombres	05 Canarias	25 y más años	2022T4	11,48
Hombres	05 Canarias	25 y más años	2022T3	13,12
Hombres	05 Canarias	25 y más años	2022T2	16,48
Hombres	05 Canarias	25 y más años	2022T1	17,28
Hombres	05 Canarias	25 y más años	2021T4	15,66
Hombres	05 Canarias	25 y más años	2021T3	19,82
Hombres	05 Canarias	25 y más años	2021T2	22,14
Hombres	05 Canarias	25 y más años	2021T1	23,12
Hombres	05 Canarias	De 16 a 19 años	2023T4	22,97
Hombres	05 Canarias	De 16 a 19 años	2023T3	31,97
Hombres	05 Canarias	De 16 a 19 años	2023T2	15,35
Hombres	05 Canarias	De 16 a 19 años	2023T1	33,66
Hombres	05 Canarias	De 16 a 19 años	2022T4	30,43
Hombres	05 Canarias	De 16 a 19 años	2022T3	64,43
Hombres	05 Canarias	De 16 a 19 años	2022T2	62,49
Hombres	05 Canarias	De 16 a 19 años	2022T1	63,03
Hombres	05 Canarias	De 16 a 19 años	2021T4	44,91
Hombres	05 Canarias	De 16 a 19 años	2021T3	77,86
Hombres	05 Canarias	De 16 a 19 años	2021T2	64,21
Hombres	05 Canarias	De 16 a 19 años	2021T1	86,94
Hombres	05 Canarias	De 20 a 24 años	2023T4	30,98
Hombres	05 Canarias	De 20 a 24 años	2023T3	37,83
Hombres	05 Canarias	De 20 a 24 años	2023T2	33,10
Hombres	05 Canarias	De 20 a 24 años	2023T1	38,12
Hombres	05 Canarias	De 20 a 24 años	2022T4	31,13
Hombres	05 Canarias	De 20 a 24 años	2022T3	44,76
Hombres	05 Canarias	De 20 a 24 años	2022T2	34,90
Hombres	05 Canarias	De 20 a 24 años	2022T1	58,47
Hombres	05 Canarias	De 20 a 24 años	2021T4	57,62
Hombres	05 Canarias	De 20 a 24 años	2021T3	50,75
Hombres	05 Canarias	De 20 a 24 años	2021T2	54,73
Hombres	05 Canarias	De 20 a 24 años	2021T1	53,71
Hombres	05 Canarias	De 25 a 54 años	2023T4	13,27
Hombres	05 Canarias	De 25 a 54 años	2023T3	11,59
Hombres	05 Canarias	De 25 a 54 años	2023T2	11,88
Hombres	05 Canarias	De 25 a 54 años	2023T1	13,88
Hombres	05 Canarias	De 25 a 54 años	2022T4	10,67
Hombres	05 Canarias	De 25 a 54 años	2022T3	13,51
Hombres	05 Canarias	De 25 a 54 años	2022T2	16,22
Hombres	05 Canarias	De 25 a 54 años	2022T1	16,63
Hombres	05 Canarias	De 25 a 54 años	2021T4	14,70
Hombres	05 Canarias	De 25 a 54 años	2021T3	18,67
Hombres	05 Canarias	De 25 a 54 años	2021T2	21,71
Hombres	05 Canarias	De 25 a 54 años	2021T1	22,35
Hombres	05 Canarias	De 55 y más años	2023T4	12,61
Hombres	05 Canarias	De 55 y más años	2023T3	9,95
Hombres	05 Canarias	De 55 y más años	2023T2	11,08
Hombres	05 Canarias	De 55 y más años	2023T1	15,97
Hombres	05 Canarias	De 55 y más años	2022T4	14,44
Hombres	05 Canarias	De 55 y más años	2022T3	11,67
Hombres	05 Canarias	De 55 y más años	2022T2	17,43
Hombres	05 Canarias	De 55 y más años	2022T1	19,76
Hombres	05 Canarias	De 55 y más años	2021T4	19,33
Hombres	05 Canarias	De 55 y más años	2021T3	24,20
Hombres	05 Canarias	De 55 y más años	2021T2	23,97
Hombres	05 Canarias	De 55 y más años	2021T1	26,42
Hombres	06 Cantabria	Total	2023T4	6,21
Hombres	06 Cantabria	Total	2023T3	6,15
Hombres	06 Cantabria	Total	2023T2	6,10
Hombres	06 Cantabria	Total	2023T1	7,10
Hombres	06 Cantabria	Total	2022T4	8,11
Hombres	06 Cantabria	Total	2022T3	7,12
Hombres	06 Cantabria	Total	2022T2	6,98
Hombres	06 Cantabria	Total	2022T1	8,58
Hombres	06 Cantabria	Total	2021T4	10,40
Hombres	06 Cantabria	Total	2021T3	9,17
Hombres	06 Cantabria	Total	2021T2	9,88
Hombres	06 Cantabria	Total	2021T1	10,94
Hombres	06 Cantabria	Menores de 25 años	2023T4	21,04
Hombres	06 Cantabria	Menores de 25 años	2023T3	18,89
Hombres	06 Cantabria	Menores de 25 años	2023T2	19,43
Hombres	06 Cantabria	Menores de 25 años	2023T1	23,66
Hombres	06 Cantabria	Menores de 25 años	2022T4	17,36
Hombres	06 Cantabria	Menores de 25 años	2022T3	24,18
Hombres	06 Cantabria	Menores de 25 años	2022T2	28,19
Hombres	06 Cantabria	Menores de 25 años	2022T1	25,54
Hombres	06 Cantabria	Menores de 25 años	2021T4	30,81
Hombres	06 Cantabria	Menores de 25 años	2021T3	24,84
Hombres	06 Cantabria	Menores de 25 años	2021T2	37,27
Hombres	06 Cantabria	Menores de 25 años	2021T1	35,35
Hombres	06 Cantabria	25 y más años	2023T4	5,63
Hombres	06 Cantabria	25 y más años	2023T3	5,24
Hombres	06 Cantabria	25 y más años	2023T2	5,42
Hombres	06 Cantabria	25 y más años	2023T1	6,30
Hombres	06 Cantabria	25 y más años	2022T4	7,71
Hombres	06 Cantabria	25 y más años	2022T3	6,15
Hombres	06 Cantabria	25 y más años	2022T2	5,72
Hombres	06 Cantabria	25 y más años	2022T1	7,78
Hombres	06 Cantabria	25 y más años	2021T4	9,43
Hombres	06 Cantabria	25 y más años	2021T3	8,22
Hombres	06 Cantabria	25 y más años	2021T2	8,65
Hombres	06 Cantabria	25 y más años	2021T1	10,10
Hombres	06 Cantabria	De 16 a 19 años	2023T4	..
Hombres	06 Cantabria	De 16 a 19 años	2023T3	22,06
Hombres	06 Cantabria	De 16 a 19 años	2023T2	26,22
Hombres	06 Cantabria	De 16 a 19 años	2023T1	36,40
Hombres	06 Cantabria	De 16 a 19 años	2022T4	16,59
Hombres	06 Cantabria	De 16 a 19 años	2022T3	19,73
Hombres	06 Cantabria	De 16 a 19 años	2022T2	57,34
Hombres	06 Cantabria	De 16 a 19 años	2022T1	71,46
Hombres	06 Cantabria	De 16 a 19 años	2021T4	73,93
Hombres	06 Cantabria	De 16 a 19 años	2021T3	46,36
Hombres	06 Cantabria	De 16 a 19 años	2021T2	33,51
Hombres	06 Cantabria	De 16 a 19 años	2021T1	..
Hombres	06 Cantabria	De 20 a 24 años	2023T4	23,21
Hombres	06 Cantabria	De 20 a 24 años	2023T3	18,05
Hombres	06 Cantabria	De 20 a 24 años	2023T2	18,15
Hombres	06 Cantabria	De 20 a 24 años	2023T1	22,02
Hombres	06 Cantabria	De 20 a 24 años	2022T4	17,46
Hombres	06 Cantabria	De 20 a 24 años	2022T3	24,73
Hombres	06 Cantabria	De 20 a 24 años	2022T2	24,37
Hombres	06 Cantabria	De 20 a 24 años	2022T1	17,06
Hombres	06 Cantabria	De 20 a 24 años	2021T4	28,30
Hombres	06 Cantabria	De 20 a 24 años	2021T3	19,89
Hombres	06 Cantabria	De 20 a 24 años	2021T2	37,60
Hombres	06 Cantabria	De 20 a 24 años	2021T1	38,57
Hombres	06 Cantabria	De 25 a 54 años	2023T4	6,15
Hombres	06 Cantabria	De 25 a 54 años	2023T3	5,08
Hombres	06 Cantabria	De 25 a 54 años	2023T2	5,40
Hombres	06 Cantabria	De 25 a 54 años	2023T1	5,49
Hombres	06 Cantabria	De 25 a 54 años	2022T4	7,60
Hombres	06 Cantabria	De 25 a 54 años	2022T3	6,39
Hombres	06 Cantabria	De 25 a 54 años	2022T2	4,88
Hombres	06 Cantabria	De 25 a 54 años	2022T1	7,90
Hombres	06 Cantabria	De 25 a 54 años	2021T4	9,80
Hombres	06 Cantabria	De 25 a 54 años	2021T3	8,51
Hombres	06 Cantabria	De 25 a 54 años	2021T2	9,65
Hombres	06 Cantabria	De 25 a 54 años	2021T1	10,21
Hombres	06 Cantabria	De 55 y más años	2023T4	3,99
Hombres	06 Cantabria	De 55 y más años	2023T3	5,71
Hombres	06 Cantabria	De 55 y más años	2023T2	5,45
Hombres	06 Cantabria	De 55 y más años	2023T1	8,81
Hombres	06 Cantabria	De 55 y más años	2022T4	8,05
Hombres	06 Cantabria	De 55 y más años	2022T3	5,38
Hombres	06 Cantabria	De 55 y más años	2022T2	8,50
Hombres	06 Cantabria	De 55 y más años	2022T1	7,36
Hombres	06 Cantabria	De 55 y más años	2021T4	8,26
Hombres	06 Cantabria	De 55 y más años	2021T3	7,28
Hombres	06 Cantabria	De 55 y más años	2021T2	5,29
Hombres	06 Cantabria	De 55 y más años	2021T1	9,73
Hombres	07 Castilla y León	Total	2023T4	7,68
Hombres	07 Castilla y León	Total	2023T3	8,03
Hombres	07 Castilla y León	Total	2023T2	7,91
Hombres	07 Castilla y León	Total	2023T1	8,38
Hombres	07 Castilla y León	Total	2022T4	7,79
Hombres	07 Castilla y León	Total	2022T3	7,21
Hombres	07 Castilla y León	Total	2022T2	9,03
Hombres	07 Castilla y León	Total	2022T1	9,45
Hombres	07 Castilla y León	Total	2021T4	8,86
Hombres	07 Castilla y León	Total	2021T3	7,72
Hombres	07 Castilla y León	Total	2021T2	10,35
Hombres	07 Castilla y León	Total	2021T1	10,82
Hombres	07 Castilla y León	Menores de 25 años	2023T4	25,03
Hombres	07 Castilla y León	Menores de 25 años	2023T3	23,95
Hombres	07 Castilla y León	Menores de 25 años	2023T2	28,07
Hombres	07 Castilla y León	Menores de 25 años	2023T1	25,07
Hombres	07 Castilla y León	Menores de 25 años	2022T4	24,22
Hombres	07 Castilla y León	Menores de 25 años	2022T3	20,53
Hombres	07 Castilla y León	Menores de 25 años	2022T2	36,30
Hombres	07 Castilla y León	Menores de 25 años	2022T1	25,81
Hombres	07 Castilla y León	Menores de 25 años	2021T4	27,90
Hombres	07 Castilla y León	Menores de 25 años	2021T3	27,88
Hombres	07 Castilla y León	Menores de 25 años	2021T2	30,57
Hombres	07 Castilla y León	Menores de 25 años	2021T1	27,69
Hombres	07 Castilla y León	25 y más años	2023T4	6,71
Hombres	07 Castilla y León	25 y más años	2023T3	6,94
Hombres	07 Castilla y León	25 y más años	2023T2	6,69
Hombres	07 Castilla y León	25 y más años	2023T1	7,57
Hombres	07 Castilla y León	25 y más años	2022T4	6,85
Hombres	07 Castilla y León	25 y más años	2022T3	6,33
Hombres	07 Castilla y León	25 y más años	2022T2	7,32
Hombres	07 Castilla y León	25 y más años	2022T1	8,50
Hombres	07 Castilla y León	25 y más años	2021T4	7,79
Hombres	07 Castilla y León	25 y más años	2021T3	6,43
Hombres	07 Castilla y León	25 y más años	2021T2	9,17
Hombres	07 Castilla y León	25 y más años	2021T1	9,97
Hombres	07 Castilla y León	De 16 a 19 años	2023T4	22,04
Hombres	07 Castilla y León	De 16 a 19 años	2023T3	36,82
Hombres	07 Castilla y León	De 16 a 19 años	2023T2	39,63
Hombres	07 Castilla y León	De 16 a 19 años	2023T1	38,54
Hombres	07 Castilla y León	De 16 a 19 años	2022T4	41,08
Hombres	07 Castilla y León	De 16 a 19 años	2022T3	30,08
Hombres	07 Castilla y León	De 16 a 19 años	2022T2	71,46
Hombres	07 Castilla y León	De 16 a 19 años	2022T1	39,60
Hombres	07 Castilla y León	De 16 a 19 años	2021T4	39,45
Hombres	07 Castilla y León	De 16 a 19 años	2021T3	37,06
Hombres	07 Castilla y León	De 16 a 19 años	2021T2	51,99
Hombres	07 Castilla y León	De 16 a 19 años	2021T1	51,30
Hombres	07 Castilla y León	De 20 a 24 años	2023T4	25,44
Hombres	07 Castilla y León	De 20 a 24 años	2023T3	20,79
Hombres	07 Castilla y León	De 20 a 24 años	2023T2	25,79
Hombres	07 Castilla y León	De 20 a 24 años	2023T1	23,09
Hombres	07 Castilla y León	De 20 a 24 años	2022T4	20,64
Hombres	07 Castilla y León	De 20 a 24 años	2022T3	17,90
Hombres	07 Castilla y León	De 20 a 24 años	2022T2	29,25
Hombres	07 Castilla y León	De 20 a 24 años	2022T1	23,13
Hombres	07 Castilla y León	De 20 a 24 años	2021T4	26,08
Hombres	07 Castilla y León	De 20 a 24 años	2021T3	26,15
Hombres	07 Castilla y León	De 20 a 24 años	2021T2	26,41
Hombres	07 Castilla y León	De 20 a 24 años	2021T1	25,16
Hombres	07 Castilla y León	De 25 a 54 años	2023T4	6,40
Hombres	07 Castilla y León	De 25 a 54 años	2023T3	6,60
Hombres	07 Castilla y León	De 25 a 54 años	2023T2	6,59
Hombres	07 Castilla y León	De 25 a 54 años	2023T1	7,71
Hombres	07 Castilla y León	De 25 a 54 años	2022T4	7,11
Hombres	07 Castilla y León	De 25 a 54 años	2022T3	6,49
Hombres	07 Castilla y León	De 25 a 54 años	2022T2	7,28
Hombres	07 Castilla y León	De 25 a 54 años	2022T1	8,84
Hombres	07 Castilla y León	De 25 a 54 años	2021T4	8,71
Hombres	07 Castilla y León	De 25 a 54 años	2021T3	6,93
Hombres	07 Castilla y León	De 25 a 54 años	2021T2	10,11
Hombres	07 Castilla y León	De 25 a 54 años	2021T1	10,89
Hombres	07 Castilla y León	De 55 y más años	2023T4	7,55
Hombres	07 Castilla y León	De 55 y más años	2023T3	7,89
Hombres	07 Castilla y León	De 55 y más años	2023T2	6,96
Hombres	07 Castilla y León	De 55 y más años	2023T1	7,17
Hombres	07 Castilla y León	De 55 y más años	2022T4	6,10
Hombres	07 Castilla y León	De 55 y más años	2022T3	5,88
Hombres	07 Castilla y León	De 55 y más años	2022T2	7,43
Hombres	07 Castilla y León	De 55 y más años	2022T1	7,54
Hombres	07 Castilla y León	De 55 y más años	2021T4	5,19
Hombres	07 Castilla y León	De 55 y más años	2021T3	5,02
Hombres	07 Castilla y León	De 55 y más años	2021T2	6,45
Hombres	07 Castilla y León	De 55 y más años	2021T1	7,26
Hombres	08 Castilla - La Mancha	Total	2023T4	9,40
Hombres	08 Castilla - La Mancha	Total	2023T3	9,25
Hombres	08 Castilla - La Mancha	Total	2023T2	10,39
Hombres	08 Castilla - La Mancha	Total	2023T1	11,18
Hombres	08 Castilla - La Mancha	Total	2022T4	11,09
Hombres	08 Castilla - La Mancha	Total	2022T3	10,20
Hombres	08 Castilla - La Mancha	Total	2022T2	10,51
Hombres	08 Castilla - La Mancha	Total	2022T1	10,98
Hombres	08 Castilla - La Mancha	Total	2021T4	9,43
Hombres	08 Castilla - La Mancha	Total	2021T3	11,79
Hombres	08 Castilla - La Mancha	Total	2021T2	12,57
Hombres	08 Castilla - La Mancha	Total	2021T1	12,41
Hombres	08 Castilla - La Mancha	Menores de 25 años	2023T4	26,27
Hombres	08 Castilla - La Mancha	Menores de 25 años	2023T3	28,35
Hombres	08 Castilla - La Mancha	Menores de 25 años	2023T2	28,22
Hombres	08 Castilla - La Mancha	Menores de 25 años	2023T1	31,03
Hombres	08 Castilla - La Mancha	Menores de 25 años	2022T4	27,29
Hombres	08 Castilla - La Mancha	Menores de 25 años	2022T3	30,63
Hombres	08 Castilla - La Mancha	Menores de 25 años	2022T2	25,80
Hombres	08 Castilla - La Mancha	Menores de 25 años	2022T1	27,35
Hombres	08 Castilla - La Mancha	Menores de 25 años	2021T4	24,52
Hombres	08 Castilla - La Mancha	Menores de 25 años	2021T3	26,94
Hombres	08 Castilla - La Mancha	Menores de 25 años	2021T2	36,11
Hombres	08 Castilla - La Mancha	Menores de 25 años	2021T1	31,00
Hombres	08 Castilla - La Mancha	25 y más años	2023T4	8,02
Hombres	08 Castilla - La Mancha	25 y más años	2023T3	7,66
Hombres	08 Castilla - La Mancha	25 y más años	2023T2	8,98
Hombres	08 Castilla - La Mancha	25 y más años	2023T1	9,69
Hombres	08 Castilla - La Mancha	25 y más años	2022T4	9,83
Hombres	08 Castilla - La Mancha	25 y más años	2022T3	8,35
Hombres	08 Castilla - La Mancha	25 y más años	2022T2	9,20
Hombres	08 Castilla - La Mancha	25 y más años	2022T1	9,78
Hombres	08 Castilla - La Mancha	25 y más años	2021T4	8,39
Hombres	08 Castilla - La Mancha	25 y más años	2021T3	10,53
Hombres	08 Castilla - La Mancha	25 y más años	2021T2	10,73
Hombres	08 Castilla - La Mancha	25 y más años	2021T1	11,08
Hombres	08 Castilla - La Mancha	De 16 a 19 años	2023T4	44,36
Hombres	08 Castilla - La Mancha	De 16 a 19 años	2023T3	40,77
Hombres	08 Castilla - La Mancha	De 16 a 19 años	2023T2	26,46
Hombres	08 Castilla - La Mancha	De 16 a 19 años	2023T1	41,89
Hombres	08 Castilla - La Mancha	De 16 a 19 años	2022T4	51,96
Hombres	08 Castilla - La Mancha	De 16 a 19 años	2022T3	48,92
Hombres	08 Castilla - La Mancha	De 16 a 19 años	2022T2	43,13
Hombres	08 Castilla - La Mancha	De 16 a 19 años	2022T1	33,85
Hombres	08 Castilla - La Mancha	De 16 a 19 años	2021T4	39,66
Hombres	08 Castilla - La Mancha	De 16 a 19 años	2021T3	40,46
Hombres	08 Castilla - La Mancha	De 16 a 19 años	2021T2	62,23
Hombres	08 Castilla - La Mancha	De 16 a 19 años	2021T1	38,81
Hombres	08 Castilla - La Mancha	De 20 a 24 años	2023T4	22,69
Hombres	08 Castilla - La Mancha	De 20 a 24 años	2023T3	25,98
Hombres	08 Castilla - La Mancha	De 20 a 24 años	2023T2	28,51
Hombres	08 Castilla - La Mancha	De 20 a 24 años	2023T1	29,34
Hombres	08 Castilla - La Mancha	De 20 a 24 años	2022T4	23,80
Hombres	08 Castilla - La Mancha	De 20 a 24 años	2022T3	25,87
Hombres	08 Castilla - La Mancha	De 20 a 24 años	2022T2	21,53
Hombres	08 Castilla - La Mancha	De 20 a 24 años	2022T1	26,27
Hombres	08 Castilla - La Mancha	De 20 a 24 años	2021T4	21,66
Hombres	08 Castilla - La Mancha	De 20 a 24 años	2021T3	23,23
Hombres	08 Castilla - La Mancha	De 20 a 24 años	2021T2	29,06
Hombres	08 Castilla - La Mancha	De 20 a 24 años	2021T1	29,26
Hombres	08 Castilla - La Mancha	De 25 a 54 años	2023T4	7,25
Hombres	08 Castilla - La Mancha	De 25 a 54 años	2023T3	7,27
Hombres	08 Castilla - La Mancha	De 25 a 54 años	2023T2	8,06
Hombres	08 Castilla - La Mancha	De 25 a 54 años	2023T1	9,19
Hombres	08 Castilla - La Mancha	De 25 a 54 años	2022T4	9,36
Hombres	08 Castilla - La Mancha	De 25 a 54 años	2022T3	8,09
Hombres	08 Castilla - La Mancha	De 25 a 54 años	2022T2	8,56
Hombres	08 Castilla - La Mancha	De 25 a 54 años	2022T1	9,63
Hombres	08 Castilla - La Mancha	De 25 a 54 años	2021T4	7,92
Hombres	08 Castilla - La Mancha	De 25 a 54 años	2021T3	10,07
Hombres	08 Castilla - La Mancha	De 25 a 54 años	2021T2	10,90
Hombres	08 Castilla - La Mancha	De 25 a 54 años	2021T1	10,72
Hombres	08 Castilla - La Mancha	De 55 y más años	2023T4	10,50
Hombres	08 Castilla - La Mancha	De 55 y más años	2023T3	8,93
Hombres	08 Castilla - La Mancha	De 55 y más años	2023T2	12,06
Hombres	08 Castilla - La Mancha	De 55 y más años	2023T1	11,35
Hombres	08 Castilla - La Mancha	De 55 y más años	2022T4	11,42
Hombres	08 Castilla - La Mancha	De 55 y más años	2022T3	9,20
Hombres	08 Castilla - La Mancha	De 55 y más años	2022T2	11,34
Hombres	08 Castilla - La Mancha	De 55 y más años	2022T1	10,30
Hombres	08 Castilla - La Mancha	De 55 y más años	2021T4	10,02
Hombres	08 Castilla - La Mancha	De 55 y más años	2021T3	12,14
Hombres	08 Castilla - La Mancha	De 55 y más años	2021T2	10,10
Hombres	08 Castilla - La Mancha	De 55 y más años	2021T1	12,43
Hombres	09 Cataluña	Total	2023T4	8,26
Hombres	09 Cataluña	Total	2023T3	8,09
Hombres	09 Cataluña	Total	2023T2	8,52
Hombres	09 Cataluña	Total	2023T1	10,05
Hombres	09 Cataluña	Total	2022T4	9,70
Hombres	09 Cataluña	Total	2022T3	8,54
Hombres	09 Cataluña	Total	2022T2	8,41
Hombres	09 Cataluña	Total	2022T1	9,66
Hombres	09 Cataluña	Total	2021T4	8,86
Hombres	09 Cataluña	Total	2021T3	10,08
Hombres	09 Cataluña	Total	2021T2	10,99
Hombres	09 Cataluña	Total	2021T1	11,55
Hombres	09 Cataluña	Menores de 25 años	2023T4	24,50
Hombres	09 Cataluña	Menores de 25 años	2023T3	20,30
Hombres	09 Cataluña	Menores de 25 años	2023T2	19,40
Hombres	09 Cataluña	Menores de 25 años	2023T1	20,86
Hombres	09 Cataluña	Menores de 25 años	2022T4	20,72
Hombres	09 Cataluña	Menores de 25 años	2022T3	23,80
Hombres	09 Cataluña	Menores de 25 años	2022T2	22,98
Hombres	09 Cataluña	Menores de 25 años	2022T1	22,75
Hombres	09 Cataluña	Menores de 25 años	2021T4	27,71
Hombres	09 Cataluña	Menores de 25 años	2021T3	22,20
Hombres	09 Cataluña	Menores de 25 años	2021T2	31,87
Hombres	09 Cataluña	Menores de 25 años	2021T1	34,06
Hombres	09 Cataluña	25 y más años	2023T4	6,53
Hombres	09 Cataluña	25 y más años	2023T3	6,81
Hombres	09 Cataluña	25 y más años	2023T2	7,46
Hombres	09 Cataluña	25 y más años	2023T1	9,05
Hombres	09 Cataluña	25 y más años	2022T4	8,72
Hombres	09 Cataluña	25 y más años	2022T3	6,86
Hombres	09 Cataluña	25 y más años	2022T2	6,97
Hombres	09 Cataluña	25 y más años	2022T1	8,47
Hombres	09 Cataluña	25 y más años	2021T4	7,32
Hombres	09 Cataluña	25 y más años	2021T3	9,02
Hombres	09 Cataluña	25 y más años	2021T2	9,06
Hombres	09 Cataluña	25 y más años	2021T1	9,60
Hombres	09 Cataluña	De 16 a 19 años	2023T4	35,85
Hombres	09 Cataluña	De 16 a 19 años	2023T3	22,04
Hombres	09 Cataluña	De 16 a 19 años	2023T2	27,56
Hombres	09 Cataluña	De 16 a 19 años	2023T1	32,40
Hombres	09 Cataluña	De 16 a 19 años	2022T4	22,81
Hombres	09 Cataluña	De 16 a 19 años	2022T3	36,34
Hombres	09 Cataluña	De 16 a 19 años	2022T2	49,85
Hombres	09 Cataluña	De 16 a 19 años	2022T1	41,45
Hombres	09 Cataluña	De 16 a 19 años	2021T4	43,55
Hombres	09 Cataluña	De 16 a 19 años	2021T3	38,50
Hombres	09 Cataluña	De 16 a 19 años	2021T2	49,11
Hombres	09 Cataluña	De 16 a 19 años	2021T1	48,85
Hombres	09 Cataluña	De 20 a 24 años	2023T4	21,03
Hombres	09 Cataluña	De 20 a 24 años	2023T3	19,76
Hombres	09 Cataluña	De 20 a 24 años	2023T2	17,44
Hombres	09 Cataluña	De 20 a 24 años	2023T1	18,33
Hombres	09 Cataluña	De 20 a 24 años	2022T4	20,28
Hombres	09 Cataluña	De 20 a 24 años	2022T3	19,57
Hombres	09 Cataluña	De 20 a 24 años	2022T2	15,85
Hombres	09 Cataluña	De 20 a 24 años	2022T1	17,49
Hombres	09 Cataluña	De 20 a 24 años	2021T4	23,99
Hombres	09 Cataluña	De 20 a 24 años	2021T3	17,62
Hombres	09 Cataluña	De 20 a 24 años	2021T2	28,14
Hombres	09 Cataluña	De 20 a 24 años	2021T1	31,64
Hombres	09 Cataluña	De 25 a 54 años	2023T4	6,20
Hombres	09 Cataluña	De 25 a 54 años	2023T3	6,51
Hombres	09 Cataluña	De 25 a 54 años	2023T2	7,55
Hombres	09 Cataluña	De 25 a 54 años	2023T1	9,28
Hombres	09 Cataluña	De 25 a 54 años	2022T4	9,48
Hombres	09 Cataluña	De 25 a 54 años	2022T3	7,20
Hombres	09 Cataluña	De 25 a 54 años	2022T2	6,77
Hombres	09 Cataluña	De 25 a 54 años	2022T1	8,15
Hombres	09 Cataluña	De 25 a 54 años	2021T4	7,46
Hombres	09 Cataluña	De 25 a 54 años	2021T3	9,25
Hombres	09 Cataluña	De 25 a 54 años	2021T2	9,52
Hombres	09 Cataluña	De 25 a 54 años	2021T1	10,09
Hombres	09 Cataluña	De 55 y más años	2023T4	7,70
Hombres	09 Cataluña	De 55 y más años	2023T3	7,87
Hombres	09 Cataluña	De 55 y más años	2023T2	7,11
Hombres	09 Cataluña	De 55 y más años	2023T1	8,22
Hombres	09 Cataluña	De 55 y más años	2022T4	5,81
Hombres	09 Cataluña	De 55 y más años	2022T3	5,59
Hombres	09 Cataluña	De 55 y más años	2022T2	7,75
Hombres	09 Cataluña	De 55 y más años	2022T1	9,77
Hombres	09 Cataluña	De 55 y más años	2021T4	6,76
Hombres	09 Cataluña	De 55 y más años	2021T3	8,13
Hombres	09 Cataluña	De 55 y más años	2021T2	7,20
Hombres	09 Cataluña	De 55 y más años	2021T1	7,61
Hombres	10 Comunitat Valenciana	Total	2023T4	10,98
Hombres	10 Comunitat Valenciana	Total	2023T3	9,80
Hombres	10 Comunitat Valenciana	Total	2023T2	10,87
Hombres	10 Comunitat Valenciana	Total	2023T1	11,25
Hombres	10 Comunitat Valenciana	Total	2022T4	11,56
Hombres	10 Comunitat Valenciana	Total	2022T3	10,93
Hombres	10 Comunitat Valenciana	Total	2022T2	11,19
Hombres	10 Comunitat Valenciana	Total	2022T1	11,54
Hombres	10 Comunitat Valenciana	Total	2021T4	12,59
Hombres	10 Comunitat Valenciana	Total	2021T3	14,01
Hombres	10 Comunitat Valenciana	Total	2021T2	14,27
Hombres	10 Comunitat Valenciana	Total	2021T1	15,16
Hombres	10 Comunitat Valenciana	Menores de 25 años	2023T4	31,34
Hombres	10 Comunitat Valenciana	Menores de 25 años	2023T3	25,83
Hombres	10 Comunitat Valenciana	Menores de 25 años	2023T2	29,96
Hombres	10 Comunitat Valenciana	Menores de 25 años	2023T1	27,07
Hombres	10 Comunitat Valenciana	Menores de 25 años	2022T4	29,39
Hombres	10 Comunitat Valenciana	Menores de 25 años	2022T3	23,54
Hombres	10 Comunitat Valenciana	Menores de 25 años	2022T2	27,98
Hombres	10 Comunitat Valenciana	Menores de 25 años	2022T1	29,60
Hombres	10 Comunitat Valenciana	Menores de 25 años	2021T4	30,67
Hombres	10 Comunitat Valenciana	Menores de 25 años	2021T3	34,76
Hombres	10 Comunitat Valenciana	Menores de 25 años	2021T2	40,52
Hombres	10 Comunitat Valenciana	Menores de 25 años	2021T1	38,66
Hombres	10 Comunitat Valenciana	25 y más años	2023T4	9,36
Hombres	10 Comunitat Valenciana	25 y más años	2023T3	8,27
Hombres	10 Comunitat Valenciana	25 y más años	2023T2	9,20
Hombres	10 Comunitat Valenciana	25 y más años	2023T1	9,98
Hombres	10 Comunitat Valenciana	25 y más años	2022T4	10,13
Hombres	10 Comunitat Valenciana	25 y más años	2022T3	9,88
Hombres	10 Comunitat Valenciana	25 y más años	2022T2	9,90
Hombres	10 Comunitat Valenciana	25 y más años	2022T1	10,38
Hombres	10 Comunitat Valenciana	25 y más años	2021T4	11,41
Hombres	10 Comunitat Valenciana	25 y más años	2021T3	12,17
Hombres	10 Comunitat Valenciana	25 y más años	2021T2	12,26
Hombres	10 Comunitat Valenciana	25 y más años	2021T1	13,57
Hombres	10 Comunitat Valenciana	De 16 a 19 años	2023T4	54,77
Hombres	10 Comunitat Valenciana	De 16 a 19 años	2023T3	51,00
Hombres	10 Comunitat Valenciana	De 16 a 19 años	2023T2	59,47
Hombres	10 Comunitat Valenciana	De 16 a 19 años	2023T1	45,62
Hombres	10 Comunitat Valenciana	De 16 a 19 años	2022T4	43,39
Hombres	10 Comunitat Valenciana	De 16 a 19 años	2022T3	43,09
Hombres	10 Comunitat Valenciana	De 16 a 19 años	2022T2	56,82
Hombres	10 Comunitat Valenciana	De 16 a 19 años	2022T1	34,42
Hombres	10 Comunitat Valenciana	De 16 a 19 años	2021T4	41,12
Hombres	10 Comunitat Valenciana	De 16 a 19 años	2021T3	46,68
Hombres	10 Comunitat Valenciana	De 16 a 19 años	2021T2	46,75
Hombres	10 Comunitat Valenciana	De 16 a 19 años	2021T1	62,02
Hombres	10 Comunitat Valenciana	De 20 a 24 años	2023T4	26,06
Hombres	10 Comunitat Valenciana	De 20 a 24 años	2023T3	19,58
Hombres	10 Comunitat Valenciana	De 20 a 24 años	2023T2	22,29
Hombres	10 Comunitat Valenciana	De 20 a 24 años	2023T1	23,11
Hombres	10 Comunitat Valenciana	De 20 a 24 años	2022T4	26,02
Hombres	10 Comunitat Valenciana	De 20 a 24 años	2022T3	18,89
Hombres	10 Comunitat Valenciana	De 20 a 24 años	2022T2	20,80
Hombres	10 Comunitat Valenciana	De 20 a 24 años	2022T1	28,62
Hombres	10 Comunitat Valenciana	De 20 a 24 años	2021T4	27,92
Hombres	10 Comunitat Valenciana	De 20 a 24 años	2021T3	31,43
Hombres	10 Comunitat Valenciana	De 20 a 24 años	2021T2	38,88
Hombres	10 Comunitat Valenciana	De 20 a 24 años	2021T1	33,86
Hombres	10 Comunitat Valenciana	De 25 a 54 años	2023T4	9,40
Hombres	10 Comunitat Valenciana	De 25 a 54 años	2023T3	8,49
Hombres	10 Comunitat Valenciana	De 25 a 54 años	2023T2	9,22
Hombres	10 Comunitat Valenciana	De 25 a 54 años	2023T1	9,79
Hombres	10 Comunitat Valenciana	De 25 a 54 años	2022T4	10,42
Hombres	10 Comunitat Valenciana	De 25 a 54 años	2022T3	9,49
Hombres	10 Comunitat Valenciana	De 25 a 54 años	2022T2	8,93
Hombres	10 Comunitat Valenciana	De 25 a 54 años	2022T1	10,08
Hombres	10 Comunitat Valenciana	De 25 a 54 años	2021T4	11,59
Hombres	10 Comunitat Valenciana	De 25 a 54 años	2021T3	12,29
Hombres	10 Comunitat Valenciana	De 25 a 54 años	2021T2	12,15
Hombres	10 Comunitat Valenciana	De 25 a 54 años	2021T1	13,34
Hombres	10 Comunitat Valenciana	De 55 y más años	2023T4	9,22
Hombres	10 Comunitat Valenciana	De 55 y más años	2023T3	7,55
Hombres	10 Comunitat Valenciana	De 55 y más años	2023T2	9,13
Hombres	10 Comunitat Valenciana	De 55 y más años	2023T1	10,65
Hombres	10 Comunitat Valenciana	De 55 y más años	2022T4	9,13
Hombres	10 Comunitat Valenciana	De 55 y más años	2022T3	11,23
Hombres	10 Comunitat Valenciana	De 55 y más años	2022T2	13,29
Hombres	10 Comunitat Valenciana	De 55 y más años	2022T1	11,45
Hombres	10 Comunitat Valenciana	De 55 y más años	2021T4	10,80
Hombres	10 Comunitat Valenciana	De 55 y más años	2021T3	11,70
Hombres	10 Comunitat Valenciana	De 55 y más años	2021T2	12,68
Hombres	10 Comunitat Valenciana	De 55 y más años	2021T1	14,43
Hombres	11 Extremadura	Total	2023T4	14,15
Hombres	11 Extremadura	Total	2023T3	13,82
Hombres	11 Extremadura	Total	2023T2	13,34
Hombres	11 Extremadura	Total	2023T1	15,92
Hombres	11 Extremadura	Total	2022T4	14,17
Hombres	11 Extremadura	Total	2022T3	12,88
Hombres	11 Extremadura	Total	2022T2	14,04
Hombres	11 Extremadura	Total	2022T1	15,58
Hombres	11 Extremadura	Total	2021T4	16,19
Hombres	11 Extremadura	Total	2021T3	13,49
Hombres	11 Extremadura	Total	2021T2	13,58
Hombres	11 Extremadura	Total	2021T1	17,84
Hombres	11 Extremadura	Menores de 25 años	2023T4	23,02
Hombres	11 Extremadura	Menores de 25 años	2023T3	30,10
Hombres	11 Extremadura	Menores de 25 años	2023T2	28,81
Hombres	11 Extremadura	Menores de 25 años	2023T1	34,88
Hombres	11 Extremadura	Menores de 25 años	2022T4	39,13
Hombres	11 Extremadura	Menores de 25 años	2022T3	28,67
Hombres	11 Extremadura	Menores de 25 años	2022T2	46,27
Hombres	11 Extremadura	Menores de 25 años	2022T1	37,01
Hombres	11 Extremadura	Menores de 25 años	2021T4	46,18
Hombres	11 Extremadura	Menores de 25 años	2021T3	34,14
Hombres	11 Extremadura	Menores de 25 años	2021T2	34,60
Hombres	11 Extremadura	Menores de 25 años	2021T1	53,31
Hombres	11 Extremadura	25 y más años	2023T4	13,64
Hombres	11 Extremadura	25 y más años	2023T3	12,55
Hombres	11 Extremadura	25 y más años	2023T2	12,39
Hombres	11 Extremadura	25 y más años	2023T1	14,80
Hombres	11 Extremadura	25 y más años	2022T4	12,53
Hombres	11 Extremadura	25 y más años	2022T3	11,68
Hombres	11 Extremadura	25 y más años	2022T2	11,62
Hombres	11 Extremadura	25 y más años	2022T1	14,34
Hombres	11 Extremadura	25 y más años	2021T4	14,31
Hombres	11 Extremadura	25 y más años	2021T3	11,95
Hombres	11 Extremadura	25 y más años	2021T2	12,17
Hombres	11 Extremadura	25 y más años	2021T1	15,51
Hombres	11 Extremadura	De 16 a 19 años	2023T4	22,78
Hombres	11 Extremadura	De 16 a 19 años	2023T3	49,56
Hombres	11 Extremadura	De 16 a 19 años	2023T2	59,68
Hombres	11 Extremadura	De 16 a 19 años	2023T1	85,79
Hombres	11 Extremadura	De 16 a 19 años	2022T4	88,92
Hombres	11 Extremadura	De 16 a 19 años	2022T3	50,22
Hombres	11 Extremadura	De 16 a 19 años	2022T2	52,75
Hombres	11 Extremadura	De 16 a 19 años	2022T1	34,44
Hombres	11 Extremadura	De 16 a 19 años	2021T4	66,29
Hombres	11 Extremadura	De 16 a 19 años	2021T3	41,06
Hombres	11 Extremadura	De 16 a 19 años	2021T2	26,78
Hombres	11 Extremadura	De 16 a 19 años	2021T1	68,84
Hombres	11 Extremadura	De 20 a 24 años	2023T4	23,06
Hombres	11 Extremadura	De 20 a 24 años	2023T3	24,63
Hombres	11 Extremadura	De 20 a 24 años	2023T2	25,76
Hombres	11 Extremadura	De 20 a 24 años	2023T1	29,71
Hombres	11 Extremadura	De 20 a 24 años	2022T4	28,38
Hombres	11 Extremadura	De 20 a 24 años	2022T3	24,05
Hombres	11 Extremadura	De 20 a 24 años	2022T2	44,22
Hombres	11 Extremadura	De 20 a 24 años	2022T1	37,63
Hombres	11 Extremadura	De 20 a 24 años	2021T4	39,41
Hombres	11 Extremadura	De 20 a 24 años	2021T3	31,80
Hombres	11 Extremadura	De 20 a 24 años	2021T2	36,38
Hombres	11 Extremadura	De 20 a 24 años	2021T1	49,17
Hombres	11 Extremadura	De 25 a 54 años	2023T4	12,44
Hombres	11 Extremadura	De 25 a 54 años	2023T3	12,68
Hombres	11 Extremadura	De 25 a 54 años	2023T2	12,23
Hombres	11 Extremadura	De 25 a 54 años	2023T1	14,60
Hombres	11 Extremadura	De 25 a 54 años	2022T4	11,99
Hombres	11 Extremadura	De 25 a 54 años	2022T3	11,29
Hombres	11 Extremadura	De 25 a 54 años	2022T2	11,46
Hombres	11 Extremadura	De 25 a 54 años	2022T1	13,79
Hombres	11 Extremadura	De 25 a 54 años	2021T4	13,81
Hombres	11 Extremadura	De 25 a 54 años	2021T3	11,35
Hombres	11 Extremadura	De 25 a 54 años	2021T2	11,12
Hombres	11 Extremadura	De 25 a 54 años	2021T1	13,86
Hombres	11 Extremadura	De 55 y más años	2023T4	17,28
Hombres	11 Extremadura	De 55 y más años	2023T3	12,17
Hombres	11 Extremadura	De 55 y más años	2023T2	12,88
Hombres	11 Extremadura	De 55 y más años	2023T1	15,42
Hombres	11 Extremadura	De 55 y más años	2022T4	14,21
Hombres	11 Extremadura	De 55 y más años	2022T3	12,93
Hombres	11 Extremadura	De 55 y más años	2022T2	12,13
Hombres	11 Extremadura	De 55 y más años	2022T1	16,20
Hombres	11 Extremadura	De 55 y más años	2021T4	15,95
Hombres	11 Extremadura	De 55 y más años	2021T3	14,00
Hombres	11 Extremadura	De 55 y más años	2021T2	15,85
Hombres	11 Extremadura	De 55 y más años	2021T1	21,33
Hombres	12 Galicia	Total	2023T4	8,24
Hombres	12 Galicia	Total	2023T3	8,43
Hombres	12 Galicia	Total	2023T2	8,91
Hombres	12 Galicia	Total	2023T1	10,07
Hombres	12 Galicia	Total	2022T4	9,81
Hombres	12 Galicia	Total	2022T3	9,84
Hombres	12 Galicia	Total	2022T2	10,54
Hombres	12 Galicia	Total	2022T1	10,10
Hombres	12 Galicia	Total	2021T4	9,89
Hombres	12 Galicia	Total	2021T3	9,46
Hombres	12 Galicia	Total	2021T2	11,27
Hombres	12 Galicia	Total	2021T1	11,80
Hombres	12 Galicia	Menores de 25 años	2023T4	19,57
Hombres	12 Galicia	Menores de 25 años	2023T3	23,17
Hombres	12 Galicia	Menores de 25 años	2023T2	23,57
Hombres	12 Galicia	Menores de 25 años	2023T1	28,59
Hombres	12 Galicia	Menores de 25 años	2022T4	31,33
Hombres	12 Galicia	Menores de 25 años	2022T3	34,37
Hombres	12 Galicia	Menores de 25 años	2022T2	32,34
Hombres	12 Galicia	Menores de 25 años	2022T1	28,73
Hombres	12 Galicia	Menores de 25 años	2021T4	33,64
Hombres	12 Galicia	Menores de 25 años	2021T3	23,59
Hombres	12 Galicia	Menores de 25 años	2021T2	33,65
Hombres	12 Galicia	Menores de 25 años	2021T1	36,43
Hombres	12 Galicia	25 y más años	2023T4	7,63
Hombres	12 Galicia	25 y más años	2023T3	7,47
Hombres	12 Galicia	25 y más años	2023T2	8,10
Hombres	12 Galicia	25 y más años	2023T1	9,15
Hombres	12 Galicia	25 y más años	2022T4	8,74
Hombres	12 Galicia	25 y más años	2022T3	8,31
Hombres	12 Galicia	25 y más años	2022T2	9,29
Hombres	12 Galicia	25 y más años	2022T1	9,05
Hombres	12 Galicia	25 y más años	2021T4	8,64
Hombres	12 Galicia	25 y más años	2021T3	8,66
Hombres	12 Galicia	25 y más años	2021T2	10,25
Hombres	12 Galicia	25 y más años	2021T1	10,74
Hombres	12 Galicia	De 16 a 19 años	2023T4	23,81
Hombres	12 Galicia	De 16 a 19 años	2023T3	28,97
Hombres	12 Galicia	De 16 a 19 años	2023T2	27,45
Hombres	12 Galicia	De 16 a 19 años	2023T1	53,30
Hombres	12 Galicia	De 16 a 19 años	2022T4	31,12
Hombres	12 Galicia	De 16 a 19 años	2022T3	43,76
Hombres	12 Galicia	De 16 a 19 años	2022T2	55,46
Hombres	12 Galicia	De 16 a 19 años	2022T1	23,43
Hombres	12 Galicia	De 16 a 19 años	2021T4	52,03
Hombres	12 Galicia	De 16 a 19 años	2021T3	28,59
Hombres	12 Galicia	De 16 a 19 años	2021T2	44,50
Hombres	12 Galicia	De 16 a 19 años	2021T1	48,41
Hombres	12 Galicia	De 20 a 24 años	2023T4	19,15
Hombres	12 Galicia	De 20 a 24 años	2023T3	21,87
Hombres	12 Galicia	De 20 a 24 años	2023T2	23,01
Hombres	12 Galicia	De 20 a 24 años	2023T1	25,40
Hombres	12 Galicia	De 20 a 24 años	2022T4	31,36
Hombres	12 Galicia	De 20 a 24 años	2022T3	32,68
Hombres	12 Galicia	De 20 a 24 años	2022T2	27,59
Hombres	12 Galicia	De 20 a 24 años	2022T1	29,85
Hombres	12 Galicia	De 20 a 24 años	2021T4	30,07
Hombres	12 Galicia	De 20 a 24 años	2021T3	22,76
Hombres	12 Galicia	De 20 a 24 años	2021T2	31,94
Hombres	12 Galicia	De 20 a 24 años	2021T1	34,37
Hombres	12 Galicia	De 25 a 54 años	2023T4	7,45
Hombres	12 Galicia	De 25 a 54 años	2023T3	7,73
Hombres	12 Galicia	De 25 a 54 años	2023T2	7,94
Hombres	12 Galicia	De 25 a 54 años	2023T1	9,37
Hombres	12 Galicia	De 25 a 54 años	2022T4	9,04
Hombres	12 Galicia	De 25 a 54 años	2022T3	8,45
Hombres	12 Galicia	De 25 a 54 años	2022T2	9,44
Hombres	12 Galicia	De 25 a 54 años	2022T1	8,87
Hombres	12 Galicia	De 25 a 54 años	2021T4	8,41
Hombres	12 Galicia	De 25 a 54 años	2021T3	8,68
Hombres	12 Galicia	De 25 a 54 años	2021T2	10,22
Hombres	12 Galicia	De 25 a 54 años	2021T1	11,13
Hombres	12 Galicia	De 55 y más años	2023T4	8,19
Hombres	12 Galicia	De 55 y más años	2023T3	6,66
Hombres	12 Galicia	De 55 y más años	2023T2	8,61
Hombres	12 Galicia	De 55 y más años	2023T1	8,44
Hombres	12 Galicia	De 55 y más años	2022T4	7,73
Hombres	12 Galicia	De 55 y más años	2022T3	7,85
Hombres	12 Galicia	De 55 y más años	2022T2	8,74
Hombres	12 Galicia	De 55 y más años	2022T1	9,70
Hombres	12 Galicia	De 55 y más años	2021T4	9,43
Hombres	12 Galicia	De 55 y más años	2021T3	8,60
Hombres	12 Galicia	De 55 y más años	2021T2	10,35
Hombres	12 Galicia	De 55 y más años	2021T1	9,33
Hombres	13 Madrid, Comunidad de	Total	2023T4	8,90
Hombres	13 Madrid, Comunidad de	Total	2023T3	8,53
Hombres	13 Madrid, Comunidad de	Total	2023T2	7,98
Hombres	13 Madrid, Comunidad de	Total	2023T1	9,95
Hombres	13 Madrid, Comunidad de	Total	2022T4	9,57
Hombres	13 Madrid, Comunidad de	Total	2022T3	9,47
Hombres	13 Madrid, Comunidad de	Total	2022T2	9,05
Hombres	13 Madrid, Comunidad de	Total	2022T1	10,31
Hombres	13 Madrid, Comunidad de	Total	2021T4	9,31
Hombres	13 Madrid, Comunidad de	Total	2021T3	11,13
Hombres	13 Madrid, Comunidad de	Total	2021T2	11,41
Hombres	13 Madrid, Comunidad de	Total	2021T1	10,79
Hombres	13 Madrid, Comunidad de	Menores de 25 años	2023T4	28,85
Hombres	13 Madrid, Comunidad de	Menores de 25 años	2023T3	28,32
Hombres	13 Madrid, Comunidad de	Menores de 25 años	2023T2	27,59
Hombres	13 Madrid, Comunidad de	Menores de 25 años	2023T1	32,26
Hombres	13 Madrid, Comunidad de	Menores de 25 años	2022T4	35,49
Hombres	13 Madrid, Comunidad de	Menores de 25 años	2022T3	37,81
Hombres	13 Madrid, Comunidad de	Menores de 25 años	2022T2	23,47
Hombres	13 Madrid, Comunidad de	Menores de 25 años	2022T1	30,54
Hombres	13 Madrid, Comunidad de	Menores de 25 años	2021T4	23,86
Hombres	13 Madrid, Comunidad de	Menores de 25 años	2021T3	28,90
Hombres	13 Madrid, Comunidad de	Menores de 25 años	2021T2	40,20
Hombres	13 Madrid, Comunidad de	Menores de 25 años	2021T1	31,99
Hombres	13 Madrid, Comunidad de	25 y más años	2023T4	7,37
Hombres	13 Madrid, Comunidad de	25 y más años	2023T3	6,94
Hombres	13 Madrid, Comunidad de	25 y más años	2023T2	6,55
Hombres	13 Madrid, Comunidad de	25 y más años	2023T1	8,20
Hombres	13 Madrid, Comunidad de	25 y más años	2022T4	7,54
Hombres	13 Madrid, Comunidad de	25 y más años	2022T3	7,30
Hombres	13 Madrid, Comunidad de	25 y más años	2022T2	7,97
Hombres	13 Madrid, Comunidad de	25 y más años	2022T1	8,81
Hombres	13 Madrid, Comunidad de	25 y más años	2021T4	8,30
Hombres	13 Madrid, Comunidad de	25 y más años	2021T3	9,90
Hombres	13 Madrid, Comunidad de	25 y más años	2021T2	9,42
Hombres	13 Madrid, Comunidad de	25 y más años	2021T1	9,36
Hombres	13 Madrid, Comunidad de	De 16 a 19 años	2023T4	28,55
Hombres	13 Madrid, Comunidad de	De 16 a 19 años	2023T3	49,15
Hombres	13 Madrid, Comunidad de	De 16 a 19 años	2023T2	45,32
Hombres	13 Madrid, Comunidad de	De 16 a 19 años	2023T1	65,32
Hombres	13 Madrid, Comunidad de	De 16 a 19 años	2022T4	65,23
Hombres	13 Madrid, Comunidad de	De 16 a 19 años	2022T3	60,06
Hombres	13 Madrid, Comunidad de	De 16 a 19 años	2022T2	48,95
Hombres	13 Madrid, Comunidad de	De 16 a 19 años	2022T1	51,44
Hombres	13 Madrid, Comunidad de	De 16 a 19 años	2021T4	54,99
Hombres	13 Madrid, Comunidad de	De 16 a 19 años	2021T3	44,61
Hombres	13 Madrid, Comunidad de	De 16 a 19 años	2021T2	61,58
Hombres	13 Madrid, Comunidad de	De 16 a 19 años	2021T1	61,77
Hombres	13 Madrid, Comunidad de	De 20 a 24 años	2023T4	28,89
Hombres	13 Madrid, Comunidad de	De 20 a 24 años	2023T3	24,59
Hombres	13 Madrid, Comunidad de	De 20 a 24 años	2023T2	25,18
Hombres	13 Madrid, Comunidad de	De 20 a 24 años	2023T1	25,22
Hombres	13 Madrid, Comunidad de	De 20 a 24 años	2022T4	28,73
Hombres	13 Madrid, Comunidad de	De 20 a 24 años	2022T3	34,56
Hombres	13 Madrid, Comunidad de	De 20 a 24 años	2022T2	19,21
Hombres	13 Madrid, Comunidad de	De 20 a 24 años	2022T1	25,94
Hombres	13 Madrid, Comunidad de	De 20 a 24 años	2021T4	18,34
Hombres	13 Madrid, Comunidad de	De 20 a 24 años	2021T3	25,73
Hombres	13 Madrid, Comunidad de	De 20 a 24 años	2021T2	35,57
Hombres	13 Madrid, Comunidad de	De 20 a 24 años	2021T1	26,64
Hombres	13 Madrid, Comunidad de	De 25 a 54 años	2023T4	7,13
Hombres	13 Madrid, Comunidad de	De 25 a 54 años	2023T3	7,24
Hombres	13 Madrid, Comunidad de	De 25 a 54 años	2023T2	5,90
Hombres	13 Madrid, Comunidad de	De 25 a 54 años	2023T1	7,91
Hombres	13 Madrid, Comunidad de	De 25 a 54 años	2022T4	7,33
Hombres	13 Madrid, Comunidad de	De 25 a 54 años	2022T3	7,63
Hombres	13 Madrid, Comunidad de	De 25 a 54 años	2022T2	7,73
Hombres	13 Madrid, Comunidad de	De 25 a 54 años	2022T1	8,74
Hombres	13 Madrid, Comunidad de	De 25 a 54 años	2021T4	8,29
Hombres	13 Madrid, Comunidad de	De 25 a 54 años	2021T3	9,40
Hombres	13 Madrid, Comunidad de	De 25 a 54 años	2021T2	9,00
Hombres	13 Madrid, Comunidad de	De 25 a 54 años	2021T1	9,46
Hombres	13 Madrid, Comunidad de	De 55 y más años	2023T4	8,24
Hombres	13 Madrid, Comunidad de	De 55 y más años	2023T3	5,85
Hombres	13 Madrid, Comunidad de	De 55 y más años	2023T2	8,89
Hombres	13 Madrid, Comunidad de	De 55 y más años	2023T1	9,24
Hombres	13 Madrid, Comunidad de	De 55 y más años	2022T4	8,28
Hombres	13 Madrid, Comunidad de	De 55 y más años	2022T3	6,07
Hombres	13 Madrid, Comunidad de	De 55 y más años	2022T2	8,83
Hombres	13 Madrid, Comunidad de	De 55 y más años	2022T1	9,06
Hombres	13 Madrid, Comunidad de	De 55 y más años	2021T4	8,37
Hombres	13 Madrid, Comunidad de	De 55 y más años	2021T3	11,86
Hombres	13 Madrid, Comunidad de	De 55 y más años	2021T2	11,06
Hombres	13 Madrid, Comunidad de	De 55 y más años	2021T1	8,94
Hombres	14 Murcia, Región de	Total	2023T4	9,68
Hombres	14 Murcia, Región de	Total	2023T3	11,39
Hombres	14 Murcia, Región de	Total	2023T2	11,38
Hombres	14 Murcia, Región de	Total	2023T1	11,26
Hombres	14 Murcia, Región de	Total	2022T4	10,91
Hombres	14 Murcia, Región de	Total	2022T3	13,09
Hombres	14 Murcia, Región de	Total	2022T2	10,48
Hombres	14 Murcia, Región de	Total	2022T1	11,90
Hombres	14 Murcia, Región de	Total	2021T4	10,58
Hombres	14 Murcia, Región de	Total	2021T3	12,82
Hombres	14 Murcia, Región de	Total	2021T2	11,23
Hombres	14 Murcia, Región de	Total	2021T1	13,24
Hombres	14 Murcia, Región de	Menores de 25 años	2023T4	25,48
Hombres	14 Murcia, Región de	Menores de 25 años	2023T3	20,20
Hombres	14 Murcia, Región de	Menores de 25 años	2023T2	24,68
Hombres	14 Murcia, Región de	Menores de 25 años	2023T1	30,14
Hombres	14 Murcia, Región de	Menores de 25 años	2022T4	30,52
Hombres	14 Murcia, Región de	Menores de 25 años	2022T3	31,63
Hombres	14 Murcia, Región de	Menores de 25 años	2022T2	25,86
Hombres	14 Murcia, Región de	Menores de 25 años	2022T1	33,85
Hombres	14 Murcia, Región de	Menores de 25 años	2021T4	24,42
Hombres	14 Murcia, Región de	Menores de 25 años	2021T3	22,42
Hombres	14 Murcia, Región de	Menores de 25 años	2021T2	34,83
Hombres	14 Murcia, Región de	Menores de 25 años	2021T1	30,16
Hombres	14 Murcia, Región de	25 y más años	2023T4	8,22
Hombres	14 Murcia, Región de	25 y más años	2023T3	10,56
Hombres	14 Murcia, Región de	25 y más años	2023T2	10,14
Hombres	14 Murcia, Región de	25 y más años	2023T1	9,61
Hombres	14 Murcia, Región de	25 y más años	2022T4	9,19
Hombres	14 Murcia, Región de	25 y más años	2022T3	11,30
Hombres	14 Murcia, Región de	25 y más años	2022T2	9,18
Hombres	14 Murcia, Región de	25 y más años	2022T1	9,95
Hombres	14 Murcia, Región de	25 y más años	2021T4	9,45
Hombres	14 Murcia, Región de	25 y más años	2021T3	11,95
Hombres	14 Murcia, Región de	25 y más años	2021T2	9,18
Hombres	14 Murcia, Región de	25 y más años	2021T1	11,87
Hombres	14 Murcia, Región de	De 16 a 19 años	2023T4	46,63
Hombres	14 Murcia, Región de	De 16 a 19 años	2023T3	28,60
Hombres	14 Murcia, Región de	De 16 a 19 años	2023T2	34,89
Hombres	14 Murcia, Región de	De 16 a 19 años	2023T1	51,70
Hombres	14 Murcia, Región de	De 16 a 19 años	2022T4	58,62
Hombres	14 Murcia, Región de	De 16 a 19 años	2022T3	65,13
Hombres	14 Murcia, Región de	De 16 a 19 años	2022T2	47,72
Hombres	14 Murcia, Región de	De 16 a 19 años	2022T1	58,56
Hombres	14 Murcia, Región de	De 16 a 19 años	2021T4	58,50
Hombres	14 Murcia, Región de	De 16 a 19 años	2021T3	59,77
Hombres	14 Murcia, Región de	De 16 a 19 años	2021T2	58,12
Hombres	14 Murcia, Región de	De 16 a 19 años	2021T1	52,64
Hombres	14 Murcia, Región de	De 20 a 24 años	2023T4	20,75
Hombres	14 Murcia, Región de	De 20 a 24 años	2023T3	18,41
Hombres	14 Murcia, Región de	De 20 a 24 años	2023T2	22,15
Hombres	14 Murcia, Región de	De 20 a 24 años	2023T1	25,37
Hombres	14 Murcia, Región de	De 20 a 24 años	2022T4	21,00
Hombres	14 Murcia, Región de	De 20 a 24 años	2022T3	19,87
Hombres	14 Murcia, Región de	De 20 a 24 años	2022T2	17,59
Hombres	14 Murcia, Región de	De 20 a 24 años	2022T1	24,99
Hombres	14 Murcia, Región de	De 20 a 24 años	2021T4	17,27
Hombres	14 Murcia, Región de	De 20 a 24 años	2021T3	15,50
Hombres	14 Murcia, Región de	De 20 a 24 años	2021T2	28,51
Hombres	14 Murcia, Región de	De 20 a 24 años	2021T1	24,84
Hombres	14 Murcia, Región de	De 25 a 54 años	2023T4	9,27
Hombres	14 Murcia, Región de	De 25 a 54 años	2023T3	10,37
Hombres	14 Murcia, Región de	De 25 a 54 años	2023T2	11,19
Hombres	14 Murcia, Región de	De 25 a 54 años	2023T1	9,80
Hombres	14 Murcia, Región de	De 25 a 54 años	2022T4	9,84
Hombres	14 Murcia, Región de	De 25 a 54 años	2022T3	11,44
Hombres	14 Murcia, Región de	De 25 a 54 años	2022T2	9,70
Hombres	14 Murcia, Región de	De 25 a 54 años	2022T1	11,19
Hombres	14 Murcia, Región de	De 25 a 54 años	2021T4	10,26
Hombres	14 Murcia, Región de	De 25 a 54 años	2021T3	12,51
Hombres	14 Murcia, Región de	De 25 a 54 años	2021T2	9,87
Hombres	14 Murcia, Región de	De 25 a 54 años	2021T1	12,84
Hombres	14 Murcia, Región de	De 55 y más años	2023T4	4,36
Hombres	14 Murcia, Región de	De 55 y más años	2023T3	11,28
Hombres	14 Murcia, Región de	De 55 y más años	2023T2	6,24
Hombres	14 Murcia, Región de	De 55 y más años	2023T1	8,90
Hombres	14 Murcia, Región de	De 55 y más años	2022T4	6,67
Hombres	14 Murcia, Región de	De 55 y más años	2022T3	10,75
Hombres	14 Murcia, Región de	De 55 y más años	2022T2	7,13
Hombres	14 Murcia, Región de	De 55 y más años	2022T1	5,02
Hombres	14 Murcia, Región de	De 55 y más años	2021T4	6,44
Hombres	14 Murcia, Región de	De 55 y más años	2021T3	9,86
Hombres	14 Murcia, Región de	De 55 y más años	2021T2	6,49
Hombres	14 Murcia, Región de	De 55 y más años	2021T1	7,98
Hombres	15 Navarra, Comunidad Foral de	Total	2023T4	7,79
Hombres	15 Navarra, Comunidad Foral de	Total	2023T3	9,02
Hombres	15 Navarra, Comunidad Foral de	Total	2023T2	7,97
Hombres	15 Navarra, Comunidad Foral de	Total	2023T1	11,69
Hombres	15 Navarra, Comunidad Foral de	Total	2022T4	9,66
Hombres	15 Navarra, Comunidad Foral de	Total	2022T3	7,51
Hombres	15 Navarra, Comunidad Foral de	Total	2022T2	7,72
Hombres	15 Navarra, Comunidad Foral de	Total	2022T1	11,42
Hombres	15 Navarra, Comunidad Foral de	Total	2021T4	11,31
Hombres	15 Navarra, Comunidad Foral de	Total	2021T3	12,03
Hombres	15 Navarra, Comunidad Foral de	Total	2021T2	10,72
Hombres	15 Navarra, Comunidad Foral de	Total	2021T1	11,58
Hombres	15 Navarra, Comunidad Foral de	Menores de 25 años	2023T4	21,36
Hombres	15 Navarra, Comunidad Foral de	Menores de 25 años	2023T3	32,28
Hombres	15 Navarra, Comunidad Foral de	Menores de 25 años	2023T2	32,83
Hombres	15 Navarra, Comunidad Foral de	Menores de 25 años	2023T1	28,84
Hombres	15 Navarra, Comunidad Foral de	Menores de 25 años	2022T4	30,13
Hombres	15 Navarra, Comunidad Foral de	Menores de 25 años	2022T3	23,41
Hombres	15 Navarra, Comunidad Foral de	Menores de 25 años	2022T2	15,64
Hombres	15 Navarra, Comunidad Foral de	Menores de 25 años	2022T1	23,12
Hombres	15 Navarra, Comunidad Foral de	Menores de 25 años	2021T4	21,62
Hombres	15 Navarra, Comunidad Foral de	Menores de 25 años	2021T3	21,74
Hombres	15 Navarra, Comunidad Foral de	Menores de 25 años	2021T2	31,49
Hombres	15 Navarra, Comunidad Foral de	Menores de 25 años	2021T1	26,75
Hombres	15 Navarra, Comunidad Foral de	25 y más años	2023T4	6,68
Hombres	15 Navarra, Comunidad Foral de	25 y más años	2023T3	6,67
Hombres	15 Navarra, Comunidad Foral de	25 y más años	2023T2	5,93
Hombres	15 Navarra, Comunidad Foral de	25 y más años	2023T1	10,48
Hombres	15 Navarra, Comunidad Foral de	25 y más años	2022T4	8,18
Hombres	15 Navarra, Comunidad Foral de	25 y más años	2022T3	6,19
Hombres	15 Navarra, Comunidad Foral de	25 y más años	2022T2	7,09
Hombres	15 Navarra, Comunidad Foral de	25 y más años	2022T1	10,42
Hombres	15 Navarra, Comunidad Foral de	25 y más años	2021T4	10,45
Hombres	15 Navarra, Comunidad Foral de	25 y más años	2021T3	11,20
Hombres	15 Navarra, Comunidad Foral de	25 y más años	2021T2	9,22
Hombres	15 Navarra, Comunidad Foral de	25 y más años	2021T1	10,51
Hombres	15 Navarra, Comunidad Foral de	De 16 a 19 años	2023T4	48,93
Hombres	15 Navarra, Comunidad Foral de	De 16 a 19 años	2023T3	53,64
Hombres	15 Navarra, Comunidad Foral de	De 16 a 19 años	2023T2	76,20
Hombres	15 Navarra, Comunidad Foral de	De 16 a 19 años	2023T1	44,09
Hombres	15 Navarra, Comunidad Foral de	De 16 a 19 años	2022T4	69,58
Hombres	15 Navarra, Comunidad Foral de	De 16 a 19 años	2022T3	60,93
Hombres	15 Navarra, Comunidad Foral de	De 16 a 19 años	2022T2	39,94
Hombres	15 Navarra, Comunidad Foral de	De 16 a 19 años	2022T1	20,00
Hombres	15 Navarra, Comunidad Foral de	De 16 a 19 años	2021T4	28,60
Hombres	15 Navarra, Comunidad Foral de	De 16 a 19 años	2021T3	28,04
Hombres	15 Navarra, Comunidad Foral de	De 16 a 19 años	2021T2	77,67
Hombres	15 Navarra, Comunidad Foral de	De 16 a 19 años	2021T1	100,00
Hombres	15 Navarra, Comunidad Foral de	De 20 a 24 años	2023T4	17,49
Hombres	15 Navarra, Comunidad Foral de	De 20 a 24 años	2023T3	26,31
Hombres	15 Navarra, Comunidad Foral de	De 20 a 24 años	2023T2	23,30
Hombres	15 Navarra, Comunidad Foral de	De 20 a 24 años	2023T1	26,55
Hombres	15 Navarra, Comunidad Foral de	De 20 a 24 años	2022T4	26,37
Hombres	15 Navarra, Comunidad Foral de	De 20 a 24 años	2022T3	15,90
Hombres	15 Navarra, Comunidad Foral de	De 20 a 24 años	2022T2	12,16
Hombres	15 Navarra, Comunidad Foral de	De 20 a 24 años	2022T1	23,52
Hombres	15 Navarra, Comunidad Foral de	De 20 a 24 años	2021T4	20,55
Hombres	15 Navarra, Comunidad Foral de	De 20 a 24 años	2021T3	20,21
Hombres	15 Navarra, Comunidad Foral de	De 20 a 24 años	2021T2	28,88
Hombres	15 Navarra, Comunidad Foral de	De 20 a 24 años	2021T1	23,71
Hombres	15 Navarra, Comunidad Foral de	De 25 a 54 años	2023T4	7,48
Hombres	15 Navarra, Comunidad Foral de	De 25 a 54 años	2023T3	7,15
Hombres	15 Navarra, Comunidad Foral de	De 25 a 54 años	2023T2	6,23
Hombres	15 Navarra, Comunidad Foral de	De 25 a 54 años	2023T1	11,50
Hombres	15 Navarra, Comunidad Foral de	De 25 a 54 años	2022T4	8,73
Hombres	15 Navarra, Comunidad Foral de	De 25 a 54 años	2022T3	6,70
Hombres	15 Navarra, Comunidad Foral de	De 25 a 54 años	2022T2	6,73
Hombres	15 Navarra, Comunidad Foral de	De 25 a 54 años	2022T1	10,07
Hombres	15 Navarra, Comunidad Foral de	De 25 a 54 años	2021T4	11,40
Hombres	15 Navarra, Comunidad Foral de	De 25 a 54 años	2021T3	11,71
Hombres	15 Navarra, Comunidad Foral de	De 25 a 54 años	2021T2	9,57
Hombres	15 Navarra, Comunidad Foral de	De 25 a 54 años	2021T1	9,65
Hombres	15 Navarra, Comunidad Foral de	De 55 y más años	2023T4	3,91
Hombres	15 Navarra, Comunidad Foral de	De 55 y más años	2023T3	4,99
Hombres	15 Navarra, Comunidad Foral de	De 55 y más años	2023T2	4,82
Hombres	15 Navarra, Comunidad Foral de	De 55 y más años	2023T1	6,84
Hombres	15 Navarra, Comunidad Foral de	De 55 y más años	2022T4	6,31
Hombres	15 Navarra, Comunidad Foral de	De 55 y más años	2022T3	4,48
Hombres	15 Navarra, Comunidad Foral de	De 55 y más años	2022T2	8,35
Hombres	15 Navarra, Comunidad Foral de	De 55 y más años	2022T1	11,70
Hombres	15 Navarra, Comunidad Foral de	De 55 y más años	2021T4	7,13
Hombres	15 Navarra, Comunidad Foral de	De 55 y más años	2021T3	9,27
Hombres	15 Navarra, Comunidad Foral de	De 55 y más años	2021T2	7,93
Hombres	15 Navarra, Comunidad Foral de	De 55 y más años	2021T1	13,71
Hombres	16 País Vasco	Total	2023T4	5,86
Hombres	16 País Vasco	Total	2023T3	7,11
Hombres	16 País Vasco	Total	2023T2	7,12
Hombres	16 País Vasco	Total	2023T1	7,14
Hombres	16 País Vasco	Total	2022T4	8,11
Hombres	16 País Vasco	Total	2022T3	8,16
Hombres	16 País Vasco	Total	2022T2	8,49
Hombres	16 País Vasco	Total	2022T1	8,89
Hombres	16 País Vasco	Total	2021T4	8,94
Hombres	16 País Vasco	Total	2021T3	9,38
Hombres	16 País Vasco	Total	2021T2	9,63
Hombres	16 País Vasco	Total	2021T1	10,67
Hombres	16 País Vasco	Menores de 25 años	2023T4	17,47
Hombres	16 País Vasco	Menores de 25 años	2023T3	36,35
Hombres	16 País Vasco	Menores de 25 años	2023T2	31,58
Hombres	16 País Vasco	Menores de 25 años	2023T1	14,77
Hombres	16 País Vasco	Menores de 25 años	2022T4	18,90
Hombres	16 País Vasco	Menores de 25 años	2022T3	27,81
Hombres	16 País Vasco	Menores de 25 años	2022T2	25,07
Hombres	16 País Vasco	Menores de 25 años	2022T1	30,98
Hombres	16 País Vasco	Menores de 25 años	2021T4	29,32
Hombres	16 País Vasco	Menores de 25 años	2021T3	32,65
Hombres	16 País Vasco	Menores de 25 años	2021T2	34,80
Hombres	16 País Vasco	Menores de 25 años	2021T1	42,77
Hombres	16 País Vasco	25 y más años	2023T4	5,11
Hombres	16 País Vasco	25 y más años	2023T3	4,91
Hombres	16 País Vasco	25 y más años	2023T2	5,33
Hombres	16 País Vasco	25 y más años	2023T1	6,63
Hombres	16 País Vasco	25 y más años	2022T4	7,32
Hombres	16 País Vasco	25 y más años	2022T3	6,65
Hombres	16 País Vasco	25 y más años	2022T2	7,29
Hombres	16 País Vasco	25 y más años	2022T1	7,25
Hombres	16 País Vasco	25 y más años	2021T4	7,47
Hombres	16 País Vasco	25 y más años	2021T3	7,59
Hombres	16 País Vasco	25 y más años	2021T2	7,94
Hombres	16 País Vasco	25 y más años	2021T1	8,59
Hombres	16 País Vasco	De 16 a 19 años	2023T4	10,24
Hombres	16 País Vasco	De 16 a 19 años	2023T3	53,12
Hombres	16 País Vasco	De 16 a 19 años	2023T2	48,01
Hombres	16 País Vasco	De 16 a 19 años	2023T1	42,81
Hombres	16 País Vasco	De 16 a 19 años	2022T4	43,96
Hombres	16 País Vasco	De 16 a 19 años	2022T3	38,55
Hombres	16 País Vasco	De 16 a 19 años	2022T2	12,43
Hombres	16 País Vasco	De 16 a 19 años	2022T1	39,64
Hombres	16 País Vasco	De 16 a 19 años	2021T4	39,97
Hombres	16 País Vasco	De 16 a 19 años	2021T3	46,03
Hombres	16 País Vasco	De 16 a 19 años	2021T2	53,37
Hombres	16 País Vasco	De 16 a 19 años	2021T1	76,70
Hombres	16 País Vasco	De 20 a 24 años	2023T4	18,22
Hombres	16 País Vasco	De 20 a 24 años	2023T3	32,78
Hombres	16 País Vasco	De 20 a 24 años	2023T2	27,60
Hombres	16 País Vasco	De 20 a 24 años	2023T1	11,66
Hombres	16 País Vasco	De 20 a 24 años	2022T4	15,24
Hombres	16 País Vasco	De 20 a 24 años	2022T3	26,14
Hombres	16 País Vasco	De 20 a 24 años	2022T2	27,00
Hombres	16 País Vasco	De 20 a 24 años	2022T1	29,52
Hombres	16 País Vasco	De 20 a 24 años	2021T4	27,52
Hombres	16 País Vasco	De 20 a 24 años	2021T3	30,33
Hombres	16 País Vasco	De 20 a 24 años	2021T2	31,22
Hombres	16 País Vasco	De 20 a 24 años	2021T1	37,96
Hombres	16 País Vasco	De 25 a 54 años	2023T4	4,60
Hombres	16 País Vasco	De 25 a 54 años	2023T3	4,45
Hombres	16 País Vasco	De 25 a 54 años	2023T2	5,09
Hombres	16 País Vasco	De 25 a 54 años	2023T1	6,77
Hombres	16 País Vasco	De 25 a 54 años	2022T4	7,55
Hombres	16 País Vasco	De 25 a 54 años	2022T3	6,78
Hombres	16 País Vasco	De 25 a 54 años	2022T2	7,45
Hombres	16 País Vasco	De 25 a 54 años	2022T1	7,01
Hombres	16 País Vasco	De 25 a 54 años	2021T4	7,56
Hombres	16 País Vasco	De 25 a 54 años	2021T3	7,16
Hombres	16 País Vasco	De 25 a 54 años	2021T2	7,84
Hombres	16 País Vasco	De 25 a 54 años	2021T1	8,65
Hombres	16 País Vasco	De 55 y más años	2023T4	6,53
Hombres	16 País Vasco	De 55 y más años	2023T3	6,21
Hombres	16 País Vasco	De 55 y más años	2023T2	6,05
Hombres	16 País Vasco	De 55 y más años	2023T1	6,23
Hombres	16 País Vasco	De 55 y más años	2022T4	6,60
Hombres	16 País Vasco	De 55 y más años	2022T3	6,26
Hombres	16 País Vasco	De 55 y más años	2022T2	6,79
Hombres	16 País Vasco	De 55 y más años	2022T1	8,01
Hombres	16 País Vasco	De 55 y más años	2021T4	7,16
Hombres	16 País Vasco	De 55 y más años	2021T3	9,06
Hombres	16 País Vasco	De 55 y más años	2021T2	8,29
Hombres	16 País Vasco	De 55 y más años	2021T1	8,38
Hombres	17 Rioja, La	Total	2023T4	9,02
Hombres	17 Rioja, La	Total	2023T3	7,50
Hombres	17 Rioja, La	Total	2023T2	5,83
Hombres	17 Rioja, La	Total	2023T1	8,83
Hombres	17 Rioja, La	Total	2022T4	7,86
Hombres	17 Rioja, La	Total	2022T3	7,89
Hombres	17 Rioja, La	Total	2022T2	10,05
Hombres	17 Rioja, La	Total	2022T1	9,54
Hombres	17 Rioja, La	Total	2021T4	9,73
Hombres	17 Rioja, La	Total	2021T3	9,96
Hombres	17 Rioja, La	Total	2021T2	7,07
Hombres	17 Rioja, La	Total	2021T1	7,80
Hombres	17 Rioja, La	Menores de 25 años	2023T4	33,87
Hombres	17 Rioja, La	Menores de 25 años	2023T3	27,89
Hombres	17 Rioja, La	Menores de 25 años	2023T2	23,68
Hombres	17 Rioja, La	Menores de 25 años	2023T1	34,16
Hombres	17 Rioja, La	Menores de 25 años	2022T4	21,53
Hombres	17 Rioja, La	Menores de 25 años	2022T3	20,64
Hombres	17 Rioja, La	Menores de 25 años	2022T2	22,09
Hombres	17 Rioja, La	Menores de 25 años	2022T1	32,98
Hombres	17 Rioja, La	Menores de 25 años	2021T4	23,88
Hombres	17 Rioja, La	Menores de 25 años	2021T3	24,24
Hombres	17 Rioja, La	Menores de 25 años	2021T2	23,66
Hombres	17 Rioja, La	Menores de 25 años	2021T1	27,27
Hombres	17 Rioja, La	25 y más años	2023T4	7,17
Hombres	17 Rioja, La	25 y más años	2023T3	5,78
Hombres	17 Rioja, La	25 y más años	2023T2	4,43
Hombres	17 Rioja, La	25 y más años	2023T1	6,98
Hombres	17 Rioja, La	25 y más años	2022T4	6,99
Hombres	17 Rioja, La	25 y más años	2022T3	7,01
Hombres	17 Rioja, La	25 y más años	2022T2	9,23
Hombres	17 Rioja, La	25 y más años	2022T1	7,95
Hombres	17 Rioja, La	25 y más años	2021T4	8,91
Hombres	17 Rioja, La	25 y más años	2021T3	8,79
Hombres	17 Rioja, La	25 y más años	2021T2	5,72
Hombres	17 Rioja, La	25 y más años	2021T1	6,45
Hombres	17 Rioja, La	De 16 a 19 años	2023T4	32,96
Hombres	17 Rioja, La	De 16 a 19 años	2023T3	27,94
Hombres	17 Rioja, La	De 16 a 19 años	2023T2	38,51
Hombres	17 Rioja, La	De 16 a 19 años	2023T1	47,71
Hombres	17 Rioja, La	De 16 a 19 años	2022T4	22,35
Hombres	17 Rioja, La	De 16 a 19 años	2022T3	38,21
Hombres	17 Rioja, La	De 16 a 19 años	2022T2	26,80
Hombres	17 Rioja, La	De 16 a 19 años	2022T1	58,00
Hombres	17 Rioja, La	De 16 a 19 años	2021T4	..
Hombres	17 Rioja, La	De 16 a 19 años	2021T3	36,13
Hombres	17 Rioja, La	De 16 a 19 años	2021T2	46,14
Hombres	17 Rioja, La	De 16 a 19 años	2021T1	45,62
Hombres	17 Rioja, La	De 20 a 24 años	2023T4	34,06
Hombres	17 Rioja, La	De 20 a 24 años	2023T3	27,88
Hombres	17 Rioja, La	De 20 a 24 años	2023T2	20,47
Hombres	17 Rioja, La	De 20 a 24 años	2023T1	32,61
Hombres	17 Rioja, La	De 20 a 24 años	2022T4	21,39
Hombres	17 Rioja, La	De 20 a 24 años	2022T3	14,91
Hombres	17 Rioja, La	De 20 a 24 años	2022T2	21,23
Hombres	17 Rioja, La	De 20 a 24 años	2022T1	28,14
Hombres	17 Rioja, La	De 20 a 24 años	2021T4	25,48
Hombres	17 Rioja, La	De 20 a 24 años	2021T3	22,08
Hombres	17 Rioja, La	De 20 a 24 años	2021T2	18,71
Hombres	17 Rioja, La	De 20 a 24 años	2021T1	23,46
Hombres	17 Rioja, La	De 25 a 54 años	2023T4	7,66
Hombres	17 Rioja, La	De 25 a 54 años	2023T3	5,99
Hombres	17 Rioja, La	De 25 a 54 años	2023T2	4,36
Hombres	17 Rioja, La	De 25 a 54 años	2023T1	7,65
Hombres	17 Rioja, La	De 25 a 54 años	2022T4	8,42
Hombres	17 Rioja, La	De 25 a 54 años	2022T3	6,82
Hombres	17 Rioja, La	De 25 a 54 años	2022T2	9,63
Hombres	17 Rioja, La	De 25 a 54 años	2022T1	8,85
Hombres	17 Rioja, La	De 25 a 54 años	2021T4	8,96
Hombres	17 Rioja, La	De 25 a 54 años	2021T3	9,20
Hombres	17 Rioja, La	De 25 a 54 años	2021T2	4,49
Hombres	17 Rioja, La	De 25 a 54 años	2021T1	6,45
Hombres	17 Rioja, La	De 55 y más años	2023T4	5,73
Hombres	17 Rioja, La	De 55 y más años	2023T3	5,16
Hombres	17 Rioja, La	De 55 y más años	2023T2	4,64
Hombres	17 Rioja, La	De 55 y más años	2023T1	4,95
Hombres	17 Rioja, La	De 55 y más años	2022T4	2,62
Hombres	17 Rioja, La	De 55 y más años	2022T3	7,58
Hombres	17 Rioja, La	De 55 y más años	2022T2	8,04
Hombres	17 Rioja, La	De 55 y más años	2022T1	5,02
Hombres	17 Rioja, La	De 55 y más años	2021T4	8,73
Hombres	17 Rioja, La	De 55 y más años	2021T3	7,42
Hombres	17 Rioja, La	De 55 y más años	2021T2	9,77
Hombres	17 Rioja, La	De 55 y más años	2021T1	6,43
Hombres	18 Ceuta	Total	2023T4	21,79
Hombres	18 Ceuta	Total	2023T3	21,07
Hombres	18 Ceuta	Total	2023T2	20,38
Hombres	18 Ceuta	Total	2023T1	20,51
Hombres	18 Ceuta	Total	2022T4	25,76
Hombres	18 Ceuta	Total	2022T3	28,20
Hombres	18 Ceuta	Total	2022T2	18,33
Hombres	18 Ceuta	Total	2022T1	23,03
Hombres	18 Ceuta	Total	2021T4	20,78
Hombres	18 Ceuta	Total	2021T3	21,68
Hombres	18 Ceuta	Total	2021T2	19,14
Hombres	18 Ceuta	Total	2021T1	25,96
Hombres	18 Ceuta	Menores de 25 años	2023T4	82,55
Hombres	18 Ceuta	Menores de 25 años	2023T3	57,55
Hombres	18 Ceuta	Menores de 25 años	2023T2	39,82
Hombres	18 Ceuta	Menores de 25 años	2023T1	50,44
Hombres	18 Ceuta	Menores de 25 años	2022T4	35,63
Hombres	18 Ceuta	Menores de 25 años	2022T3	38,39
Hombres	18 Ceuta	Menores de 25 años	2022T2	23,30
Hombres	18 Ceuta	Menores de 25 años	2022T1	26,93
Hombres	18 Ceuta	Menores de 25 años	2021T4	15,18
Hombres	18 Ceuta	Menores de 25 años	2021T3	36,52
Hombres	18 Ceuta	Menores de 25 años	2021T2	74,63
Hombres	18 Ceuta	Menores de 25 años	2021T1	74,22
Hombres	18 Ceuta	25 y más años	2023T4	17,36
Hombres	18 Ceuta	25 y más años	2023T3	17,99
Hombres	18 Ceuta	25 y más años	2023T2	19,50
Hombres	18 Ceuta	25 y más años	2023T1	18,18
Hombres	18 Ceuta	25 y más años	2022T4	24,29
Hombres	18 Ceuta	25 y más años	2022T3	26,84
Hombres	18 Ceuta	25 y más años	2022T2	17,83
Hombres	18 Ceuta	25 y más años	2022T1	22,60
Hombres	18 Ceuta	25 y más años	2021T4	21,27
Hombres	18 Ceuta	25 y más años	2021T3	20,22
Hombres	18 Ceuta	25 y más años	2021T2	16,38
Hombres	18 Ceuta	25 y más años	2021T1	21,68
Hombres	18 Ceuta	De 16 a 19 años	2023T4	100,00
Hombres	18 Ceuta	De 16 a 19 años	2023T3	78,07
Hombres	18 Ceuta	De 16 a 19 años	2023T2	100,00
Hombres	18 Ceuta	De 16 a 19 años	2023T1	100,00
Hombres	18 Ceuta	De 16 a 19 años	2022T4	100,00
Hombres	18 Ceuta	De 16 a 19 años	2022T3	100,00
Hombres	18 Ceuta	De 16 a 19 años	2022T2	59,06
Hombres	18 Ceuta	De 16 a 19 años	2022T1	78,11
Hombres	18 Ceuta	De 16 a 19 años	2021T4	..
Hombres	18 Ceuta	De 16 a 19 años	2021T3	..
Hombres	18 Ceuta	De 16 a 19 años	2021T2	..
Hombres	18 Ceuta	De 16 a 19 años	2021T1	100,00
Hombres	18 Ceuta	De 20 a 24 años	2023T4	71,31
Hombres	18 Ceuta	De 20 a 24 años	2023T3	48,15
Hombres	18 Ceuta	De 20 a 24 años	2023T2	22,78
Hombres	18 Ceuta	De 20 a 24 años	2023T1	26,15
Hombres	18 Ceuta	De 20 a 24 años	2022T4	18,74
Hombres	18 Ceuta	De 20 a 24 años	2022T3	16,94
Hombres	18 Ceuta	De 20 a 24 años	2022T2	18,94
Hombres	18 Ceuta	De 20 a 24 años	2022T1	14,96
Hombres	18 Ceuta	De 20 a 24 años	2021T4	15,18
Hombres	18 Ceuta	De 20 a 24 años	2021T3	36,52
Hombres	18 Ceuta	De 20 a 24 años	2021T2	74,63
Hombres	18 Ceuta	De 20 a 24 años	2021T1	73,99
Hombres	18 Ceuta	De 25 a 54 años	2023T4	20,01
Hombres	18 Ceuta	De 25 a 54 años	2023T3	20,86
Hombres	18 Ceuta	De 25 a 54 años	2023T2	24,18
Hombres	18 Ceuta	De 25 a 54 años	2023T1	21,48
Hombres	18 Ceuta	De 25 a 54 años	2022T4	28,16
Hombres	18 Ceuta	De 25 a 54 años	2022T3	31,01
Hombres	18 Ceuta	De 25 a 54 años	2022T2	23,67
Hombres	18 Ceuta	De 25 a 54 años	2022T1	28,24
Hombres	18 Ceuta	De 25 a 54 años	2021T4	28,15
Hombres	18 Ceuta	De 25 a 54 años	2021T3	24,53
Hombres	18 Ceuta	De 25 a 54 años	2021T2	19,04
Hombres	18 Ceuta	De 25 a 54 años	2021T1	26,26
Hombres	18 Ceuta	De 55 y más años	2023T4	6,96
Hombres	18 Ceuta	De 55 y más años	2023T3	6,81
Hombres	18 Ceuta	De 55 y más años	2023T2	4,95
Hombres	18 Ceuta	De 55 y más años	2023T1	6,08
Hombres	18 Ceuta	De 55 y más años	2022T4	11,65
Hombres	18 Ceuta	De 55 y más años	2022T3	11,33
Hombres	18 Ceuta	De 55 y más años	2022T2	..
Hombres	18 Ceuta	De 55 y más años	2022T1	6,01
Hombres	18 Ceuta	De 55 y más años	2021T4	4,02
Hombres	18 Ceuta	De 55 y más años	2021T3	9,90
Hombres	18 Ceuta	De 55 y más años	2021T2	9,55
Hombres	18 Ceuta	De 55 y más años	2021T1	8,99
Hombres	19 Melilla	Total	2023T4	26,73
Hombres	19 Melilla	Total	2023T3	20,27
Hombres	19 Melilla	Total	2023T2	18,58
Hombres	19 Melilla	Total	2023T1	26,68
Hombres	19 Melilla	Total	2022T4	15,59
Hombres	19 Melilla	Total	2022T3	16,92
Hombres	19 Melilla	Total	2022T2	20,08
Hombres	19 Melilla	Total	2022T1	18,23
Hombres	19 Melilla	Total	2021T4	19,36
Hombres	19 Melilla	Total	2021T3	15,44
Hombres	19 Melilla	Total	2021T2	19,17
Hombres	19 Melilla	Total	2021T1	18,00
Hombres	19 Melilla	Menores de 25 años	2023T4	55,50
Hombres	19 Melilla	Menores de 25 años	2023T3	44,90
Hombres	19 Melilla	Menores de 25 años	2023T2	45,37
Hombres	19 Melilla	Menores de 25 años	2023T1	55,29
Hombres	19 Melilla	Menores de 25 años	2022T4	44,42
Hombres	19 Melilla	Menores de 25 años	2022T3	43,65
Hombres	19 Melilla	Menores de 25 años	2022T2	49,23
Hombres	19 Melilla	Menores de 25 años	2022T1	68,53
Hombres	19 Melilla	Menores de 25 años	2021T4	53,59
Hombres	19 Melilla	Menores de 25 años	2021T3	11,54
Hombres	19 Melilla	Menores de 25 años	2021T2	52,13
Hombres	19 Melilla	Menores de 25 años	2021T1	22,02
Hombres	19 Melilla	25 y más años	2023T4	22,23
Hombres	19 Melilla	25 y más años	2023T3	15,88
Hombres	19 Melilla	25 y más años	2023T2	14,63
Hombres	19 Melilla	25 y más años	2023T1	23,56
Hombres	19 Melilla	25 y más años	2022T4	13,28
Hombres	19 Melilla	25 y más años	2022T3	14,34
Hombres	19 Melilla	25 y más años	2022T2	16,52
Hombres	19 Melilla	25 y más años	2022T1	13,22
Hombres	19 Melilla	25 y más años	2021T4	15,83
Hombres	19 Melilla	25 y más años	2021T3	15,69
Hombres	19 Melilla	25 y más años	2021T2	15,77
Hombres	19 Melilla	25 y más años	2021T1	17,76
Hombres	19 Melilla	De 16 a 19 años	2023T4	..
Hombres	19 Melilla	De 16 a 19 años	2023T3	100,00
Hombres	19 Melilla	De 16 a 19 años	2023T2	100,00
Hombres	19 Melilla	De 16 a 19 años	2023T1	100,00
Hombres	19 Melilla	De 16 a 19 años	2022T4	..
Hombres	19 Melilla	De 16 a 19 años	2022T3	100,00
Hombres	19 Melilla	De 16 a 19 años	2022T2	100,00
Hombres	19 Melilla	De 16 a 19 años	2022T1	100,00
Hombres	19 Melilla	De 16 a 19 años	2021T4	100,00
Hombres	19 Melilla	De 16 a 19 años	2021T3	..
Hombres	19 Melilla	De 16 a 19 años	2021T2	100,00
Hombres	19 Melilla	De 16 a 19 años	2021T1	100,00
Hombres	19 Melilla	De 20 a 24 años	2023T4	59,24
Hombres	19 Melilla	De 20 a 24 años	2023T3	36,79
Hombres	19 Melilla	De 20 a 24 años	2023T2	42,19
Hombres	19 Melilla	De 20 a 24 años	2023T1	52,33
Hombres	19 Melilla	De 20 a 24 años	2022T4	44,42
Hombres	19 Melilla	De 20 a 24 años	2022T3	40,83
Hombres	19 Melilla	De 20 a 24 años	2022T2	46,20
Hombres	19 Melilla	De 20 a 24 años	2022T1	64,85
Hombres	19 Melilla	De 20 a 24 años	2021T4	48,23
Hombres	19 Melilla	De 20 a 24 años	2021T3	13,82
Hombres	19 Melilla	De 20 a 24 años	2021T2	46,60
Hombres	19 Melilla	De 20 a 24 años	2021T1	11,73
Hombres	19 Melilla	De 25 a 54 años	2023T4	24,38
Hombres	19 Melilla	De 25 a 54 años	2023T3	15,92
Hombres	19 Melilla	De 25 a 54 años	2023T2	15,22
Hombres	19 Melilla	De 25 a 54 años	2023T1	23,30
Hombres	19 Melilla	De 25 a 54 años	2022T4	8,90
Hombres	19 Melilla	De 25 a 54 años	2022T3	14,03
Hombres	19 Melilla	De 25 a 54 años	2022T2	16,48
Hombres	19 Melilla	De 25 a 54 años	2022T1	14,21
Hombres	19 Melilla	De 25 a 54 años	2021T4	17,00
Hombres	19 Melilla	De 25 a 54 años	2021T3	17,99
Hombres	19 Melilla	De 25 a 54 años	2021T2	17,96
Hombres	19 Melilla	De 25 a 54 años	2021T1	19,40
Hombres	19 Melilla	De 55 y más años	2023T4	14,81
Hombres	19 Melilla	De 55 y más años	2023T3	15,76
Hombres	19 Melilla	De 55 y más años	2023T2	12,58
Hombres	19 Melilla	De 55 y más años	2023T1	24,41
Hombres	19 Melilla	De 55 y más años	2022T4	29,47
Hombres	19 Melilla	De 55 y más años	2022T3	15,52
Hombres	19 Melilla	De 55 y más años	2022T2	16,71
Hombres	19 Melilla	De 55 y más años	2022T1	8,68
Hombres	19 Melilla	De 55 y más años	2021T4	8,75
Hombres	19 Melilla	De 55 y más años	2021T3	2,97
Hombres	19 Melilla	De 55 y más años	2021T2	4,15
Hombres	19 Melilla	De 55 y más años	2021T1	8,13
Mujeres	Total Nacional	Total	2023T4	13,36
Mujeres	Total Nacional	Total	2023T3	13,59
Mujeres	Total Nacional	Total	2023T2	13,16
Mujeres	Total Nacional	Total	2023T1	15,13
Mujeres	Total Nacional	Total	2022T4	14,61
Mujeres	Total Nacional	Total	2022T3	14,84
Mujeres	Total Nacional	Total	2022T2	14,15
Mujeres	Total Nacional	Total	2022T1	15,44
Mujeres	Total Nacional	Total	2021T4	15,04
Mujeres	Total Nacional	Total	2021T3	16,36
Mujeres	Total Nacional	Total	2021T2	17,36
Mujeres	Total Nacional	Total	2021T1	18,13
Mujeres	Total Nacional	Menores de 25 años	2023T4	27,26
Mujeres	Total Nacional	Menores de 25 años	2023T3	26,90
Mujeres	Total Nacional	Menores de 25 años	2023T2	28,44
Mujeres	Total Nacional	Menores de 25 años	2023T1	31,24
Mujeres	Total Nacional	Menores de 25 años	2022T4	29,91
Mujeres	Total Nacional	Menores de 25 años	2022T3	33,43
Mujeres	Total Nacional	Menores de 25 años	2022T2	29,43
Mujeres	Total Nacional	Menores de 25 años	2022T1	30,07
Mujeres	Total Nacional	Menores de 25 años	2021T4	30,78
Mujeres	Total Nacional	Menores de 25 años	2021T3	31,26
Mujeres	Total Nacional	Menores de 25 años	2021T2	39,90
Mujeres	Total Nacional	Menores de 25 años	2021T1	41,18
Mujeres	Total Nacional	25 y más años	2023T4	12,36
Mujeres	Total Nacional	25 y más años	2023T3	12,52
Mujeres	Total Nacional	25 y más años	2023T2	12,06
Mujeres	Total Nacional	25 y más años	2023T1	14,01
Mujeres	Total Nacional	25 y más años	2022T4	13,55
Mujeres	Total Nacional	25 y más años	2022T3	13,41
Mujeres	Total Nacional	25 y más años	2022T2	13,02
Mujeres	Total Nacional	25 y más años	2022T1	14,45
Mujeres	Total Nacional	25 y más años	2021T4	14,00
Mujeres	Total Nacional	25 y más años	2021T3	15,23
Mujeres	Total Nacional	25 y más años	2021T2	15,78
Mujeres	Total Nacional	25 y más años	2021T1	16,70
Mujeres	Total Nacional	De 16 a 19 años	2023T4	43,79
Mujeres	Total Nacional	De 16 a 19 años	2023T3	40,07
Mujeres	Total Nacional	De 16 a 19 años	2023T2	42,67
Mujeres	Total Nacional	De 16 a 19 años	2023T1	46,05
Mujeres	Total Nacional	De 16 a 19 años	2022T4	41,37
Mujeres	Total Nacional	De 16 a 19 años	2022T3	44,97
Mujeres	Total Nacional	De 16 a 19 años	2022T2	47,83
Mujeres	Total Nacional	De 16 a 19 años	2022T1	49,24
Mujeres	Total Nacional	De 16 a 19 años	2021T4	48,84
Mujeres	Total Nacional	De 16 a 19 años	2021T3	41,32
Mujeres	Total Nacional	De 16 a 19 años	2021T2	61,95
Mujeres	Total Nacional	De 16 a 19 años	2021T1	61,50
Mujeres	Total Nacional	De 20 a 24 años	2023T4	24,29
Mujeres	Total Nacional	De 20 a 24 años	2023T3	24,00
Mujeres	Total Nacional	De 20 a 24 años	2023T2	25,63
Mujeres	Total Nacional	De 20 a 24 años	2023T1	28,42
Mujeres	Total Nacional	De 20 a 24 años	2022T4	27,82
Mujeres	Total Nacional	De 20 a 24 años	2022T3	30,70
Mujeres	Total Nacional	De 20 a 24 años	2022T2	25,50
Mujeres	Total Nacional	De 20 a 24 años	2022T1	26,12
Mujeres	Total Nacional	De 20 a 24 años	2021T4	27,37
Mujeres	Total Nacional	De 20 a 24 años	2021T3	28,86
Mujeres	Total Nacional	De 20 a 24 años	2021T2	35,60
Mujeres	Total Nacional	De 20 a 24 años	2021T1	38,27
Mujeres	Total Nacional	De 25 a 54 años	2023T4	12,40
Mujeres	Total Nacional	De 25 a 54 años	2023T3	12,37
Mujeres	Total Nacional	De 25 a 54 años	2023T2	11,80
Mujeres	Total Nacional	De 25 a 54 años	2023T1	14,16
Mujeres	Total Nacional	De 25 a 54 años	2022T4	13,74
Mujeres	Total Nacional	De 25 a 54 años	2022T3	13,70
Mujeres	Total Nacional	De 25 a 54 años	2022T2	12,98
Mujeres	Total Nacional	De 25 a 54 años	2022T1	14,61
Mujeres	Total Nacional	De 25 a 54 años	2021T4	13,84
Mujeres	Total Nacional	De 25 a 54 años	2021T3	14,98
Mujeres	Total Nacional	De 25 a 54 años	2021T2	16,11
Mujeres	Total Nacional	De 25 a 54 años	2021T1	17,38
Mujeres	Total Nacional	De 55 y más años	2023T4	12,23
Mujeres	Total Nacional	De 55 y más años	2023T3	13,09
Mujeres	Total Nacional	De 55 y más años	2023T2	13,03
Mujeres	Total Nacional	De 55 y más años	2023T1	13,44
Mujeres	Total Nacional	De 55 y más años	2022T4	12,85
Mujeres	Total Nacional	De 55 y más años	2022T3	12,31
Mujeres	Total Nacional	De 55 y más años	2022T2	13,18
Mujeres	Total Nacional	De 55 y más años	2022T1	13,85
Mujeres	Total Nacional	De 55 y más años	2021T4	14,63
Mujeres	Total Nacional	De 55 y más años	2021T3	16,21
Mujeres	Total Nacional	De 55 y más años	2021T2	14,42
Mujeres	Total Nacional	De 55 y más años	2021T1	13,95
Mujeres	01 Andalucía	Total	2023T4	20,68
Mujeres	01 Andalucía	Total	2023T3	21,44
Mujeres	01 Andalucía	Total	2023T2	21,25
Mujeres	01 Andalucía	Total	2023T1	21,78
Mujeres	01 Andalucía	Total	2022T4	21,96
Mujeres	01 Andalucía	Total	2022T3	23,09
Mujeres	01 Andalucía	Total	2022T2	22,29
Mujeres	01 Andalucía	Total	2022T1	23,21
Mujeres	01 Andalucía	Total	2021T4	23,67
Mujeres	01 Andalucía	Total	2021T3	25,97
Mujeres	01 Andalucía	Total	2021T2	25,47
Mujeres	01 Andalucía	Total	2021T1	26,74
Mujeres	01 Andalucía	Menores de 25 años	2023T4	35,62
Mujeres	01 Andalucía	Menores de 25 años	2023T3	37,21
Mujeres	01 Andalucía	Menores de 25 años	2023T2	41,29
Mujeres	01 Andalucía	Menores de 25 años	2023T1	38,48
Mujeres	01 Andalucía	Menores de 25 años	2022T4	40,79
Mujeres	01 Andalucía	Menores de 25 años	2022T3	43,31
Mujeres	01 Andalucía	Menores de 25 años	2022T2	33,26
Mujeres	01 Andalucía	Menores de 25 años	2022T1	37,06
Mujeres	01 Andalucía	Menores de 25 años	2021T4	39,56
Mujeres	01 Andalucía	Menores de 25 años	2021T3	41,71
Mujeres	01 Andalucía	Menores de 25 años	2021T2	52,18
Mujeres	01 Andalucía	Menores de 25 años	2021T1	54,28
Mujeres	01 Andalucía	25 y más años	2023T4	19,64
Mujeres	01 Andalucía	25 y más años	2023T3	20,09
Mujeres	01 Andalucía	25 y más años	2023T2	19,67
Mujeres	01 Andalucía	25 y más años	2023T1	20,68
Mujeres	01 Andalucía	25 y más años	2022T4	20,61
Mujeres	01 Andalucía	25 y más años	2022T3	21,55
Mujeres	01 Andalucía	25 y más años	2022T2	21,48
Mujeres	01 Andalucía	25 y más años	2022T1	22,28
Mujeres	01 Andalucía	25 y más años	2021T4	22,63
Mujeres	01 Andalucía	25 y más años	2021T3	24,74
Mujeres	01 Andalucía	25 y más años	2021T2	23,51
Mujeres	01 Andalucía	25 y más años	2021T1	25,09
Mujeres	01 Andalucía	De 16 a 19 años	2023T4	47,45
Mujeres	01 Andalucía	De 16 a 19 años	2023T3	53,33
Mujeres	01 Andalucía	De 16 a 19 años	2023T2	63,23
Mujeres	01 Andalucía	De 16 a 19 años	2023T1	64,77
Mujeres	01 Andalucía	De 16 a 19 años	2022T4	48,22
Mujeres	01 Andalucía	De 16 a 19 años	2022T3	50,95
Mujeres	01 Andalucía	De 16 a 19 años	2022T2	64,69
Mujeres	01 Andalucía	De 16 a 19 años	2022T1	51,92
Mujeres	01 Andalucía	De 16 a 19 años	2021T4	60,95
Mujeres	01 Andalucía	De 16 a 19 años	2021T3	59,69
Mujeres	01 Andalucía	De 16 a 19 años	2021T2	73,78
Mujeres	01 Andalucía	De 16 a 19 años	2021T1	57,88
Mujeres	01 Andalucía	De 20 a 24 años	2023T4	33,73
Mujeres	01 Andalucía	De 20 a 24 años	2023T3	33,93
Mujeres	01 Andalucía	De 20 a 24 años	2023T2	37,29
Mujeres	01 Andalucía	De 20 a 24 años	2023T1	33,74
Mujeres	01 Andalucía	De 20 a 24 años	2022T4	39,33
Mujeres	01 Andalucía	De 20 a 24 años	2022T3	41,81
Mujeres	01 Andalucía	De 20 a 24 años	2022T2	28,45
Mujeres	01 Andalucía	De 20 a 24 años	2022T1	34,75
Mujeres	01 Andalucía	De 20 a 24 años	2021T4	35,58
Mujeres	01 Andalucía	De 20 a 24 años	2021T3	38,43
Mujeres	01 Andalucía	De 20 a 24 años	2021T2	48,13
Mujeres	01 Andalucía	De 20 a 24 años	2021T1	53,83
Mujeres	01 Andalucía	De 25 a 54 años	2023T4	19,82
Mujeres	01 Andalucía	De 25 a 54 años	2023T3	19,68
Mujeres	01 Andalucía	De 25 a 54 años	2023T2	18,82
Mujeres	01 Andalucía	De 25 a 54 años	2023T1	20,78
Mujeres	01 Andalucía	De 25 a 54 años	2022T4	21,08
Mujeres	01 Andalucía	De 25 a 54 años	2022T3	21,45
Mujeres	01 Andalucía	De 25 a 54 años	2022T2	20,82
Mujeres	01 Andalucía	De 25 a 54 años	2022T1	21,94
Mujeres	01 Andalucía	De 25 a 54 años	2021T4	22,22
Mujeres	01 Andalucía	De 25 a 54 años	2021T3	24,40
Mujeres	01 Andalucía	De 25 a 54 años	2021T2	24,14
Mujeres	01 Andalucía	De 25 a 54 años	2021T1	25,69
Mujeres	01 Andalucía	De 55 y más años	2023T4	18,93
Mujeres	01 Andalucía	De 55 y más años	2023T3	21,75
Mujeres	01 Andalucía	De 55 y más años	2023T2	23,03
Mujeres	01 Andalucía	De 55 y más años	2023T1	20,28
Mujeres	01 Andalucía	De 55 y más años	2022T4	18,53
Mujeres	01 Andalucía	De 55 y más años	2022T3	21,94
Mujeres	01 Andalucía	De 55 y más años	2022T2	24,39
Mujeres	01 Andalucía	De 55 y más años	2022T1	23,79
Mujeres	01 Andalucía	De 55 y más años	2021T4	24,47
Mujeres	01 Andalucía	De 55 y más años	2021T3	26,27
Mujeres	01 Andalucía	De 55 y más años	2021T2	20,59
Mujeres	01 Andalucía	De 55 y más años	2021T1	22,30
Mujeres	02 Aragón	Total	2023T4	10,04
Mujeres	02 Aragón	Total	2023T3	9,30
Mujeres	02 Aragón	Total	2023T2	11,76
Mujeres	02 Aragón	Total	2023T1	11,38
Mujeres	02 Aragón	Total	2022T4	11,60
Mujeres	02 Aragón	Total	2022T3	11,24
Mujeres	02 Aragón	Total	2022T2	10,83
Mujeres	02 Aragón	Total	2022T1	11,90
Mujeres	02 Aragón	Total	2021T4	9,96
Mujeres	02 Aragón	Total	2021T3	9,79
Mujeres	02 Aragón	Total	2021T2	13,84
Mujeres	02 Aragón	Total	2021T1	14,61
Mujeres	02 Aragón	Menores de 25 años	2023T4	27,10
Mujeres	02 Aragón	Menores de 25 años	2023T3	22,39
Mujeres	02 Aragón	Menores de 25 años	2023T2	43,29
Mujeres	02 Aragón	Menores de 25 años	2023T1	23,82
Mujeres	02 Aragón	Menores de 25 años	2022T4	21,84
Mujeres	02 Aragón	Menores de 25 años	2022T3	35,77
Mujeres	02 Aragón	Menores de 25 años	2022T2	37,74
Mujeres	02 Aragón	Menores de 25 años	2022T1	23,33
Mujeres	02 Aragón	Menores de 25 años	2021T4	21,25
Mujeres	02 Aragón	Menores de 25 años	2021T3	25,24
Mujeres	02 Aragón	Menores de 25 años	2021T2	32,25
Mujeres	02 Aragón	Menores de 25 años	2021T1	42,85
Mujeres	02 Aragón	25 y más años	2023T4	8,86
Mujeres	02 Aragón	25 y más años	2023T3	8,39
Mujeres	02 Aragón	25 y más años	2023T2	9,89
Mujeres	02 Aragón	25 y más años	2023T1	10,66
Mujeres	02 Aragón	25 y más años	2022T4	11,06
Mujeres	02 Aragón	25 y más años	2022T3	9,56
Mujeres	02 Aragón	25 y más años	2022T2	8,99
Mujeres	02 Aragón	25 y más años	2022T1	11,18
Mujeres	02 Aragón	25 y más años	2021T4	9,29
Mujeres	02 Aragón	25 y más años	2021T3	8,77
Mujeres	02 Aragón	25 y más años	2021T2	12,73
Mujeres	02 Aragón	25 y más años	2021T1	13,05
Mujeres	02 Aragón	De 16 a 19 años	2023T4	42,46
Mujeres	02 Aragón	De 16 a 19 años	2023T3	27,97
Mujeres	02 Aragón	De 16 a 19 años	2023T2	78,42
Mujeres	02 Aragón	De 16 a 19 años	2023T1	70,26
Mujeres	02 Aragón	De 16 a 19 años	2022T4	40,04
Mujeres	02 Aragón	De 16 a 19 años	2022T3	51,50
Mujeres	02 Aragón	De 16 a 19 años	2022T2	46,10
Mujeres	02 Aragón	De 16 a 19 años	2022T1	48,95
Mujeres	02 Aragón	De 16 a 19 años	2021T4	32,94
Mujeres	02 Aragón	De 16 a 19 años	2021T3	55,75
Mujeres	02 Aragón	De 16 a 19 años	2021T2	28,31
Mujeres	02 Aragón	De 16 a 19 años	2021T1	79,78
Mujeres	02 Aragón	De 20 a 24 años	2023T4	23,98
Mujeres	02 Aragón	De 20 a 24 años	2023T3	20,87
Mujeres	02 Aragón	De 20 a 24 años	2023T2	34,78
Mujeres	02 Aragón	De 20 a 24 años	2023T1	18,69
Mujeres	02 Aragón	De 20 a 24 años	2022T4	17,33
Mujeres	02 Aragón	De 20 a 24 años	2022T3	32,71
Mujeres	02 Aragón	De 20 a 24 años	2022T2	35,13
Mujeres	02 Aragón	De 20 a 24 años	2022T1	18,29
Mujeres	02 Aragón	De 20 a 24 años	2021T4	19,92
Mujeres	02 Aragón	De 20 a 24 años	2021T3	19,30
Mujeres	02 Aragón	De 20 a 24 años	2021T2	32,75
Mujeres	02 Aragón	De 20 a 24 años	2021T1	38,46
Mujeres	02 Aragón	De 25 a 54 años	2023T4	8,35
Mujeres	02 Aragón	De 25 a 54 años	2023T3	8,08
Mujeres	02 Aragón	De 25 a 54 años	2023T2	9,62
Mujeres	02 Aragón	De 25 a 54 años	2023T1	11,35
Mujeres	02 Aragón	De 25 a 54 años	2022T4	11,39
Mujeres	02 Aragón	De 25 a 54 años	2022T3	10,28
Mujeres	02 Aragón	De 25 a 54 años	2022T2	9,33
Mujeres	02 Aragón	De 25 a 54 años	2022T1	12,29
Mujeres	02 Aragón	De 25 a 54 años	2021T4	9,32
Mujeres	02 Aragón	De 25 a 54 años	2021T3	8,58
Mujeres	02 Aragón	De 25 a 54 años	2021T2	13,27
Mujeres	02 Aragón	De 25 a 54 años	2021T1	14,03
Mujeres	02 Aragón	De 55 y más años	2023T4	10,57
Mujeres	02 Aragón	De 55 y más años	2023T3	9,41
Mujeres	02 Aragón	De 55 y más años	2023T2	10,83
Mujeres	02 Aragón	De 55 y más años	2023T1	8,18
Mujeres	02 Aragón	De 55 y más años	2022T4	9,96
Mujeres	02 Aragón	De 55 y más años	2022T3	7,18
Mujeres	02 Aragón	De 55 y más años	2022T2	7,83
Mujeres	02 Aragón	De 55 y más años	2022T1	7,44
Mujeres	02 Aragón	De 55 y más años	2021T4	9,19
Mujeres	02 Aragón	De 55 y más años	2021T3	9,46
Mujeres	02 Aragón	De 55 y más años	2021T2	10,77
Mujeres	02 Aragón	De 55 y más años	2021T1	9,43
Mujeres	03 Asturias, Principado de	Total	2023T4	12,24
Mujeres	03 Asturias, Principado de	Total	2023T3	14,74
Mujeres	03 Asturias, Principado de	Total	2023T2	11,68
Mujeres	03 Asturias, Principado de	Total	2023T1	13,66
Mujeres	03 Asturias, Principado de	Total	2022T4	14,39
Mujeres	03 Asturias, Principado de	Total	2022T3	13,65
Mujeres	03 Asturias, Principado de	Total	2022T2	11,78
Mujeres	03 Asturias, Principado de	Total	2022T1	14,52
Mujeres	03 Asturias, Principado de	Total	2021T4	10,39
Mujeres	03 Asturias, Principado de	Total	2021T3	13,29
Mujeres	03 Asturias, Principado de	Total	2021T2	15,36
Mujeres	03 Asturias, Principado de	Total	2021T1	15,76
Mujeres	03 Asturias, Principado de	Menores de 25 años	2023T4	24,37
Mujeres	03 Asturias, Principado de	Menores de 25 años	2023T3	25,43
Mujeres	03 Asturias, Principado de	Menores de 25 años	2023T2	23,48
Mujeres	03 Asturias, Principado de	Menores de 25 años	2023T1	13,58
Mujeres	03 Asturias, Principado de	Menores de 25 años	2022T4	36,36
Mujeres	03 Asturias, Principado de	Menores de 25 años	2022T3	40,38
Mujeres	03 Asturias, Principado de	Menores de 25 años	2022T2	25,81
Mujeres	03 Asturias, Principado de	Menores de 25 años	2022T1	31,81
Mujeres	03 Asturias, Principado de	Menores de 25 años	2021T4	9,45
Mujeres	03 Asturias, Principado de	Menores de 25 años	2021T3	35,82
Mujeres	03 Asturias, Principado de	Menores de 25 años	2021T2	50,78
Mujeres	03 Asturias, Principado de	Menores de 25 años	2021T1	39,79
Mujeres	03 Asturias, Principado de	25 y más años	2023T4	11,63
Mujeres	03 Asturias, Principado de	25 y más años	2023T3	14,22
Mujeres	03 Asturias, Principado de	25 y más años	2023T2	11,15
Mujeres	03 Asturias, Principado de	25 y más años	2023T1	13,67
Mujeres	03 Asturias, Principado de	25 y más años	2022T4	13,23
Mujeres	03 Asturias, Principado de	25 y más años	2022T3	12,06
Mujeres	03 Asturias, Principado de	25 y más años	2022T2	11,19
Mujeres	03 Asturias, Principado de	25 y más años	2022T1	13,77
Mujeres	03 Asturias, Principado de	25 y más años	2021T4	10,42
Mujeres	03 Asturias, Principado de	25 y más años	2021T3	12,41
Mujeres	03 Asturias, Principado de	25 y más años	2021T2	13,80
Mujeres	03 Asturias, Principado de	25 y más años	2021T1	15,16
Mujeres	03 Asturias, Principado de	De 16 a 19 años	2023T4	63,62
Mujeres	03 Asturias, Principado de	De 16 a 19 años	2023T3	69,10
Mujeres	03 Asturias, Principado de	De 16 a 19 años	2023T2	72,70
Mujeres	03 Asturias, Principado de	De 16 a 19 años	2023T1	40,14
Mujeres	03 Asturias, Principado de	De 16 a 19 años	2022T4	64,38
Mujeres	03 Asturias, Principado de	De 16 a 19 años	2022T3	65,68
Mujeres	03 Asturias, Principado de	De 16 a 19 años	2022T2	40,05
Mujeres	03 Asturias, Principado de	De 16 a 19 años	2022T1	84,10
Mujeres	03 Asturias, Principado de	De 16 a 19 años	2021T4	100,00
Mujeres	03 Asturias, Principado de	De 16 a 19 años	2021T3	54,02
Mujeres	03 Asturias, Principado de	De 16 a 19 años	2021T2	100,00
Mujeres	03 Asturias, Principado de	De 16 a 19 años	2021T1	..
Mujeres	03 Asturias, Principado de	De 20 a 24 años	2023T4	12,61
Mujeres	03 Asturias, Principado de	De 20 a 24 años	2023T3	12,19
Mujeres	03 Asturias, Principado de	De 20 a 24 años	2023T2	11,62
Mujeres	03 Asturias, Principado de	De 20 a 24 años	2023T1	7,31
Mujeres	03 Asturias, Principado de	De 20 a 24 años	2022T4	31,16
Mujeres	03 Asturias, Principado de	De 20 a 24 años	2022T3	35,67
Mujeres	03 Asturias, Principado de	De 20 a 24 años	2022T2	22,99
Mujeres	03 Asturias, Principado de	De 20 a 24 años	2022T1	25,30
Mujeres	03 Asturias, Principado de	De 20 a 24 años	2021T4	5,33
Mujeres	03 Asturias, Principado de	De 20 a 24 años	2021T3	34,02
Mujeres	03 Asturias, Principado de	De 20 a 24 años	2021T2	43,96
Mujeres	03 Asturias, Principado de	De 20 a 24 años	2021T1	41,65
Mujeres	03 Asturias, Principado de	De 25 a 54 años	2023T4	11,85
Mujeres	03 Asturias, Principado de	De 25 a 54 años	2023T3	14,91
Mujeres	03 Asturias, Principado de	De 25 a 54 años	2023T2	11,12
Mujeres	03 Asturias, Principado de	De 25 a 54 años	2023T1	14,56
Mujeres	03 Asturias, Principado de	De 25 a 54 años	2022T4	13,46
Mujeres	03 Asturias, Principado de	De 25 a 54 años	2022T3	12,75
Mujeres	03 Asturias, Principado de	De 25 a 54 años	2022T2	12,14
Mujeres	03 Asturias, Principado de	De 25 a 54 años	2022T1	14,78
Mujeres	03 Asturias, Principado de	De 25 a 54 años	2021T4	10,53
Mujeres	03 Asturias, Principado de	De 25 a 54 años	2021T3	13,29
Mujeres	03 Asturias, Principado de	De 25 a 54 años	2021T2	15,37
Mujeres	03 Asturias, Principado de	De 25 a 54 años	2021T1	17,05
Mujeres	03 Asturias, Principado de	De 55 y más años	2023T4	11,01
Mujeres	03 Asturias, Principado de	De 55 y más años	2023T3	12,16
Mujeres	03 Asturias, Principado de	De 55 y más años	2023T2	11,24
Mujeres	03 Asturias, Principado de	De 55 y más años	2023T1	11,04
Mujeres	03 Asturias, Principado de	De 55 y más años	2022T4	12,56
Mujeres	03 Asturias, Principado de	De 55 y más años	2022T3	9,91
Mujeres	03 Asturias, Principado de	De 55 y más años	2022T2	8,28
Mujeres	03 Asturias, Principado de	De 55 y más años	2022T1	10,50
Mujeres	03 Asturias, Principado de	De 55 y más años	2021T4	10,10
Mujeres	03 Asturias, Principado de	De 55 y más años	2021T3	9,53
Mujeres	03 Asturias, Principado de	De 55 y más años	2021T2	8,88
Mujeres	03 Asturias, Principado de	De 55 y más años	2021T1	9,20
Mujeres	04 Balears, Illes	Total	2023T4	11,83
Mujeres	04 Balears, Illes	Total	2023T3	5,84
Mujeres	04 Balears, Illes	Total	2023T2	7,36
Mujeres	04 Balears, Illes	Total	2023T1	19,24
Mujeres	04 Balears, Illes	Total	2022T4	11,70
Mujeres	04 Balears, Illes	Total	2022T3	6,43
Mujeres	04 Balears, Illes	Total	2022T2	10,71
Mujeres	04 Balears, Illes	Total	2022T1	19,93
Mujeres	04 Balears, Illes	Total	2021T4	15,68
Mujeres	04 Balears, Illes	Total	2021T3	11,47
Mujeres	04 Balears, Illes	Total	2021T2	16,67
Mujeres	04 Balears, Illes	Total	2021T1	21,06
Mujeres	04 Balears, Illes	Menores de 25 años	2023T4	19,17
Mujeres	04 Balears, Illes	Menores de 25 años	2023T3	8,86
Mujeres	04 Balears, Illes	Menores de 25 años	2023T2	17,52
Mujeres	04 Balears, Illes	Menores de 25 años	2023T1	23,06
Mujeres	04 Balears, Illes	Menores de 25 años	2022T4	16,92
Mujeres	04 Balears, Illes	Menores de 25 años	2022T3	14,15
Mujeres	04 Balears, Illes	Menores de 25 años	2022T2	26,79
Mujeres	04 Balears, Illes	Menores de 25 años	2022T1	16,20
Mujeres	04 Balears, Illes	Menores de 25 años	2021T4	31,43
Mujeres	04 Balears, Illes	Menores de 25 años	2021T3	23,19
Mujeres	04 Balears, Illes	Menores de 25 años	2021T2	54,30
Mujeres	04 Balears, Illes	Menores de 25 años	2021T1	29,20
Mujeres	04 Balears, Illes	25 y más años	2023T4	11,40
Mujeres	04 Balears, Illes	25 y más años	2023T3	5,58
Mujeres	04 Balears, Illes	25 y más años	2023T2	6,52
Mujeres	04 Balears, Illes	25 y más años	2023T1	18,99
Mujeres	04 Balears, Illes	25 y más años	2022T4	11,31
Mujeres	04 Balears, Illes	25 y más años	2022T3	5,79
Mujeres	04 Balears, Illes	25 y más años	2022T2	9,48
Mujeres	04 Balears, Illes	25 y más años	2022T1	20,11
Mujeres	04 Balears, Illes	25 y más años	2021T4	14,74
Mujeres	04 Balears, Illes	25 y más años	2021T3	10,63
Mujeres	04 Balears, Illes	25 y más años	2021T2	14,21
Mujeres	04 Balears, Illes	25 y más años	2021T1	20,63
Mujeres	04 Balears, Illes	De 16 a 19 años	2023T4	58,68
Mujeres	04 Balears, Illes	De 16 a 19 años	2023T3	23,13
Mujeres	04 Balears, Illes	De 16 a 19 años	2023T2	40,45
Mujeres	04 Balears, Illes	De 16 a 19 años	2023T1	59,62
Mujeres	04 Balears, Illes	De 16 a 19 años	2022T4	49,58
Mujeres	04 Balears, Illes	De 16 a 19 años	2022T3	30,22
Mujeres	04 Balears, Illes	De 16 a 19 años	2022T2	49,86
Mujeres	04 Balears, Illes	De 16 a 19 años	2022T1	32,91
Mujeres	04 Balears, Illes	De 16 a 19 años	2021T4	18,05
Mujeres	04 Balears, Illes	De 16 a 19 años	2021T3	24,43
Mujeres	04 Balears, Illes	De 16 a 19 años	2021T2	68,83
Mujeres	04 Balears, Illes	De 16 a 19 años	2021T1	39,26
Mujeres	04 Balears, Illes	De 20 a 24 años	2023T4	13,76
Mujeres	04 Balears, Illes	De 20 a 24 años	2023T3	4,59
Mujeres	04 Balears, Illes	De 20 a 24 años	2023T2	11,99
Mujeres	04 Balears, Illes	De 20 a 24 años	2023T1	16,95
Mujeres	04 Balears, Illes	De 20 a 24 años	2022T4	9,32
Mujeres	04 Balears, Illes	De 20 a 24 años	2022T3	10,52
Mujeres	04 Balears, Illes	De 20 a 24 años	2022T2	21,87
Mujeres	04 Balears, Illes	De 20 a 24 años	2022T1	14,22
Mujeres	04 Balears, Illes	De 20 a 24 años	2021T4	32,74
Mujeres	04 Balears, Illes	De 20 a 24 años	2021T3	22,95
Mujeres	04 Balears, Illes	De 20 a 24 años	2021T2	51,55
Mujeres	04 Balears, Illes	De 20 a 24 años	2021T1	27,58
Mujeres	04 Balears, Illes	De 25 a 54 años	2023T4	11,77
Mujeres	04 Balears, Illes	De 25 a 54 años	2023T3	5,66
Mujeres	04 Balears, Illes	De 25 a 54 años	2023T2	6,26
Mujeres	04 Balears, Illes	De 25 a 54 años	2023T1	19,24
Mujeres	04 Balears, Illes	De 25 a 54 años	2022T4	11,15
Mujeres	04 Balears, Illes	De 25 a 54 años	2022T3	5,70
Mujeres	04 Balears, Illes	De 25 a 54 años	2022T2	9,89
Mujeres	04 Balears, Illes	De 25 a 54 años	2022T1	18,95
Mujeres	04 Balears, Illes	De 25 a 54 años	2021T4	13,82
Mujeres	04 Balears, Illes	De 25 a 54 años	2021T3	9,51
Mujeres	04 Balears, Illes	De 25 a 54 años	2021T2	14,99
Mujeres	04 Balears, Illes	De 25 a 54 años	2021T1	21,57
Mujeres	04 Balears, Illes	De 55 y más años	2023T4	9,99
Mujeres	04 Balears, Illes	De 55 y más años	2023T3	5,28
Mujeres	04 Balears, Illes	De 55 y más años	2023T2	7,54
Mujeres	04 Balears, Illes	De 55 y más años	2023T1	18,01
Mujeres	04 Balears, Illes	De 55 y más años	2022T4	12,04
Mujeres	04 Balears, Illes	De 55 y más años	2022T3	6,17
Mujeres	04 Balears, Illes	De 55 y más años	2022T2	7,78
Mujeres	04 Balears, Illes	De 55 y más años	2022T1	24,95
Mujeres	04 Balears, Illes	De 55 y más años	2021T4	18,29
Mujeres	04 Balears, Illes	De 55 y más años	2021T3	14,99
Mujeres	04 Balears, Illes	De 55 y más años	2021T2	11,04
Mujeres	04 Balears, Illes	De 55 y más años	2021T1	16,85
Mujeres	05 Canarias	Total	2023T4	18,29
Mujeres	05 Canarias	Total	2023T3	17,52
Mujeres	05 Canarias	Total	2023T2	17,79
Mujeres	05 Canarias	Total	2023T1	18,57
Mujeres	05 Canarias	Total	2022T4	16,51
Mujeres	05 Canarias	Total	2022T3	20,50
Mujeres	05 Canarias	Total	2022T2	17,74
Mujeres	05 Canarias	Total	2022T1	21,28
Mujeres	05 Canarias	Total	2021T4	20,21
Mujeres	05 Canarias	Total	2021T3	25,81
Mujeres	05 Canarias	Total	2021T2	25,36
Mujeres	05 Canarias	Total	2021T1	25,85
Mujeres	05 Canarias	Menores de 25 años	2023T4	39,82
Mujeres	05 Canarias	Menores de 25 años	2023T3	25,51
Mujeres	05 Canarias	Menores de 25 años	2023T2	33,62
Mujeres	05 Canarias	Menores de 25 años	2023T1	35,15
Mujeres	05 Canarias	Menores de 25 años	2022T4	41,44
Mujeres	05 Canarias	Menores de 25 años	2022T3	39,38
Mujeres	05 Canarias	Menores de 25 años	2022T2	45,43
Mujeres	05 Canarias	Menores de 25 años	2022T1	55,70
Mujeres	05 Canarias	Menores de 25 años	2021T4	48,49
Mujeres	05 Canarias	Menores de 25 años	2021T3	56,57
Mujeres	05 Canarias	Menores de 25 años	2021T2	47,52
Mujeres	05 Canarias	Menores de 25 años	2021T1	63,25
Mujeres	05 Canarias	25 y más años	2023T4	16,61
Mujeres	05 Canarias	25 y más años	2023T3	16,88
Mujeres	05 Canarias	25 y más años	2023T2	16,67
Mujeres	05 Canarias	25 y más años	2023T1	17,62
Mujeres	05 Canarias	25 y más años	2022T4	15,08
Mujeres	05 Canarias	25 y más años	2022T3	19,14
Mujeres	05 Canarias	25 y más años	2022T2	15,89
Mujeres	05 Canarias	25 y más años	2022T1	19,36
Mujeres	05 Canarias	25 y más años	2021T4	18,50
Mujeres	05 Canarias	25 y más años	2021T3	23,93
Mujeres	05 Canarias	25 y más años	2021T2	24,01
Mujeres	05 Canarias	25 y más años	2021T1	23,14
Mujeres	05 Canarias	De 16 a 19 años	2023T4	66,61
Mujeres	05 Canarias	De 16 a 19 años	2023T3	25,48
Mujeres	05 Canarias	De 16 a 19 años	2023T2	51,75
Mujeres	05 Canarias	De 16 a 19 años	2023T1	12,35
Mujeres	05 Canarias	De 16 a 19 años	2022T4	38,41
Mujeres	05 Canarias	De 16 a 19 años	2022T3	17,33
Mujeres	05 Canarias	De 16 a 19 años	2022T2	82,33
Mujeres	05 Canarias	De 16 a 19 años	2022T1	73,05
Mujeres	05 Canarias	De 16 a 19 años	2021T4	100,00
Mujeres	05 Canarias	De 16 a 19 años	2021T3	100,00
Mujeres	05 Canarias	De 16 a 19 años	2021T2	66,16
Mujeres	05 Canarias	De 16 a 19 años	2021T1	100,00
Mujeres	05 Canarias	De 20 a 24 años	2023T4	31,07
Mujeres	05 Canarias	De 20 a 24 años	2023T3	25,51
Mujeres	05 Canarias	De 20 a 24 años	2023T2	27,79
Mujeres	05 Canarias	De 20 a 24 años	2023T1	38,62
Mujeres	05 Canarias	De 20 a 24 años	2022T4	41,81
Mujeres	05 Canarias	De 20 a 24 años	2022T3	42,62
Mujeres	05 Canarias	De 20 a 24 años	2022T2	40,69
Mujeres	05 Canarias	De 20 a 24 años	2022T1	54,19
Mujeres	05 Canarias	De 20 a 24 años	2021T4	45,19
Mujeres	05 Canarias	De 20 a 24 años	2021T3	51,64
Mujeres	05 Canarias	De 20 a 24 años	2021T2	45,83
Mujeres	05 Canarias	De 20 a 24 años	2021T1	61,65
Mujeres	05 Canarias	De 25 a 54 años	2023T4	16,41
Mujeres	05 Canarias	De 25 a 54 años	2023T3	15,89
Mujeres	05 Canarias	De 25 a 54 años	2023T2	15,58
Mujeres	05 Canarias	De 25 a 54 años	2023T1	16,70
Mujeres	05 Canarias	De 25 a 54 años	2022T4	14,60
Mujeres	05 Canarias	De 25 a 54 años	2022T3	18,72
Mujeres	05 Canarias	De 25 a 54 años	2022T2	16,29
Mujeres	05 Canarias	De 25 a 54 años	2022T1	19,97
Mujeres	05 Canarias	De 25 a 54 años	2021T4	17,52
Mujeres	05 Canarias	De 25 a 54 años	2021T3	23,68
Mujeres	05 Canarias	De 25 a 54 años	2021T2	24,31
Mujeres	05 Canarias	De 25 a 54 años	2021T1	24,99
Mujeres	05 Canarias	De 55 y más años	2023T4	17,41
Mujeres	05 Canarias	De 55 y más años	2023T3	20,84
Mujeres	05 Canarias	De 55 y más años	2023T2	21,22
Mujeres	05 Canarias	De 55 y más años	2023T1	21,34
Mujeres	05 Canarias	De 55 y más años	2022T4	17,01
Mujeres	05 Canarias	De 55 y más años	2022T3	20,93
Mujeres	05 Canarias	De 55 y más años	2022T2	14,15
Mujeres	05 Canarias	De 55 y más años	2022T1	16,75
Mujeres	05 Canarias	De 55 y más años	2021T4	22,46
Mujeres	05 Canarias	De 55 y más años	2021T3	24,93
Mujeres	05 Canarias	De 55 y más años	2021T2	22,77
Mujeres	05 Canarias	De 55 y más años	2021T1	14,82
Mujeres	06 Cantabria	Total	2023T4	8,87
Mujeres	06 Cantabria	Total	2023T3	8,97
Mujeres	06 Cantabria	Total	2023T2	10,31
Mujeres	06 Cantabria	Total	2023T1	11,72
Mujeres	06 Cantabria	Total	2022T4	12,79
Mujeres	06 Cantabria	Total	2022T3	10,30
Mujeres	06 Cantabria	Total	2022T2	9,55
Mujeres	06 Cantabria	Total	2022T1	12,77
Mujeres	06 Cantabria	Total	2021T4	12,82
Mujeres	06 Cantabria	Total	2021T3	11,05
Mujeres	06 Cantabria	Total	2021T2	15,16
Mujeres	06 Cantabria	Total	2021T1	12,95
Mujeres	06 Cantabria	Menores de 25 años	2023T4	22,72
Mujeres	06 Cantabria	Menores de 25 años	2023T3	12,42
Mujeres	06 Cantabria	Menores de 25 años	2023T2	20,51
Mujeres	06 Cantabria	Menores de 25 años	2023T1	24,42
Mujeres	06 Cantabria	Menores de 25 años	2022T4	34,76
Mujeres	06 Cantabria	Menores de 25 años	2022T3	12,06
Mujeres	06 Cantabria	Menores de 25 años	2022T2	29,58
Mujeres	06 Cantabria	Menores de 25 años	2022T1	33,97
Mujeres	06 Cantabria	Menores de 25 años	2021T4	20,91
Mujeres	06 Cantabria	Menores de 25 años	2021T3	13,88
Mujeres	06 Cantabria	Menores de 25 años	2021T2	36,48
Mujeres	06 Cantabria	Menores de 25 años	2021T1	20,32
Mujeres	06 Cantabria	25 y más años	2023T4	8,11
Mujeres	06 Cantabria	25 y más años	2023T3	8,75
Mujeres	06 Cantabria	25 y más años	2023T2	9,75
Mujeres	06 Cantabria	25 y más años	2023T1	10,93
Mujeres	06 Cantabria	25 y más años	2022T4	11,61
Mujeres	06 Cantabria	25 y más años	2022T3	10,20
Mujeres	06 Cantabria	25 y más años	2022T2	8,65
Mujeres	06 Cantabria	25 y más años	2022T1	11,90
Mujeres	06 Cantabria	25 y más años	2021T4	12,49
Mujeres	06 Cantabria	25 y más años	2021T3	10,89
Mujeres	06 Cantabria	25 y más años	2021T2	14,10
Mujeres	06 Cantabria	25 y más años	2021T1	12,72
Mujeres	06 Cantabria	De 16 a 19 años	2023T4	50,01
Mujeres	06 Cantabria	De 16 a 19 años	2023T3	45,92
Mujeres	06 Cantabria	De 16 a 19 años	2023T2	..
Mujeres	06 Cantabria	De 16 a 19 años	2023T1	100,00
Mujeres	06 Cantabria	De 16 a 19 años	2022T4	69,15
Mujeres	06 Cantabria	De 16 a 19 años	2022T3	54,96
Mujeres	06 Cantabria	De 16 a 19 años	2022T2	51,46
Mujeres	06 Cantabria	De 16 a 19 años	2022T1	23,26
Mujeres	06 Cantabria	De 16 a 19 años	2021T4	30,61
Mujeres	06 Cantabria	De 16 a 19 años	2021T3	..
Mujeres	06 Cantabria	De 16 a 19 años	2021T2	100,00
Mujeres	06 Cantabria	De 16 a 19 años	2021T1	45,98
Mujeres	06 Cantabria	De 20 a 24 años	2023T4	21,48
Mujeres	06 Cantabria	De 20 a 24 años	2023T3	9,65
Mujeres	06 Cantabria	De 20 a 24 años	2023T2	22,26
Mujeres	06 Cantabria	De 20 a 24 años	2023T1	21,51
Mujeres	06 Cantabria	De 20 a 24 años	2022T4	31,98
Mujeres	06 Cantabria	De 20 a 24 años	2022T3	7,86
Mujeres	06 Cantabria	De 20 a 24 años	2022T2	25,67
Mujeres	06 Cantabria	De 20 a 24 años	2022T1	34,88
Mujeres	06 Cantabria	De 20 a 24 años	2021T4	20,23
Mujeres	06 Cantabria	De 20 a 24 años	2021T3	16,71
Mujeres	06 Cantabria	De 20 a 24 años	2021T2	32,43
Mujeres	06 Cantabria	De 20 a 24 años	2021T1	16,77
Mujeres	06 Cantabria	De 25 a 54 años	2023T4	8,05
Mujeres	06 Cantabria	De 25 a 54 años	2023T3	8,27
Mujeres	06 Cantabria	De 25 a 54 años	2023T2	10,01
Mujeres	06 Cantabria	De 25 a 54 años	2023T1	10,57
Mujeres	06 Cantabria	De 25 a 54 años	2022T4	11,52
Mujeres	06 Cantabria	De 25 a 54 años	2022T3	10,78
Mujeres	06 Cantabria	De 25 a 54 años	2022T2	9,48
Mujeres	06 Cantabria	De 25 a 54 años	2022T1	12,96
Mujeres	06 Cantabria	De 25 a 54 años	2021T4	13,35
Mujeres	06 Cantabria	De 25 a 54 años	2021T3	10,06
Mujeres	06 Cantabria	De 25 a 54 años	2021T2	15,73
Mujeres	06 Cantabria	De 25 a 54 años	2021T1	13,69
Mujeres	06 Cantabria	De 55 y más años	2023T4	8,33
Mujeres	06 Cantabria	De 55 y más años	2023T3	10,41
Mujeres	06 Cantabria	De 55 y más años	2023T2	8,88
Mujeres	06 Cantabria	De 55 y más años	2023T1	12,21
Mujeres	06 Cantabria	De 55 y más años	2022T4	11,95
Mujeres	06 Cantabria	De 55 y más años	2022T3	8,27
Mujeres	06 Cantabria	De 55 y más años	2022T2	5,85
Mujeres	06 Cantabria	De 55 y más años	2022T1	8,24
Mujeres	06 Cantabria	De 55 y más años	2021T4	9,19
Mujeres	06 Cantabria	De 55 y más años	2021T3	13,96
Mujeres	06 Cantabria	De 55 y más años	2021T2	8,21
Mujeres	06 Cantabria	De 55 y más años	2021T1	9,15
Mujeres	07 Castilla y León	Total	2023T4	11,60
Mujeres	07 Castilla y León	Total	2023T3	11,13
Mujeres	07 Castilla y León	Total	2023T2	10,40
Mujeres	07 Castilla y León	Total	2023T1	12,46
Mujeres	07 Castilla y León	Total	2022T4	10,02
Mujeres	07 Castilla y León	Total	2022T3	10,83
Mujeres	07 Castilla y León	Total	2022T2	11,49
Mujeres	07 Castilla y León	Total	2022T1	12,96
Mujeres	07 Castilla y León	Total	2021T4	12,04
Mujeres	07 Castilla y León	Total	2021T3	12,77
Mujeres	07 Castilla y León	Total	2021T2	15,24
Mujeres	07 Castilla y León	Total	2021T1	14,80
Mujeres	07 Castilla y León	Menores de 25 años	2023T4	35,07
Mujeres	07 Castilla y León	Menores de 25 años	2023T3	23,16
Mujeres	07 Castilla y León	Menores de 25 años	2023T2	25,07
Mujeres	07 Castilla y León	Menores de 25 años	2023T1	34,07
Mujeres	07 Castilla y León	Menores de 25 años	2022T4	18,27
Mujeres	07 Castilla y León	Menores de 25 años	2022T3	22,38
Mujeres	07 Castilla y León	Menores de 25 años	2022T2	33,61
Mujeres	07 Castilla y León	Menores de 25 años	2022T1	31,12
Mujeres	07 Castilla y León	Menores de 25 años	2021T4	26,54
Mujeres	07 Castilla y León	Menores de 25 años	2021T3	27,08
Mujeres	07 Castilla y León	Menores de 25 años	2021T2	34,87
Mujeres	07 Castilla y León	Menores de 25 años	2021T1	37,45
Mujeres	07 Castilla y León	25 y más años	2023T4	10,40
Mujeres	07 Castilla y León	25 y más años	2023T3	10,35
Mujeres	07 Castilla y León	25 y más años	2023T2	9,66
Mujeres	07 Castilla y León	25 y más años	2023T1	11,36
Mujeres	07 Castilla y León	25 y más años	2022T4	9,62
Mujeres	07 Castilla y León	25 y más años	2022T3	10,15
Mujeres	07 Castilla y León	25 y más años	2022T2	10,18
Mujeres	07 Castilla y León	25 y más años	2022T1	11,97
Mujeres	07 Castilla y León	25 y más años	2021T4	11,23
Mujeres	07 Castilla y León	25 y más años	2021T3	11,94
Mujeres	07 Castilla y León	25 y más años	2021T2	14,24
Mujeres	07 Castilla y León	25 y más años	2021T1	13,70
Mujeres	07 Castilla y León	De 16 a 19 años	2023T4	37,30
Mujeres	07 Castilla y León	De 16 a 19 años	2023T3	36,82
Mujeres	07 Castilla y León	De 16 a 19 años	2023T2	18,26
Mujeres	07 Castilla y León	De 16 a 19 años	2023T1	44,62
Mujeres	07 Castilla y León	De 16 a 19 años	2022T4	20,46
Mujeres	07 Castilla y León	De 16 a 19 años	2022T3	48,28
Mujeres	07 Castilla y León	De 16 a 19 años	2022T2	56,06
Mujeres	07 Castilla y León	De 16 a 19 años	2022T1	52,37
Mujeres	07 Castilla y León	De 16 a 19 años	2021T4	59,04
Mujeres	07 Castilla y León	De 16 a 19 años	2021T3	48,86
Mujeres	07 Castilla y León	De 16 a 19 años	2021T2	67,71
Mujeres	07 Castilla y León	De 16 a 19 años	2021T1	68,65
Mujeres	07 Castilla y León	De 20 a 24 años	2023T4	34,83
Mujeres	07 Castilla y León	De 20 a 24 años	2023T3	20,72
Mujeres	07 Castilla y León	De 20 a 24 años	2023T2	26,24
Mujeres	07 Castilla y León	De 20 a 24 años	2023T1	31,47
Mujeres	07 Castilla y León	De 20 a 24 años	2022T4	17,90
Mujeres	07 Castilla y León	De 20 a 24 años	2022T3	16,76
Mujeres	07 Castilla y León	De 20 a 24 años	2022T2	28,84
Mujeres	07 Castilla y León	De 20 a 24 años	2022T1	27,85
Mujeres	07 Castilla y León	De 20 a 24 años	2021T4	22,66
Mujeres	07 Castilla y León	De 20 a 24 años	2021T3	23,62
Mujeres	07 Castilla y León	De 20 a 24 años	2021T2	29,71
Mujeres	07 Castilla y León	De 20 a 24 años	2021T1	34,89
Mujeres	07 Castilla y León	De 25 a 54 años	2023T4	10,61
Mujeres	07 Castilla y León	De 25 a 54 años	2023T3	10,95
Mujeres	07 Castilla y León	De 25 a 54 años	2023T2	10,32
Mujeres	07 Castilla y León	De 25 a 54 años	2023T1	11,95
Mujeres	07 Castilla y León	De 25 a 54 años	2022T4	9,68
Mujeres	07 Castilla y León	De 25 a 54 años	2022T3	10,37
Mujeres	07 Castilla y León	De 25 a 54 años	2022T2	10,28
Mujeres	07 Castilla y León	De 25 a 54 años	2022T1	11,43
Mujeres	07 Castilla y León	De 25 a 54 años	2021T4	10,77
Mujeres	07 Castilla y León	De 25 a 54 años	2021T3	11,65
Mujeres	07 Castilla y León	De 25 a 54 años	2021T2	14,34
Mujeres	07 Castilla y León	De 25 a 54 años	2021T1	14,05
Mujeres	07 Castilla y León	De 55 y más años	2023T4	9,79
Mujeres	07 Castilla y León	De 55 y más años	2023T3	8,72
Mujeres	07 Castilla y León	De 55 y más años	2023T2	7,78
Mujeres	07 Castilla y León	De 55 y más años	2023T1	9,62
Mujeres	07 Castilla y León	De 55 y más años	2022T4	9,45
Mujeres	07 Castilla y León	De 55 y más años	2022T3	9,50
Mujeres	07 Castilla y León	De 55 y más años	2022T2	9,87
Mujeres	07 Castilla y León	De 55 y más años	2022T1	13,61
Mujeres	07 Castilla y León	De 55 y más años	2021T4	12,62
Mujeres	07 Castilla y León	De 55 y más años	2021T3	12,85
Mujeres	07 Castilla y León	De 55 y más años	2021T2	13,91
Mujeres	07 Castilla y León	De 55 y más años	2021T1	12,48
Mujeres	08 Castilla - La Mancha	Total	2023T4	16,24
Mujeres	08 Castilla - La Mancha	Total	2023T3	15,11
Mujeres	08 Castilla - La Mancha	Total	2023T2	16,23
Mujeres	08 Castilla - La Mancha	Total	2023T1	19,75
Mujeres	08 Castilla - La Mancha	Total	2022T4	18,50
Mujeres	08 Castilla - La Mancha	Total	2022T3	19,79
Mujeres	08 Castilla - La Mancha	Total	2022T2	18,70
Mujeres	08 Castilla - La Mancha	Total	2022T1	18,45
Mujeres	08 Castilla - La Mancha	Total	2021T4	18,21
Mujeres	08 Castilla - La Mancha	Total	2021T3	19,70
Mujeres	08 Castilla - La Mancha	Total	2021T2	21,63
Mujeres	08 Castilla - La Mancha	Total	2021T1	23,78
Mujeres	08 Castilla - La Mancha	Menores de 25 años	2023T4	22,67
Mujeres	08 Castilla - La Mancha	Menores de 25 años	2023T3	31,65
Mujeres	08 Castilla - La Mancha	Menores de 25 años	2023T2	30,77
Mujeres	08 Castilla - La Mancha	Menores de 25 años	2023T1	34,98
Mujeres	08 Castilla - La Mancha	Menores de 25 años	2022T4	37,71
Mujeres	08 Castilla - La Mancha	Menores de 25 años	2022T3	37,37
Mujeres	08 Castilla - La Mancha	Menores de 25 años	2022T2	45,57
Mujeres	08 Castilla - La Mancha	Menores de 25 años	2022T1	39,73
Mujeres	08 Castilla - La Mancha	Menores de 25 años	2021T4	31,47
Mujeres	08 Castilla - La Mancha	Menores de 25 años	2021T3	46,14
Mujeres	08 Castilla - La Mancha	Menores de 25 años	2021T2	47,30
Mujeres	08 Castilla - La Mancha	Menores de 25 años	2021T1	46,20
Mujeres	08 Castilla - La Mancha	25 y más años	2023T4	15,80
Mujeres	08 Castilla - La Mancha	25 y más años	2023T3	13,83
Mujeres	08 Castilla - La Mancha	25 y más años	2023T2	15,12
Mujeres	08 Castilla - La Mancha	25 y más años	2023T1	18,59
Mujeres	08 Castilla - La Mancha	25 y más años	2022T4	17,11
Mujeres	08 Castilla - La Mancha	25 y más años	2022T3	18,48
Mujeres	08 Castilla - La Mancha	25 y más años	2022T2	16,97
Mujeres	08 Castilla - La Mancha	25 y más años	2022T1	17,07
Mujeres	08 Castilla - La Mancha	25 y más años	2021T4	17,36
Mujeres	08 Castilla - La Mancha	25 y más años	2021T3	17,55
Mujeres	08 Castilla - La Mancha	25 y más años	2021T2	19,93
Mujeres	08 Castilla - La Mancha	25 y más años	2021T1	22,28
Mujeres	08 Castilla - La Mancha	De 16 a 19 años	2023T4	54,18
Mujeres	08 Castilla - La Mancha	De 16 a 19 años	2023T3	47,38
Mujeres	08 Castilla - La Mancha	De 16 a 19 años	2023T2	39,02
Mujeres	08 Castilla - La Mancha	De 16 a 19 años	2023T1	47,62
Mujeres	08 Castilla - La Mancha	De 16 a 19 años	2022T4	47,85
Mujeres	08 Castilla - La Mancha	De 16 a 19 años	2022T3	56,43
Mujeres	08 Castilla - La Mancha	De 16 a 19 años	2022T2	56,30
Mujeres	08 Castilla - La Mancha	De 16 a 19 años	2022T1	41,19
Mujeres	08 Castilla - La Mancha	De 16 a 19 años	2021T4	31,32
Mujeres	08 Castilla - La Mancha	De 16 a 19 años	2021T3	48,76
Mujeres	08 Castilla - La Mancha	De 16 a 19 años	2021T2	57,80
Mujeres	08 Castilla - La Mancha	De 16 a 19 años	2021T1	72,68
Mujeres	08 Castilla - La Mancha	De 20 a 24 años	2023T4	18,85
Mujeres	08 Castilla - La Mancha	De 20 a 24 años	2023T3	29,03
Mujeres	08 Castilla - La Mancha	De 20 a 24 años	2023T2	29,07
Mujeres	08 Castilla - La Mancha	De 20 a 24 años	2023T1	33,07
Mujeres	08 Castilla - La Mancha	De 20 a 24 años	2022T4	36,27
Mujeres	08 Castilla - La Mancha	De 20 a 24 años	2022T3	33,76
Mujeres	08 Castilla - La Mancha	De 20 a 24 años	2022T2	43,12
Mujeres	08 Castilla - La Mancha	De 20 a 24 años	2022T1	39,34
Mujeres	08 Castilla - La Mancha	De 20 a 24 años	2021T4	31,49
Mujeres	08 Castilla - La Mancha	De 20 a 24 años	2021T3	45,42
Mujeres	08 Castilla - La Mancha	De 20 a 24 años	2021T2	44,59
Mujeres	08 Castilla - La Mancha	De 20 a 24 años	2021T1	42,16
Mujeres	08 Castilla - La Mancha	De 25 a 54 años	2023T4	16,57
Mujeres	08 Castilla - La Mancha	De 25 a 54 años	2023T3	13,59
Mujeres	08 Castilla - La Mancha	De 25 a 54 años	2023T2	14,49
Mujeres	08 Castilla - La Mancha	De 25 a 54 años	2023T1	19,15
Mujeres	08 Castilla - La Mancha	De 25 a 54 años	2022T4	16,89
Mujeres	08 Castilla - La Mancha	De 25 a 54 años	2022T3	18,74
Mujeres	08 Castilla - La Mancha	De 25 a 54 años	2022T2	16,81
Mujeres	08 Castilla - La Mancha	De 25 a 54 años	2022T1	16,54
Mujeres	08 Castilla - La Mancha	De 25 a 54 años	2021T4	16,63
Mujeres	08 Castilla - La Mancha	De 25 a 54 años	2021T3	16,70
Mujeres	08 Castilla - La Mancha	De 25 a 54 años	2021T2	20,20
Mujeres	08 Castilla - La Mancha	De 25 a 54 años	2021T1	22,95
Mujeres	08 Castilla - La Mancha	De 55 y más años	2023T4	13,01
Mujeres	08 Castilla - La Mancha	De 55 y más años	2023T3	14,73
Mujeres	08 Castilla - La Mancha	De 55 y más años	2023T2	17,48
Mujeres	08 Castilla - La Mancha	De 55 y más años	2023T1	16,43
Mujeres	08 Castilla - La Mancha	De 55 y más años	2022T4	17,98
Mujeres	08 Castilla - La Mancha	De 55 y más años	2022T3	17,43
Mujeres	08 Castilla - La Mancha	De 55 y más años	2022T2	17,62
Mujeres	08 Castilla - La Mancha	De 55 y más años	2022T1	19,30
Mujeres	08 Castilla - La Mancha	De 55 y más años	2021T4	20,40
Mujeres	08 Castilla - La Mancha	De 55 y más años	2021T3	21,03
Mujeres	08 Castilla - La Mancha	De 55 y más años	2021T2	18,77
Mujeres	08 Castilla - La Mancha	De 55 y más años	2021T1	19,37
Mujeres	09 Cataluña	Total	2023T4	9,74
Mujeres	09 Cataluña	Total	2023T3	8,95
Mujeres	09 Cataluña	Total	2023T2	8,35
Mujeres	09 Cataluña	Total	2023T1	10,70
Mujeres	09 Cataluña	Total	2022T4	10,14
Mujeres	09 Cataluña	Total	2022T3	10,15
Mujeres	09 Cataluña	Total	2022T2	10,24
Mujeres	09 Cataluña	Total	2022T1	10,85
Mujeres	09 Cataluña	Total	2021T4	11,53
Mujeres	09 Cataluña	Total	2021T3	11,84
Mujeres	09 Cataluña	Total	2021T2	13,69
Mujeres	09 Cataluña	Total	2021T1	14,35
Mujeres	09 Cataluña	Menores de 25 años	2023T4	25,18
Mujeres	09 Cataluña	Menores de 25 años	2023T3	20,97
Mujeres	09 Cataluña	Menores de 25 años	2023T2	18,86
Mujeres	09 Cataluña	Menores de 25 años	2023T1	23,43
Mujeres	09 Cataluña	Menores de 25 años	2022T4	18,56
Mujeres	09 Cataluña	Menores de 25 años	2022T3	27,91
Mujeres	09 Cataluña	Menores de 25 años	2022T2	28,00
Mujeres	09 Cataluña	Menores de 25 años	2022T1	28,30
Mujeres	09 Cataluña	Menores de 25 años	2021T4	26,83
Mujeres	09 Cataluña	Menores de 25 años	2021T3	20,56
Mujeres	09 Cataluña	Menores de 25 años	2021T2	35,44
Mujeres	09 Cataluña	Menores de 25 años	2021T1	32,64
Mujeres	09 Cataluña	25 y más años	2023T4	8,22
Mujeres	09 Cataluña	25 y más años	2023T3	7,74
Mujeres	09 Cataluña	25 y más años	2023T2	7,38
Mujeres	09 Cataluña	25 y más años	2023T1	9,57
Mujeres	09 Cataluña	25 y más años	2022T4	9,38
Mujeres	09 Cataluña	25 y más años	2022T3	8,32
Mujeres	09 Cataluña	25 y más años	2022T2	8,44
Mujeres	09 Cataluña	25 y más años	2022T1	9,37
Mujeres	09 Cataluña	25 y más años	2021T4	10,21
Mujeres	09 Cataluña	25 y más años	2021T3	11,07
Mujeres	09 Cataluña	25 y más años	2021T2	11,81
Mujeres	09 Cataluña	25 y más años	2021T1	12,86
Mujeres	09 Cataluña	De 16 a 19 años	2023T4	36,52
Mujeres	09 Cataluña	De 16 a 19 años	2023T3	33,96
Mujeres	09 Cataluña	De 16 a 19 años	2023T2	34,11
Mujeres	09 Cataluña	De 16 a 19 años	2023T1	26,09
Mujeres	09 Cataluña	De 16 a 19 años	2022T4	28,91
Mujeres	09 Cataluña	De 16 a 19 años	2022T3	40,22
Mujeres	09 Cataluña	De 16 a 19 años	2022T2	49,80
Mujeres	09 Cataluña	De 16 a 19 años	2022T1	46,76
Mujeres	09 Cataluña	De 16 a 19 años	2021T4	42,59
Mujeres	09 Cataluña	De 16 a 19 años	2021T3	30,32
Mujeres	09 Cataluña	De 16 a 19 años	2021T2	45,47
Mujeres	09 Cataluña	De 16 a 19 años	2021T1	61,94
Mujeres	09 Cataluña	De 20 a 24 años	2023T4	22,08
Mujeres	09 Cataluña	De 20 a 24 años	2023T3	17,02
Mujeres	09 Cataluña	De 20 a 24 años	2023T2	14,83
Mujeres	09 Cataluña	De 20 a 24 años	2023T1	22,76
Mujeres	09 Cataluña	De 20 a 24 años	2022T4	16,17
Mujeres	09 Cataluña	De 20 a 24 años	2022T3	23,58
Mujeres	09 Cataluña	De 20 a 24 años	2022T2	20,39
Mujeres	09 Cataluña	De 20 a 24 años	2022T1	22,87
Mujeres	09 Cataluña	De 20 a 24 años	2021T4	22,16
Mujeres	09 Cataluña	De 20 a 24 años	2021T3	17,01
Mujeres	09 Cataluña	De 20 a 24 años	2021T2	33,46
Mujeres	09 Cataluña	De 20 a 24 años	2021T1	27,17
Mujeres	09 Cataluña	De 25 a 54 años	2023T4	8,06
Mujeres	09 Cataluña	De 25 a 54 años	2023T3	7,53
Mujeres	09 Cataluña	De 25 a 54 años	2023T2	6,91
Mujeres	09 Cataluña	De 25 a 54 años	2023T1	9,37
Mujeres	09 Cataluña	De 25 a 54 años	2022T4	8,85
Mujeres	09 Cataluña	De 25 a 54 años	2022T3	8,55
Mujeres	09 Cataluña	De 25 a 54 años	2022T2	8,53
Mujeres	09 Cataluña	De 25 a 54 años	2022T1	9,46
Mujeres	09 Cataluña	De 25 a 54 años	2021T4	10,51
Mujeres	09 Cataluña	De 25 a 54 años	2021T3	11,02
Mujeres	09 Cataluña	De 25 a 54 años	2021T2	12,03
Mujeres	09 Cataluña	De 25 a 54 años	2021T1	13,35
Mujeres	09 Cataluña	De 55 y más años	2023T4	8,82
Mujeres	09 Cataluña	De 55 y más años	2023T3	8,49
Mujeres	09 Cataluña	De 55 y más años	2023T2	9,13
Mujeres	09 Cataluña	De 55 y más años	2023T1	10,30
Mujeres	09 Cataluña	De 55 y más años	2022T4	11,46
Mujeres	09 Cataluña	De 55 y más años	2022T3	7,37
Mujeres	09 Cataluña	De 55 y más años	2022T2	8,07
Mujeres	09 Cataluña	De 55 y más años	2022T1	9,02
Mujeres	09 Cataluña	De 55 y más años	2021T4	8,95
Mujeres	09 Cataluña	De 55 y más años	2021T3	11,31
Mujeres	09 Cataluña	De 55 y más años	2021T2	10,89
Mujeres	09 Cataluña	De 55 y más años	2021T1	10,77
Mujeres	10 Comunitat Valenciana	Total	2023T4	14,48
Mujeres	10 Comunitat Valenciana	Total	2023T3	14,02
Mujeres	10 Comunitat Valenciana	Total	2023T2	13,71
Mujeres	10 Comunitat Valenciana	Total	2023T1	16,61
Mujeres	10 Comunitat Valenciana	Total	2022T4	15,77
Mujeres	10 Comunitat Valenciana	Total	2022T3	16,43
Mujeres	10 Comunitat Valenciana	Total	2022T2	14,66
Mujeres	10 Comunitat Valenciana	Total	2022T1	14,33
Mujeres	10 Comunitat Valenciana	Total	2021T4	16,45
Mujeres	10 Comunitat Valenciana	Total	2021T3	18,54
Mujeres	10 Comunitat Valenciana	Total	2021T2	19,39
Mujeres	10 Comunitat Valenciana	Total	2021T1	18,06
Mujeres	10 Comunitat Valenciana	Menores de 25 años	2023T4	23,75
Mujeres	10 Comunitat Valenciana	Menores de 25 años	2023T3	19,70
Mujeres	10 Comunitat Valenciana	Menores de 25 años	2023T2	34,09
Mujeres	10 Comunitat Valenciana	Menores de 25 años	2023T1	34,27
Mujeres	10 Comunitat Valenciana	Menores de 25 años	2022T4	36,24
Mujeres	10 Comunitat Valenciana	Menores de 25 años	2022T3	30,96
Mujeres	10 Comunitat Valenciana	Menores de 25 años	2022T2	28,56
Mujeres	10 Comunitat Valenciana	Menores de 25 años	2022T1	24,15
Mujeres	10 Comunitat Valenciana	Menores de 25 años	2021T4	33,46
Mujeres	10 Comunitat Valenciana	Menores de 25 años	2021T3	33,52
Mujeres	10 Comunitat Valenciana	Menores de 25 años	2021T2	42,84
Mujeres	10 Comunitat Valenciana	Menores de 25 años	2021T1	44,54
Mujeres	10 Comunitat Valenciana	25 y más años	2023T4	13,74
Mujeres	10 Comunitat Valenciana	25 y más años	2023T3	13,54
Mujeres	10 Comunitat Valenciana	25 y más años	2023T2	12,32
Mujeres	10 Comunitat Valenciana	25 y más años	2023T1	15,41
Mujeres	10 Comunitat Valenciana	25 y más años	2022T4	14,16
Mujeres	10 Comunitat Valenciana	25 y más años	2022T3	15,29
Mujeres	10 Comunitat Valenciana	25 y más años	2022T2	13,56
Mujeres	10 Comunitat Valenciana	25 y más años	2022T1	13,58
Mujeres	10 Comunitat Valenciana	25 y más años	2021T4	15,23
Mujeres	10 Comunitat Valenciana	25 y más años	2021T3	17,19
Mujeres	10 Comunitat Valenciana	25 y más años	2021T2	17,70
Mujeres	10 Comunitat Valenciana	25 y más años	2021T1	16,41
Mujeres	10 Comunitat Valenciana	De 16 a 19 años	2023T4	38,90
Mujeres	10 Comunitat Valenciana	De 16 a 19 años	2023T3	38,08
Mujeres	10 Comunitat Valenciana	De 16 a 19 años	2023T2	45,50
Mujeres	10 Comunitat Valenciana	De 16 a 19 años	2023T1	60,29
Mujeres	10 Comunitat Valenciana	De 16 a 19 años	2022T4	33,76
Mujeres	10 Comunitat Valenciana	De 16 a 19 años	2022T3	49,36
Mujeres	10 Comunitat Valenciana	De 16 a 19 años	2022T2	34,39
Mujeres	10 Comunitat Valenciana	De 16 a 19 años	2022T1	38,28
Mujeres	10 Comunitat Valenciana	De 16 a 19 años	2021T4	44,10
Mujeres	10 Comunitat Valenciana	De 16 a 19 años	2021T3	36,71
Mujeres	10 Comunitat Valenciana	De 16 a 19 años	2021T2	69,81
Mujeres	10 Comunitat Valenciana	De 16 a 19 años	2021T1	85,95
Mujeres	10 Comunitat Valenciana	De 20 a 24 años	2023T4	21,36
Mujeres	10 Comunitat Valenciana	De 20 a 24 años	2023T3	15,48
Mujeres	10 Comunitat Valenciana	De 20 a 24 años	2023T2	32,33
Mujeres	10 Comunitat Valenciana	De 20 a 24 años	2023T1	30,35
Mujeres	10 Comunitat Valenciana	De 20 a 24 años	2022T4	36,64
Mujeres	10 Comunitat Valenciana	De 20 a 24 años	2022T3	27,60
Mujeres	10 Comunitat Valenciana	De 20 a 24 años	2022T2	27,36
Mujeres	10 Comunitat Valenciana	De 20 a 24 años	2022T1	21,46
Mujeres	10 Comunitat Valenciana	De 20 a 24 años	2021T4	31,21
Mujeres	10 Comunitat Valenciana	De 20 a 24 años	2021T3	32,67
Mujeres	10 Comunitat Valenciana	De 20 a 24 años	2021T2	37,42
Mujeres	10 Comunitat Valenciana	De 20 a 24 años	2021T1	39,68
Mujeres	10 Comunitat Valenciana	De 25 a 54 años	2023T4	13,19
Mujeres	10 Comunitat Valenciana	De 25 a 54 años	2023T3	12,82
Mujeres	10 Comunitat Valenciana	De 25 a 54 años	2023T2	12,16
Mujeres	10 Comunitat Valenciana	De 25 a 54 años	2023T1	15,59
Mujeres	10 Comunitat Valenciana	De 25 a 54 años	2022T4	14,40
Mujeres	10 Comunitat Valenciana	De 25 a 54 años	2022T3	15,81
Mujeres	10 Comunitat Valenciana	De 25 a 54 años	2022T2	12,99
Mujeres	10 Comunitat Valenciana	De 25 a 54 años	2022T1	13,58
Mujeres	10 Comunitat Valenciana	De 25 a 54 años	2021T4	14,63
Mujeres	10 Comunitat Valenciana	De 25 a 54 años	2021T3	16,72
Mujeres	10 Comunitat Valenciana	De 25 a 54 años	2021T2	16,87
Mujeres	10 Comunitat Valenciana	De 25 a 54 años	2021T1	16,93
Mujeres	10 Comunitat Valenciana	De 55 y más años	2023T4	15,62
Mujeres	10 Comunitat Valenciana	De 55 y más años	2023T3	16,14
Mujeres	10 Comunitat Valenciana	De 55 y más años	2023T2	12,94
Mujeres	10 Comunitat Valenciana	De 55 y más años	2023T1	14,78
Mujeres	10 Comunitat Valenciana	De 55 y más años	2022T4	13,31
Mujeres	10 Comunitat Valenciana	De 55 y más años	2022T3	13,41
Mujeres	10 Comunitat Valenciana	De 55 y más años	2022T2	15,55
Mujeres	10 Comunitat Valenciana	De 55 y más años	2022T1	13,59
Mujeres	10 Comunitat Valenciana	De 55 y más años	2021T4	17,38
Mujeres	10 Comunitat Valenciana	De 55 y más años	2021T3	18,94
Mujeres	10 Comunitat Valenciana	De 55 y más años	2021T2	20,92
Mujeres	10 Comunitat Valenciana	De 55 y más años	2021T1	14,36
Mujeres	11 Extremadura	Total	2023T4	18,86
Mujeres	11 Extremadura	Total	2023T3	19,74
Mujeres	11 Extremadura	Total	2023T2	21,52
Mujeres	11 Extremadura	Total	2023T1	23,82
Mujeres	11 Extremadura	Total	2022T4	21,72
Mujeres	11 Extremadura	Total	2022T3	19,46
Mujeres	11 Extremadura	Total	2022T2	19,98
Mujeres	11 Extremadura	Total	2022T1	23,06
Mujeres	11 Extremadura	Total	2021T4	22,36
Mujeres	11 Extremadura	Total	2021T3	23,32
Mujeres	11 Extremadura	Total	2021T2	25,82
Mujeres	11 Extremadura	Total	2021T1	27,58
Mujeres	11 Extremadura	Menores de 25 años	2023T4	41,14
Mujeres	11 Extremadura	Menores de 25 años	2023T3	36,33
Mujeres	11 Extremadura	Menores de 25 años	2023T2	47,08
Mujeres	11 Extremadura	Menores de 25 años	2023T1	60,69
Mujeres	11 Extremadura	Menores de 25 años	2022T4	48,94
Mujeres	11 Extremadura	Menores de 25 años	2022T3	38,89
Mujeres	11 Extremadura	Menores de 25 años	2022T2	34,00
Mujeres	11 Extremadura	Menores de 25 años	2022T1	43,31
Mujeres	11 Extremadura	Menores de 25 años	2021T4	46,50
Mujeres	11 Extremadura	Menores de 25 años	2021T3	48,97
Mujeres	11 Extremadura	Menores de 25 años	2021T2	55,52
Mujeres	11 Extremadura	Menores de 25 años	2021T1	59,81
Mujeres	11 Extremadura	25 y más años	2023T4	17,54
Mujeres	11 Extremadura	25 y más años	2023T3	18,61
Mujeres	11 Extremadura	25 y más años	2023T2	20,22
Mujeres	11 Extremadura	25 y más años	2023T1	21,51
Mujeres	11 Extremadura	25 y más años	2022T4	19,87
Mujeres	11 Extremadura	25 y más años	2022T3	18,09
Mujeres	11 Extremadura	25 y más años	2022T2	19,24
Mujeres	11 Extremadura	25 y más años	2022T1	21,88
Mujeres	11 Extremadura	25 y más años	2021T4	21,00
Mujeres	11 Extremadura	25 y más años	2021T3	21,33
Mujeres	11 Extremadura	25 y más años	2021T2	23,73
Mujeres	11 Extremadura	25 y más años	2021T1	25,87
Mujeres	11 Extremadura	De 16 a 19 años	2023T4	75,30
Mujeres	11 Extremadura	De 16 a 19 años	2023T3	58,73
Mujeres	11 Extremadura	De 16 a 19 años	2023T2	69,18
Mujeres	11 Extremadura	De 16 a 19 años	2023T1	68,17
Mujeres	11 Extremadura	De 16 a 19 años	2022T4	72,09
Mujeres	11 Extremadura	De 16 a 19 años	2022T3	51,45
Mujeres	11 Extremadura	De 16 a 19 años	2022T2	59,18
Mujeres	11 Extremadura	De 16 a 19 años	2022T1	91,28
Mujeres	11 Extremadura	De 16 a 19 años	2021T4	100,00
Mujeres	11 Extremadura	De 16 a 19 años	2021T3	64,39
Mujeres	11 Extremadura	De 16 a 19 años	2021T2	60,52
Mujeres	11 Extremadura	De 16 a 19 años	2021T1	17,46
Mujeres	11 Extremadura	De 20 a 24 años	2023T4	36,25
Mujeres	11 Extremadura	De 20 a 24 años	2023T3	30,59
Mujeres	11 Extremadura	De 20 a 24 años	2023T2	43,29
Mujeres	11 Extremadura	De 20 a 24 años	2023T1	59,32
Mujeres	11 Extremadura	De 20 a 24 años	2022T4	45,89
Mujeres	11 Extremadura	De 20 a 24 años	2022T3	36,63
Mujeres	11 Extremadura	De 20 a 24 años	2022T2	28,30
Mujeres	11 Extremadura	De 20 a 24 años	2022T1	38,85
Mujeres	11 Extremadura	De 20 a 24 años	2021T4	39,40
Mujeres	11 Extremadura	De 20 a 24 años	2021T3	46,45
Mujeres	11 Extremadura	De 20 a 24 años	2021T2	54,66
Mujeres	11 Extremadura	De 20 a 24 años	2021T1	62,40
Mujeres	11 Extremadura	De 25 a 54 años	2023T4	17,03
Mujeres	11 Extremadura	De 25 a 54 años	2023T3	18,30
Mujeres	11 Extremadura	De 25 a 54 años	2023T2	19,89
Mujeres	11 Extremadura	De 25 a 54 años	2023T1	21,61
Mujeres	11 Extremadura	De 25 a 54 años	2022T4	20,69
Mujeres	11 Extremadura	De 25 a 54 años	2022T3	18,70
Mujeres	11 Extremadura	De 25 a 54 años	2022T2	19,74
Mujeres	11 Extremadura	De 25 a 54 años	2022T1	22,84
Mujeres	11 Extremadura	De 25 a 54 años	2021T4	21,63
Mujeres	11 Extremadura	De 25 a 54 años	2021T3	21,27
Mujeres	11 Extremadura	De 25 a 54 años	2021T2	24,93
Mujeres	11 Extremadura	De 25 a 54 años	2021T1	26,60
Mujeres	11 Extremadura	De 55 y más años	2023T4	19,28
Mujeres	11 Extremadura	De 55 y más años	2023T3	19,76
Mujeres	11 Extremadura	De 55 y más años	2023T2	21,40
Mujeres	11 Extremadura	De 55 y más años	2023T1	21,16
Mujeres	11 Extremadura	De 55 y más años	2022T4	16,70
Mujeres	11 Extremadura	De 55 y más años	2022T3	15,69
Mujeres	11 Extremadura	De 55 y más años	2022T2	17,22
Mujeres	11 Extremadura	De 55 y más años	2022T1	17,66
Mujeres	11 Extremadura	De 55 y más años	2021T4	18,12
Mujeres	11 Extremadura	De 55 y más años	2021T3	21,60
Mujeres	11 Extremadura	De 55 y más años	2021T2	18,85
Mujeres	11 Extremadura	De 55 y más años	2021T1	22,73
Mujeres	12 Galicia	Total	2023T4	10,11
Mujeres	12 Galicia	Total	2023T3	10,20
Mujeres	12 Galicia	Total	2023T2	10,29
Mujeres	12 Galicia	Total	2023T1	11,78
Mujeres	12 Galicia	Total	2022T4	11,49
Mujeres	12 Galicia	Total	2022T3	11,82
Mujeres	12 Galicia	Total	2022T2	11,91
Mujeres	12 Galicia	Total	2022T1	12,90
Mujeres	12 Galicia	Total	2021T4	12,23
Mujeres	12 Galicia	Total	2021T3	11,06
Mujeres	12 Galicia	Total	2021T2	13,61
Mujeres	12 Galicia	Total	2021T1	14,29
Mujeres	12 Galicia	Menores de 25 años	2023T4	22,70
Mujeres	12 Galicia	Menores de 25 años	2023T3	25,06
Mujeres	12 Galicia	Menores de 25 años	2023T2	25,15
Mujeres	12 Galicia	Menores de 25 años	2023T1	28,91
Mujeres	12 Galicia	Menores de 25 años	2022T4	29,21
Mujeres	12 Galicia	Menores de 25 años	2022T3	29,68
Mujeres	12 Galicia	Menores de 25 años	2022T2	38,95
Mujeres	12 Galicia	Menores de 25 años	2022T1	37,41
Mujeres	12 Galicia	Menores de 25 años	2021T4	38,65
Mujeres	12 Galicia	Menores de 25 años	2021T3	25,43
Mujeres	12 Galicia	Menores de 25 años	2021T2	33,69
Mujeres	12 Galicia	Menores de 25 años	2021T1	38,13
Mujeres	12 Galicia	25 y más años	2023T4	9,54
Mujeres	12 Galicia	25 y más años	2023T3	9,43
Mujeres	12 Galicia	25 y más años	2023T2	9,58
Mujeres	12 Galicia	25 y más años	2023T1	10,99
Mujeres	12 Galicia	25 y más años	2022T4	10,74
Mujeres	12 Galicia	25 y más años	2022T3	11,02
Mujeres	12 Galicia	25 y más años	2022T2	10,90
Mujeres	12 Galicia	25 y más años	2022T1	12,01
Mujeres	12 Galicia	25 y más años	2021T4	11,26
Mujeres	12 Galicia	25 y más años	2021T3	10,49
Mujeres	12 Galicia	25 y más años	2021T2	12,88
Mujeres	12 Galicia	25 y más años	2021T1	13,62
Mujeres	12 Galicia	De 16 a 19 años	2023T4	36,42
Mujeres	12 Galicia	De 16 a 19 años	2023T3	41,86
Mujeres	12 Galicia	De 16 a 19 años	2023T2	23,97
Mujeres	12 Galicia	De 16 a 19 años	2023T1	53,95
Mujeres	12 Galicia	De 16 a 19 años	2022T4	54,57
Mujeres	12 Galicia	De 16 a 19 años	2022T3	35,74
Mujeres	12 Galicia	De 16 a 19 años	2022T2	55,08
Mujeres	12 Galicia	De 16 a 19 años	2022T1	78,54
Mujeres	12 Galicia	De 16 a 19 años	2021T4	81,62
Mujeres	12 Galicia	De 16 a 19 años	2021T3	31,02
Mujeres	12 Galicia	De 16 a 19 años	2021T2	35,36
Mujeres	12 Galicia	De 16 a 19 años	2021T1	54,93
Mujeres	12 Galicia	De 20 a 24 años	2023T4	21,34
Mujeres	12 Galicia	De 20 a 24 años	2023T3	22,56
Mujeres	12 Galicia	De 20 a 24 años	2023T2	25,28
Mujeres	12 Galicia	De 20 a 24 años	2023T1	26,20
Mujeres	12 Galicia	De 20 a 24 años	2022T4	26,68
Mujeres	12 Galicia	De 20 a 24 años	2022T3	28,35
Mujeres	12 Galicia	De 20 a 24 años	2022T2	36,60
Mujeres	12 Galicia	De 20 a 24 años	2022T1	32,81
Mujeres	12 Galicia	De 20 a 24 años	2021T4	34,45
Mujeres	12 Galicia	De 20 a 24 años	2021T3	24,70
Mujeres	12 Galicia	De 20 a 24 años	2021T2	33,58
Mujeres	12 Galicia	De 20 a 24 años	2021T1	36,62
Mujeres	12 Galicia	De 25 a 54 años	2023T4	9,61
Mujeres	12 Galicia	De 25 a 54 años	2023T3	9,80
Mujeres	12 Galicia	De 25 a 54 años	2023T2	9,81
Mujeres	12 Galicia	De 25 a 54 años	2023T1	11,41
Mujeres	12 Galicia	De 25 a 54 años	2022T4	11,26
Mujeres	12 Galicia	De 25 a 54 años	2022T3	11,33
Mujeres	12 Galicia	De 25 a 54 años	2022T2	10,92
Mujeres	12 Galicia	De 25 a 54 años	2022T1	12,66
Mujeres	12 Galicia	De 25 a 54 años	2021T4	11,34
Mujeres	12 Galicia	De 25 a 54 años	2021T3	10,78
Mujeres	12 Galicia	De 25 a 54 años	2021T2	13,26
Mujeres	12 Galicia	De 25 a 54 años	2021T1	14,64
Mujeres	12 Galicia	De 55 y más años	2023T4	9,32
Mujeres	12 Galicia	De 55 y más años	2023T3	8,23
Mujeres	12 Galicia	De 55 y más años	2023T2	8,83
Mujeres	12 Galicia	De 55 y más años	2023T1	9,62
Mujeres	12 Galicia	De 55 y más años	2022T4	8,96
Mujeres	12 Galicia	De 55 y más años	2022T3	9,93
Mujeres	12 Galicia	De 55 y más años	2022T2	10,81
Mujeres	12 Galicia	De 55 y más años	2022T1	9,72
Mujeres	12 Galicia	De 55 y más años	2021T4	10,99
Mujeres	12 Galicia	De 55 y más años	2021T3	9,46
Mujeres	12 Galicia	De 55 y más años	2021T2	11,60
Mujeres	12 Galicia	De 55 y más años	2021T1	9,94
Mujeres	13 Madrid, Comunidad de	Total	2023T4	10,56
Mujeres	13 Madrid, Comunidad de	Total	2023T3	12,61
Mujeres	13 Madrid, Comunidad de	Total	2023T2	11,21
Mujeres	13 Madrid, Comunidad de	Total	2023T1	12,09
Mujeres	13 Madrid, Comunidad de	Total	2022T4	13,49
Mujeres	13 Madrid, Comunidad de	Total	2022T3	13,28
Mujeres	13 Madrid, Comunidad de	Total	2022T2	11,36
Mujeres	13 Madrid, Comunidad de	Total	2022T1	13,44
Mujeres	13 Madrid, Comunidad de	Total	2021T4	10,96
Mujeres	13 Madrid, Comunidad de	Total	2021T3	12,57
Mujeres	13 Madrid, Comunidad de	Total	2021T2	12,78
Mujeres	13 Madrid, Comunidad de	Total	2021T1	13,54
Mujeres	13 Madrid, Comunidad de	Menores de 25 años	2023T4	21,25
Mujeres	13 Madrid, Comunidad de	Menores de 25 años	2023T3	31,91
Mujeres	13 Madrid, Comunidad de	Menores de 25 años	2023T2	22,79
Mujeres	13 Madrid, Comunidad de	Menores de 25 años	2023T1	32,41
Mujeres	13 Madrid, Comunidad de	Menores de 25 años	2022T4	25,59
Mujeres	13 Madrid, Comunidad de	Menores de 25 años	2022T3	37,31
Mujeres	13 Madrid, Comunidad de	Menores de 25 años	2022T2	18,14
Mujeres	13 Madrid, Comunidad de	Menores de 25 años	2022T1	25,29
Mujeres	13 Madrid, Comunidad de	Menores de 25 años	2021T4	23,45
Mujeres	13 Madrid, Comunidad de	Menores de 25 años	2021T3	26,76
Mujeres	13 Madrid, Comunidad de	Menores de 25 años	2021T2	28,46
Mujeres	13 Madrid, Comunidad de	Menores de 25 años	2021T1	31,52
Mujeres	13 Madrid, Comunidad de	25 y más años	2023T4	9,84
Mujeres	13 Madrid, Comunidad de	25 y más años	2023T3	11,21
Mujeres	13 Madrid, Comunidad de	25 y más años	2023T2	10,42
Mujeres	13 Madrid, Comunidad de	25 y más años	2023T1	10,47
Mujeres	13 Madrid, Comunidad de	25 y más años	2022T4	12,71
Mujeres	13 Madrid, Comunidad de	25 y más años	2022T3	11,39
Mujeres	13 Madrid, Comunidad de	25 y más años	2022T2	10,85
Mujeres	13 Madrid, Comunidad de	25 y más años	2022T1	12,52
Mujeres	13 Madrid, Comunidad de	25 y más años	2021T4	10,13
Mujeres	13 Madrid, Comunidad de	25 y más años	2021T3	11,43
Mujeres	13 Madrid, Comunidad de	25 y más años	2021T2	11,55
Mujeres	13 Madrid, Comunidad de	25 y más años	2021T1	12,28
Mujeres	13 Madrid, Comunidad de	De 16 a 19 años	2023T4	27,30
Mujeres	13 Madrid, Comunidad de	De 16 a 19 años	2023T3	57,28
Mujeres	13 Madrid, Comunidad de	De 16 a 19 años	2023T2	27,94
Mujeres	13 Madrid, Comunidad de	De 16 a 19 años	2023T1	53,33
Mujeres	13 Madrid, Comunidad de	De 16 a 19 años	2022T4	54,66
Mujeres	13 Madrid, Comunidad de	De 16 a 19 años	2022T3	52,35
Mujeres	13 Madrid, Comunidad de	De 16 a 19 años	2022T2	25,96
Mujeres	13 Madrid, Comunidad de	De 16 a 19 años	2022T1	57,20
Mujeres	13 Madrid, Comunidad de	De 16 a 19 años	2021T4	45,62
Mujeres	13 Madrid, Comunidad de	De 16 a 19 años	2021T3	38,24
Mujeres	13 Madrid, Comunidad de	De 16 a 19 años	2021T2	66,86
Mujeres	13 Madrid, Comunidad de	De 16 a 19 años	2021T1	48,13
Mujeres	13 Madrid, Comunidad de	De 20 a 24 años	2023T4	20,60
Mujeres	13 Madrid, Comunidad de	De 20 a 24 años	2023T3	28,17
Mujeres	13 Madrid, Comunidad de	De 20 a 24 años	2023T2	22,18
Mujeres	13 Madrid, Comunidad de	De 20 a 24 años	2023T1	27,66
Mujeres	13 Madrid, Comunidad de	De 20 a 24 años	2022T4	21,22
Mujeres	13 Madrid, Comunidad de	De 20 a 24 años	2022T3	33,33
Mujeres	13 Madrid, Comunidad de	De 20 a 24 años	2022T2	16,94
Mujeres	13 Madrid, Comunidad de	De 20 a 24 años	2022T1	16,74
Mujeres	13 Madrid, Comunidad de	De 20 a 24 años	2021T4	19,94
Mujeres	13 Madrid, Comunidad de	De 20 a 24 años	2021T3	23,95
Mujeres	13 Madrid, Comunidad de	De 20 a 24 años	2021T2	18,73
Mujeres	13 Madrid, Comunidad de	De 20 a 24 años	2021T1	28,43
Mujeres	13 Madrid, Comunidad de	De 25 a 54 años	2023T4	9,78
Mujeres	13 Madrid, Comunidad de	De 25 a 54 años	2023T3	11,19
Mujeres	13 Madrid, Comunidad de	De 25 a 54 años	2023T2	10,49
Mujeres	13 Madrid, Comunidad de	De 25 a 54 años	2023T1	10,58
Mujeres	13 Madrid, Comunidad de	De 25 a 54 años	2022T4	12,81
Mujeres	13 Madrid, Comunidad de	De 25 a 54 años	2022T3	11,73
Mujeres	13 Madrid, Comunidad de	De 25 a 54 años	2022T2	10,42
Mujeres	13 Madrid, Comunidad de	De 25 a 54 años	2022T1	12,68
Mujeres	13 Madrid, Comunidad de	De 25 a 54 años	2021T4	9,76
Mujeres	13 Madrid, Comunidad de	De 25 a 54 años	2021T3	10,57
Mujeres	13 Madrid, Comunidad de	De 25 a 54 años	2021T2	11,77
Mujeres	13 Madrid, Comunidad de	De 25 a 54 años	2021T1	12,60
Mujeres	13 Madrid, Comunidad de	De 55 y más años	2023T4	10,04
Mujeres	13 Madrid, Comunidad de	De 55 y más años	2023T3	11,28
Mujeres	13 Madrid, Comunidad de	De 55 y más años	2023T2	10,13
Mujeres	13 Madrid, Comunidad de	De 55 y más años	2023T1	10,02
Mujeres	13 Madrid, Comunidad de	De 55 y más años	2022T4	12,30
Mujeres	13 Madrid, Comunidad de	De 55 y más años	2022T3	10,09
Mujeres	13 Madrid, Comunidad de	De 55 y más años	2022T2	12,51
Mujeres	13 Madrid, Comunidad de	De 55 y más años	2022T1	11,92
Mujeres	13 Madrid, Comunidad de	De 55 y más años	2021T4	11,55
Mujeres	13 Madrid, Comunidad de	De 55 y más años	2021T3	14,92
Mujeres	13 Madrid, Comunidad de	De 55 y más años	2021T2	10,62
Mujeres	13 Madrid, Comunidad de	De 55 y más años	2021T1	10,99
Mujeres	14 Murcia, Región de	Total	2023T4	13,34
Mujeres	14 Murcia, Región de	Total	2023T3	15,79
Mujeres	14 Murcia, Región de	Total	2023T2	13,52
Mujeres	14 Murcia, Región de	Total	2023T1	16,19
Mujeres	14 Murcia, Región de	Total	2022T4	15,35
Mujeres	14 Murcia, Región de	Total	2022T3	16,31
Mujeres	14 Murcia, Región de	Total	2022T2	14,21
Mujeres	14 Murcia, Región de	Total	2022T1	15,35
Mujeres	14 Murcia, Región de	Total	2021T4	15,84
Mujeres	14 Murcia, Región de	Total	2021T3	16,87
Mujeres	14 Murcia, Región de	Total	2021T2	15,60
Mujeres	14 Murcia, Región de	Total	2021T1	20,49
Mujeres	14 Murcia, Región de	Menores de 25 años	2023T4	31,46
Mujeres	14 Murcia, Región de	Menores de 25 años	2023T3	33,55
Mujeres	14 Murcia, Región de	Menores de 25 años	2023T2	33,59
Mujeres	14 Murcia, Región de	Menores de 25 años	2023T1	36,05
Mujeres	14 Murcia, Región de	Menores de 25 años	2022T4	34,06
Mujeres	14 Murcia, Región de	Menores de 25 años	2022T3	33,86
Mujeres	14 Murcia, Región de	Menores de 25 años	2022T2	24,27
Mujeres	14 Murcia, Región de	Menores de 25 años	2022T1	13,74
Mujeres	14 Murcia, Región de	Menores de 25 años	2021T4	31,08
Mujeres	14 Murcia, Región de	Menores de 25 años	2021T3	31,76
Mujeres	14 Murcia, Región de	Menores de 25 años	2021T2	30,51
Mujeres	14 Murcia, Región de	Menores de 25 años	2021T1	48,62
Mujeres	14 Murcia, Región de	25 y más años	2023T4	12,24
Mujeres	14 Murcia, Región de	25 y más años	2023T3	14,19
Mujeres	14 Murcia, Región de	25 y más años	2023T2	11,90
Mujeres	14 Murcia, Región de	25 y más años	2023T1	14,57
Mujeres	14 Murcia, Región de	25 y más años	2022T4	13,87
Mujeres	14 Murcia, Región de	25 y más años	2022T3	14,78
Mujeres	14 Murcia, Región de	25 y más años	2022T2	13,45
Mujeres	14 Murcia, Región de	25 y más años	2022T1	15,47
Mujeres	14 Murcia, Región de	25 y más años	2021T4	14,71
Mujeres	14 Murcia, Región de	25 y más años	2021T3	15,51
Mujeres	14 Murcia, Región de	25 y más años	2021T2	14,53
Mujeres	14 Murcia, Región de	25 y más años	2021T1	18,61
Mujeres	14 Murcia, Región de	De 16 a 19 años	2023T4	58,50
Mujeres	14 Murcia, Región de	De 16 a 19 años	2023T3	23,05
Mujeres	14 Murcia, Región de	De 16 a 19 años	2023T2	61,71
Mujeres	14 Murcia, Región de	De 16 a 19 años	2023T1	64,39
Mujeres	14 Murcia, Región de	De 16 a 19 años	2022T4	16,16
Mujeres	14 Murcia, Región de	De 16 a 19 años	2022T3	20,78
Mujeres	14 Murcia, Región de	De 16 a 19 años	2022T2	34,02
Mujeres	14 Murcia, Región de	De 16 a 19 años	2022T1	34,61
Mujeres	14 Murcia, Región de	De 16 a 19 años	2021T4	61,85
Mujeres	14 Murcia, Región de	De 16 a 19 años	2021T3	38,52
Mujeres	14 Murcia, Región de	De 16 a 19 años	2021T2	49,02
Mujeres	14 Murcia, Región de	De 16 a 19 años	2021T1	61,43
Mujeres	14 Murcia, Región de	De 20 a 24 años	2023T4	26,67
Mujeres	14 Murcia, Región de	De 20 a 24 años	2023T3	35,97
Mujeres	14 Murcia, Región de	De 20 a 24 años	2023T2	28,31
Mujeres	14 Murcia, Región de	De 20 a 24 años	2023T1	31,52
Mujeres	14 Murcia, Región de	De 20 a 24 años	2022T4	37,19
Mujeres	14 Murcia, Región de	De 20 a 24 años	2022T3	35,64
Mujeres	14 Murcia, Región de	De 20 a 24 años	2022T2	22,94
Mujeres	14 Murcia, Región de	De 20 a 24 años	2022T1	9,59
Mujeres	14 Murcia, Región de	De 20 a 24 años	2021T4	25,72
Mujeres	14 Murcia, Región de	De 20 a 24 años	2021T3	29,90
Mujeres	14 Murcia, Región de	De 20 a 24 años	2021T2	26,10
Mujeres	14 Murcia, Región de	De 20 a 24 años	2021T1	45,14
Mujeres	14 Murcia, Región de	De 25 a 54 años	2023T4	13,52
Mujeres	14 Murcia, Región de	De 25 a 54 años	2023T3	15,47
Mujeres	14 Murcia, Región de	De 25 a 54 años	2023T2	12,32
Mujeres	14 Murcia, Región de	De 25 a 54 años	2023T1	14,79
Mujeres	14 Murcia, Región de	De 25 a 54 años	2022T4	14,61
Mujeres	14 Murcia, Región de	De 25 a 54 años	2022T3	15,73
Mujeres	14 Murcia, Región de	De 25 a 54 años	2022T2	13,30
Mujeres	14 Murcia, Región de	De 25 a 54 años	2022T1	15,54
Mujeres	14 Murcia, Región de	De 25 a 54 años	2021T4	14,48
Mujeres	14 Murcia, Región de	De 25 a 54 años	2021T3	15,40
Mujeres	14 Murcia, Región de	De 25 a 54 años	2021T2	14,62
Mujeres	14 Murcia, Región de	De 25 a 54 años	2021T1	17,88
Mujeres	14 Murcia, Región de	De 55 y más años	2023T4	7,22
Mujeres	14 Murcia, Región de	De 55 y más años	2023T3	9,04
Mujeres	14 Murcia, Región de	De 55 y más años	2023T2	10,18
Mujeres	14 Murcia, Región de	De 55 y más años	2023T1	13,65
Mujeres	14 Murcia, Región de	De 55 y más años	2022T4	10,70
Mujeres	14 Murcia, Región de	De 55 y más años	2022T3	10,92
Mujeres	14 Murcia, Región de	De 55 y más años	2022T2	14,01
Mujeres	14 Murcia, Región de	De 55 y más años	2022T1	15,15
Mujeres	14 Murcia, Región de	De 55 y más años	2021T4	15,61
Mujeres	14 Murcia, Región de	De 55 y más años	2021T3	15,99
Mujeres	14 Murcia, Región de	De 55 y más años	2021T2	14,12
Mujeres	14 Murcia, Región de	De 55 y más años	2021T1	21,57
Mujeres	15 Navarra, Comunidad Foral de	Total	2023T4	11,01
Mujeres	15 Navarra, Comunidad Foral de	Total	2023T3	9,59
Mujeres	15 Navarra, Comunidad Foral de	Total	2023T2	9,71
Mujeres	15 Navarra, Comunidad Foral de	Total	2023T1	12,63
Mujeres	15 Navarra, Comunidad Foral de	Total	2022T4	10,58
Mujeres	15 Navarra, Comunidad Foral de	Total	2022T3	10,67
Mujeres	15 Navarra, Comunidad Foral de	Total	2022T2	9,93
Mujeres	15 Navarra, Comunidad Foral de	Total	2022T1	9,35
Mujeres	15 Navarra, Comunidad Foral de	Total	2021T4	8,39
Mujeres	15 Navarra, Comunidad Foral de	Total	2021T3	9,26
Mujeres	15 Navarra, Comunidad Foral de	Total	2021T2	9,84
Mujeres	15 Navarra, Comunidad Foral de	Total	2021T1	11,30
Mujeres	15 Navarra, Comunidad Foral de	Menores de 25 años	2023T4	18,10
Mujeres	15 Navarra, Comunidad Foral de	Menores de 25 años	2023T3	24,30
Mujeres	15 Navarra, Comunidad Foral de	Menores de 25 años	2023T2	26,04
Mujeres	15 Navarra, Comunidad Foral de	Menores de 25 años	2023T1	20,71
Mujeres	15 Navarra, Comunidad Foral de	Menores de 25 años	2022T4	24,99
Mujeres	15 Navarra, Comunidad Foral de	Menores de 25 años	2022T3	25,82
Mujeres	15 Navarra, Comunidad Foral de	Menores de 25 años	2022T2	25,49
Mujeres	15 Navarra, Comunidad Foral de	Menores de 25 años	2022T1	9,38
Mujeres	15 Navarra, Comunidad Foral de	Menores de 25 años	2021T4	13,36
Mujeres	15 Navarra, Comunidad Foral de	Menores de 25 años	2021T3	9,82
Mujeres	15 Navarra, Comunidad Foral de	Menores de 25 años	2021T2	19,75
Mujeres	15 Navarra, Comunidad Foral de	Menores de 25 años	2021T1	37,52
Mujeres	15 Navarra, Comunidad Foral de	25 y más años	2023T4	10,59
Mujeres	15 Navarra, Comunidad Foral de	25 y más años	2023T3	8,48
Mujeres	15 Navarra, Comunidad Foral de	25 y más años	2023T2	8,59
Mujeres	15 Navarra, Comunidad Foral de	25 y más años	2023T1	12,13
Mujeres	15 Navarra, Comunidad Foral de	25 y más años	2022T4	9,63
Mujeres	15 Navarra, Comunidad Foral de	25 y más años	2022T3	9,60
Mujeres	15 Navarra, Comunidad Foral de	25 y más años	2022T2	8,79
Mujeres	15 Navarra, Comunidad Foral de	25 y más años	2022T1	9,35
Mujeres	15 Navarra, Comunidad Foral de	25 y más años	2021T4	8,07
Mujeres	15 Navarra, Comunidad Foral de	25 y más años	2021T3	9,21
Mujeres	15 Navarra, Comunidad Foral de	25 y más años	2021T2	9,16
Mujeres	15 Navarra, Comunidad Foral de	25 y más años	2021T1	9,79
Mujeres	15 Navarra, Comunidad Foral de	De 16 a 19 años	2023T4	21,84
Mujeres	15 Navarra, Comunidad Foral de	De 16 a 19 años	2023T3	37,43
Mujeres	15 Navarra, Comunidad Foral de	De 16 a 19 años	2023T2	21,96
Mujeres	15 Navarra, Comunidad Foral de	De 16 a 19 años	2023T1	33,98
Mujeres	15 Navarra, Comunidad Foral de	De 16 a 19 años	2022T4	58,67
Mujeres	15 Navarra, Comunidad Foral de	De 16 a 19 años	2022T3	25,21
Mujeres	15 Navarra, Comunidad Foral de	De 16 a 19 años	2022T2	46,73
Mujeres	15 Navarra, Comunidad Foral de	De 16 a 19 años	2022T1	17,60
Mujeres	15 Navarra, Comunidad Foral de	De 16 a 19 años	2021T4	..
Mujeres	15 Navarra, Comunidad Foral de	De 16 a 19 años	2021T3	33,50
Mujeres	15 Navarra, Comunidad Foral de	De 16 a 19 años	2021T2	45,90
Mujeres	15 Navarra, Comunidad Foral de	De 16 a 19 años	2021T1	69,31
Mujeres	15 Navarra, Comunidad Foral de	De 20 a 24 años	2023T4	17,24
Mujeres	15 Navarra, Comunidad Foral de	De 20 a 24 años	2023T3	21,17
Mujeres	15 Navarra, Comunidad Foral de	De 20 a 24 años	2023T2	27,10
Mujeres	15 Navarra, Comunidad Foral de	De 20 a 24 años	2023T1	17,34
Mujeres	15 Navarra, Comunidad Foral de	De 20 a 24 años	2022T4	13,94
Mujeres	15 Navarra, Comunidad Foral de	De 20 a 24 años	2022T3	25,95
Mujeres	15 Navarra, Comunidad Foral de	De 20 a 24 años	2022T2	23,64
Mujeres	15 Navarra, Comunidad Foral de	De 20 a 24 años	2022T1	8,50
Mujeres	15 Navarra, Comunidad Foral de	De 20 a 24 años	2021T4	14,30
Mujeres	15 Navarra, Comunidad Foral de	De 20 a 24 años	2021T3	7,46
Mujeres	15 Navarra, Comunidad Foral de	De 20 a 24 años	2021T2	16,03
Mujeres	15 Navarra, Comunidad Foral de	De 20 a 24 años	2021T1	34,18
Mujeres	15 Navarra, Comunidad Foral de	De 25 a 54 años	2023T4	10,00
Mujeres	15 Navarra, Comunidad Foral de	De 25 a 54 años	2023T3	8,81
Mujeres	15 Navarra, Comunidad Foral de	De 25 a 54 años	2023T2	8,83
Mujeres	15 Navarra, Comunidad Foral de	De 25 a 54 años	2023T1	13,80
Mujeres	15 Navarra, Comunidad Foral de	De 25 a 54 años	2022T4	10,64
Mujeres	15 Navarra, Comunidad Foral de	De 25 a 54 años	2022T3	10,16
Mujeres	15 Navarra, Comunidad Foral de	De 25 a 54 años	2022T2	10,24
Mujeres	15 Navarra, Comunidad Foral de	De 25 a 54 años	2022T1	11,01
Mujeres	15 Navarra, Comunidad Foral de	De 25 a 54 años	2021T4	9,48
Mujeres	15 Navarra, Comunidad Foral de	De 25 a 54 años	2021T3	9,90
Mujeres	15 Navarra, Comunidad Foral de	De 25 a 54 años	2021T2	9,34
Mujeres	15 Navarra, Comunidad Foral de	De 25 a 54 años	2021T1	10,39
Mujeres	15 Navarra, Comunidad Foral de	De 55 y más años	2023T4	12,48
Mujeres	15 Navarra, Comunidad Foral de	De 55 y más años	2023T3	7,37
Mujeres	15 Navarra, Comunidad Foral de	De 55 y más años	2023T2	7,75
Mujeres	15 Navarra, Comunidad Foral de	De 55 y más años	2023T1	6,38
Mujeres	15 Navarra, Comunidad Foral de	De 55 y más años	2022T4	6,02
Mujeres	15 Navarra, Comunidad Foral de	De 55 y más años	2022T3	7,67
Mujeres	15 Navarra, Comunidad Foral de	De 55 y más años	2022T2	3,27
Mujeres	15 Navarra, Comunidad Foral de	De 55 y más años	2022T1	3,10
Mujeres	15 Navarra, Comunidad Foral de	De 55 y más años	2021T4	2,68
Mujeres	15 Navarra, Comunidad Foral de	De 55 y más años	2021T3	6,43
Mujeres	15 Navarra, Comunidad Foral de	De 55 y más años	2021T2	8,53
Mujeres	15 Navarra, Comunidad Foral de	De 55 y más años	2021T1	7,56
Mujeres	16 País Vasco	Total	2023T4	6,84
Mujeres	16 País Vasco	Total	2023T3	9,61
Mujeres	16 País Vasco	Total	2023T2	7,14
Mujeres	16 País Vasco	Total	2023T1	9,85
Mujeres	16 País Vasco	Total	2022T4	9,27
Mujeres	16 País Vasco	Total	2022T3	8,43
Mujeres	16 País Vasco	Total	2022T2	9,03
Mujeres	16 País Vasco	Total	2022T1	8,48
Mujeres	16 País Vasco	Total	2021T4	7,90
Mujeres	16 País Vasco	Total	2021T3	10,47
Mujeres	16 País Vasco	Total	2021T2	10,42
Mujeres	16 País Vasco	Total	2021T1	11,32
Mujeres	16 País Vasco	Menores de 25 años	2023T4	21,65
Mujeres	16 País Vasco	Menores de 25 años	2023T3	26,32
Mujeres	16 País Vasco	Menores de 25 años	2023T2	15,98
Mujeres	16 País Vasco	Menores de 25 años	2023T1	25,19
Mujeres	16 País Vasco	Menores de 25 años	2022T4	24,07
Mujeres	16 País Vasco	Menores de 25 años	2022T3	31,79
Mujeres	16 País Vasco	Menores de 25 años	2022T2	24,09
Mujeres	16 País Vasco	Menores de 25 años	2022T1	26,07
Mujeres	16 País Vasco	Menores de 25 años	2021T4	24,47
Mujeres	16 País Vasco	Menores de 25 años	2021T3	21,89
Mujeres	16 País Vasco	Menores de 25 años	2021T2	40,95
Mujeres	16 País Vasco	Menores de 25 años	2021T1	33,16
Mujeres	16 País Vasco	25 y más años	2023T4	5,83
Mujeres	16 País Vasco	25 y más años	2023T3	8,47
Mujeres	16 País Vasco	25 y más años	2023T2	6,59
Mujeres	16 País Vasco	25 y más años	2023T1	9,03
Mujeres	16 País Vasco	25 y más años	2022T4	8,53
Mujeres	16 País Vasco	25 y más años	2022T3	7,21
Mujeres	16 País Vasco	25 y más años	2022T2	8,06
Mujeres	16 País Vasco	25 y más años	2022T1	7,44
Mujeres	16 País Vasco	25 y más años	2021T4	6,89
Mujeres	16 País Vasco	25 y más años	2021T3	9,69
Mujeres	16 País Vasco	25 y más años	2021T2	8,39
Mujeres	16 País Vasco	25 y más años	2021T1	10,37
Mujeres	16 País Vasco	De 16 a 19 años	2023T4	60,76
Mujeres	16 País Vasco	De 16 a 19 años	2023T3	21,36
Mujeres	16 País Vasco	De 16 a 19 años	2023T2	16,87
Mujeres	16 País Vasco	De 16 a 19 años	2023T1	18,11
Mujeres	16 País Vasco	De 16 a 19 años	2022T4	47,30
Mujeres	16 País Vasco	De 16 a 19 años	2022T3	48,51
Mujeres	16 País Vasco	De 16 a 19 años	2022T2	39,00
Mujeres	16 País Vasco	De 16 a 19 años	2022T1	24,80
Mujeres	16 País Vasco	De 16 a 19 años	2021T4	39,40
Mujeres	16 País Vasco	De 16 a 19 años	2021T3	36,50
Mujeres	16 País Vasco	De 16 a 19 años	2021T2	62,51
Mujeres	16 País Vasco	De 16 a 19 años	2021T1	100,00
Mujeres	16 País Vasco	De 20 a 24 años	2023T4	17,09
Mujeres	16 País Vasco	De 20 a 24 años	2023T3	26,85
Mujeres	16 País Vasco	De 20 a 24 años	2023T2	15,74
Mujeres	16 País Vasco	De 20 a 24 años	2023T1	26,01
Mujeres	16 País Vasco	De 20 a 24 años	2022T4	19,30
Mujeres	16 País Vasco	De 20 a 24 años	2022T3	26,64
Mujeres	16 País Vasco	De 20 a 24 años	2022T2	20,24
Mujeres	16 País Vasco	De 20 a 24 años	2022T1	26,30
Mujeres	16 País Vasco	De 20 a 24 años	2021T4	20,20
Mujeres	16 País Vasco	De 20 a 24 años	2021T3	18,25
Mujeres	16 País Vasco	De 20 a 24 años	2021T2	36,25
Mujeres	16 País Vasco	De 20 a 24 años	2021T1	28,66
Mujeres	16 País Vasco	De 25 a 54 años	2023T4	5,46
Mujeres	16 País Vasco	De 25 a 54 años	2023T3	7,15
Mujeres	16 País Vasco	De 25 a 54 años	2023T2	5,49
Mujeres	16 País Vasco	De 25 a 54 años	2023T1	8,67
Mujeres	16 País Vasco	De 25 a 54 años	2022T4	9,05
Mujeres	16 País Vasco	De 25 a 54 años	2022T3	7,00
Mujeres	16 País Vasco	De 25 a 54 años	2022T2	8,72
Mujeres	16 País Vasco	De 25 a 54 años	2022T1	7,21
Mujeres	16 País Vasco	De 25 a 54 años	2021T4	6,58
Mujeres	16 País Vasco	De 25 a 54 años	2021T3	9,90
Mujeres	16 País Vasco	De 25 a 54 años	2021T2	8,76
Mujeres	16 País Vasco	De 25 a 54 años	2021T1	10,70
Mujeres	16 País Vasco	De 55 y más años	2023T4	6,93
Mujeres	16 País Vasco	De 55 y más años	2023T3	12,51
Mujeres	16 País Vasco	De 55 y más años	2023T2	10,13
Mujeres	16 País Vasco	De 55 y más años	2023T1	10,24
Mujeres	16 País Vasco	De 55 y más años	2022T4	6,71
Mujeres	16 País Vasco	De 55 y más años	2022T3	7,86
Mujeres	16 País Vasco	De 55 y más años	2022T2	5,87
Mujeres	16 País Vasco	De 55 y más años	2022T1	8,16
Mujeres	16 País Vasco	De 55 y más años	2021T4	7,88
Mujeres	16 País Vasco	De 55 y más años	2021T3	8,97
Mujeres	16 País Vasco	De 55 y más años	2021T2	7,18
Mujeres	16 País Vasco	De 55 y más años	2021T1	9,31
Mujeres	17 Rioja, La	Total	2023T4	10,09
Mujeres	17 Rioja, La	Total	2023T3	11,91
Mujeres	17 Rioja, La	Total	2023T2	9,32
Mujeres	17 Rioja, La	Total	2023T1	11,47
Mujeres	17 Rioja, La	Total	2022T4	9,42
Mujeres	17 Rioja, La	Total	2022T3	8,20
Mujeres	17 Rioja, La	Total	2022T2	10,35
Mujeres	17 Rioja, La	Total	2022T1	13,07
Mujeres	17 Rioja, La	Total	2021T4	11,24
Mujeres	17 Rioja, La	Total	2021T3	14,69
Mujeres	17 Rioja, La	Total	2021T2	16,54
Mujeres	17 Rioja, La	Total	2021T1	16,56
Mujeres	17 Rioja, La	Menores de 25 años	2023T4	29,82
Mujeres	17 Rioja, La	Menores de 25 años	2023T3	25,87
Mujeres	17 Rioja, La	Menores de 25 años	2023T2	26,19
Mujeres	17 Rioja, La	Menores de 25 años	2023T1	17,98
Mujeres	17 Rioja, La	Menores de 25 años	2022T4	25,43
Mujeres	17 Rioja, La	Menores de 25 años	2022T3	20,19
Mujeres	17 Rioja, La	Menores de 25 años	2022T2	33,79
Mujeres	17 Rioja, La	Menores de 25 años	2022T1	35,90
Mujeres	17 Rioja, La	Menores de 25 años	2021T4	30,64
Mujeres	17 Rioja, La	Menores de 25 años	2021T3	38,30
Mujeres	17 Rioja, La	Menores de 25 años	2021T2	52,19
Mujeres	17 Rioja, La	Menores de 25 años	2021T1	34,32
Mujeres	17 Rioja, La	25 y más años	2023T4	9,13
Mujeres	17 Rioja, La	25 y más años	2023T3	10,95
Mujeres	17 Rioja, La	25 y más años	2023T2	8,35
Mujeres	17 Rioja, La	25 y más años	2023T1	11,09
Mujeres	17 Rioja, La	25 y más años	2022T4	8,48
Mujeres	17 Rioja, La	25 y más años	2022T3	7,41
Mujeres	17 Rioja, La	25 y más años	2022T2	8,84
Mujeres	17 Rioja, La	25 y más años	2022T1	11,59
Mujeres	17 Rioja, La	25 y más años	2021T4	10,05
Mujeres	17 Rioja, La	25 y más años	2021T3	12,92
Mujeres	17 Rioja, La	25 y más años	2021T2	14,05
Mujeres	17 Rioja, La	25 y más años	2021T1	15,68
Mujeres	17 Rioja, La	De 16 a 19 años	2023T4	47,99
Mujeres	17 Rioja, La	De 16 a 19 años	2023T3	10,08
Mujeres	17 Rioja, La	De 16 a 19 años	2023T2	49,49
Mujeres	17 Rioja, La	De 16 a 19 años	2023T1	..
Mujeres	17 Rioja, La	De 16 a 19 años	2022T4	..
Mujeres	17 Rioja, La	De 16 a 19 años	2022T3	23,93
Mujeres	17 Rioja, La	De 16 a 19 años	2022T2	59,63
Mujeres	17 Rioja, La	De 16 a 19 años	2022T1	56,46
Mujeres	17 Rioja, La	De 16 a 19 años	2021T4	78,71
Mujeres	17 Rioja, La	De 16 a 19 años	2021T3	69,59
Mujeres	17 Rioja, La	De 16 a 19 años	2021T2	73,00
Mujeres	17 Rioja, La	De 16 a 19 años	2021T1	..
Mujeres	17 Rioja, La	De 20 a 24 años	2023T4	21,47
Mujeres	17 Rioja, La	De 20 a 24 años	2023T3	33,00
Mujeres	17 Rioja, La	De 20 a 24 años	2023T2	18,17
Mujeres	17 Rioja, La	De 20 a 24 años	2023T1	21,60
Mujeres	17 Rioja, La	De 20 a 24 años	2022T4	28,04
Mujeres	17 Rioja, La	De 20 a 24 años	2022T3	19,37
Mujeres	17 Rioja, La	De 20 a 24 años	2022T2	27,74
Mujeres	17 Rioja, La	De 20 a 24 años	2022T1	30,14
Mujeres	17 Rioja, La	De 20 a 24 años	2021T4	20,38
Mujeres	17 Rioja, La	De 20 a 24 años	2021T3	25,57
Mujeres	17 Rioja, La	De 20 a 24 años	2021T2	44,91
Mujeres	17 Rioja, La	De 20 a 24 años	2021T1	37,05
Mujeres	17 Rioja, La	De 25 a 54 años	2023T4	9,92
Mujeres	17 Rioja, La	De 25 a 54 años	2023T3	10,74
Mujeres	17 Rioja, La	De 25 a 54 años	2023T2	8,40
Mujeres	17 Rioja, La	De 25 a 54 años	2023T1	11,12
Mujeres	17 Rioja, La	De 25 a 54 años	2022T4	8,03
Mujeres	17 Rioja, La	De 25 a 54 años	2022T3	6,45
Mujeres	17 Rioja, La	De 25 a 54 años	2022T2	7,59
Mujeres	17 Rioja, La	De 25 a 54 años	2022T1	11,71
Mujeres	17 Rioja, La	De 25 a 54 años	2021T4	9,92
Mujeres	17 Rioja, La	De 25 a 54 años	2021T3	12,11
Mujeres	17 Rioja, La	De 25 a 54 años	2021T2	13,83
Mujeres	17 Rioja, La	De 25 a 54 años	2021T1	15,71
Mujeres	17 Rioja, La	De 55 y más años	2023T4	6,49
Mujeres	17 Rioja, La	De 55 y más años	2023T3	11,64
Mujeres	17 Rioja, La	De 55 y más años	2023T2	8,17
Mujeres	17 Rioja, La	De 55 y más años	2023T1	10,97
Mujeres	17 Rioja, La	De 55 y más años	2022T4	9,98
Mujeres	17 Rioja, La	De 55 y más años	2022T3	10,85
Mujeres	17 Rioja, La	De 55 y más años	2022T2	13,44
Mujeres	17 Rioja, La	De 55 y más años	2022T1	11,17
Mujeres	17 Rioja, La	De 55 y más años	2021T4	10,52
Mujeres	17 Rioja, La	De 55 y más años	2021T3	15,68
Mujeres	17 Rioja, La	De 55 y más años	2021T2	14,85
Mujeres	17 Rioja, La	De 55 y más años	2021T1	15,56
Mujeres	18 Ceuta	Total	2023T4	35,74
Mujeres	18 Ceuta	Total	2023T3	35,66
Mujeres	18 Ceuta	Total	2023T2	35,26
Mujeres	18 Ceuta	Total	2023T1	28,57
Mujeres	18 Ceuta	Total	2022T4	36,73
Mujeres	18 Ceuta	Total	2022T3	34,64
Mujeres	18 Ceuta	Total	2022T2	29,11
Mujeres	18 Ceuta	Total	2022T1	37,22
Mujeres	18 Ceuta	Total	2021T4	34,52
Mujeres	18 Ceuta	Total	2021T3	33,45
Mujeres	18 Ceuta	Total	2021T2	29,93
Mujeres	18 Ceuta	Total	2021T1	31,42
Mujeres	18 Ceuta	Menores de 25 años	2023T4	54,21
Mujeres	18 Ceuta	Menores de 25 años	2023T3	60,95
Mujeres	18 Ceuta	Menores de 25 años	2023T2	56,50
Mujeres	18 Ceuta	Menores de 25 años	2023T1	32,21
Mujeres	18 Ceuta	Menores de 25 años	2022T4	63,98
Mujeres	18 Ceuta	Menores de 25 años	2022T3	84,54
Mujeres	18 Ceuta	Menores de 25 años	2022T2	42,87
Mujeres	18 Ceuta	Menores de 25 años	2022T1	62,29
Mujeres	18 Ceuta	Menores de 25 años	2021T4	70,89
Mujeres	18 Ceuta	Menores de 25 años	2021T3	63,87
Mujeres	18 Ceuta	Menores de 25 años	2021T2	65,11
Mujeres	18 Ceuta	Menores de 25 años	2021T1	69,24
Mujeres	18 Ceuta	25 y más años	2023T4	33,45
Mujeres	18 Ceuta	25 y más años	2023T3	32,21
Mujeres	18 Ceuta	25 y más años	2023T2	32,73
Mujeres	18 Ceuta	25 y más años	2023T1	28,13
Mujeres	18 Ceuta	25 y más años	2022T4	32,01
Mujeres	18 Ceuta	25 y más años	2022T3	30,90
Mujeres	18 Ceuta	25 y más años	2022T2	27,78
Mujeres	18 Ceuta	25 y más años	2022T1	34,42
Mujeres	18 Ceuta	25 y más años	2021T4	31,17
Mujeres	18 Ceuta	25 y más años	2021T3	29,98
Mujeres	18 Ceuta	25 y más años	2021T2	26,50
Mujeres	18 Ceuta	25 y más años	2021T1	26,52
Mujeres	18 Ceuta	De 16 a 19 años	2023T4	71,28
Mujeres	18 Ceuta	De 16 a 19 años	2023T3	100,00
Mujeres	18 Ceuta	De 16 a 19 años	2023T2	100,00
Mujeres	18 Ceuta	De 16 a 19 años	2023T1	100,00
Mujeres	18 Ceuta	De 16 a 19 años	2022T4	100,00
Mujeres	18 Ceuta	De 16 a 19 años	2022T3	100,00
Mujeres	18 Ceuta	De 16 a 19 años	2022T2	60,09
Mujeres	18 Ceuta	De 16 a 19 años	2022T1	72,03
Mujeres	18 Ceuta	De 16 a 19 años	2021T4	66,54
Mujeres	18 Ceuta	De 16 a 19 años	2021T3	50,07
Mujeres	18 Ceuta	De 16 a 19 años	2021T2	100,00
Mujeres	18 Ceuta	De 16 a 19 años	2021T1	100,00
Mujeres	18 Ceuta	De 20 a 24 años	2023T4	44,51
Mujeres	18 Ceuta	De 20 a 24 años	2023T3	56,65
Mujeres	18 Ceuta	De 20 a 24 años	2023T2	50,02
Mujeres	18 Ceuta	De 20 a 24 años	2023T1	20,24
Mujeres	18 Ceuta	De 20 a 24 años	2022T4	38,70
Mujeres	18 Ceuta	De 20 a 24 años	2022T3	76,53
Mujeres	18 Ceuta	De 20 a 24 años	2022T2	31,46
Mujeres	18 Ceuta	De 20 a 24 años	2022T1	54,63
Mujeres	18 Ceuta	De 20 a 24 años	2021T4	73,78
Mujeres	18 Ceuta	De 20 a 24 años	2021T3	68,30
Mujeres	18 Ceuta	De 20 a 24 años	2021T2	58,67
Mujeres	18 Ceuta	De 20 a 24 años	2021T1	65,03
Mujeres	18 Ceuta	De 25 a 54 años	2023T4	37,67
Mujeres	18 Ceuta	De 25 a 54 años	2023T3	38,24
Mujeres	18 Ceuta	De 25 a 54 años	2023T2	39,93
Mujeres	18 Ceuta	De 25 a 54 años	2023T1	34,16
Mujeres	18 Ceuta	De 25 a 54 años	2022T4	38,68
Mujeres	18 Ceuta	De 25 a 54 años	2022T3	38,49
Mujeres	18 Ceuta	De 25 a 54 años	2022T2	35,76
Mujeres	18 Ceuta	De 25 a 54 años	2022T1	42,92
Mujeres	18 Ceuta	De 25 a 54 años	2021T4	38,57
Mujeres	18 Ceuta	De 25 a 54 años	2021T3	41,62
Mujeres	18 Ceuta	De 25 a 54 años	2021T2	31,93
Mujeres	18 Ceuta	De 25 a 54 años	2021T1	32,56
Mujeres	18 Ceuta	De 55 y más años	2023T4	9,73
Mujeres	18 Ceuta	De 55 y más años	2023T3	7,11
Mujeres	18 Ceuta	De 55 y más años	2023T2	2,34
Mujeres	18 Ceuta	De 55 y más años	2023T1	5,56
Mujeres	18 Ceuta	De 55 y más años	2022T4	10,47
Mujeres	18 Ceuta	De 55 y más años	2022T3	8,29
Mujeres	18 Ceuta	De 55 y más años	2022T2	7,69
Mujeres	18 Ceuta	De 55 y más años	2022T1	8,69
Mujeres	18 Ceuta	De 55 y más años	2021T4	9,18
Mujeres	18 Ceuta	De 55 y más años	2021T3	1,96
Mujeres	18 Ceuta	De 55 y más años	2021T2	11,94
Mujeres	18 Ceuta	De 55 y más años	2021T1	10,34
Mujeres	19 Melilla	Total	2023T4	28,24
Mujeres	19 Melilla	Total	2023T3	21,61
Mujeres	19 Melilla	Total	2023T2	20,40
Mujeres	19 Melilla	Total	2023T1	25,36
Mujeres	19 Melilla	Total	2022T4	27,27
Mujeres	19 Melilla	Total	2022T3	19,60
Mujeres	19 Melilla	Total	2022T2	29,43
Mujeres	19 Melilla	Total	2022T1	26,68
Mujeres	19 Melilla	Total	2021T4	21,25
Mujeres	19 Melilla	Total	2021T3	24,87
Mujeres	19 Melilla	Total	2021T2	16,52
Mujeres	19 Melilla	Total	2021T1	25,63
Mujeres	19 Melilla	Menores de 25 años	2023T4	44,68
Mujeres	19 Melilla	Menores de 25 años	2023T3	32,20
Mujeres	19 Melilla	Menores de 25 años	2023T2	12,92
Mujeres	19 Melilla	Menores de 25 años	2023T1	30,84
Mujeres	19 Melilla	Menores de 25 años	2022T4	62,10
Mujeres	19 Melilla	Menores de 25 años	2022T3	25,46
Mujeres	19 Melilla	Menores de 25 años	2022T2	66,40
Mujeres	19 Melilla	Menores de 25 años	2022T1	56,84
Mujeres	19 Melilla	Menores de 25 años	2021T4	34,88
Mujeres	19 Melilla	Menores de 25 años	2021T3	70,50
Mujeres	19 Melilla	Menores de 25 años	2021T2	43,76
Mujeres	19 Melilla	Menores de 25 años	2021T1	63,88
Mujeres	19 Melilla	25 y más años	2023T4	26,63
Mujeres	19 Melilla	25 y más años	2023T3	20,84
Mujeres	19 Melilla	25 y más años	2023T2	21,04
Mujeres	19 Melilla	25 y más años	2023T1	24,62
Mujeres	19 Melilla	25 y más años	2022T4	23,34
Mujeres	19 Melilla	25 y más años	2022T3	18,93
Mujeres	19 Melilla	25 y más años	2022T2	25,70
Mujeres	19 Melilla	25 y más años	2022T1	22,93
Mujeres	19 Melilla	25 y más años	2021T4	20,54
Mujeres	19 Melilla	25 y más años	2021T3	20,99
Mujeres	19 Melilla	25 y más años	2021T2	14,14
Mujeres	19 Melilla	25 y más años	2021T1	21,53
Mujeres	19 Melilla	De 16 a 19 años	2023T4	100,00
Mujeres	19 Melilla	De 16 a 19 años	2023T3	100,00
Mujeres	19 Melilla	De 16 a 19 años	2023T2	..
Mujeres	19 Melilla	De 16 a 19 años	2023T1	..
Mujeres	19 Melilla	De 16 a 19 años	2022T4	..
Mujeres	19 Melilla	De 16 a 19 años	2022T3	100,00
Mujeres	19 Melilla	De 16 a 19 años	2022T2	100,00
Mujeres	19 Melilla	De 16 a 19 años	2022T1	100,00
Mujeres	19 Melilla	De 16 a 19 años	2021T4	..
Mujeres	19 Melilla	De 16 a 19 años	2021T3	..
Mujeres	19 Melilla	De 16 a 19 años	2021T2	100,00
Mujeres	19 Melilla	De 16 a 19 años	2021T1	100,00
Mujeres	19 Melilla	De 20 a 24 años	2023T4	37,79
Mujeres	19 Melilla	De 20 a 24 años	2023T3	22,55
Mujeres	19 Melilla	De 20 a 24 años	2023T2	14,70
Mujeres	19 Melilla	De 20 a 24 años	2023T1	30,84
Mujeres	19 Melilla	De 20 a 24 años	2022T4	62,10
Mujeres	19 Melilla	De 20 a 24 años	2022T3	22,05
Mujeres	19 Melilla	De 20 a 24 años	2022T2	65,07
Mujeres	19 Melilla	De 20 a 24 años	2022T1	53,94
Mujeres	19 Melilla	De 20 a 24 años	2021T4	34,88
Mujeres	19 Melilla	De 20 a 24 años	2021T3	70,50
Mujeres	19 Melilla	De 20 a 24 años	2021T2	34,77
Mujeres	19 Melilla	De 20 a 24 años	2021T1	49,55
Mujeres	19 Melilla	De 25 a 54 años	2023T4	26,86
Mujeres	19 Melilla	De 25 a 54 años	2023T3	20,74
Mujeres	19 Melilla	De 25 a 54 años	2023T2	22,05
Mujeres	19 Melilla	De 25 a 54 años	2023T1	24,61
Mujeres	19 Melilla	De 25 a 54 años	2022T4	29,13
Mujeres	19 Melilla	De 25 a 54 años	2022T3	22,02
Mujeres	19 Melilla	De 25 a 54 años	2022T2	28,98
Mujeres	19 Melilla	De 25 a 54 años	2022T1	27,88
Mujeres	19 Melilla	De 25 a 54 años	2021T4	24,02
Mujeres	19 Melilla	De 25 a 54 años	2021T3	21,35
Mujeres	19 Melilla	De 25 a 54 años	2021T2	13,73
Mujeres	19 Melilla	De 25 a 54 años	2021T1	22,82
Mujeres	19 Melilla	De 55 y más años	2023T4	25,77
Mujeres	19 Melilla	De 55 y más años	2023T3	21,31
Mujeres	19 Melilla	De 55 y más años	2023T2	17,36
Mujeres	19 Melilla	De 55 y más años	2023T1	24,65
Mujeres	19 Melilla	De 55 y más años	2022T4	..
Mujeres	19 Melilla	De 55 y más años	2022T3	9,51
Mujeres	19 Melilla	De 55 y más años	2022T2	12,74
Mujeres	19 Melilla	De 55 y más años	2022T1	5,78
Mujeres	19 Melilla	De 55 y más años	2021T4	6,64
Mujeres	19 Melilla	De 55 y más años	2021T3	19,44
Mujeres	19 Melilla	De 55 y más años	2021T2	15,84
Mujeres	19 Melilla	De 55 y más años	2021T1	15,04
