Fecha;CCAA;Provincia;Tipo Producto;Consumo Tm
2024-01;Andalucía;Almería;BIODIESEL;0
2024-01;Andalucía;Almería;GASÓLEO A;26252
2024-01;Andalucía;Almería;GASÓLEO B;6073
2024-01;Andalucía;Almería;GASÓLEO C;439
2024-01;Andalucía;Almería;OTROS GASOLEOS;1277
2024-01;Andalucía;Almería;BIOETANOL;0
2024-01;Andalucía;Almería;GASOLINA  AUTO. S/PB 95 I.O.;5070
2024-01;Andalucía;Almería;GASOLINA  AUTO. S/PB 98 I.O.;248
2024-01;Andalucía;Almería;OTRAS GASOLINAS;1
2024-01;Andalucía;Almería;FUELÓLEO  BIA;187
2024-01;Andalucía;Almería;OTROS FUELÓLEOS;1467
2024-01;Andalucía;Almería;QUEROSENO AVIACIÓN;238
2024-01;Andalucía;Almería;OTROS QUEROSENOS;0
2024-01;Andalucía;Almería;GLP;2774
2024-01;Andalucía;Cádiz;BIODIESEL;23
2024-01;Andalucía;Cádiz;GASÓLEO A;31689
2024-01;Andalucía;Cádiz;GASÓLEO B;6412
2024-01;Andalucía;Cádiz;GASÓLEO C;587
2024-01;Andalucía;Cádiz;OTROS GASOLEOS;89595
2024-01;Andalucía;Cádiz;BIOETANOL;0
2024-01;Andalucía;Cádiz;GASOLINA  AUTO. S/PB 95 I.O.;10254
2024-01;Andalucía;Cádiz;GASOLINA  AUTO. S/PB 98 I.O.;333
2024-01;Andalucía;Cádiz;OTRAS GASOLINAS;33
2024-01;Andalucía;Cádiz;FUELÓLEO  BIA;0
2024-01;Andalucía;Cádiz;OTROS FUELÓLEOS;281833
2024-01;Andalucía;Cádiz;QUEROSENO AVIACIÓN;475
2024-01;Andalucía;Cádiz;OTROS QUEROSENOS;0
2024-01;Andalucía;Cádiz;GLP;4185
2024-01;Andalucía;Córdoba;BIODIESEL;7
2024-01;Andalucía;Córdoba;GASÓLEO A;33156
2024-01;Andalucía;Córdoba;GASÓLEO B;8410
2024-01;Andalucía;Córdoba;GASÓLEO C;1082
2024-01;Andalucía;Córdoba;OTROS GASOLEOS;0
2024-01;Andalucía;Córdoba;BIOETANOL;0
2024-01;Andalucía;Córdoba;GASOLINA  AUTO. S/PB 95 I.O.;5106
2024-01;Andalucía;Córdoba;GASOLINA  AUTO. S/PB 98 I.O.;120
2024-01;Andalucía;Córdoba;OTRAS GASOLINAS;7
2024-01;Andalucía;Córdoba;FUELÓLEO  BIA;35
2024-01;Andalucía;Córdoba;OTROS FUELÓLEOS;0
2024-01;Andalucía;Córdoba;QUEROSENO AVIACIÓN;16
2024-01;Andalucía;Córdoba;OTROS QUEROSENOS;0
2024-01;Andalucía;Córdoba;GLP;2912
2024-01;Andalucía;Granada;BIODIESEL;0
2024-01;Andalucía;Granada;GASÓLEO A;37395
2024-01;Andalucía;Granada;GASÓLEO B;7347
2024-01;Andalucía;Granada;GASÓLEO C;4205
2024-01;Andalucía;Granada;OTROS GASOLEOS;362
2024-01;Andalucía;Granada;BIOETANOL;0
2024-01;Andalucía;Granada;GASOLINA  AUTO. S/PB 95 I.O.;8107
2024-01;Andalucía;Granada;GASOLINA  AUTO. S/PB 98 I.O.;326
2024-01;Andalucía;Granada;OTRAS GASOLINAS;1
2024-01;Andalucía;Granada;FUELÓLEO  BIA;177
2024-01;Andalucía;Granada;OTROS FUELÓLEOS;665
2024-01;Andalucía;Granada;QUEROSENO AVIACIÓN;1072
2024-01;Andalucía;Granada;OTROS QUEROSENOS;0
2024-01;Andalucía;Granada;GLP;4204
2024-01;Andalucía;Huelva;BIODIESEL;0
2024-01;Andalucía;Huelva;GASÓLEO A;23881
2024-01;Andalucía;Huelva;GASÓLEO B;7987
2024-01;Andalucía;Huelva;GASÓLEO C;299
2024-01;Andalucía;Huelva;OTROS GASOLEOS;1028
2024-01;Andalucía;Huelva;BIOETANOL;0
2024-01;Andalucía;Huelva;GASOLINA  AUTO. S/PB 95 I.O.;4260
2024-01;Andalucía;Huelva;GASOLINA  AUTO. S/PB 98 I.O.;101
2024-01;Andalucía;Huelva;OTRAS GASOLINAS;0
2024-01;Andalucía;Huelva;FUELÓLEO  BIA;619
2024-01;Andalucía;Huelva;OTROS FUELÓLEOS;570
2024-01;Andalucía;Huelva;QUEROSENO AVIACIÓN;0
2024-01;Andalucía;Huelva;OTROS QUEROSENOS;0
2024-01;Andalucía;Huelva;GLP;2880
2024-01;Andalucía;Jaén;BIODIESEL;36
2024-01;Andalucía;Jaén;GASÓLEO A;25778
2024-01;Andalucía;Jaén;GASÓLEO B;4908
2024-01;Andalucía;Jaén;GASÓLEO C;1946
2024-01;Andalucía;Jaén;OTROS GASOLEOS;0
2024-01;Andalucía;Jaén;BIOETANOL;0
2024-01;Andalucía;Jaén;GASOLINA  AUTO. S/PB 95 I.O.;4780
2024-01;Andalucía;Jaén;GASOLINA  AUTO. S/PB 98 I.O.;124
2024-01;Andalucía;Jaén;OTRAS GASOLINAS;0
2024-01;Andalucía;Jaén;FUELÓLEO  BIA;26
2024-01;Andalucía;Jaén;OTROS FUELÓLEOS;0
2024-01;Andalucía;Jaén;QUEROSENO AVIACIÓN;10
2024-01;Andalucía;Jaén;OTROS QUEROSENOS;0
2024-01;Andalucía;Jaén;GLP;1893
2024-01;Andalucía;Málaga;BIODIESEL;0
2024-01;Andalucía;Málaga;GASÓLEO A;43911
2024-01;Andalucía;Málaga;GASÓLEO B;4754
2024-01;Andalucía;Málaga;GASÓLEO C;538
2024-01;Andalucía;Málaga;OTROS GASOLEOS;1022
2024-01;Andalucía;Málaga;BIOETANOL;0
2024-01;Andalucía;Málaga;GASOLINA  AUTO. S/PB 95 I.O.;16496
2024-01;Andalucía;Málaga;GASOLINA  AUTO. S/PB 98 I.O.;1038
2024-01;Andalucía;Málaga;OTRAS GASOLINAS;14
2024-01;Andalucía;Málaga;FUELÓLEO  BIA;27
2024-01;Andalucía;Málaga;OTROS FUELÓLEOS;1097
2024-01;Andalucía;Málaga;QUEROSENO AVIACIÓN;32026
2024-01;Andalucía;Málaga;OTROS QUEROSENOS;0
2024-01;Andalucía;Málaga;GLP;6387
2024-01;Andalucía;Sevilla;BIODIESEL;26
2024-01;Andalucía;Sevilla;GASÓLEO A;53767
2024-01;Andalucía;Sevilla;GASÓLEO B;8176
2024-01;Andalucía;Sevilla;GASÓLEO C;836
2024-01;Andalucía;Sevilla;OTROS GASOLEOS;1023
2024-01;Andalucía;Sevilla;BIOETANOL;0
2024-01;Andalucía;Sevilla;GASOLINA  AUTO. S/PB 95 I.O.;14305
2024-01;Andalucía;Sevilla;GASOLINA  AUTO. S/PB 98 I.O.;298
2024-01;Andalucía;Sevilla;OTRAS GASOLINAS;4
2024-01;Andalucía;Sevilla;FUELÓLEO  BIA;355
2024-01;Andalucía;Sevilla;OTROS FUELÓLEOS;561
2024-01;Andalucía;Sevilla;QUEROSENO AVIACIÓN;10967
2024-01;Andalucía;Sevilla;OTROS QUEROSENOS;0
2024-01;Andalucía;Sevilla;GLP;5843
2024-01;Aragón;Huesca;BIODIESEL;0
2024-01;Aragón;Huesca;GASÓLEO A;13158
2024-01;Aragón;Huesca;GASÓLEO B;7135
2024-01;Aragón;Huesca;GASÓLEO C;2459
2024-01;Aragón;Huesca;OTROS GASOLEOS;0
2024-01;Aragón;Huesca;BIOETANOL;0
2024-01;Aragón;Huesca;GASOLINA  AUTO. S/PB 95 I.O.;2773
2024-01;Aragón;Huesca;GASOLINA  AUTO. S/PB 98 I.O.;130
2024-01;Aragón;Huesca;OTRAS GASOLINAS;4
2024-01;Aragón;Huesca;FUELÓLEO  BIA;0
2024-01;Aragón;Huesca;OTROS FUELÓLEOS;0
2024-01;Aragón;Huesca;QUEROSENO AVIACIÓN;0
2024-01;Aragón;Huesca;OTROS QUEROSENOS;0
2024-01;Aragón;Huesca;GLP;3310
2024-01;Aragón;Teruel;BIODIESEL;0
2024-01;Aragón;Teruel;GASÓLEO A;7781
2024-01;Aragón;Teruel;GASÓLEO B;3981
2024-01;Aragón;Teruel;GASÓLEO C;2645
2024-01;Aragón;Teruel;OTROS GASOLEOS;0
2024-01;Aragón;Teruel;BIOETANOL;0
2024-01;Aragón;Teruel;GASOLINA  AUTO. S/PB 95 I.O.;1303
2024-01;Aragón;Teruel;GASOLINA  AUTO. S/PB 98 I.O.;47
2024-01;Aragón;Teruel;OTRAS GASOLINAS;0
2024-01;Aragón;Teruel;FUELÓLEO  BIA;96
2024-01;Aragón;Teruel;OTROS FUELÓLEOS;0
2024-01;Aragón;Teruel;QUEROSENO AVIACIÓN;55
2024-01;Aragón;Teruel;OTROS QUEROSENOS;0
2024-01;Aragón;Teruel;GLP;876
2024-01;Aragón;Zaragoza;BIODIESEL;78
2024-01;Aragón;Zaragoza;GASÓLEO A;40317
2024-01;Aragón;Zaragoza;GASÓLEO B;10770
2024-01;Aragón;Zaragoza;GASÓLEO C;10183
2024-01;Aragón;Zaragoza;OTROS GASOLEOS;17
2024-01;Aragón;Zaragoza;BIOETANOL;0
2024-01;Aragón;Zaragoza;GASOLINA  AUTO. S/PB 95 I.O.;8168
2024-01;Aragón;Zaragoza;GASOLINA  AUTO. S/PB 98 I.O.;256
2024-01;Aragón;Zaragoza;OTRAS GASOLINAS;1
2024-01;Aragón;Zaragoza;FUELÓLEO  BIA;6
2024-01;Aragón;Zaragoza;OTROS FUELÓLEOS;0
2024-01;Aragón;Zaragoza;QUEROSENO AVIACIÓN;6495
2024-01;Aragón;Zaragoza;OTROS QUEROSENOS;0
2024-01;Aragón;Zaragoza;GLP;3003
2024-01;Asturias, Principado de;Asturias;BIODIESEL;0
2024-01;Asturias, Principado de;Asturias;GASÓLEO A;30981
2024-01;Asturias, Principado de;Asturias;GASÓLEO B;7035
2024-01;Asturias, Principado de;Asturias;GASÓLEO C;5137
2024-01;Asturias, Principado de;Asturias;OTROS GASOLEOS;3314
2024-01;Asturias, Principado de;Asturias;BIOETANOL;0
2024-01;Asturias, Principado de;Asturias;GASOLINA  AUTO. S/PB 95 I.O.;7918
2024-01;Asturias, Principado de;Asturias;GASOLINA  AUTO. S/PB 98 I.O.;420
2024-01;Asturias, Principado de;Asturias;OTRAS GASOLINAS;1
2024-01;Asturias, Principado de;Asturias;FUELÓLEO  BIA;607
2024-01;Asturias, Principado de;Asturias;OTROS FUELÓLEOS;321
2024-01;Asturias, Principado de;Asturias;QUEROSENO AVIACIÓN;997
2024-01;Asturias, Principado de;Asturias;OTROS QUEROSENOS;0
2024-01;Asturias, Principado de;Asturias;GLP;3597
2024-01;Balears, Illes;Balears, Illes;BIODIESEL;0
2024-01;Balears, Illes;Balears, Illes;GASÓLEO A;22011
2024-01;Balears, Illes;Balears, Illes;GASÓLEO B;3505
2024-01;Balears, Illes;Balears, Illes;GASÓLEO C;11230
2024-01;Balears, Illes;Balears, Illes;OTROS GASOLEOS;2010
2024-01;Balears, Illes;Balears, Illes;BIOETANOL;0
2024-01;Balears, Illes;Balears, Illes;GASOLINA  AUTO. S/PB 95 I.O.;14579
2024-01;Balears, Illes;Balears, Illes;GASOLINA  AUTO. S/PB 98 I.O.;589
2024-01;Balears, Illes;Balears, Illes;OTRAS GASOLINAS;15
2024-01;Balears, Illes;Balears, Illes;FUELÓLEO  BIA;0
2024-01;Balears, Illes;Balears, Illes;OTROS FUELÓLEOS;0
2024-01;Balears, Illes;Balears, Illes;QUEROSENO AVIACIÓN;13869
2024-01;Balears, Illes;Balears, Illes;OTROS QUEROSENOS;0
2024-01;Balears, Illes;Balears, Illes;GLP;4589
2024-01;Canarias;Palmas, Las;BIODIESEL;0
2024-01;Canarias;Palmas, Las;GASÓLEO A;28178
2024-01;Canarias;Palmas, Las;GASÓLEO B;0
2024-01;Canarias;Palmas, Las;GASÓLEO C;0
2024-01;Canarias;Palmas, Las;OTROS GASOLEOS;140264
2024-01;Canarias;Palmas, Las;BIOETANOL;0
2024-01;Canarias;Palmas, Las;GASOLINA  AUTO. S/PB 95 I.O.;19341
2024-01;Canarias;Palmas, Las;GASOLINA  AUTO. S/PB 98 I.O.;3345
2024-01;Canarias;Palmas, Las;OTRAS GASOLINAS;4
2024-01;Canarias;Palmas, Las;FUELÓLEO  BIA;62862
2024-01;Canarias;Palmas, Las;OTROS FUELÓLEOS;83329
2024-01;Canarias;Palmas, Las;QUEROSENO AVIACIÓN;55850
2024-01;Canarias;Palmas, Las;OTROS QUEROSENOS;0
2024-01;Canarias;Palmas, Las;GLP;3503
2024-01;Canarias;Santa Cruz de Tenerife;BIODIESEL;0
2024-01;Canarias;Santa Cruz de Tenerife;GASÓLEO A;28240
2024-01;Canarias;Santa Cruz de Tenerife;GASÓLEO B;0
2024-01;Canarias;Santa Cruz de Tenerife;GASÓLEO C;0
2024-01;Canarias;Santa Cruz de Tenerife;OTROS GASOLEOS;58473
2024-01;Canarias;Santa Cruz de Tenerife;BIOETANOL;0
2024-01;Canarias;Santa Cruz de Tenerife;GASOLINA  AUTO. S/PB 95 I.O.;18371
2024-01;Canarias;Santa Cruz de Tenerife;GASOLINA  AUTO. S/PB 98 I.O.;5151
2024-01;Canarias;Santa Cruz de Tenerife;OTRAS GASOLINAS;1
2024-01;Canarias;Santa Cruz de Tenerife;FUELÓLEO  BIA;21170
2024-01;Canarias;Santa Cruz de Tenerife;OTROS FUELÓLEOS;27011
2024-01;Canarias;Santa Cruz de Tenerife;QUEROSENO AVIACIÓN;52904
2024-01;Canarias;Santa Cruz de Tenerife;OTROS QUEROSENOS;0
2024-01;Canarias;Santa Cruz de Tenerife;GLP;4057
2024-01;Cantabria;Cantabria;BIODIESEL;0
2024-01;Cantabria;Cantabria;GASÓLEO A;22571
2024-01;Cantabria;Cantabria;GASÓLEO B;5556
2024-01;Cantabria;Cantabria;GASÓLEO C;385
2024-01;Cantabria;Cantabria;OTROS GASOLEOS;930
2024-01;Cantabria;Cantabria;BIOETANOL;0
2024-01;Cantabria;Cantabria;GASOLINA  AUTO. S/PB 95 I.O.;5694
2024-01;Cantabria;Cantabria;GASOLINA  AUTO. S/PB 98 I.O.;230
2024-01;Cantabria;Cantabria;OTRAS GASOLINAS;0
2024-01;Cantabria;Cantabria;FUELÓLEO  BIA;610
2024-01;Cantabria;Cantabria;OTROS FUELÓLEOS;25
2024-01;Cantabria;Cantabria;QUEROSENO AVIACIÓN;573
2024-01;Cantabria;Cantabria;OTROS QUEROSENOS;0
2024-01;Cantabria;Cantabria;GLP;2729
2024-01;Castilla - La Mancha;Albacete;BIODIESEL;0
2024-01;Castilla - La Mancha;Albacete;GASÓLEO A;14741
2024-01;Castilla - La Mancha;Albacete;GASÓLEO B;5761
2024-01;Castilla - La Mancha;Albacete;GASÓLEO C;4039
2024-01;Castilla - La Mancha;Albacete;OTROS GASOLEOS;0
2024-01;Castilla - La Mancha;Albacete;BIOETANOL;0
2024-01;Castilla - La Mancha;Albacete;GASOLINA  AUTO. S/PB 95 I.O.;2841
2024-01;Castilla - La Mancha;Albacete;GASOLINA  AUTO. S/PB 98 I.O.;116
2024-01;Castilla - La Mancha;Albacete;OTRAS GASOLINAS;0
2024-01;Castilla - La Mancha;Albacete;FUELÓLEO  BIA;0
2024-01;Castilla - La Mancha;Albacete;OTROS FUELÓLEOS;0
2024-01;Castilla - La Mancha;Albacete;QUEROSENO AVIACIÓN;29
2024-01;Castilla - La Mancha;Albacete;OTROS QUEROSENOS;0
2024-01;Castilla - La Mancha;Albacete;GLP;1485
2024-01;Castilla - La Mancha;Ciudad Real;BIODIESEL;2
2024-01;Castilla - La Mancha;Ciudad Real;GASÓLEO A;20618
2024-01;Castilla - La Mancha;Ciudad Real;GASÓLEO B;11368
2024-01;Castilla - La Mancha;Ciudad Real;GASÓLEO C;3963
2024-01;Castilla - La Mancha;Ciudad Real;OTROS GASOLEOS;0
2024-01;Castilla - La Mancha;Ciudad Real;BIOETANOL;0
2024-01;Castilla - La Mancha;Ciudad Real;GASOLINA  AUTO. S/PB 95 I.O.;3836
2024-01;Castilla - La Mancha;Ciudad Real;GASOLINA  AUTO. S/PB 98 I.O.;109
2024-01;Castilla - La Mancha;Ciudad Real;OTRAS GASOLINAS;0
2024-01;Castilla - La Mancha;Ciudad Real;FUELÓLEO  BIA;31
2024-01;Castilla - La Mancha;Ciudad Real;OTROS FUELÓLEOS;0
2024-01;Castilla - La Mancha;Ciudad Real;QUEROSENO AVIACIÓN;10
2024-01;Castilla - La Mancha;Ciudad Real;OTROS QUEROSENOS;0
2024-01;Castilla - La Mancha;Ciudad Real;GLP;1644
2024-01;Castilla - La Mancha;Cuenca;BIODIESEL;0
2024-01;Castilla - La Mancha;Cuenca;GASÓLEO A;12635
2024-01;Castilla - La Mancha;Cuenca;GASÓLEO B;9104
2024-01;Castilla - La Mancha;Cuenca;GASÓLEO C;1973
2024-01;Castilla - La Mancha;Cuenca;OTROS GASOLEOS;0
2024-01;Castilla - La Mancha;Cuenca;BIOETANOL;0
2024-01;Castilla - La Mancha;Cuenca;GASOLINA  AUTO. S/PB 95 I.O.;1966
2024-01;Castilla - La Mancha;Cuenca;GASOLINA  AUTO. S/PB 98 I.O.;68
2024-01;Castilla - La Mancha;Cuenca;OTRAS GASOLINAS;0
2024-01;Castilla - La Mancha;Cuenca;FUELÓLEO  BIA;0
2024-01;Castilla - La Mancha;Cuenca;OTROS FUELÓLEOS;0
2024-01;Castilla - La Mancha;Cuenca;QUEROSENO AVIACIÓN;11
2024-01;Castilla - La Mancha;Cuenca;OTROS QUEROSENOS;0
2024-01;Castilla - La Mancha;Cuenca;GLP;1123
2024-01;Castilla - La Mancha;Guadalajara;BIODIESEL;0
2024-01;Castilla - La Mancha;Guadalajara;GASÓLEO A;11364
2024-01;Castilla - La Mancha;Guadalajara;GASÓLEO B;4209
2024-01;Castilla - La Mancha;Guadalajara;GASÓLEO C;4984
2024-01;Castilla - La Mancha;Guadalajara;OTROS GASOLEOS;0
2024-01;Castilla - La Mancha;Guadalajara;BIOETANOL;0
2024-01;Castilla - La Mancha;Guadalajara;GASOLINA  AUTO. S/PB 95 I.O.;3097
2024-01;Castilla - La Mancha;Guadalajara;GASOLINA  AUTO. S/PB 98 I.O.;87
2024-01;Castilla - La Mancha;Guadalajara;OTRAS GASOLINAS;0
2024-01;Castilla - La Mancha;Guadalajara;FUELÓLEO  BIA;25
2024-01;Castilla - La Mancha;Guadalajara;OTROS FUELÓLEOS;0
2024-01;Castilla - La Mancha;Guadalajara;QUEROSENO AVIACIÓN;10
2024-01;Castilla - La Mancha;Guadalajara;OTROS QUEROSENOS;0
2024-01;Castilla - La Mancha;Guadalajara;GLP;865
2024-01;Castilla - La Mancha;Toledo;BIODIESEL;0
2024-01;Castilla - La Mancha;Toledo;GASÓLEO A;31021
2024-01;Castilla - La Mancha;Toledo;GASÓLEO B;14355
2024-01;Castilla - La Mancha;Toledo;GASÓLEO C;9076
2024-01;Castilla - La Mancha;Toledo;OTROS GASOLEOS;0
2024-01;Castilla - La Mancha;Toledo;BIOETANOL;0
2024-01;Castilla - La Mancha;Toledo;GASOLINA  AUTO. S/PB 95 I.O.;6728
2024-01;Castilla - La Mancha;Toledo;GASOLINA  AUTO. S/PB 98 I.O.;234
2024-01;Castilla - La Mancha;Toledo;OTRAS GASOLINAS;0
2024-01;Castilla - La Mancha;Toledo;FUELÓLEO  BIA;68
2024-01;Castilla - La Mancha;Toledo;OTROS FUELÓLEOS;0
2024-01;Castilla - La Mancha;Toledo;QUEROSENO AVIACIÓN;13
2024-01;Castilla - La Mancha;Toledo;OTROS QUEROSENOS;0
2024-01;Castilla - La Mancha;Toledo;GLP;3187
2024-01;Castilla y León;Ávila;BIODIESEL;0
2024-01;Castilla y León;Ávila;GASÓLEO A;5931
2024-01;Castilla y León;Ávila;GASÓLEO B;3151
2024-01;Castilla y León;Ávila;GASÓLEO C;1741
2024-01;Castilla y León;Ávila;OTROS GASOLEOS;0
2024-01;Castilla y León;Ávila;BIOETANOL;0
2024-01;Castilla y León;Ávila;GASOLINA  AUTO. S/PB 95 I.O.;1405
2024-01;Castilla y León;Ávila;GASOLINA  AUTO. S/PB 98 I.O.;48
2024-01;Castilla y León;Ávila;OTRAS GASOLINAS;0
2024-01;Castilla y León;Ávila;FUELÓLEO  BIA;0
2024-01;Castilla y León;Ávila;OTROS FUELÓLEOS;0
2024-01;Castilla y León;Ávila;QUEROSENO AVIACIÓN;0
2024-01;Castilla y León;Ávila;OTROS QUEROSENOS;0
2024-01;Castilla y León;Ávila;GLP;1045
2024-01;Castilla y León;Burgos;BIODIESEL;0
2024-01;Castilla y León;Burgos;GASÓLEO A;19347
2024-01;Castilla y León;Burgos;GASÓLEO B;5227
2024-01;Castilla y León;Burgos;GASÓLEO C;1559
2024-01;Castilla y León;Burgos;OTROS GASOLEOS;0
2024-01;Castilla y León;Burgos;BIOETANOL;0
2024-01;Castilla y León;Burgos;GASOLINA  AUTO. S/PB 95 I.O.;3767
2024-01;Castilla y León;Burgos;GASOLINA  AUTO. S/PB 98 I.O.;164
2024-01;Castilla y León;Burgos;OTRAS GASOLINAS;12
2024-01;Castilla y León;Burgos;FUELÓLEO  BIA;159
2024-01;Castilla y León;Burgos;OTROS FUELÓLEOS;0
2024-01;Castilla y León;Burgos;QUEROSENO AVIACIÓN;7
2024-01;Castilla y León;Burgos;OTROS QUEROSENOS;0
2024-01;Castilla y León;Burgos;GLP;1219
2024-01;Castilla y León;León;BIODIESEL;4
2024-01;Castilla y León;León;GASÓLEO A;23458
2024-01;Castilla y León;León;GASÓLEO B;10206
2024-01;Castilla y León;León;GASÓLEO C;8400
2024-01;Castilla y León;León;OTROS GASOLEOS;0
2024-01;Castilla y León;León;BIOETANOL;0
2024-01;Castilla y León;León;GASOLINA  AUTO. S/PB 95 I.O.;4548
2024-01;Castilla y León;León;GASOLINA  AUTO. S/PB 98 I.O.;183
2024-01;Castilla y León;León;OTRAS GASOLINAS;0
2024-01;Castilla y León;León;FUELÓLEO  BIA;0
2024-01;Castilla y León;León;OTROS FUELÓLEOS;0
2024-01;Castilla y León;León;QUEROSENO AVIACIÓN;28
2024-01;Castilla y León;León;OTROS QUEROSENOS;0
2024-01;Castilla y León;León;GLP;2199
2024-01;Castilla y León;Palencia;BIODIESEL;6
2024-01;Castilla y León;Palencia;GASÓLEO A;17425
2024-01;Castilla y León;Palencia;GASÓLEO B;4186
2024-01;Castilla y León;Palencia;GASÓLEO C;1423
2024-01;Castilla y León;Palencia;OTROS GASOLEOS;0
2024-01;Castilla y León;Palencia;BIOETANOL;0
2024-01;Castilla y León;Palencia;GASOLINA  AUTO. S/PB 95 I.O.;1383
2024-01;Castilla y León;Palencia;GASOLINA  AUTO. S/PB 98 I.O.;58
2024-01;Castilla y León;Palencia;OTRAS GASOLINAS;0
2024-01;Castilla y León;Palencia;FUELÓLEO  BIA;25
2024-01;Castilla y León;Palencia;OTROS FUELÓLEOS;0
2024-01;Castilla y León;Palencia;QUEROSENO AVIACIÓN;0
2024-01;Castilla y León;Palencia;OTROS QUEROSENOS;0
2024-01;Castilla y León;Palencia;GLP;634
2024-01;Castilla y León;Salamanca;BIODIESEL;3
2024-01;Castilla y León;Salamanca;GASÓLEO A;18788
2024-01;Castilla y León;Salamanca;GASÓLEO B;4890
2024-01;Castilla y León;Salamanca;GASÓLEO C;4463
2024-01;Castilla y León;Salamanca;OTROS GASOLEOS;0
2024-01;Castilla y León;Salamanca;BIOETANOL;0
2024-01;Castilla y León;Salamanca;GASOLINA  AUTO. S/PB 95 I.O.;2596
2024-01;Castilla y León;Salamanca;GASOLINA  AUTO. S/PB 98 I.O.;115
2024-01;Castilla y León;Salamanca;OTRAS GASOLINAS;9
2024-01;Castilla y León;Salamanca;FUELÓLEO  BIA;0
2024-01;Castilla y León;Salamanca;OTROS FUELÓLEOS;0
2024-01;Castilla y León;Salamanca;QUEROSENO AVIACIÓN;7
2024-01;Castilla y León;Salamanca;OTROS QUEROSENOS;0
2024-01;Castilla y León;Salamanca;GLP;1419
2024-01;Castilla y León;Segovia;BIODIESEL;0
2024-01;Castilla y León;Segovia;GASÓLEO A;7509
2024-01;Castilla y León;Segovia;GASÓLEO B;3875
2024-01;Castilla y León;Segovia;GASÓLEO C;2875
2024-01;Castilla y León;Segovia;OTROS GASOLEOS;0
2024-01;Castilla y León;Segovia;BIOETANOL;0
2024-01;Castilla y León;Segovia;GASOLINA  AUTO. S/PB 95 I.O.;1878
2024-01;Castilla y León;Segovia;GASOLINA  AUTO. S/PB 98 I.O.;75
2024-01;Castilla y León;Segovia;OTRAS GASOLINAS;0
2024-01;Castilla y León;Segovia;FUELÓLEO  BIA;26
2024-01;Castilla y León;Segovia;OTROS FUELÓLEOS;0
2024-01;Castilla y León;Segovia;QUEROSENO AVIACIÓN;0
2024-01;Castilla y León;Segovia;OTROS QUEROSENOS;0
2024-01;Castilla y León;Segovia;GLP;1114
2024-01;Castilla y León;Soria;BIODIESEL;0
2024-01;Castilla y León;Soria;GASÓLEO A;5068
2024-01;Castilla y León;Soria;GASÓLEO B;2094
2024-01;Castilla y León;Soria;GASÓLEO C;1343
2024-01;Castilla y León;Soria;OTROS GASOLEOS;0
2024-01;Castilla y León;Soria;BIOETANOL;0
2024-01;Castilla y León;Soria;GASOLINA  AUTO. S/PB 95 I.O.;864
2024-01;Castilla y León;Soria;GASOLINA  AUTO. S/PB 98 I.O.;40
2024-01;Castilla y León;Soria;OTRAS GASOLINAS;0
2024-01;Castilla y León;Soria;FUELÓLEO  BIA;0
2024-01;Castilla y León;Soria;OTROS FUELÓLEOS;0
2024-01;Castilla y León;Soria;QUEROSENO AVIACIÓN;0
2024-01;Castilla y León;Soria;OTROS QUEROSENOS;0
2024-01;Castilla y León;Soria;GLP;443
2024-01;Castilla y León;Valladolid;BIODIESEL;3
2024-01;Castilla y León;Valladolid;GASÓLEO A;22141
2024-01;Castilla y León;Valladolid;GASÓLEO B;5571
2024-01;Castilla y León;Valladolid;GASÓLEO C;4074
2024-01;Castilla y León;Valladolid;OTROS GASOLEOS;0
2024-01;Castilla y León;Valladolid;BIOETANOL;0
2024-01;Castilla y León;Valladolid;GASOLINA  AUTO. S/PB 95 I.O.;4759
2024-01;Castilla y León;Valladolid;GASOLINA  AUTO. S/PB 98 I.O.;177
2024-01;Castilla y León;Valladolid;OTRAS GASOLINAS;2
2024-01;Castilla y León;Valladolid;FUELÓLEO  BIA;25
2024-01;Castilla y León;Valladolid;OTROS FUELÓLEOS;0
2024-01;Castilla y León;Valladolid;QUEROSENO AVIACIÓN;127
2024-01;Castilla y León;Valladolid;OTROS QUEROSENOS;0
2024-01;Castilla y León;Valladolid;GLP;1308
2024-01;Castilla y León;Zamora;BIODIESEL;3
2024-01;Castilla y León;Zamora;GASÓLEO A;13461
2024-01;Castilla y León;Zamora;GASÓLEO B;5718
2024-01;Castilla y León;Zamora;GASÓLEO C;1290
2024-01;Castilla y León;Zamora;OTROS GASOLEOS;0
2024-01;Castilla y León;Zamora;BIOETANOL;0
2024-01;Castilla y León;Zamora;GASOLINA  AUTO. S/PB 95 I.O.;1500
2024-01;Castilla y León;Zamora;GASOLINA  AUTO. S/PB 98 I.O.;71
2024-01;Castilla y León;Zamora;OTRAS GASOLINAS;0
2024-01;Castilla y León;Zamora;FUELÓLEO  BIA;0
2024-01;Castilla y León;Zamora;OTROS FUELÓLEOS;0
2024-01;Castilla y León;Zamora;QUEROSENO AVIACIÓN;0
2024-01;Castilla y León;Zamora;OTROS QUEROSENOS;0
2024-01;Castilla y León;Zamora;GLP;780
2024-01;Cataluña;Barcelona;BIODIESEL;80
2024-01;Cataluña;Barcelona;GASÓLEO A;132039
2024-01;Cataluña;Barcelona;GASÓLEO B;24253
2024-01;Cataluña;Barcelona;GASÓLEO C;7721
2024-01;Cataluña;Barcelona;OTROS GASOLEOS;34249
2024-01;Cataluña;Barcelona;BIOETANOL;0
2024-01;Cataluña;Barcelona;GASOLINA  AUTO. S/PB 95 I.O.;51901
2024-01;Cataluña;Barcelona;GASOLINA  AUTO. S/PB 98 I.O.;2243
2024-01;Cataluña;Barcelona;OTRAS GASOLINAS;50
2024-01;Cataluña;Barcelona;FUELÓLEO  BIA;369
2024-01;Cataluña;Barcelona;OTROS FUELÓLEOS;65021
2024-01;Cataluña;Barcelona;QUEROSENO AVIACIÓN;82154
2024-01;Cataluña;Barcelona;OTROS QUEROSENOS;0
2024-01;Cataluña;Barcelona;GLP;8247
2024-01;Cataluña;Girona;BIODIESEL;16
2024-01;Cataluña;Girona;GASÓLEO A;101239
2024-01;Cataluña;Girona;GASÓLEO B;6168
2024-01;Cataluña;Girona;GASÓLEO C;4561
2024-01;Cataluña;Girona;OTROS GASOLEOS;310
2024-01;Cataluña;Girona;BIOETANOL;0
2024-01;Cataluña;Girona;GASOLINA  AUTO. S/PB 95 I.O.;12529
2024-01;Cataluña;Girona;GASOLINA  AUTO. S/PB 98 I.O.;638
2024-01;Cataluña;Girona;OTRAS GASOLINAS;3
2024-01;Cataluña;Girona;FUELÓLEO  BIA;67
2024-01;Cataluña;Girona;OTROS FUELÓLEOS;75
2024-01;Cataluña;Girona;QUEROSENO AVIACIÓN;477
2024-01;Cataluña;Girona;OTROS QUEROSENOS;0
2024-01;Cataluña;Girona;GLP;4884
2024-01;Cataluña;Lleida;BIODIESEL;0
2024-01;Cataluña;Lleida;GASÓLEO A;22322
2024-01;Cataluña;Lleida;GASÓLEO B;8014
2024-01;Cataluña;Lleida;GASÓLEO C;2246
2024-01;Cataluña;Lleida;OTROS GASOLEOS;0
2024-01;Cataluña;Lleida;BIOETANOL;0
2024-01;Cataluña;Lleida;GASOLINA  AUTO. S/PB 95 I.O.;4654
2024-01;Cataluña;Lleida;GASOLINA  AUTO. S/PB 98 I.O.;252
2024-01;Cataluña;Lleida;OTRAS GASOLINAS;0
2024-01;Cataluña;Lleida;FUELÓLEO  BIA;0
2024-01;Cataluña;Lleida;OTROS FUELÓLEOS;0
2024-01;Cataluña;Lleida;QUEROSENO AVIACIÓN;72
2024-01;Cataluña;Lleida;OTROS QUEROSENOS;0
2024-01;Cataluña;Lleida;GLP;4134
2024-01;Cataluña;Tarragona;BIODIESEL;0
2024-01;Cataluña;Tarragona;GASÓLEO A;39421
2024-01;Cataluña;Tarragona;GASÓLEO B;4405
2024-01;Cataluña;Tarragona;GASÓLEO C;1144
2024-01;Cataluña;Tarragona;OTROS GASOLEOS;3205
2024-01;Cataluña;Tarragona;BIOETANOL;0
2024-01;Cataluña;Tarragona;GASOLINA  AUTO. S/PB 95 I.O.;10870
2024-01;Cataluña;Tarragona;GASOLINA  AUTO. S/PB 98 I.O.;340
2024-01;Cataluña;Tarragona;OTRAS GASOLINAS;8
2024-01;Cataluña;Tarragona;FUELÓLEO  BIA;26
2024-01;Cataluña;Tarragona;OTROS FUELÓLEOS;355
2024-01;Cataluña;Tarragona;QUEROSENO AVIACIÓN;64
2024-01;Cataluña;Tarragona;OTROS QUEROSENOS;0
2024-01;Cataluña;Tarragona;GLP;6135
2024-01;Ceuta;Ceuta;BIODIESEL;0
2024-01;Ceuta;Ceuta;GASÓLEO A;1025
2024-01;Ceuta;Ceuta;GASÓLEO B;0
2024-01;Ceuta;Ceuta;GASÓLEO C;82
2024-01;Ceuta;Ceuta;OTROS GASOLEOS;15404
2024-01;Ceuta;Ceuta;BIOETANOL;0
2024-01;Ceuta;Ceuta;GASOLINA  AUTO. S/PB 95 I.O.;496
2024-01;Ceuta;Ceuta;GASOLINA  AUTO. S/PB 98 I.O.;63
2024-01;Ceuta;Ceuta;OTRAS GASOLINAS;0
2024-01;Ceuta;Ceuta;FUELÓLEO  BIA;1899
2024-01;Ceuta;Ceuta;OTROS FUELÓLEOS;7138
2024-01;Ceuta;Ceuta;QUEROSENO AVIACIÓN;54
2024-01;Ceuta;Ceuta;OTROS QUEROSENOS;0
2024-01;Ceuta;Ceuta;GLP;241
2024-01;Comunitat Valenciana;Alicante/Alacant;BIODIESEL;0
2024-01;Comunitat Valenciana;Alicante/Alacant;GASÓLEO A;47607
2024-01;Comunitat Valenciana;Alicante/Alacant;GASÓLEO B;5834
2024-01;Comunitat Valenciana;Alicante/Alacant;GASÓLEO C;3157
2024-01;Comunitat Valenciana;Alicante/Alacant;OTROS GASOLEOS;1775
2024-01;Comunitat Valenciana;Alicante/Alacant;BIOETANOL;0
2024-01;Comunitat Valenciana;Alicante/Alacant;GASOLINA  AUTO. S/PB 95 I.O.;19764
2024-01;Comunitat Valenciana;Alicante/Alacant;GASOLINA  AUTO. S/PB 98 I.O.;870
2024-01;Comunitat Valenciana;Alicante/Alacant;OTRAS GASOLINAS;0
2024-01;Comunitat Valenciana;Alicante/Alacant;FUELÓLEO  BIA;125
2024-01;Comunitat Valenciana;Alicante/Alacant;OTROS FUELÓLEOS;50
2024-01;Comunitat Valenciana;Alicante/Alacant;QUEROSENO AVIACIÓN;18386
2024-01;Comunitat Valenciana;Alicante/Alacant;OTROS QUEROSENOS;0
2024-01;Comunitat Valenciana;Alicante/Alacant;GLP;8725
2024-01;Comunitat Valenciana;Castellón/Castelló;BIODIESEL;0
2024-01;Comunitat Valenciana;Castellón/Castelló;GASÓLEO A;18111
2024-01;Comunitat Valenciana;Castellón/Castelló;GASÓLEO B;1934
2024-01;Comunitat Valenciana;Castellón/Castelló;GASÓLEO C;920
2024-01;Comunitat Valenciana;Castellón/Castelló;OTROS GASOLEOS;11058
2024-01;Comunitat Valenciana;Castellón/Castelló;BIOETANOL;0
2024-01;Comunitat Valenciana;Castellón/Castelló;GASOLINA  AUTO. S/PB 95 I.O.;5806
2024-01;Comunitat Valenciana;Castellón/Castelló;GASOLINA  AUTO. S/PB 98 I.O.;226
2024-01;Comunitat Valenciana;Castellón/Castelló;OTRAS GASOLINAS;7
2024-01;Comunitat Valenciana;Castellón/Castelló;FUELÓLEO  BIA;0
2024-01;Comunitat Valenciana;Castellón/Castelló;OTROS FUELÓLEOS;103
2024-01;Comunitat Valenciana;Castellón/Castelló;QUEROSENO AVIACIÓN;301
2024-01;Comunitat Valenciana;Castellón/Castelló;OTROS QUEROSENOS;0
2024-01;Comunitat Valenciana;Castellón/Castelló;GLP;2375
2024-01;Comunitat Valenciana;Valencia/València;BIODIESEL;15
2024-01;Comunitat Valenciana;Valencia/València;GASÓLEO A;92467
2024-01;Comunitat Valenciana;Valencia/València;GASÓLEO B;11220
2024-01;Comunitat Valenciana;Valencia/València;GASÓLEO C;1902
2024-01;Comunitat Valenciana;Valencia/València;OTROS GASOLEOS;6218
2024-01;Comunitat Valenciana;Valencia/València;BIOETANOL;0
2024-01;Comunitat Valenciana;Valencia/València;GASOLINA  AUTO. S/PB 95 I.O.;24569
2024-01;Comunitat Valenciana;Valencia/València;GASOLINA  AUTO. S/PB 98 I.O.;828
2024-01;Comunitat Valenciana;Valencia/València;OTRAS GASOLINAS;6
2024-01;Comunitat Valenciana;Valencia/València;FUELÓLEO  BIA;95
2024-01;Comunitat Valenciana;Valencia/València;OTROS FUELÓLEOS;25066
2024-01;Comunitat Valenciana;Valencia/València;QUEROSENO AVIACIÓN;10781
2024-01;Comunitat Valenciana;Valencia/València;OTROS QUEROSENOS;0
2024-01;Comunitat Valenciana;Valencia/València;GLP;7055
2024-01;Extremadura;Badajoz;BIODIESEL;0
2024-01;Extremadura;Badajoz;GASÓLEO A;40390
2024-01;Extremadura;Badajoz;GASÓLEO B;6868
2024-01;Extremadura;Badajoz;GASÓLEO C;1039
2024-01;Extremadura;Badajoz;OTROS GASOLEOS;0
2024-01;Extremadura;Badajoz;BIOETANOL;0
2024-01;Extremadura;Badajoz;GASOLINA  AUTO. S/PB 95 I.O.;5120
2024-01;Extremadura;Badajoz;GASOLINA  AUTO. S/PB 98 I.O.;127
2024-01;Extremadura;Badajoz;OTRAS GASOLINAS;0
2024-01;Extremadura;Badajoz;FUELÓLEO  BIA;199
2024-01;Extremadura;Badajoz;OTROS FUELÓLEOS;0
2024-01;Extremadura;Badajoz;QUEROSENO AVIACIÓN;74
2024-01;Extremadura;Badajoz;OTROS QUEROSENOS;0
2024-01;Extremadura;Badajoz;GLP;3885
2024-01;Extremadura;Cáceres;BIODIESEL;0
2024-01;Extremadura;Cáceres;GASÓLEO A;15565
2024-01;Extremadura;Cáceres;GASÓLEO B;3956
2024-01;Extremadura;Cáceres;GASÓLEO C;1395
2024-01;Extremadura;Cáceres;OTROS GASOLEOS;0
2024-01;Extremadura;Cáceres;BIOETANOL;0
2024-01;Extremadura;Cáceres;GASOLINA  AUTO. S/PB 95 I.O.;3143
2024-01;Extremadura;Cáceres;GASOLINA  AUTO. S/PB 98 I.O.;75
2024-01;Extremadura;Cáceres;OTRAS GASOLINAS;0
2024-01;Extremadura;Cáceres;FUELÓLEO  BIA;182
2024-01;Extremadura;Cáceres;OTROS FUELÓLEOS;0
2024-01;Extremadura;Cáceres;QUEROSENO AVIACIÓN;0
2024-01;Extremadura;Cáceres;OTROS QUEROSENOS;0
2024-01;Extremadura;Cáceres;GLP;2628
2024-01;Galicia;Coruña, A;BIODIESEL;13
2024-01;Galicia;Coruña, A;GASÓLEO A;38360
2024-01;Galicia;Coruña, A;GASÓLEO B;8360
2024-01;Galicia;Coruña, A;GASÓLEO C;7690
2024-01;Galicia;Coruña, A;OTROS GASOLEOS;3440
2024-01;Galicia;Coruña, A;BIOETANOL;0
2024-01;Galicia;Coruña, A;GASOLINA  AUTO. S/PB 95 I.O.;8390
2024-01;Galicia;Coruña, A;GASOLINA  AUTO. S/PB 98 I.O.;383
2024-01;Galicia;Coruña, A;OTRAS GASOLINAS;4
2024-01;Galicia;Coruña, A;FUELÓLEO  BIA;6971
2024-01;Galicia;Coruña, A;OTROS FUELÓLEOS;861
2024-01;Galicia;Coruña, A;QUEROSENO AVIACIÓN;3353
2024-01;Galicia;Coruña, A;OTROS QUEROSENOS;0
2024-01;Galicia;Coruña, A;GLP;5054
2024-01;Galicia;Lugo;BIODIESEL;0
2024-01;Galicia;Lugo;GASÓLEO A;16533
2024-01;Galicia;Lugo;GASÓLEO B;4525
2024-01;Galicia;Lugo;GASÓLEO C;5242
2024-01;Galicia;Lugo;OTROS GASOLEOS;1490
2024-01;Galicia;Lugo;BIOETANOL;0
2024-01;Galicia;Lugo;GASOLINA  AUTO. S/PB 95 I.O.;2396
2024-01;Galicia;Lugo;GASOLINA  AUTO. S/PB 98 I.O.;92
2024-01;Galicia;Lugo;OTRAS GASOLINAS;0
2024-01;Galicia;Lugo;FUELÓLEO  BIA;62
2024-01;Galicia;Lugo;OTROS FUELÓLEOS;0
2024-01;Galicia;Lugo;QUEROSENO AVIACIÓN;0
2024-01;Galicia;Lugo;OTROS QUEROSENOS;0
2024-01;Galicia;Lugo;GLP;2214
2024-01;Galicia;Ourense;BIODIESEL;0
2024-01;Galicia;Ourense;GASÓLEO A;12204
2024-01;Galicia;Ourense;GASÓLEO B;2279
2024-01;Galicia;Ourense;GASÓLEO C;7395
2024-01;Galicia;Ourense;OTROS GASOLEOS;94
2024-01;Galicia;Ourense;BIOETANOL;0
2024-01;Galicia;Ourense;GASOLINA  AUTO. S/PB 95 I.O.;2187
2024-01;Galicia;Ourense;GASOLINA  AUTO. S/PB 98 I.O.;148
2024-01;Galicia;Ourense;OTRAS GASOLINAS;0
2024-01;Galicia;Ourense;FUELÓLEO  BIA;1091
2024-01;Galicia;Ourense;OTROS FUELÓLEOS;0
2024-01;Galicia;Ourense;QUEROSENO AVIACIÓN;0
2024-01;Galicia;Ourense;OTROS QUEROSENOS;0
2024-01;Galicia;Ourense;GLP;2107
2024-01;Galicia;Pontevedra;BIODIESEL;0
2024-01;Galicia;Pontevedra;GASÓLEO A;33208
2024-01;Galicia;Pontevedra;GASÓLEO B;5867
2024-01;Galicia;Pontevedra;GASÓLEO C;8205
2024-01;Galicia;Pontevedra;OTROS GASOLEOS;7157
2024-01;Galicia;Pontevedra;BIOETANOL;0
2024-01;Galicia;Pontevedra;GASOLINA  AUTO. S/PB 95 I.O.;7240
2024-01;Galicia;Pontevedra;GASOLINA  AUTO. S/PB 98 I.O.;360
2024-01;Galicia;Pontevedra;OTRAS GASOLINAS;2
2024-01;Galicia;Pontevedra;FUELÓLEO  BIA;721
2024-01;Galicia;Pontevedra;OTROS FUELÓLEOS;432
2024-01;Galicia;Pontevedra;QUEROSENO AVIACIÓN;389
2024-01;Galicia;Pontevedra;OTROS QUEROSENOS;0
2024-01;Galicia;Pontevedra;GLP;4654
2024-01;Madrid, Comunidad de;Madrid;BIODIESEL;78
2024-01;Madrid, Comunidad de;Madrid;GASÓLEO A;145384
2024-01;Madrid, Comunidad de;Madrid;GASÓLEO B;14667
2024-01;Madrid, Comunidad de;Madrid;GASÓLEO C;26992
2024-01;Madrid, Comunidad de;Madrid;OTROS GASOLEOS;0
2024-01;Madrid, Comunidad de;Madrid;BIOETANOL;0
2024-01;Madrid, Comunidad de;Madrid;GASOLINA  AUTO. S/PB 95 I.O.;61487
2024-01;Madrid, Comunidad de;Madrid;GASOLINA  AUTO. S/PB 98 I.O.;2003
2024-01;Madrid, Comunidad de;Madrid;OTRAS GASOLINAS;41
2024-01;Madrid, Comunidad de;Madrid;FUELÓLEO  BIA;184
2024-01;Madrid, Comunidad de;Madrid;OTROS FUELÓLEOS;0
2024-01;Madrid, Comunidad de;Madrid;QUEROSENO AVIACIÓN;203449
2024-01;Madrid, Comunidad de;Madrid;OTROS QUEROSENOS;0
2024-01;Madrid, Comunidad de;Madrid;GLP;14197
2024-01;Melilla;Melilla;BIODIESEL;0
2024-01;Melilla;Melilla;GASÓLEO A;1054
2024-01;Melilla;Melilla;GASÓLEO B;0
2024-01;Melilla;Melilla;GASÓLEO C;0
2024-01;Melilla;Melilla;OTROS GASOLEOS;-592
2024-01;Melilla;Melilla;BIOETANOL;0
2024-01;Melilla;Melilla;GASOLINA  AUTO. S/PB 95 I.O.;547
2024-01;Melilla;Melilla;GASOLINA  AUTO. S/PB 98 I.O.;0
2024-01;Melilla;Melilla;OTRAS GASOLINAS;0
2024-01;Melilla;Melilla;FUELÓLEO  BIA;1896
2024-01;Melilla;Melilla;OTROS FUELÓLEOS;0
2024-01;Melilla;Melilla;QUEROSENO AVIACIÓN;144
2024-01;Melilla;Melilla;OTROS QUEROSENOS;0
2024-01;Melilla;Melilla;GLP;224
2024-01;Murcia, Región de;Murcia;BIODIESEL;9
2024-01;Murcia, Región de;Murcia;GASÓLEO A;80163
2024-01;Murcia, Región de;Murcia;GASÓLEO B;12574
2024-01;Murcia, Región de;Murcia;GASÓLEO C;1353
2024-01;Murcia, Región de;Murcia;OTROS GASOLEOS;959
2024-01;Murcia, Región de;Murcia;BIOETANOL;0
2024-01;Murcia, Región de;Murcia;GASOLINA  AUTO. S/PB 95 I.O.;12240
2024-01;Murcia, Región de;Murcia;GASOLINA  AUTO. S/PB 98 I.O.;527
2024-01;Murcia, Región de;Murcia;OTRAS GASOLINAS;0
2024-01;Murcia, Región de;Murcia;FUELÓLEO  BIA;313
2024-01;Murcia, Región de;Murcia;OTROS FUELÓLEOS;51
2024-01;Murcia, Región de;Murcia;QUEROSENO AVIACIÓN;746
2024-01;Murcia, Región de;Murcia;OTROS QUEROSENOS;0
2024-01;Murcia, Región de;Murcia;GLP;5377
2024-01;Navarra, Comunidad Foral de;Navarra;BIODIESEL;79
2024-01;Navarra, Comunidad Foral de;Navarra;GASÓLEO A;73224
2024-01;Navarra, Comunidad Foral de;Navarra;GASÓLEO B;9375
2024-01;Navarra, Comunidad Foral de;Navarra;GASÓLEO C;2191
2024-01;Navarra, Comunidad Foral de;Navarra;OTROS GASOLEOS;0
2024-01;Navarra, Comunidad Foral de;Navarra;BIOETANOL;0
2024-01;Navarra, Comunidad Foral de;Navarra;GASOLINA  AUTO. S/PB 95 I.O.;6117
2024-01;Navarra, Comunidad Foral de;Navarra;GASOLINA  AUTO. S/PB 98 I.O.;182
2024-01;Navarra, Comunidad Foral de;Navarra;OTRAS GASOLINAS;2
2024-01;Navarra, Comunidad Foral de;Navarra;FUELÓLEO  BIA;297
2024-01;Navarra, Comunidad Foral de;Navarra;OTROS FUELÓLEOS;0
2024-01;Navarra, Comunidad Foral de;Navarra;QUEROSENO AVIACIÓN;101
2024-01;Navarra, Comunidad Foral de;Navarra;OTROS QUEROSENOS;0
2024-01;Navarra, Comunidad Foral de;Navarra;GLP;1714
2024-01;País Vasco;Araba/Álava;BIODIESEL;17
2024-01;País Vasco;Araba/Álava;GASÓLEO A;45664
2024-01;País Vasco;Araba/Álava;GASÓLEO B;2307
2024-01;País Vasco;Araba/Álava;GASÓLEO C;1617
2024-01;País Vasco;Araba/Álava;OTROS GASOLEOS;0
2024-01;País Vasco;Araba/Álava;BIOETANOL;0
2024-01;País Vasco;Araba/Álava;GASOLINA  AUTO. S/PB 95 I.O.;3129
2024-01;País Vasco;Araba/Álava;GASOLINA  AUTO. S/PB 98 I.O.;120
2024-01;País Vasco;Araba/Álava;OTRAS GASOLINAS;0
2024-01;País Vasco;Araba/Álava;FUELÓLEO  BIA;313
2024-01;País Vasco;Araba/Álava;OTROS FUELÓLEOS;0
2024-01;País Vasco;Araba/Álava;QUEROSENO AVIACIÓN;627
2024-01;País Vasco;Araba/Álava;OTROS QUEROSENOS;0
2024-01;País Vasco;Araba/Álava;GLP;702
2024-01;País Vasco;Bizkaia;BIODIESEL;42
2024-01;País Vasco;Bizkaia;GASÓLEO A;35751
2024-01;País Vasco;Bizkaia;GASÓLEO B;6243
2024-01;País Vasco;Bizkaia;GASÓLEO C;6373
2024-01;País Vasco;Bizkaia;OTROS GASOLEOS;658
2024-01;País Vasco;Bizkaia;BIOETANOL;0
2024-01;País Vasco;Bizkaia;GASOLINA  AUTO. S/PB 95 I.O.;8588
2024-01;País Vasco;Bizkaia;GASOLINA  AUTO. S/PB 98 I.O.;359
2024-01;País Vasco;Bizkaia;OTRAS GASOLINAS;1
2024-01;País Vasco;Bizkaia;FUELÓLEO  BIA;121
2024-01;País Vasco;Bizkaia;OTROS FUELÓLEOS;0
2024-01;País Vasco;Bizkaia;QUEROSENO AVIACIÓN;4085
2024-01;País Vasco;Bizkaia;OTROS QUEROSENOS;2
2024-01;País Vasco;Bizkaia;GLP;2113
2024-01;País Vasco;Gipuzkoa;BIODIESEL;6
2024-01;País Vasco;Gipuzkoa;GASÓLEO A;54374
2024-01;País Vasco;Gipuzkoa;GASÓLEO B;1737
2024-01;País Vasco;Gipuzkoa;GASÓLEO C;600
2024-01;País Vasco;Gipuzkoa;OTROS GASOLEOS;510
2024-01;País Vasco;Gipuzkoa;BIOETANOL;0
2024-01;País Vasco;Gipuzkoa;GASOLINA  AUTO. S/PB 95 I.O.;6151
2024-01;País Vasco;Gipuzkoa;GASOLINA  AUTO. S/PB 98 I.O.;371
2024-01;País Vasco;Gipuzkoa;OTRAS GASOLINAS;1
2024-01;País Vasco;Gipuzkoa;FUELÓLEO  BIA;25
2024-01;País Vasco;Gipuzkoa;OTROS FUELÓLEOS;25
2024-01;País Vasco;Gipuzkoa;QUEROSENO AVIACIÓN;374
2024-01;País Vasco;Gipuzkoa;OTROS QUEROSENOS;0
2024-01;País Vasco;Gipuzkoa;GLP;2565
2024-01;Rioja, La;Rioja, La;BIODIESEL;0
2024-01;Rioja, La;Rioja, La;GASÓLEO A;13054
2024-01;Rioja, La;Rioja, La;GASÓLEO B;3444
2024-01;Rioja, La;Rioja, La;GASÓLEO C;2823
2024-01;Rioja, La;Rioja, La;OTROS GASOLEOS;0
2024-01;Rioja, La;Rioja, La;BIOETANOL;0
2024-01;Rioja, La;Rioja, La;GASOLINA  AUTO. S/PB 95 I.O.;2395
2024-01;Rioja, La;Rioja, La;GASOLINA  AUTO. S/PB 98 I.O.;76
2024-01;Rioja, La;Rioja, La;OTRAS GASOLINAS;0
2024-01;Rioja, La;Rioja, La;FUELÓLEO  BIA;118
2024-01;Rioja, La;Rioja, La;OTROS FUELÓLEOS;0
2024-01;Rioja, La;Rioja, La;QUEROSENO AVIACIÓN;0
2024-01;Rioja, La;Rioja, La;OTROS QUEROSENOS;0
2024-01;Rioja, La;Rioja, La;GLP;762
2024-02;Andalucía;Almería;BIODIESEL;0
2024-02;Andalucía;Almería;GASÓLEO A;25914
2024-02;Andalucía;Almería;GASÓLEO B;4927
2024-02;Andalucía;Almería;GASÓLEO C;298
2024-02;Andalucía;Almería;OTROS GASOLEOS;1329
2024-02;Andalucía;Almería;BIOETANOL;0
2024-02;Andalucía;Almería;GASOLINA  AUTO. S/PB 95 I.O.;5104
2024-02;Andalucía;Almería;GASOLINA  AUTO. S/PB 98 I.O.;273
2024-02;Andalucía;Almería;OTRAS GASOLINAS;1
2024-02;Andalucía;Almería;FUELÓLEO  BIA;54
2024-02;Andalucía;Almería;OTROS FUELÓLEOS;1135
2024-02;Andalucía;Almería;QUEROSENO AVIACIÓN;505
2024-02;Andalucía;Almería;OTROS QUEROSENOS;0
2024-02;Andalucía;Almería;GLP;2301
2024-02;Andalucía;Cádiz;BIODIESEL;0
2024-02;Andalucía;Cádiz;GASÓLEO A;29993
2024-02;Andalucía;Cádiz;GASÓLEO B;6375
2024-02;Andalucía;Cádiz;GASÓLEO C;378
2024-02;Andalucía;Cádiz;OTROS GASOLEOS;77870
2024-02;Andalucía;Cádiz;BIOETANOL;0
2024-02;Andalucía;Cádiz;GASOLINA  AUTO. S/PB 95 I.O.;9922
2024-02;Andalucía;Cádiz;GASOLINA  AUTO. S/PB 98 I.O.;432
2024-02;Andalucía;Cádiz;OTRAS GASOLINAS;38
2024-02;Andalucía;Cádiz;FUELÓLEO  BIA;0
2024-02;Andalucía;Cádiz;OTROS FUELÓLEOS;229186
2024-02;Andalucía;Cádiz;QUEROSENO AVIACIÓN;632
2024-02;Andalucía;Cádiz;OTROS QUEROSENOS;0
2024-02;Andalucía;Cádiz;GLP;3560
2024-02;Andalucía;Córdoba;BIODIESEL;0
2024-02;Andalucía;Córdoba;GASÓLEO A;28503
2024-02;Andalucía;Córdoba;GASÓLEO B;6534
2024-02;Andalucía;Córdoba;GASÓLEO C;861
2024-02;Andalucía;Córdoba;OTROS GASOLEOS;0
2024-02;Andalucía;Córdoba;BIOETANOL;0
2024-02;Andalucía;Córdoba;GASOLINA  AUTO. S/PB 95 I.O.;4809
2024-02;Andalucía;Córdoba;GASOLINA  AUTO. S/PB 98 I.O.;93
2024-02;Andalucía;Córdoba;OTRAS GASOLINAS;9
2024-02;Andalucía;Córdoba;FUELÓLEO  BIA;25
2024-02;Andalucía;Córdoba;OTROS FUELÓLEOS;0
2024-02;Andalucía;Córdoba;QUEROSENO AVIACIÓN;10
2024-02;Andalucía;Córdoba;OTROS QUEROSENOS;0
2024-02;Andalucía;Córdoba;GLP;2390
2024-02;Andalucía;Granada;BIODIESEL;0
2024-02;Andalucía;Granada;GASÓLEO A;35082
2024-02;Andalucía;Granada;GASÓLEO B;6107
2024-02;Andalucía;Granada;GASÓLEO C;3471
2024-02;Andalucía;Granada;OTROS GASOLEOS;169
2024-02;Andalucía;Granada;BIOETANOL;0
2024-02;Andalucía;Granada;GASOLINA  AUTO. S/PB 95 I.O.;8062
2024-02;Andalucía;Granada;GASOLINA  AUTO. S/PB 98 I.O.;315
2024-02;Andalucía;Granada;OTRAS GASOLINAS;1
2024-02;Andalucía;Granada;FUELÓLEO  BIA;204
2024-02;Andalucía;Granada;OTROS FUELÓLEOS;426
2024-02;Andalucía;Granada;QUEROSENO AVIACIÓN;737
2024-02;Andalucía;Granada;OTROS QUEROSENOS;0
2024-02;Andalucía;Granada;GLP;3317
2024-02;Andalucía;Huelva;BIODIESEL;2
2024-02;Andalucía;Huelva;GASÓLEO A;25852
2024-02;Andalucía;Huelva;GASÓLEO B;7796
2024-02;Andalucía;Huelva;GASÓLEO C;165
2024-02;Andalucía;Huelva;OTROS GASOLEOS;1118
2024-02;Andalucía;Huelva;BIOETANOL;0
2024-02;Andalucía;Huelva;GASOLINA  AUTO. S/PB 95 I.O.;4172
2024-02;Andalucía;Huelva;GASOLINA  AUTO. S/PB 98 I.O.;148
2024-02;Andalucía;Huelva;OTRAS GASOLINAS;0
2024-02;Andalucía;Huelva;FUELÓLEO  BIA;878
2024-02;Andalucía;Huelva;OTROS FUELÓLEOS;497
2024-02;Andalucía;Huelva;QUEROSENO AVIACIÓN;0
2024-02;Andalucía;Huelva;OTROS QUEROSENOS;0
2024-02;Andalucía;Huelva;GLP;2526
2024-02;Andalucía;Jaén;BIODIESEL;42
2024-02;Andalucía;Jaén;GASÓLEO A;26956
2024-02;Andalucía;Jaén;GASÓLEO B;3819
2024-02;Andalucía;Jaén;GASÓLEO C;1496
2024-02;Andalucía;Jaén;OTROS GASOLEOS;0
2024-02;Andalucía;Jaén;BIOETANOL;0
2024-02;Andalucía;Jaén;GASOLINA  AUTO. S/PB 95 I.O.;3699
2024-02;Andalucía;Jaén;GASOLINA  AUTO. S/PB 98 I.O.;115
2024-02;Andalucía;Jaén;OTRAS GASOLINAS;1
2024-02;Andalucía;Jaén;FUELÓLEO  BIA;0
2024-02;Andalucía;Jaén;OTROS FUELÓLEOS;0
2024-02;Andalucía;Jaén;QUEROSENO AVIACIÓN;0
2024-02;Andalucía;Jaén;OTROS QUEROSENOS;0
2024-02;Andalucía;Jaén;GLP;1694
2024-02;Andalucía;Málaga;BIODIESEL;6
2024-02;Andalucía;Málaga;GASÓLEO A;42888
2024-02;Andalucía;Málaga;GASÓLEO B;4252
2024-02;Andalucía;Málaga;GASÓLEO C;390
2024-02;Andalucía;Málaga;OTROS GASOLEOS;773
2024-02;Andalucía;Málaga;BIOETANOL;0
2024-02;Andalucía;Málaga;GASOLINA  AUTO. S/PB 95 I.O.;16508
2024-02;Andalucía;Málaga;GASOLINA  AUTO. S/PB 98 I.O.;1037
2024-02;Andalucía;Málaga;OTRAS GASOLINAS;26
2024-02;Andalucía;Málaga;FUELÓLEO  BIA;77
2024-02;Andalucía;Málaga;OTROS FUELÓLEOS;916
2024-02;Andalucía;Málaga;QUEROSENO AVIACIÓN;22741
2024-02;Andalucía;Málaga;OTROS QUEROSENOS;0
2024-02;Andalucía;Málaga;GLP;5006
2024-02;Andalucía;Sevilla;BIODIESEL;30
2024-02;Andalucía;Sevilla;GASÓLEO A;52386
2024-02;Andalucía;Sevilla;GASÓLEO B;7385
2024-02;Andalucía;Sevilla;GASÓLEO C;606
2024-02;Andalucía;Sevilla;OTROS GASOLEOS;404
2024-02;Andalucía;Sevilla;BIOETANOL;0
2024-02;Andalucía;Sevilla;GASOLINA  AUTO. S/PB 95 I.O.;14234
2024-02;Andalucía;Sevilla;GASOLINA  AUTO. S/PB 98 I.O.;378
2024-02;Andalucía;Sevilla;OTRAS GASOLINAS;3
2024-02;Andalucía;Sevilla;FUELÓLEO  BIA;361
2024-02;Andalucía;Sevilla;OTROS FUELÓLEOS;374
2024-02;Andalucía;Sevilla;QUEROSENO AVIACIÓN;10923
2024-02;Andalucía;Sevilla;OTROS QUEROSENOS;0
2024-02;Andalucía;Sevilla;GLP;4982
2024-02;Aragón;Huesca;BIODIESEL;0
2024-02;Aragón;Huesca;GASÓLEO A;13655
2024-02;Aragón;Huesca;GASÓLEO B;6022
2024-02;Aragón;Huesca;GASÓLEO C;1884
2024-02;Aragón;Huesca;OTROS GASOLEOS;0
2024-02;Aragón;Huesca;BIOETANOL;0
2024-02;Aragón;Huesca;GASOLINA  AUTO. S/PB 95 I.O.;2703
2024-02;Aragón;Huesca;GASOLINA  AUTO. S/PB 98 I.O.;116
2024-02;Aragón;Huesca;OTRAS GASOLINAS;6
2024-02;Aragón;Huesca;FUELÓLEO  BIA;0
2024-02;Aragón;Huesca;OTROS FUELÓLEOS;0
2024-02;Aragón;Huesca;QUEROSENO AVIACIÓN;25
2024-02;Aragón;Huesca;OTROS QUEROSENOS;0
2024-02;Aragón;Huesca;GLP;2587
2024-02;Aragón;Teruel;BIODIESEL;0
2024-02;Aragón;Teruel;GASÓLEO A;8256
2024-02;Aragón;Teruel;GASÓLEO B;4220
2024-02;Aragón;Teruel;GASÓLEO C;1897
2024-02;Aragón;Teruel;OTROS GASOLEOS;0
2024-02;Aragón;Teruel;BIOETANOL;0
2024-02;Aragón;Teruel;GASOLINA  AUTO. S/PB 95 I.O.;1287
2024-02;Aragón;Teruel;GASOLINA  AUTO. S/PB 98 I.O.;66
2024-02;Aragón;Teruel;OTRAS GASOLINAS;0
2024-02;Aragón;Teruel;FUELÓLEO  BIA;44
2024-02;Aragón;Teruel;OTROS FUELÓLEOS;0
2024-02;Aragón;Teruel;QUEROSENO AVIACIÓN;0
2024-02;Aragón;Teruel;OTROS QUEROSENOS;0
2024-02;Aragón;Teruel;GLP;718
2024-02;Aragón;Zaragoza;BIODIESEL;208
2024-02;Aragón;Zaragoza;GASÓLEO A;40512
2024-02;Aragón;Zaragoza;GASÓLEO B;9757
2024-02;Aragón;Zaragoza;GASÓLEO C;7915
2024-02;Aragón;Zaragoza;OTROS GASOLEOS;0
2024-02;Aragón;Zaragoza;BIOETANOL;0
2024-02;Aragón;Zaragoza;GASOLINA  AUTO. S/PB 95 I.O.;7977
2024-02;Aragón;Zaragoza;GASOLINA  AUTO. S/PB 98 I.O.;268
2024-02;Aragón;Zaragoza;OTRAS GASOLINAS;2
2024-02;Aragón;Zaragoza;FUELÓLEO  BIA;6
2024-02;Aragón;Zaragoza;OTROS FUELÓLEOS;0
2024-02;Aragón;Zaragoza;QUEROSENO AVIACIÓN;6227
2024-02;Aragón;Zaragoza;OTROS QUEROSENOS;0
2024-02;Aragón;Zaragoza;GLP;2447
2024-02;Asturias, Principado de;Asturias;BIODIESEL;0
2024-02;Asturias, Principado de;Asturias;GASÓLEO A;30307
2024-02;Asturias, Principado de;Asturias;GASÓLEO B;6385
2024-02;Asturias, Principado de;Asturias;GASÓLEO C;3912
2024-02;Asturias, Principado de;Asturias;OTROS GASOLEOS;1999
2024-02;Asturias, Principado de;Asturias;BIOETANOL;0
2024-02;Asturias, Principado de;Asturias;GASOLINA  AUTO. S/PB 95 I.O.;7573
2024-02;Asturias, Principado de;Asturias;GASOLINA  AUTO. S/PB 98 I.O.;405
2024-02;Asturias, Principado de;Asturias;OTRAS GASOLINAS;1
2024-02;Asturias, Principado de;Asturias;FUELÓLEO  BIA;1056
2024-02;Asturias, Principado de;Asturias;OTROS FUELÓLEOS;316
2024-02;Asturias, Principado de;Asturias;QUEROSENO AVIACIÓN;1075
2024-02;Asturias, Principado de;Asturias;OTROS QUEROSENOS;0
2024-02;Asturias, Principado de;Asturias;GLP;2531
2024-02;Balears, Illes;Balears, Illes;BIODIESEL;0
2024-02;Balears, Illes;Balears, Illes;GASÓLEO A;23592
2024-02;Balears, Illes;Balears, Illes;GASÓLEO B;3419
2024-02;Balears, Illes;Balears, Illes;GASÓLEO C;3466
2024-02;Balears, Illes;Balears, Illes;OTROS GASOLEOS;1785
2024-02;Balears, Illes;Balears, Illes;BIOETANOL;0
2024-02;Balears, Illes;Balears, Illes;GASOLINA  AUTO. S/PB 95 I.O.;15595
2024-02;Balears, Illes;Balears, Illes;GASOLINA  AUTO. S/PB 98 I.O.;744
2024-02;Balears, Illes;Balears, Illes;OTRAS GASOLINAS;12
2024-02;Balears, Illes;Balears, Illes;FUELÓLEO  BIA;0
2024-02;Balears, Illes;Balears, Illes;OTROS FUELÓLEOS;0
2024-02;Balears, Illes;Balears, Illes;QUEROSENO AVIACIÓN;14318
2024-02;Balears, Illes;Balears, Illes;OTROS QUEROSENOS;0
2024-02;Balears, Illes;Balears, Illes;GLP;4030
2024-02;Canarias;Palmas, Las;BIODIESEL;0
2024-02;Canarias;Palmas, Las;GASÓLEO A;26200
2024-02;Canarias;Palmas, Las;GASÓLEO B;0
2024-02;Canarias;Palmas, Las;GASÓLEO C;0
2024-02;Canarias;Palmas, Las;OTROS GASOLEOS;130709
2024-02;Canarias;Palmas, Las;BIOETANOL;0
2024-02;Canarias;Palmas, Las;GASOLINA  AUTO. S/PB 95 I.O.;18138
2024-02;Canarias;Palmas, Las;GASOLINA  AUTO. S/PB 98 I.O.;3292
2024-02;Canarias;Palmas, Las;OTRAS GASOLINAS;5
2024-02;Canarias;Palmas, Las;FUELÓLEO  BIA;28886
2024-02;Canarias;Palmas, Las;OTROS FUELÓLEOS;77443
2024-02;Canarias;Palmas, Las;QUEROSENO AVIACIÓN;57783
2024-02;Canarias;Palmas, Las;OTROS QUEROSENOS;0
2024-02;Canarias;Palmas, Las;GLP;3124
2024-02;Canarias;Santa Cruz de Tenerife;BIODIESEL;0
2024-02;Canarias;Santa Cruz de Tenerife;GASÓLEO A;25120
2024-02;Canarias;Santa Cruz de Tenerife;GASÓLEO B;0
2024-02;Canarias;Santa Cruz de Tenerife;GASÓLEO C;0
2024-02;Canarias;Santa Cruz de Tenerife;OTROS GASOLEOS;54130
2024-02;Canarias;Santa Cruz de Tenerife;BIOETANOL;0
2024-02;Canarias;Santa Cruz de Tenerife;GASOLINA  AUTO. S/PB 95 I.O.;16941
2024-02;Canarias;Santa Cruz de Tenerife;GASOLINA  AUTO. S/PB 98 I.O.;4577
2024-02;Canarias;Santa Cruz de Tenerife;OTRAS GASOLINAS;1
2024-02;Canarias;Santa Cruz de Tenerife;FUELÓLEO  BIA;19634
2024-02;Canarias;Santa Cruz de Tenerife;OTROS FUELÓLEOS;24041
2024-02;Canarias;Santa Cruz de Tenerife;QUEROSENO AVIACIÓN;52461
2024-02;Canarias;Santa Cruz de Tenerife;OTROS QUEROSENOS;0
2024-02;Canarias;Santa Cruz de Tenerife;GLP;3645
2024-02;Cantabria;Cantabria;BIODIESEL;169
2024-02;Cantabria;Cantabria;GASÓLEO A;22540
2024-02;Cantabria;Cantabria;GASÓLEO B;4706
2024-02;Cantabria;Cantabria;GASÓLEO C;298
2024-02;Cantabria;Cantabria;OTROS GASOLEOS;535
2024-02;Cantabria;Cantabria;BIOETANOL;0
2024-02;Cantabria;Cantabria;GASOLINA  AUTO. S/PB 95 I.O.;5756
2024-02;Cantabria;Cantabria;GASOLINA  AUTO. S/PB 98 I.O.;189
2024-02;Cantabria;Cantabria;OTRAS GASOLINAS;2
2024-02;Cantabria;Cantabria;FUELÓLEO  BIA;660
2024-02;Cantabria;Cantabria;OTROS FUELÓLEOS;0
2024-02;Cantabria;Cantabria;QUEROSENO AVIACIÓN;536
2024-02;Cantabria;Cantabria;OTROS QUEROSENOS;0
2024-02;Cantabria;Cantabria;GLP;1788
2024-02;Castilla - La Mancha;Albacete;BIODIESEL;0
2024-02;Castilla - La Mancha;Albacete;GASÓLEO A;14898
2024-02;Castilla - La Mancha;Albacete;GASÓLEO B;5180
2024-02;Castilla - La Mancha;Albacete;GASÓLEO C;2918
2024-02;Castilla - La Mancha;Albacete;OTROS GASOLEOS;0
2024-02;Castilla - La Mancha;Albacete;BIOETANOL;0
2024-02;Castilla - La Mancha;Albacete;GASOLINA  AUTO. S/PB 95 I.O.;2714
2024-02;Castilla - La Mancha;Albacete;GASOLINA  AUTO. S/PB 98 I.O.;102
2024-02;Castilla - La Mancha;Albacete;OTRAS GASOLINAS;0
2024-02;Castilla - La Mancha;Albacete;FUELÓLEO  BIA;0
2024-02;Castilla - La Mancha;Albacete;OTROS FUELÓLEOS;0
2024-02;Castilla - La Mancha;Albacete;QUEROSENO AVIACIÓN;61
2024-02;Castilla - La Mancha;Albacete;OTROS QUEROSENOS;0
2024-02;Castilla - La Mancha;Albacete;GLP;1184
2024-02;Castilla - La Mancha;Ciudad Real;BIODIESEL;4
2024-02;Castilla - La Mancha;Ciudad Real;GASÓLEO A;28084
2024-02;Castilla - La Mancha;Ciudad Real;GASÓLEO B;11566
2024-02;Castilla - La Mancha;Ciudad Real;GASÓLEO C;3057
2024-02;Castilla - La Mancha;Ciudad Real;OTROS GASOLEOS;0
2024-02;Castilla - La Mancha;Ciudad Real;BIOETANOL;0
2024-02;Castilla - La Mancha;Ciudad Real;GASOLINA  AUTO. S/PB 95 I.O.;4340
2024-02;Castilla - La Mancha;Ciudad Real;GASOLINA  AUTO. S/PB 98 I.O.;95
2024-02;Castilla - La Mancha;Ciudad Real;OTRAS GASOLINAS;0
2024-02;Castilla - La Mancha;Ciudad Real;FUELÓLEO  BIA;35
2024-02;Castilla - La Mancha;Ciudad Real;OTROS FUELÓLEOS;0
2024-02;Castilla - La Mancha;Ciudad Real;QUEROSENO AVIACIÓN;25
2024-02;Castilla - La Mancha;Ciudad Real;OTROS QUEROSENOS;0
2024-02;Castilla - La Mancha;Ciudad Real;GLP;1292
2024-02;Castilla - La Mancha;Cuenca;BIODIESEL;0
2024-02;Castilla - La Mancha;Cuenca;GASÓLEO A;12637
2024-02;Castilla - La Mancha;Cuenca;GASÓLEO B;7124
2024-02;Castilla - La Mancha;Cuenca;GASÓLEO C;1585
2024-02;Castilla - La Mancha;Cuenca;OTROS GASOLEOS;0
2024-02;Castilla - La Mancha;Cuenca;BIOETANOL;0
2024-02;Castilla - La Mancha;Cuenca;GASOLINA  AUTO. S/PB 95 I.O.;1911
2024-02;Castilla - La Mancha;Cuenca;GASOLINA  AUTO. S/PB 98 I.O.;75
2024-02;Castilla - La Mancha;Cuenca;OTRAS GASOLINAS;3
2024-02;Castilla - La Mancha;Cuenca;FUELÓLEO  BIA;0
2024-02;Castilla - La Mancha;Cuenca;OTROS FUELÓLEOS;0
2024-02;Castilla - La Mancha;Cuenca;QUEROSENO AVIACIÓN;9
2024-02;Castilla - La Mancha;Cuenca;OTROS QUEROSENOS;0
2024-02;Castilla - La Mancha;Cuenca;GLP;913
2024-02;Castilla - La Mancha;Guadalajara;BIODIESEL;12
2024-02;Castilla - La Mancha;Guadalajara;GASÓLEO A;11936
2024-02;Castilla - La Mancha;Guadalajara;GASÓLEO B;4115
2024-02;Castilla - La Mancha;Guadalajara;GASÓLEO C;4007
2024-02;Castilla - La Mancha;Guadalajara;OTROS GASOLEOS;0
2024-02;Castilla - La Mancha;Guadalajara;BIOETANOL;0
2024-02;Castilla - La Mancha;Guadalajara;GASOLINA  AUTO. S/PB 95 I.O.;2926
2024-02;Castilla - La Mancha;Guadalajara;GASOLINA  AUTO. S/PB 98 I.O.;100
2024-02;Castilla - La Mancha;Guadalajara;OTRAS GASOLINAS;0
2024-02;Castilla - La Mancha;Guadalajara;FUELÓLEO  BIA;26
2024-02;Castilla - La Mancha;Guadalajara;OTROS FUELÓLEOS;0
2024-02;Castilla - La Mancha;Guadalajara;QUEROSENO AVIACIÓN;0
2024-02;Castilla - La Mancha;Guadalajara;OTROS QUEROSENOS;0
2024-02;Castilla - La Mancha;Guadalajara;GLP;677
2024-02;Castilla - La Mancha;Toledo;BIODIESEL;0
2024-02;Castilla - La Mancha;Toledo;GASÓLEO A;31725
2024-02;Castilla - La Mancha;Toledo;GASÓLEO B;11040
2024-02;Castilla - La Mancha;Toledo;GASÓLEO C;7520
2024-02;Castilla - La Mancha;Toledo;OTROS GASOLEOS;0
2024-02;Castilla - La Mancha;Toledo;BIOETANOL;0
2024-02;Castilla - La Mancha;Toledo;GASOLINA  AUTO. S/PB 95 I.O.;6419
2024-02;Castilla - La Mancha;Toledo;GASOLINA  AUTO. S/PB 98 I.O.;221
2024-02;Castilla - La Mancha;Toledo;OTRAS GASOLINAS;17
2024-02;Castilla - La Mancha;Toledo;FUELÓLEO  BIA;31
2024-02;Castilla - La Mancha;Toledo;OTROS FUELÓLEOS;0
2024-02;Castilla - La Mancha;Toledo;QUEROSENO AVIACIÓN;17
2024-02;Castilla - La Mancha;Toledo;OTROS QUEROSENOS;0
2024-02;Castilla - La Mancha;Toledo;GLP;2461
2024-02;Castilla y León;Ávila;BIODIESEL;0
2024-02;Castilla y León;Ávila;GASÓLEO A;6260
2024-02;Castilla y León;Ávila;GASÓLEO B;2819
2024-02;Castilla y León;Ávila;GASÓLEO C;1341
2024-02;Castilla y León;Ávila;OTROS GASOLEOS;0
2024-02;Castilla y León;Ávila;BIOETANOL;0
2024-02;Castilla y León;Ávila;GASOLINA  AUTO. S/PB 95 I.O.;1482
2024-02;Castilla y León;Ávila;GASOLINA  AUTO. S/PB 98 I.O.;48
2024-02;Castilla y León;Ávila;OTRAS GASOLINAS;0
2024-02;Castilla y León;Ávila;FUELÓLEO  BIA;0
2024-02;Castilla y León;Ávila;OTROS FUELÓLEOS;0
2024-02;Castilla y León;Ávila;QUEROSENO AVIACIÓN;0
2024-02;Castilla y León;Ávila;OTROS QUEROSENOS;0
2024-02;Castilla y León;Ávila;GLP;803
2024-02;Castilla y León;Burgos;BIODIESEL;3
2024-02;Castilla y León;Burgos;GASÓLEO A;19541
2024-02;Castilla y León;Burgos;GASÓLEO B;5708
2024-02;Castilla y León;Burgos;GASÓLEO C;1434
2024-02;Castilla y León;Burgos;OTROS GASOLEOS;0
2024-02;Castilla y León;Burgos;BIOETANOL;0
2024-02;Castilla y León;Burgos;GASOLINA  AUTO. S/PB 95 I.O.;3635
2024-02;Castilla y León;Burgos;GASOLINA  AUTO. S/PB 98 I.O.;166
2024-02;Castilla y León;Burgos;OTRAS GASOLINAS;18
2024-02;Castilla y León;Burgos;FUELÓLEO  BIA;157
2024-02;Castilla y León;Burgos;OTROS FUELÓLEOS;0
2024-02;Castilla y León;Burgos;QUEROSENO AVIACIÓN;19
2024-02;Castilla y León;Burgos;OTROS QUEROSENOS;0
2024-02;Castilla y León;Burgos;GLP;1042
2024-02;Castilla y León;León;BIODIESEL;2
2024-02;Castilla y León;León;GASÓLEO A;24111
2024-02;Castilla y León;León;GASÓLEO B;8564
2024-02;Castilla y León;León;GASÓLEO C;6396
2024-02;Castilla y León;León;OTROS GASOLEOS;0
2024-02;Castilla y León;León;BIOETANOL;0
2024-02;Castilla y León;León;GASOLINA  AUTO. S/PB 95 I.O.;4262
2024-02;Castilla y León;León;GASOLINA  AUTO. S/PB 98 I.O.;176
2024-02;Castilla y León;León;OTRAS GASOLINAS;0
2024-02;Castilla y León;León;FUELÓLEO  BIA;101
2024-02;Castilla y León;León;OTROS FUELÓLEOS;0
2024-02;Castilla y León;León;QUEROSENO AVIACIÓN;4408
2024-02;Castilla y León;León;OTROS QUEROSENOS;0
2024-02;Castilla y León;León;GLP;1561
2024-02;Castilla y León;Palencia;BIODIESEL;3
2024-02;Castilla y León;Palencia;GASÓLEO A;16242
2024-02;Castilla y León;Palencia;GASÓLEO B;5102
2024-02;Castilla y León;Palencia;GASÓLEO C;968
2024-02;Castilla y León;Palencia;OTROS GASOLEOS;0
2024-02;Castilla y León;Palencia;BIOETANOL;0
2024-02;Castilla y León;Palencia;GASOLINA  AUTO. S/PB 95 I.O.;1354
2024-02;Castilla y León;Palencia;GASOLINA  AUTO. S/PB 98 I.O.;53
2024-02;Castilla y León;Palencia;OTRAS GASOLINAS;0
2024-02;Castilla y León;Palencia;FUELÓLEO  BIA;25
2024-02;Castilla y León;Palencia;OTROS FUELÓLEOS;0
2024-02;Castilla y León;Palencia;QUEROSENO AVIACIÓN;0
2024-02;Castilla y León;Palencia;OTROS QUEROSENOS;0
2024-02;Castilla y León;Palencia;GLP;562
2024-02;Castilla y León;Salamanca;BIODIESEL;3
2024-02;Castilla y León;Salamanca;GASÓLEO A;18541
2024-02;Castilla y León;Salamanca;GASÓLEO B;4276
2024-02;Castilla y León;Salamanca;GASÓLEO C;3621
2024-02;Castilla y León;Salamanca;OTROS GASOLEOS;0
2024-02;Castilla y León;Salamanca;BIOETANOL;0
2024-02;Castilla y León;Salamanca;GASOLINA  AUTO. S/PB 95 I.O.;2535
2024-02;Castilla y León;Salamanca;GASOLINA  AUTO. S/PB 98 I.O.;122
2024-02;Castilla y León;Salamanca;OTRAS GASOLINAS;14
2024-02;Castilla y León;Salamanca;FUELÓLEO  BIA;0
2024-02;Castilla y León;Salamanca;OTROS FUELÓLEOS;0
2024-02;Castilla y León;Salamanca;QUEROSENO AVIACIÓN;17
2024-02;Castilla y León;Salamanca;OTROS QUEROSENOS;0
2024-02;Castilla y León;Salamanca;GLP;1006
2024-02;Castilla y León;Segovia;BIODIESEL;0
2024-02;Castilla y León;Segovia;GASÓLEO A;8028
2024-02;Castilla y León;Segovia;GASÓLEO B;3679
2024-02;Castilla y León;Segovia;GASÓLEO C;2498
2024-02;Castilla y León;Segovia;OTROS GASOLEOS;0
2024-02;Castilla y León;Segovia;BIOETANOL;0
2024-02;Castilla y León;Segovia;GASOLINA  AUTO. S/PB 95 I.O.;1749
2024-02;Castilla y León;Segovia;GASOLINA  AUTO. S/PB 98 I.O.;79
2024-02;Castilla y León;Segovia;OTRAS GASOLINAS;0
2024-02;Castilla y León;Segovia;FUELÓLEO  BIA;26
2024-02;Castilla y León;Segovia;OTROS FUELÓLEOS;0
2024-02;Castilla y León;Segovia;QUEROSENO AVIACIÓN;0
2024-02;Castilla y León;Segovia;OTROS QUEROSENOS;0
2024-02;Castilla y León;Segovia;GLP;753
2024-02;Castilla y León;Soria;BIODIESEL;0
2024-02;Castilla y León;Soria;GASÓLEO A;5282
2024-02;Castilla y León;Soria;GASÓLEO B;2164
2024-02;Castilla y León;Soria;GASÓLEO C;1011
2024-02;Castilla y León;Soria;OTROS GASOLEOS;0
2024-02;Castilla y León;Soria;BIOETANOL;0
2024-02;Castilla y León;Soria;GASOLINA  AUTO. S/PB 95 I.O.;904
2024-02;Castilla y León;Soria;GASOLINA  AUTO. S/PB 98 I.O.;44
2024-02;Castilla y León;Soria;OTRAS GASOLINAS;10
2024-02;Castilla y León;Soria;FUELÓLEO  BIA;0
2024-02;Castilla y León;Soria;OTROS FUELÓLEOS;0
2024-02;Castilla y León;Soria;QUEROSENO AVIACIÓN;0
2024-02;Castilla y León;Soria;OTROS QUEROSENOS;0
2024-02;Castilla y León;Soria;GLP;322
2024-02;Castilla y León;Valladolid;BIODIESEL;22
2024-02;Castilla y León;Valladolid;GASÓLEO A;20593
2024-02;Castilla y León;Valladolid;GASÓLEO B;5043
2024-02;Castilla y León;Valladolid;GASÓLEO C;3183
2024-02;Castilla y León;Valladolid;OTROS GASOLEOS;0
2024-02;Castilla y León;Valladolid;BIOETANOL;0
2024-02;Castilla y León;Valladolid;GASOLINA  AUTO. S/PB 95 I.O.;4542
2024-02;Castilla y León;Valladolid;GASOLINA  AUTO. S/PB 98 I.O.;174
2024-02;Castilla y León;Valladolid;OTRAS GASOLINAS;4
2024-02;Castilla y León;Valladolid;FUELÓLEO  BIA;101
2024-02;Castilla y León;Valladolid;OTROS FUELÓLEOS;0
2024-02;Castilla y León;Valladolid;QUEROSENO AVIACIÓN;126
2024-02;Castilla y León;Valladolid;OTROS QUEROSENOS;0
2024-02;Castilla y León;Valladolid;GLP;1080
2024-02;Castilla y León;Zamora;BIODIESEL;10
2024-02;Castilla y León;Zamora;GASÓLEO A;14235
2024-02;Castilla y León;Zamora;GASÓLEO B;4778
2024-02;Castilla y León;Zamora;GASÓLEO C;969
2024-02;Castilla y León;Zamora;OTROS GASOLEOS;0
2024-02;Castilla y León;Zamora;BIOETANOL;0
2024-02;Castilla y León;Zamora;GASOLINA  AUTO. S/PB 95 I.O.;1447
2024-02;Castilla y León;Zamora;GASOLINA  AUTO. S/PB 98 I.O.;61
2024-02;Castilla y León;Zamora;OTRAS GASOLINAS;0
2024-02;Castilla y León;Zamora;FUELÓLEO  BIA;0
2024-02;Castilla y León;Zamora;OTROS FUELÓLEOS;0
2024-02;Castilla y León;Zamora;QUEROSENO AVIACIÓN;0
2024-02;Castilla y León;Zamora;OTROS QUEROSENOS;0
2024-02;Castilla y León;Zamora;GLP;634
2024-02;Cataluña;Barcelona;BIODIESEL;74
2024-02;Cataluña;Barcelona;GASÓLEO A;125635
2024-02;Cataluña;Barcelona;GASÓLEO B;19841
2024-02;Cataluña;Barcelona;GASÓLEO C;4924
2024-02;Cataluña;Barcelona;OTROS GASOLEOS;18445
2024-02;Cataluña;Barcelona;BIOETANOL;12
2024-02;Cataluña;Barcelona;GASOLINA  AUTO. S/PB 95 I.O.;52258
2024-02;Cataluña;Barcelona;GASOLINA  AUTO. S/PB 98 I.O.;2302
2024-02;Cataluña;Barcelona;OTRAS GASOLINAS;59
2024-02;Cataluña;Barcelona;FUELÓLEO  BIA;277
2024-02;Cataluña;Barcelona;OTROS FUELÓLEOS;63161
2024-02;Cataluña;Barcelona;QUEROSENO AVIACIÓN;81705
2024-02;Cataluña;Barcelona;OTROS QUEROSENOS;0
2024-02;Cataluña;Barcelona;GLP;6459
2024-02;Cataluña;Girona;BIODIESEL;15
2024-02;Cataluña;Girona;GASÓLEO A;99379
2024-02;Cataluña;Girona;GASÓLEO B;5396
2024-02;Cataluña;Girona;GASÓLEO C;3002
2024-02;Cataluña;Girona;OTROS GASOLEOS;112
2024-02;Cataluña;Girona;BIOETANOL;0
2024-02;Cataluña;Girona;GASOLINA  AUTO. S/PB 95 I.O.;11708
2024-02;Cataluña;Girona;GASOLINA  AUTO. S/PB 98 I.O.;580
2024-02;Cataluña;Girona;OTRAS GASOLINAS;2
2024-02;Cataluña;Girona;FUELÓLEO  BIA;67
2024-02;Cataluña;Girona;OTROS FUELÓLEOS;0
2024-02;Cataluña;Girona;QUEROSENO AVIACIÓN;506
2024-02;Cataluña;Girona;OTROS QUEROSENOS;0
2024-02;Cataluña;Girona;GLP;3513
2024-02;Cataluña;Lleida;BIODIESEL;0
2024-02;Cataluña;Lleida;GASÓLEO A;26311
2024-02;Cataluña;Lleida;GASÓLEO B;7239
2024-02;Cataluña;Lleida;GASÓLEO C;1402
2024-02;Cataluña;Lleida;OTROS GASOLEOS;0
2024-02;Cataluña;Lleida;BIOETANOL;0
2024-02;Cataluña;Lleida;GASOLINA  AUTO. S/PB 95 I.O.;4441
2024-02;Cataluña;Lleida;GASOLINA  AUTO. S/PB 98 I.O.;201
2024-02;Cataluña;Lleida;OTRAS GASOLINAS;11
2024-02;Cataluña;Lleida;FUELÓLEO  BIA;0
2024-02;Cataluña;Lleida;OTROS FUELÓLEOS;0
2024-02;Cataluña;Lleida;QUEROSENO AVIACIÓN;81
2024-02;Cataluña;Lleida;OTROS QUEROSENOS;0
2024-02;Cataluña;Lleida;GLP;3139
2024-02;Cataluña;Tarragona;BIODIESEL;1
2024-02;Cataluña;Tarragona;GASÓLEO A;42943
2024-02;Cataluña;Tarragona;GASÓLEO B;4949
2024-02;Cataluña;Tarragona;GASÓLEO C;781
2024-02;Cataluña;Tarragona;OTROS GASOLEOS;1868
2024-02;Cataluña;Tarragona;BIOETANOL;0
2024-02;Cataluña;Tarragona;GASOLINA  AUTO. S/PB 95 I.O.;11032
2024-02;Cataluña;Tarragona;GASOLINA  AUTO. S/PB 98 I.O.;403
2024-02;Cataluña;Tarragona;OTRAS GASOLINAS;10
2024-02;Cataluña;Tarragona;FUELÓLEO  BIA;0
2024-02;Cataluña;Tarragona;OTROS FUELÓLEOS;975
2024-02;Cataluña;Tarragona;QUEROSENO AVIACIÓN;75
2024-02;Cataluña;Tarragona;OTROS QUEROSENOS;0
2024-02;Cataluña;Tarragona;GLP;20499
2024-02;Ceuta;Ceuta;BIODIESEL;0
2024-02;Ceuta;Ceuta;GASÓLEO A;973
2024-02;Ceuta;Ceuta;GASÓLEO B;0
2024-02;Ceuta;Ceuta;GASÓLEO C;55
2024-02;Ceuta;Ceuta;OTROS GASOLEOS;13197
2024-02;Ceuta;Ceuta;BIOETANOL;0
2024-02;Ceuta;Ceuta;GASOLINA  AUTO. S/PB 95 I.O.;467
2024-02;Ceuta;Ceuta;GASOLINA  AUTO. S/PB 98 I.O.;46
2024-02;Ceuta;Ceuta;OTRAS GASOLINAS;0
2024-02;Ceuta;Ceuta;FUELÓLEO  BIA;4669
2024-02;Ceuta;Ceuta;OTROS FUELÓLEOS;6740
2024-02;Ceuta;Ceuta;QUEROSENO AVIACIÓN;50
2024-02;Ceuta;Ceuta;OTROS QUEROSENOS;0
2024-02;Ceuta;Ceuta;GLP;223
2024-02;Comunitat Valenciana;Alicante/Alacant;BIODIESEL;43
2024-02;Comunitat Valenciana;Alicante/Alacant;GASÓLEO A;47628
2024-02;Comunitat Valenciana;Alicante/Alacant;GASÓLEO B;5106
2024-02;Comunitat Valenciana;Alicante/Alacant;GASÓLEO C;2682
2024-02;Comunitat Valenciana;Alicante/Alacant;OTROS GASOLEOS;999
2024-02;Comunitat Valenciana;Alicante/Alacant;BIOETANOL;0
2024-02;Comunitat Valenciana;Alicante/Alacant;GASOLINA  AUTO. S/PB 95 I.O.;19571
2024-02;Comunitat Valenciana;Alicante/Alacant;GASOLINA  AUTO. S/PB 98 I.O.;835
2024-02;Comunitat Valenciana;Alicante/Alacant;OTRAS GASOLINAS;11
2024-02;Comunitat Valenciana;Alicante/Alacant;FUELÓLEO  BIA;141
2024-02;Comunitat Valenciana;Alicante/Alacant;OTROS FUELÓLEOS;229
2024-02;Comunitat Valenciana;Alicante/Alacant;QUEROSENO AVIACIÓN;17931
2024-02;Comunitat Valenciana;Alicante/Alacant;OTROS QUEROSENOS;7
2024-02;Comunitat Valenciana;Alicante/Alacant;GLP;6825
2024-02;Comunitat Valenciana;Castellón/Castelló;BIODIESEL;0
2024-02;Comunitat Valenciana;Castellón/Castelló;GASÓLEO A;18074
2024-02;Comunitat Valenciana;Castellón/Castelló;GASÓLEO B;1771
2024-02;Comunitat Valenciana;Castellón/Castelló;GASÓLEO C;592
2024-02;Comunitat Valenciana;Castellón/Castelló;OTROS GASOLEOS;10775
2024-02;Comunitat Valenciana;Castellón/Castelló;BIOETANOL;0
2024-02;Comunitat Valenciana;Castellón/Castelló;GASOLINA  AUTO. S/PB 95 I.O.;5784
2024-02;Comunitat Valenciana;Castellón/Castelló;GASOLINA  AUTO. S/PB 98 I.O.;263
2024-02;Comunitat Valenciana;Castellón/Castelló;OTRAS GASOLINAS;8
2024-02;Comunitat Valenciana;Castellón/Castelló;FUELÓLEO  BIA;0
2024-02;Comunitat Valenciana;Castellón/Castelló;OTROS FUELÓLEOS;330
2024-02;Comunitat Valenciana;Castellón/Castelló;QUEROSENO AVIACIÓN;195
2024-02;Comunitat Valenciana;Castellón/Castelló;OTROS QUEROSENOS;0
2024-02;Comunitat Valenciana;Castellón/Castelló;GLP;1864
2024-02;Comunitat Valenciana;Valencia/València;BIODIESEL;0
2024-02;Comunitat Valenciana;Valencia/València;GASÓLEO A;89298
2024-02;Comunitat Valenciana;Valencia/València;GASÓLEO B;9987
2024-02;Comunitat Valenciana;Valencia/València;GASÓLEO C;1540
2024-02;Comunitat Valenciana;Valencia/València;OTROS GASOLEOS;3747
2024-02;Comunitat Valenciana;Valencia/València;BIOETANOL;0
2024-02;Comunitat Valenciana;Valencia/València;GASOLINA  AUTO. S/PB 95 I.O.;23885
2024-02;Comunitat Valenciana;Valencia/València;GASOLINA  AUTO. S/PB 98 I.O.;858
2024-02;Comunitat Valenciana;Valencia/València;OTRAS GASOLINAS;4
2024-02;Comunitat Valenciana;Valencia/València;FUELÓLEO  BIA;84
2024-02;Comunitat Valenciana;Valencia/València;OTROS FUELÓLEOS;18719
2024-02;Comunitat Valenciana;Valencia/València;QUEROSENO AVIACIÓN;10269
2024-02;Comunitat Valenciana;Valencia/València;OTROS QUEROSENOS;0
2024-02;Comunitat Valenciana;Valencia/València;GLP;5787
2024-02;Extremadura;Badajoz;BIODIESEL;0
2024-02;Extremadura;Badajoz;GASÓLEO A;40529
2024-02;Extremadura;Badajoz;GASÓLEO B;6330
2024-02;Extremadura;Badajoz;GASÓLEO C;887
2024-02;Extremadura;Badajoz;OTROS GASOLEOS;0
2024-02;Extremadura;Badajoz;BIOETANOL;0
2024-02;Extremadura;Badajoz;GASOLINA  AUTO. S/PB 95 I.O.;4977
2024-02;Extremadura;Badajoz;GASOLINA  AUTO. S/PB 98 I.O.;141
2024-02;Extremadura;Badajoz;OTRAS GASOLINAS;1
2024-02;Extremadura;Badajoz;FUELÓLEO  BIA;50
2024-02;Extremadura;Badajoz;OTROS FUELÓLEOS;0
2024-02;Extremadura;Badajoz;QUEROSENO AVIACIÓN;40
2024-02;Extremadura;Badajoz;OTROS QUEROSENOS;0
2024-02;Extremadura;Badajoz;GLP;3083
2024-02;Extremadura;Cáceres;BIODIESEL;0
2024-02;Extremadura;Cáceres;GASÓLEO A;15456
2024-02;Extremadura;Cáceres;GASÓLEO B;3453
2024-02;Extremadura;Cáceres;GASÓLEO C;1016
2024-02;Extremadura;Cáceres;OTROS GASOLEOS;0
2024-02;Extremadura;Cáceres;BIOETANOL;0
2024-02;Extremadura;Cáceres;GASOLINA  AUTO. S/PB 95 I.O.;3001
2024-02;Extremadura;Cáceres;GASOLINA  AUTO. S/PB 98 I.O.;98
2024-02;Extremadura;Cáceres;OTRAS GASOLINAS;0
2024-02;Extremadura;Cáceres;FUELÓLEO  BIA;209
2024-02;Extremadura;Cáceres;OTROS FUELÓLEOS;0
2024-02;Extremadura;Cáceres;QUEROSENO AVIACIÓN;7
2024-02;Extremadura;Cáceres;OTROS QUEROSENOS;0
2024-02;Extremadura;Cáceres;GLP;1981
2024-02;Galicia;Coruña, A;BIODIESEL;25
2024-02;Galicia;Coruña, A;GASÓLEO A;39529
2024-02;Galicia;Coruña, A;GASÓLEO B;7354
2024-02;Galicia;Coruña, A;GASÓLEO C;5366
2024-02;Galicia;Coruña, A;OTROS GASOLEOS;3229
2024-02;Galicia;Coruña, A;BIOETANOL;0
2024-02;Galicia;Coruña, A;GASOLINA  AUTO. S/PB 95 I.O.;8579
2024-02;Galicia;Coruña, A;GASOLINA  AUTO. S/PB 98 I.O.;362
2024-02;Galicia;Coruña, A;OTRAS GASOLINAS;3
2024-02;Galicia;Coruña, A;FUELÓLEO  BIA;5780
2024-02;Galicia;Coruña, A;OTROS FUELÓLEOS;1730
2024-02;Galicia;Coruña, A;QUEROSENO AVIACIÓN;3208
2024-02;Galicia;Coruña, A;OTROS QUEROSENOS;0
2024-02;Galicia;Coruña, A;GLP;3772
2024-02;Galicia;Lugo;BIODIESEL;0
2024-02;Galicia;Lugo;GASÓLEO A;16102
2024-02;Galicia;Lugo;GASÓLEO B;4047
2024-02;Galicia;Lugo;GASÓLEO C;3880
2024-02;Galicia;Lugo;OTROS GASOLEOS;1354
2024-02;Galicia;Lugo;BIOETANOL;0
2024-02;Galicia;Lugo;GASOLINA  AUTO. S/PB 95 I.O.;2382
2024-02;Galicia;Lugo;GASOLINA  AUTO. S/PB 98 I.O.;91
2024-02;Galicia;Lugo;OTRAS GASOLINAS;0
2024-02;Galicia;Lugo;FUELÓLEO  BIA;25
2024-02;Galicia;Lugo;OTROS FUELÓLEOS;55
2024-02;Galicia;Lugo;QUEROSENO AVIACIÓN;0
2024-02;Galicia;Lugo;OTROS QUEROSENOS;0
2024-02;Galicia;Lugo;GLP;1676
2024-02;Galicia;Ourense;BIODIESEL;0
2024-02;Galicia;Ourense;GASÓLEO A;12371
2024-02;Galicia;Ourense;GASÓLEO B;2093
2024-02;Galicia;Ourense;GASÓLEO C;4866
2024-02;Galicia;Ourense;OTROS GASOLEOS;0
2024-02;Galicia;Ourense;BIOETANOL;0
2024-02;Galicia;Ourense;GASOLINA  AUTO. S/PB 95 I.O.;2198
2024-02;Galicia;Ourense;GASOLINA  AUTO. S/PB 98 I.O.;137
2024-02;Galicia;Ourense;OTRAS GASOLINAS;1
2024-02;Galicia;Ourense;FUELÓLEO  BIA;160
2024-02;Galicia;Ourense;OTROS FUELÓLEOS;0
2024-02;Galicia;Ourense;QUEROSENO AVIACIÓN;0
2024-02;Galicia;Ourense;OTROS QUEROSENOS;0
2024-02;Galicia;Ourense;GLP;1504
2024-02;Galicia;Pontevedra;BIODIESEL;0
2024-02;Galicia;Pontevedra;GASÓLEO A;33164
2024-02;Galicia;Pontevedra;GASÓLEO B;3861
2024-02;Galicia;Pontevedra;GASÓLEO C;5560
2024-02;Galicia;Pontevedra;OTROS GASOLEOS;4491
2024-02;Galicia;Pontevedra;BIOETANOL;0
2024-02;Galicia;Pontevedra;GASOLINA  AUTO. S/PB 95 I.O.;7255
2024-02;Galicia;Pontevedra;GASOLINA  AUTO. S/PB 98 I.O.;380
2024-02;Galicia;Pontevedra;OTRAS GASOLINAS;1
2024-02;Galicia;Pontevedra;FUELÓLEO  BIA;652
2024-02;Galicia;Pontevedra;OTROS FUELÓLEOS;335
2024-02;Galicia;Pontevedra;QUEROSENO AVIACIÓN;390
2024-02;Galicia;Pontevedra;OTROS QUEROSENOS;0
2024-02;Galicia;Pontevedra;GLP;3338
2024-02;Madrid, Comunidad de;Madrid;BIODIESEL;81
2024-02;Madrid, Comunidad de;Madrid;GASÓLEO A;141903
2024-02;Madrid, Comunidad de;Madrid;GASÓLEO B;11911
2024-02;Madrid, Comunidad de;Madrid;GASÓLEO C;22409
2024-02;Madrid, Comunidad de;Madrid;OTROS GASOLEOS;0
2024-02;Madrid, Comunidad de;Madrid;BIOETANOL;0
2024-02;Madrid, Comunidad de;Madrid;GASOLINA  AUTO. S/PB 95 I.O.;60800
2024-02;Madrid, Comunidad de;Madrid;GASOLINA  AUTO. S/PB 98 I.O.;2207
2024-02;Madrid, Comunidad de;Madrid;OTRAS GASOLINAS;50
2024-02;Madrid, Comunidad de;Madrid;FUELÓLEO  BIA;264
2024-02;Madrid, Comunidad de;Madrid;OTROS FUELÓLEOS;0
2024-02;Madrid, Comunidad de;Madrid;QUEROSENO AVIACIÓN;190568
2024-02;Madrid, Comunidad de;Madrid;OTROS QUEROSENOS;0
2024-02;Madrid, Comunidad de;Madrid;GLP;10858
2024-02;Melilla;Melilla;BIODIESEL;0
2024-02;Melilla;Melilla;GASÓLEO A;990
2024-02;Melilla;Melilla;GASÓLEO B;0
2024-02;Melilla;Melilla;GASÓLEO C;0
2024-02;Melilla;Melilla;OTROS GASOLEOS;0
2024-02;Melilla;Melilla;BIOETANOL;0
2024-02;Melilla;Melilla;GASOLINA  AUTO. S/PB 95 I.O.;501
2024-02;Melilla;Melilla;GASOLINA  AUTO. S/PB 98 I.O.;0
2024-02;Melilla;Melilla;OTRAS GASOLINAS;0
2024-02;Melilla;Melilla;FUELÓLEO  BIA;4872
2024-02;Melilla;Melilla;OTROS FUELÓLEOS;0
2024-02;Melilla;Melilla;QUEROSENO AVIACIÓN;128
2024-02;Melilla;Melilla;OTROS QUEROSENOS;0
2024-02;Melilla;Melilla;GLP;200
2024-02;Murcia, Región de;Murcia;BIODIESEL;87
2024-02;Murcia, Región de;Murcia;GASÓLEO A;76064
2024-02;Murcia, Región de;Murcia;GASÓLEO B;10832
2024-02;Murcia, Región de;Murcia;GASÓLEO C;954
2024-02;Murcia, Región de;Murcia;OTROS GASOLEOS;1141
2024-02;Murcia, Región de;Murcia;BIOETANOL;0
2024-02;Murcia, Región de;Murcia;GASOLINA  AUTO. S/PB 95 I.O.;11944
2024-02;Murcia, Región de;Murcia;GASOLINA  AUTO. S/PB 98 I.O.;504
2024-02;Murcia, Región de;Murcia;OTRAS GASOLINAS;1
2024-02;Murcia, Región de;Murcia;FUELÓLEO  BIA;408
2024-02;Murcia, Región de;Murcia;OTROS FUELÓLEOS;223
2024-02;Murcia, Región de;Murcia;QUEROSENO AVIACIÓN;559
2024-02;Murcia, Región de;Murcia;OTROS QUEROSENOS;0
2024-02;Murcia, Región de;Murcia;GLP;4369
2024-02;Navarra, Comunidad Foral de;Navarra;BIODIESEL;123
2024-02;Navarra, Comunidad Foral de;Navarra;GASÓLEO A;52372
2024-02;Navarra, Comunidad Foral de;Navarra;GASÓLEO B;7650
2024-02;Navarra, Comunidad Foral de;Navarra;GASÓLEO C;1535
2024-02;Navarra, Comunidad Foral de;Navarra;OTROS GASOLEOS;0
2024-02;Navarra, Comunidad Foral de;Navarra;BIOETANOL;0
2024-02;Navarra, Comunidad Foral de;Navarra;GASOLINA  AUTO. S/PB 95 I.O.;6176
2024-02;Navarra, Comunidad Foral de;Navarra;GASOLINA  AUTO. S/PB 98 I.O.;206
2024-02;Navarra, Comunidad Foral de;Navarra;OTRAS GASOLINAS;1
2024-02;Navarra, Comunidad Foral de;Navarra;FUELÓLEO  BIA;152
2024-02;Navarra, Comunidad Foral de;Navarra;OTROS FUELÓLEOS;0
2024-02;Navarra, Comunidad Foral de;Navarra;QUEROSENO AVIACIÓN;70
2024-02;Navarra, Comunidad Foral de;Navarra;OTROS QUEROSENOS;0
2024-02;Navarra, Comunidad Foral de;Navarra;GLP;1347
2024-02;País Vasco;Araba/Álava;BIODIESEL;29
2024-02;País Vasco;Araba/Álava;GASÓLEO A;52102
2024-02;País Vasco;Araba/Álava;GASÓLEO B;2670
2024-02;País Vasco;Araba/Álava;GASÓLEO C;899
2024-02;País Vasco;Araba/Álava;OTROS GASOLEOS;0
2024-02;País Vasco;Araba/Álava;BIOETANOL;0
2024-02;País Vasco;Araba/Álava;GASOLINA  AUTO. S/PB 95 I.O.;2689
2024-02;País Vasco;Araba/Álava;GASOLINA  AUTO. S/PB 98 I.O.;110
2024-02;País Vasco;Araba/Álava;OTRAS GASOLINAS;0
2024-02;País Vasco;Araba/Álava;FUELÓLEO  BIA;366
2024-02;País Vasco;Araba/Álava;OTROS FUELÓLEOS;0
2024-02;País Vasco;Araba/Álava;QUEROSENO AVIACIÓN;527
2024-02;País Vasco;Araba/Álava;OTROS QUEROSENOS;0
2024-02;País Vasco;Araba/Álava;GLP;647
2024-02;País Vasco;Bizkaia;BIODIESEL;118
2024-02;País Vasco;Bizkaia;GASÓLEO A;40673
2024-02;País Vasco;Bizkaia;GASÓLEO B;6630
2024-02;País Vasco;Bizkaia;GASÓLEO C;4824
2024-02;País Vasco;Bizkaia;OTROS GASOLEOS;902
2024-02;País Vasco;Bizkaia;BIOETANOL;0
2024-02;País Vasco;Bizkaia;GASOLINA  AUTO. S/PB 95 I.O.;8215
2024-02;País Vasco;Bizkaia;GASOLINA  AUTO. S/PB 98 I.O.;351
2024-02;País Vasco;Bizkaia;OTRAS GASOLINAS;0
2024-02;País Vasco;Bizkaia;FUELÓLEO  BIA;281
2024-02;País Vasco;Bizkaia;OTROS FUELÓLEOS;0
2024-02;País Vasco;Bizkaia;QUEROSENO AVIACIÓN;4098
2024-02;País Vasco;Bizkaia;OTROS QUEROSENOS;1
2024-02;País Vasco;Bizkaia;GLP;1433
2024-02;País Vasco;Gipuzkoa;BIODIESEL;19
2024-02;País Vasco;Gipuzkoa;GASÓLEO A;57760
2024-02;País Vasco;Gipuzkoa;GASÓLEO B;2123
2024-02;País Vasco;Gipuzkoa;GASÓLEO C;334
2024-02;País Vasco;Gipuzkoa;OTROS GASOLEOS;381
2024-02;País Vasco;Gipuzkoa;BIOETANOL;0
2024-02;País Vasco;Gipuzkoa;GASOLINA  AUTO. S/PB 95 I.O.;6233
2024-02;País Vasco;Gipuzkoa;GASOLINA  AUTO. S/PB 98 I.O.;291
2024-02;País Vasco;Gipuzkoa;OTRAS GASOLINAS;1
2024-02;País Vasco;Gipuzkoa;FUELÓLEO  BIA;75
2024-02;País Vasco;Gipuzkoa;OTROS FUELÓLEOS;0
2024-02;País Vasco;Gipuzkoa;QUEROSENO AVIACIÓN;323
2024-02;País Vasco;Gipuzkoa;OTROS QUEROSENOS;0
2024-02;País Vasco;Gipuzkoa;GLP;1730
2024-02;Rioja, La;Rioja, La;BIODIESEL;0
2024-02;Rioja, La;Rioja, La;GASÓLEO A;12956
2024-02;Rioja, La;Rioja, La;GASÓLEO B;3155
2024-02;Rioja, La;Rioja, La;GASÓLEO C;2123
2024-02;Rioja, La;Rioja, La;OTROS GASOLEOS;0
2024-02;Rioja, La;Rioja, La;BIOETANOL;0
2024-02;Rioja, La;Rioja, La;GASOLINA  AUTO. S/PB 95 I.O.;2357
2024-02;Rioja, La;Rioja, La;GASOLINA  AUTO. S/PB 98 I.O.;75
2024-02;Rioja, La;Rioja, La;OTRAS GASOLINAS;0
2024-02;Rioja, La;Rioja, La;FUELÓLEO  BIA;81
2024-02;Rioja, La;Rioja, La;OTROS FUELÓLEOS;0
2024-02;Rioja, La;Rioja, La;QUEROSENO AVIACIÓN;0
2024-02;Rioja, La;Rioja, La;OTROS QUEROSENOS;0
2024-02;Rioja, La;Rioja, La;GLP;663
2024-03;Andalucía;Almería;BIODIESEL;25
2024-03;Andalucía;Almería;GASÓLEO A;31989
2024-03;Andalucía;Almería;GASÓLEO B;5362
2024-03;Andalucía;Almería;GASÓLEO C;161
2024-03;Andalucía;Almería;OTROS GASOLEOS;1058
2024-03;Andalucía;Almería;BIOETANOL;0
2024-03;Andalucía;Almería;GASOLINA  AUTO. S/PB 95 I.O.;5710
2024-03;Andalucía;Almería;GASOLINA  AUTO. S/PB 98 I.O.;291
2024-03;Andalucía;Almería;OTRAS GASOLINAS;1
2024-03;Andalucía;Almería;FUELÓLEO  BIA;173
2024-03;Andalucía;Almería;OTROS FUELÓLEOS;1297
2024-03;Andalucía;Almería;QUEROSENO AVIACIÓN;487
2024-03;Andalucía;Almería;OTROS QUEROSENOS;0
2024-03;Andalucía;Almería;GLP;2270
2024-03;Andalucía;Cádiz;BIODIESEL;11
2024-03;Andalucía;Cádiz;GASÓLEO A;36611
2024-03;Andalucía;Cádiz;GASÓLEO B;6460
2024-03;Andalucía;Cádiz;GASÓLEO C;146
2024-03;Andalucía;Cádiz;OTROS GASOLEOS;71369
2024-03;Andalucía;Cádiz;BIOETANOL;0
2024-03;Andalucía;Cádiz;GASOLINA  AUTO. S/PB 95 I.O.;10511
2024-03;Andalucía;Cádiz;GASOLINA  AUTO. S/PB 98 I.O.;368
2024-03;Andalucía;Cádiz;OTRAS GASOLINAS;36
2024-03;Andalucía;Cádiz;FUELÓLEO  BIA;0
2024-03;Andalucía;Cádiz;OTROS FUELÓLEOS;207855
2024-03;Andalucía;Cádiz;QUEROSENO AVIACIÓN;825
2024-03;Andalucía;Cádiz;OTROS QUEROSENOS;0
2024-03;Andalucía;Cádiz;GLP;3609
2024-03;Andalucía;Córdoba;BIODIESEL;12
2024-03;Andalucía;Córdoba;GASÓLEO A;29539
2024-03;Andalucía;Córdoba;GASÓLEO B;7579
2024-03;Andalucía;Córdoba;GASÓLEO C;798
2024-03;Andalucía;Córdoba;OTROS GASOLEOS;0
2024-03;Andalucía;Córdoba;BIOETANOL;0
2024-03;Andalucía;Córdoba;GASOLINA  AUTO. S/PB 95 I.O.;5137
2024-03;Andalucía;Córdoba;GASOLINA  AUTO. S/PB 98 I.O.;134
2024-03;Andalucía;Córdoba;OTRAS GASOLINAS;6
2024-03;Andalucía;Córdoba;FUELÓLEO  BIA;25
2024-03;Andalucía;Córdoba;OTROS FUELÓLEOS;0
2024-03;Andalucía;Córdoba;QUEROSENO AVIACIÓN;14
2024-03;Andalucía;Córdoba;OTROS QUEROSENOS;0
2024-03;Andalucía;Córdoba;GLP;2416
2024-03;Andalucía;Granada;BIODIESEL;0
2024-03;Andalucía;Granada;GASÓLEO A;33638
2024-03;Andalucía;Granada;GASÓLEO B;5655
2024-03;Andalucía;Granada;GASÓLEO C;3069
2024-03;Andalucía;Granada;OTROS GASOLEOS;477
2024-03;Andalucía;Granada;BIOETANOL;0
2024-03;Andalucía;Granada;GASOLINA  AUTO. S/PB 95 I.O.;8175
2024-03;Andalucía;Granada;GASOLINA  AUTO. S/PB 98 I.O.;368
2024-03;Andalucía;Granada;OTRAS GASOLINAS;2
2024-03;Andalucía;Granada;FUELÓLEO  BIA;150
2024-03;Andalucía;Granada;OTROS FUELÓLEOS;540
2024-03;Andalucía;Granada;QUEROSENO AVIACIÓN;750
2024-03;Andalucía;Granada;OTROS QUEROSENOS;0
2024-03;Andalucía;Granada;GLP;3402
2024-03;Andalucía;Huelva;BIODIESEL;0
2024-03;Andalucía;Huelva;GASÓLEO A;24495
2024-03;Andalucía;Huelva;GASÓLEO B;8693
2024-03;Andalucía;Huelva;GASÓLEO C;204
2024-03;Andalucía;Huelva;OTROS GASOLEOS;2780
2024-03;Andalucía;Huelva;BIOETANOL;0
2024-03;Andalucía;Huelva;GASOLINA  AUTO. S/PB 95 I.O.;4816
2024-03;Andalucía;Huelva;GASOLINA  AUTO. S/PB 98 I.O.;149
2024-03;Andalucía;Huelva;OTRAS GASOLINAS;0
2024-03;Andalucía;Huelva;FUELÓLEO  BIA;665
2024-03;Andalucía;Huelva;OTROS FUELÓLEOS;5082
2024-03;Andalucía;Huelva;QUEROSENO AVIACIÓN;0
2024-03;Andalucía;Huelva;OTROS QUEROSENOS;0
2024-03;Andalucía;Huelva;GLP;2621
2024-03;Andalucía;Jaén;BIODIESEL;48
2024-03;Andalucía;Jaén;GASÓLEO A;30138
2024-03;Andalucía;Jaén;GASÓLEO B;4364
2024-03;Andalucía;Jaén;GASÓLEO C;1294
2024-03;Andalucía;Jaén;OTROS GASOLEOS;0
2024-03;Andalucía;Jaén;BIOETANOL;0
2024-03;Andalucía;Jaén;GASOLINA  AUTO. S/PB 95 I.O.;4336
2024-03;Andalucía;Jaén;GASOLINA  AUTO. S/PB 98 I.O.;178
2024-03;Andalucía;Jaén;OTRAS GASOLINAS;0
2024-03;Andalucía;Jaén;FUELÓLEO  BIA;0
2024-03;Andalucía;Jaén;OTROS FUELÓLEOS;0
2024-03;Andalucía;Jaén;QUEROSENO AVIACIÓN;0
2024-03;Andalucía;Jaén;OTROS QUEROSENOS;0
2024-03;Andalucía;Jaén;GLP;1624
2024-03;Andalucía;Málaga;BIODIESEL;0
2024-03;Andalucía;Málaga;GASÓLEO A;45902
2024-03;Andalucía;Málaga;GASÓLEO B;4636
2024-03;Andalucía;Málaga;GASÓLEO C;470
2024-03;Andalucía;Málaga;OTROS GASOLEOS;685
2024-03;Andalucía;Málaga;BIOETANOL;0
2024-03;Andalucía;Málaga;GASOLINA  AUTO. S/PB 95 I.O.;19159
2024-03;Andalucía;Málaga;GASOLINA  AUTO. S/PB 98 I.O.;1119
2024-03;Andalucía;Málaga;OTRAS GASOLINAS;14
2024-03;Andalucía;Málaga;FUELÓLEO  BIA;27
2024-03;Andalucía;Málaga;OTROS FUELÓLEOS;1104
2024-03;Andalucía;Málaga;QUEROSENO AVIACIÓN;31627
2024-03;Andalucía;Málaga;OTROS QUEROSENOS;0
2024-03;Andalucía;Málaga;GLP;5317
2024-03;Andalucía;Sevilla;BIODIESEL;8
2024-03;Andalucía;Sevilla;GASÓLEO A;55088
2024-03;Andalucía;Sevilla;GASÓLEO B;8368
2024-03;Andalucía;Sevilla;GASÓLEO C;631
2024-03;Andalucía;Sevilla;OTROS GASOLEOS;677
2024-03;Andalucía;Sevilla;BIOETANOL;0
2024-03;Andalucía;Sevilla;GASOLINA  AUTO. S/PB 95 I.O.;15144
2024-03;Andalucía;Sevilla;GASOLINA  AUTO. S/PB 98 I.O.;366
2024-03;Andalucía;Sevilla;OTRAS GASOLINAS;3
2024-03;Andalucía;Sevilla;FUELÓLEO  BIA;441
2024-03;Andalucía;Sevilla;OTROS FUELÓLEOS;107
2024-03;Andalucía;Sevilla;QUEROSENO AVIACIÓN;11551
2024-03;Andalucía;Sevilla;OTROS QUEROSENOS;0
2024-03;Andalucía;Sevilla;GLP;4879
2024-03;Aragón;Huesca;BIODIESEL;2
2024-03;Aragón;Huesca;GASÓLEO A;14447
2024-03;Aragón;Huesca;GASÓLEO B;5838
2024-03;Aragón;Huesca;GASÓLEO C;1677
2024-03;Aragón;Huesca;OTROS GASOLEOS;0
2024-03;Aragón;Huesca;BIOETANOL;0
2024-03;Aragón;Huesca;GASOLINA  AUTO. S/PB 95 I.O.;3241
2024-03;Aragón;Huesca;GASOLINA  AUTO. S/PB 98 I.O.;144
2024-03;Aragón;Huesca;OTRAS GASOLINAS;1
2024-03;Aragón;Huesca;FUELÓLEO  BIA;54
2024-03;Aragón;Huesca;OTROS FUELÓLEOS;0
2024-03;Aragón;Huesca;QUEROSENO AVIACIÓN;0
2024-03;Aragón;Huesca;OTROS QUEROSENOS;0
2024-03;Aragón;Huesca;GLP;1869
2024-03;Aragón;Teruel;BIODIESEL;0
2024-03;Aragón;Teruel;GASÓLEO A;9458
2024-03;Aragón;Teruel;GASÓLEO B;4109
2024-03;Aragón;Teruel;GASÓLEO C;1761
2024-03;Aragón;Teruel;OTROS GASOLEOS;0
2024-03;Aragón;Teruel;BIOETANOL;0
2024-03;Aragón;Teruel;GASOLINA  AUTO. S/PB 95 I.O.;1678
2024-03;Aragón;Teruel;GASOLINA  AUTO. S/PB 98 I.O.;122
2024-03;Aragón;Teruel;OTRAS GASOLINAS;0
2024-03;Aragón;Teruel;FUELÓLEO  BIA;101
2024-03;Aragón;Teruel;OTROS FUELÓLEOS;0
2024-03;Aragón;Teruel;QUEROSENO AVIACIÓN;169
2024-03;Aragón;Teruel;OTROS QUEROSENOS;0
2024-03;Aragón;Teruel;GLP;679
2024-03;Aragón;Zaragoza;BIODIESEL;128
2024-03;Aragón;Zaragoza;GASÓLEO A;41008
2024-03;Aragón;Zaragoza;GASÓLEO B;9706
2024-03;Aragón;Zaragoza;GASÓLEO C;5928
2024-03;Aragón;Zaragoza;OTROS GASOLEOS;17
2024-03;Aragón;Zaragoza;BIOETANOL;0
2024-03;Aragón;Zaragoza;GASOLINA  AUTO. S/PB 95 I.O.;9006
2024-03;Aragón;Zaragoza;GASOLINA  AUTO. S/PB 98 I.O.;333
2024-03;Aragón;Zaragoza;OTRAS GASOLINAS;2
2024-03;Aragón;Zaragoza;FUELÓLEO  BIA;0
2024-03;Aragón;Zaragoza;OTROS FUELÓLEOS;0
2024-03;Aragón;Zaragoza;QUEROSENO AVIACIÓN;7306
2024-03;Aragón;Zaragoza;OTROS QUEROSENOS;0
2024-03;Aragón;Zaragoza;GLP;2044
2024-03;Asturias, Principado de;Asturias;BIODIESEL;13
2024-03;Asturias, Principado de;Asturias;GASÓLEO A;31634
2024-03;Asturias, Principado de;Asturias;GASÓLEO B;6034
2024-03;Asturias, Principado de;Asturias;GASÓLEO C;3681
2024-03;Asturias, Principado de;Asturias;OTROS GASOLEOS;3800
2024-03;Asturias, Principado de;Asturias;BIOETANOL;0
2024-03;Asturias, Principado de;Asturias;GASOLINA  AUTO. S/PB 95 I.O.;8025
2024-03;Asturias, Principado de;Asturias;GASOLINA  AUTO. S/PB 98 I.O.;472
2024-03;Asturias, Principado de;Asturias;OTRAS GASOLINAS;0
2024-03;Asturias, Principado de;Asturias;FUELÓLEO  BIA;1744
2024-03;Asturias, Principado de;Asturias;OTROS FUELÓLEOS;107
2024-03;Asturias, Principado de;Asturias;QUEROSENO AVIACIÓN;1167
2024-03;Asturias, Principado de;Asturias;OTROS QUEROSENOS;0
2024-03;Asturias, Principado de;Asturias;GLP;2584
2024-03;Balears, Illes;Balears, Illes;BIODIESEL;0
2024-03;Balears, Illes;Balears, Illes;GASÓLEO A;25695
2024-03;Balears, Illes;Balears, Illes;GASÓLEO B;3216
2024-03;Balears, Illes;Balears, Illes;GASÓLEO C;18182
2024-03;Balears, Illes;Balears, Illes;OTROS GASOLEOS;2299
2024-03;Balears, Illes;Balears, Illes;BIOETANOL;0
2024-03;Balears, Illes;Balears, Illes;GASOLINA  AUTO. S/PB 95 I.O.;17521
2024-03;Balears, Illes;Balears, Illes;GASOLINA  AUTO. S/PB 98 I.O.;800
2024-03;Balears, Illes;Balears, Illes;OTRAS GASOLINAS;19
2024-03;Balears, Illes;Balears, Illes;FUELÓLEO  BIA;0
2024-03;Balears, Illes;Balears, Illes;OTROS FUELÓLEOS;0
2024-03;Balears, Illes;Balears, Illes;QUEROSENO AVIACIÓN;21456
2024-03;Balears, Illes;Balears, Illes;OTROS QUEROSENOS;0
2024-03;Balears, Illes;Balears, Illes;GLP;4220
2024-03;Canarias;Palmas, Las;BIODIESEL;0
2024-03;Canarias;Palmas, Las;GASÓLEO A;27122
2024-03;Canarias;Palmas, Las;GASÓLEO B;0
2024-03;Canarias;Palmas, Las;GASÓLEO C;0
2024-03;Canarias;Palmas, Las;OTROS GASOLEOS;150394
2024-03;Canarias;Palmas, Las;BIOETANOL;0
2024-03;Canarias;Palmas, Las;GASOLINA  AUTO. S/PB 95 I.O.;18575
2024-03;Canarias;Palmas, Las;GASOLINA  AUTO. S/PB 98 I.O.;3345
2024-03;Canarias;Palmas, Las;OTRAS GASOLINAS;4
2024-03;Canarias;Palmas, Las;FUELÓLEO  BIA;58683
2024-03;Canarias;Palmas, Las;OTROS FUELÓLEOS;83948
2024-03;Canarias;Palmas, Las;QUEROSENO AVIACIÓN;61168
2024-03;Canarias;Palmas, Las;OTROS QUEROSENOS;0
2024-03;Canarias;Palmas, Las;GLP;3219
2024-03;Canarias;Santa Cruz de Tenerife;BIODIESEL;0
2024-03;Canarias;Santa Cruz de Tenerife;GASÓLEO A;26984
2024-03;Canarias;Santa Cruz de Tenerife;GASÓLEO B;0
2024-03;Canarias;Santa Cruz de Tenerife;GASÓLEO C;0
2024-03;Canarias;Santa Cruz de Tenerife;OTROS GASOLEOS;56391
2024-03;Canarias;Santa Cruz de Tenerife;BIOETANOL;0
2024-03;Canarias;Santa Cruz de Tenerife;GASOLINA  AUTO. S/PB 95 I.O.;17651
2024-03;Canarias;Santa Cruz de Tenerife;GASOLINA  AUTO. S/PB 98 I.O.;4782
2024-03;Canarias;Santa Cruz de Tenerife;OTRAS GASOLINAS;1
2024-03;Canarias;Santa Cruz de Tenerife;FUELÓLEO  BIA;23079
2024-03;Canarias;Santa Cruz de Tenerife;OTROS FUELÓLEOS;34894
2024-03;Canarias;Santa Cruz de Tenerife;QUEROSENO AVIACIÓN;56370
2024-03;Canarias;Santa Cruz de Tenerife;OTROS QUEROSENOS;0
2024-03;Canarias;Santa Cruz de Tenerife;GLP;3883
2024-03;Cantabria;Cantabria;BIODIESEL;119
2024-03;Cantabria;Cantabria;GASÓLEO A;23481
2024-03;Cantabria;Cantabria;GASÓLEO B;4859
2024-03;Cantabria;Cantabria;GASÓLEO C;277
2024-03;Cantabria;Cantabria;OTROS GASOLEOS;511
2024-03;Cantabria;Cantabria;BIOETANOL;0
2024-03;Cantabria;Cantabria;GASOLINA  AUTO. S/PB 95 I.O.;6351
2024-03;Cantabria;Cantabria;GASOLINA  AUTO. S/PB 98 I.O.;258
2024-03;Cantabria;Cantabria;OTRAS GASOLINAS;0
2024-03;Cantabria;Cantabria;FUELÓLEO  BIA;337
2024-03;Cantabria;Cantabria;OTROS FUELÓLEOS;0
2024-03;Cantabria;Cantabria;QUEROSENO AVIACIÓN;636
2024-03;Cantabria;Cantabria;OTROS QUEROSENOS;0
2024-03;Cantabria;Cantabria;GLP;2273
2024-03;Castilla - La Mancha;Albacete;BIODIESEL;0
2024-03;Castilla - La Mancha;Albacete;GASÓLEO A;17379
2024-03;Castilla - La Mancha;Albacete;GASÓLEO B;5187
2024-03;Castilla - La Mancha;Albacete;GASÓLEO C;2636
2024-03;Castilla - La Mancha;Albacete;OTROS GASOLEOS;0
2024-03;Castilla - La Mancha;Albacete;BIOETANOL;0
2024-03;Castilla - La Mancha;Albacete;GASOLINA  AUTO. S/PB 95 I.O.;3865
2024-03;Castilla - La Mancha;Albacete;GASOLINA  AUTO. S/PB 98 I.O.;147
2024-03;Castilla - La Mancha;Albacete;OTRAS GASOLINAS;0
2024-03;Castilla - La Mancha;Albacete;FUELÓLEO  BIA;24
2024-03;Castilla - La Mancha;Albacete;OTROS FUELÓLEOS;0
2024-03;Castilla - La Mancha;Albacete;QUEROSENO AVIACIÓN;53
2024-03;Castilla - La Mancha;Albacete;OTROS QUEROSENOS;0
2024-03;Castilla - La Mancha;Albacete;GLP;1185
2024-03;Castilla - La Mancha;Ciudad Real;BIODIESEL;14
2024-03;Castilla - La Mancha;Ciudad Real;GASÓLEO A;34724
2024-03;Castilla - La Mancha;Ciudad Real;GASÓLEO B;9194
2024-03;Castilla - La Mancha;Ciudad Real;GASÓLEO C;2501
2024-03;Castilla - La Mancha;Ciudad Real;OTROS GASOLEOS;0
2024-03;Castilla - La Mancha;Ciudad Real;BIOETANOL;0
2024-03;Castilla - La Mancha;Ciudad Real;GASOLINA  AUTO. S/PB 95 I.O.;6139
2024-03;Castilla - La Mancha;Ciudad Real;GASOLINA  AUTO. S/PB 98 I.O.;136
2024-03;Castilla - La Mancha;Ciudad Real;OTRAS GASOLINAS;0
2024-03;Castilla - La Mancha;Ciudad Real;FUELÓLEO  BIA;86
2024-03;Castilla - La Mancha;Ciudad Real;OTROS FUELÓLEOS;0
2024-03;Castilla - La Mancha;Ciudad Real;QUEROSENO AVIACIÓN;24
2024-03;Castilla - La Mancha;Ciudad Real;OTROS QUEROSENOS;0
2024-03;Castilla - La Mancha;Ciudad Real;GLP;1330
2024-03;Castilla - La Mancha;Cuenca;BIODIESEL;0
2024-03;Castilla - La Mancha;Cuenca;GASÓLEO A;13978
2024-03;Castilla - La Mancha;Cuenca;GASÓLEO B;7519
2024-03;Castilla - La Mancha;Cuenca;GASÓLEO C;1545
2024-03;Castilla - La Mancha;Cuenca;OTROS GASOLEOS;0
2024-03;Castilla - La Mancha;Cuenca;BIOETANOL;0
2024-03;Castilla - La Mancha;Cuenca;GASOLINA  AUTO. S/PB 95 I.O.;2441
2024-03;Castilla - La Mancha;Cuenca;GASOLINA  AUTO. S/PB 98 I.O.;108
2024-03;Castilla - La Mancha;Cuenca;OTRAS GASOLINAS;0
2024-03;Castilla - La Mancha;Cuenca;FUELÓLEO  BIA;0
2024-03;Castilla - La Mancha;Cuenca;OTROS FUELÓLEOS;0
2024-03;Castilla - La Mancha;Cuenca;QUEROSENO AVIACIÓN;10
2024-03;Castilla - La Mancha;Cuenca;OTROS QUEROSENOS;0
2024-03;Castilla - La Mancha;Cuenca;GLP;838
2024-03;Castilla - La Mancha;Guadalajara;BIODIESEL;0
2024-03;Castilla - La Mancha;Guadalajara;GASÓLEO A;12416
2024-03;Castilla - La Mancha;Guadalajara;GASÓLEO B;3869
2024-03;Castilla - La Mancha;Guadalajara;GASÓLEO C;2950
2024-03;Castilla - La Mancha;Guadalajara;OTROS GASOLEOS;0
2024-03;Castilla - La Mancha;Guadalajara;BIOETANOL;0
2024-03;Castilla - La Mancha;Guadalajara;GASOLINA  AUTO. S/PB 95 I.O.;3184
2024-03;Castilla - La Mancha;Guadalajara;GASOLINA  AUTO. S/PB 98 I.O.;90
2024-03;Castilla - La Mancha;Guadalajara;OTRAS GASOLINAS;1
2024-03;Castilla - La Mancha;Guadalajara;FUELÓLEO  BIA;25
2024-03;Castilla - La Mancha;Guadalajara;OTROS FUELÓLEOS;0
2024-03;Castilla - La Mancha;Guadalajara;QUEROSENO AVIACIÓN;0
2024-03;Castilla - La Mancha;Guadalajara;OTROS QUEROSENOS;0
2024-03;Castilla - La Mancha;Guadalajara;GLP;640
2024-03;Castilla - La Mancha;Toledo;BIODIESEL;0
2024-03;Castilla - La Mancha;Toledo;GASÓLEO A;34411
2024-03;Castilla - La Mancha;Toledo;GASÓLEO B;11907
2024-03;Castilla - La Mancha;Toledo;GASÓLEO C;5569
2024-03;Castilla - La Mancha;Toledo;OTROS GASOLEOS;0
2024-03;Castilla - La Mancha;Toledo;BIOETANOL;0
2024-03;Castilla - La Mancha;Toledo;GASOLINA  AUTO. S/PB 95 I.O.;7611
2024-03;Castilla - La Mancha;Toledo;GASOLINA  AUTO. S/PB 98 I.O.;259
2024-03;Castilla - La Mancha;Toledo;OTRAS GASOLINAS;0
2024-03;Castilla - La Mancha;Toledo;FUELÓLEO  BIA;50
2024-03;Castilla - La Mancha;Toledo;OTROS FUELÓLEOS;0
2024-03;Castilla - La Mancha;Toledo;QUEROSENO AVIACIÓN;15
2024-03;Castilla - La Mancha;Toledo;OTROS QUEROSENOS;0
2024-03;Castilla - La Mancha;Toledo;GLP;2190
2024-03;Castilla y León;Ávila;BIODIESEL;13
2024-03;Castilla y León;Ávila;GASÓLEO A;7132
2024-03;Castilla y León;Ávila;GASÓLEO B;3423
2024-03;Castilla y León;Ávila;GASÓLEO C;1525
2024-03;Castilla y León;Ávila;OTROS GASOLEOS;0
2024-03;Castilla y León;Ávila;BIOETANOL;0
2024-03;Castilla y León;Ávila;GASOLINA  AUTO. S/PB 95 I.O.;1819
2024-03;Castilla y León;Ávila;GASOLINA  AUTO. S/PB 98 I.O.;59
2024-03;Castilla y León;Ávila;OTRAS GASOLINAS;0
2024-03;Castilla y León;Ávila;FUELÓLEO  BIA;0
2024-03;Castilla y León;Ávila;OTROS FUELÓLEOS;0
2024-03;Castilla y León;Ávila;QUEROSENO AVIACIÓN;0
2024-03;Castilla y León;Ávila;OTROS QUEROSENOS;0
2024-03;Castilla y León;Ávila;GLP;800
2024-03;Castilla y León;Burgos;BIODIESEL;0
2024-03;Castilla y León;Burgos;GASÓLEO A;20873
2024-03;Castilla y León;Burgos;GASÓLEO B;5709
2024-03;Castilla y León;Burgos;GASÓLEO C;1729
2024-03;Castilla y León;Burgos;OTROS GASOLEOS;0
2024-03;Castilla y León;Burgos;BIOETANOL;0
2024-03;Castilla y León;Burgos;GASOLINA  AUTO. S/PB 95 I.O.;4686
2024-03;Castilla y León;Burgos;GASOLINA  AUTO. S/PB 98 I.O.;209
2024-03;Castilla y León;Burgos;OTRAS GASOLINAS;16
2024-03;Castilla y León;Burgos;FUELÓLEO  BIA;230
2024-03;Castilla y León;Burgos;OTROS FUELÓLEOS;0
2024-03;Castilla y León;Burgos;QUEROSENO AVIACIÓN;7
2024-03;Castilla y León;Burgos;OTROS QUEROSENOS;0
2024-03;Castilla y León;Burgos;GLP;876
2024-03;Castilla y León;León;BIODIESEL;2
2024-03;Castilla y León;León;GASÓLEO A;22288
2024-03;Castilla y León;León;GASÓLEO B;9840
2024-03;Castilla y León;León;GASÓLEO C;5690
2024-03;Castilla y León;León;OTROS GASOLEOS;0
2024-03;Castilla y León;León;BIOETANOL;0
2024-03;Castilla y León;León;GASOLINA  AUTO. S/PB 95 I.O.;4555
2024-03;Castilla y León;León;GASOLINA  AUTO. S/PB 98 I.O.;214
2024-03;Castilla y León;León;OTRAS GASOLINAS;0
2024-03;Castilla y León;León;FUELÓLEO  BIA;105
2024-03;Castilla y León;León;OTROS FUELÓLEOS;0
2024-03;Castilla y León;León;QUEROSENO AVIACIÓN;54
2024-03;Castilla y León;León;OTROS QUEROSENOS;0
2024-03;Castilla y León;León;GLP;1378
2024-03;Castilla y León;Palencia;BIODIESEL;52
2024-03;Castilla y León;Palencia;GASÓLEO A;15388
2024-03;Castilla y León;Palencia;GASÓLEO B;5960
2024-03;Castilla y León;Palencia;GASÓLEO C;881
2024-03;Castilla y León;Palencia;OTROS GASOLEOS;0
2024-03;Castilla y León;Palencia;BIOETANOL;0
2024-03;Castilla y León;Palencia;GASOLINA  AUTO. S/PB 95 I.O.;1566
2024-03;Castilla y León;Palencia;GASOLINA  AUTO. S/PB 98 I.O.;71
2024-03;Castilla y León;Palencia;OTRAS GASOLINAS;0
2024-03;Castilla y León;Palencia;FUELÓLEO  BIA;0
2024-03;Castilla y León;Palencia;OTROS FUELÓLEOS;0
2024-03;Castilla y León;Palencia;QUEROSENO AVIACIÓN;0
2024-03;Castilla y León;Palencia;OTROS QUEROSENOS;0
2024-03;Castilla y León;Palencia;GLP;535
2024-03;Castilla y León;Salamanca;BIODIESEL;3
2024-03;Castilla y León;Salamanca;GASÓLEO A;20070
2024-03;Castilla y León;Salamanca;GASÓLEO B;5264
2024-03;Castilla y León;Salamanca;GASÓLEO C;3568
2024-03;Castilla y León;Salamanca;OTROS GASOLEOS;0
2024-03;Castilla y León;Salamanca;BIOETANOL;0
2024-03;Castilla y León;Salamanca;GASOLINA  AUTO. S/PB 95 I.O.;3484
2024-03;Castilla y León;Salamanca;GASOLINA  AUTO. S/PB 98 I.O.;147
2024-03;Castilla y León;Salamanca;OTRAS GASOLINAS;18
2024-03;Castilla y León;Salamanca;FUELÓLEO  BIA;0
2024-03;Castilla y León;Salamanca;OTROS FUELÓLEOS;0
2024-03;Castilla y León;Salamanca;QUEROSENO AVIACIÓN;193
2024-03;Castilla y León;Salamanca;OTROS QUEROSENOS;0
2024-03;Castilla y León;Salamanca;GLP;971
2024-03;Castilla y León;Segovia;BIODIESEL;0
2024-03;Castilla y León;Segovia;GASÓLEO A;8933
2024-03;Castilla y León;Segovia;GASÓLEO B;4158
2024-03;Castilla y León;Segovia;GASÓLEO C;2375
2024-03;Castilla y León;Segovia;OTROS GASOLEOS;0
2024-03;Castilla y León;Segovia;BIOETANOL;0
2024-03;Castilla y León;Segovia;GASOLINA  AUTO. S/PB 95 I.O.;2129
2024-03;Castilla y León;Segovia;GASOLINA  AUTO. S/PB 98 I.O.;99
2024-03;Castilla y León;Segovia;OTRAS GASOLINAS;0
2024-03;Castilla y León;Segovia;FUELÓLEO  BIA;0
2024-03;Castilla y León;Segovia;OTROS FUELÓLEOS;0
2024-03;Castilla y León;Segovia;QUEROSENO AVIACIÓN;0
2024-03;Castilla y León;Segovia;OTROS QUEROSENOS;0
2024-03;Castilla y León;Segovia;GLP;890
2024-03;Castilla y León;Soria;BIODIESEL;0
2024-03;Castilla y León;Soria;GASÓLEO A;5998
2024-03;Castilla y León;Soria;GASÓLEO B;2465
2024-03;Castilla y León;Soria;GASÓLEO C;1028
2024-03;Castilla y León;Soria;OTROS GASOLEOS;0
2024-03;Castilla y León;Soria;BIOETANOL;0
2024-03;Castilla y León;Soria;GASOLINA  AUTO. S/PB 95 I.O.;1173
2024-03;Castilla y León;Soria;GASOLINA  AUTO. S/PB 98 I.O.;61
2024-03;Castilla y León;Soria;OTRAS GASOLINAS;9
2024-03;Castilla y León;Soria;FUELÓLEO  BIA;0
2024-03;Castilla y León;Soria;OTROS FUELÓLEOS;0
2024-03;Castilla y León;Soria;QUEROSENO AVIACIÓN;0
2024-03;Castilla y León;Soria;OTROS QUEROSENOS;0
2024-03;Castilla y León;Soria;GLP;329
2024-03;Castilla y León;Valladolid;BIODIESEL;4
2024-03;Castilla y León;Valladolid;GASÓLEO A;20369
2024-03;Castilla y León;Valladolid;GASÓLEO B;6397
2024-03;Castilla y León;Valladolid;GASÓLEO C;2437
2024-03;Castilla y León;Valladolid;OTROS GASOLEOS;0
2024-03;Castilla y León;Valladolid;BIOETANOL;0
2024-03;Castilla y León;Valladolid;GASOLINA  AUTO. S/PB 95 I.O.;5269
2024-03;Castilla y León;Valladolid;GASOLINA  AUTO. S/PB 98 I.O.;193
2024-03;Castilla y León;Valladolid;OTRAS GASOLINAS;8
2024-03;Castilla y León;Valladolid;FUELÓLEO  BIA;127
2024-03;Castilla y León;Valladolid;OTROS FUELÓLEOS;0
2024-03;Castilla y León;Valladolid;QUEROSENO AVIACIÓN;152
2024-03;Castilla y León;Valladolid;OTROS QUEROSENOS;0
2024-03;Castilla y León;Valladolid;GLP;986
2024-03;Castilla y León;Zamora;BIODIESEL;0
2024-03;Castilla y León;Zamora;GASÓLEO A;15688
2024-03;Castilla y León;Zamora;GASÓLEO B;5932
2024-03;Castilla y León;Zamora;GASÓLEO C;859
2024-03;Castilla y León;Zamora;OTROS GASOLEOS;0
2024-03;Castilla y León;Zamora;BIOETANOL;0
2024-03;Castilla y León;Zamora;GASOLINA  AUTO. S/PB 95 I.O.;2296
2024-03;Castilla y León;Zamora;GASOLINA  AUTO. S/PB 98 I.O.;110
2024-03;Castilla y León;Zamora;OTRAS GASOLINAS;0
2024-03;Castilla y León;Zamora;FUELÓLEO  BIA;0
2024-03;Castilla y León;Zamora;OTROS FUELÓLEOS;0
2024-03;Castilla y León;Zamora;QUEROSENO AVIACIÓN;14
2024-03;Castilla y León;Zamora;OTROS QUEROSENOS;0
2024-03;Castilla y León;Zamora;GLP;615
2024-03;Cataluña;Barcelona;BIODIESEL;101
2024-03;Cataluña;Barcelona;GASÓLEO A;125815
2024-03;Cataluña;Barcelona;GASÓLEO B;18092
2024-03;Cataluña;Barcelona;GASÓLEO C;4027
2024-03;Cataluña;Barcelona;OTROS GASOLEOS;25121
2024-03;Cataluña;Barcelona;BIOETANOL;0
2024-03;Cataluña;Barcelona;GASOLINA  AUTO. S/PB 95 I.O.;53094
2024-03;Cataluña;Barcelona;GASOLINA  AUTO. S/PB 98 I.O.;2583
2024-03;Cataluña;Barcelona;OTRAS GASOLINAS;131
2024-03;Cataluña;Barcelona;FUELÓLEO  BIA;180
2024-03;Cataluña;Barcelona;OTROS FUELÓLEOS;74031
2024-03;Cataluña;Barcelona;QUEROSENO AVIACIÓN;95865
2024-03;Cataluña;Barcelona;OTROS QUEROSENOS;0
2024-03;Cataluña;Barcelona;GLP;5597
2024-03;Cataluña;Girona;BIODIESEL;0
2024-03;Cataluña;Girona;GASÓLEO A;109119
2024-03;Cataluña;Girona;GASÓLEO B;5289
2024-03;Cataluña;Girona;GASÓLEO C;2808
2024-03;Cataluña;Girona;OTROS GASOLEOS;490
2024-03;Cataluña;Girona;BIOETANOL;0
2024-03;Cataluña;Girona;GASOLINA  AUTO. S/PB 95 I.O.;12998
2024-03;Cataluña;Girona;GASOLINA  AUTO. S/PB 98 I.O.;712
2024-03;Cataluña;Girona;OTRAS GASOLINAS;4
2024-03;Cataluña;Girona;FUELÓLEO  BIA;105
2024-03;Cataluña;Girona;OTROS FUELÓLEOS;0
2024-03;Cataluña;Girona;QUEROSENO AVIACIÓN;792
2024-03;Cataluña;Girona;OTROS QUEROSENOS;0
2024-03;Cataluña;Girona;GLP;3358
2024-03;Cataluña;Lleida;BIODIESEL;2
2024-03;Cataluña;Lleida;GASÓLEO A;25362
2024-03;Cataluña;Lleida;GASÓLEO B;6497
2024-03;Cataluña;Lleida;GASÓLEO C;1275
2024-03;Cataluña;Lleida;OTROS GASOLEOS;0
2024-03;Cataluña;Lleida;BIOETANOL;0
2024-03;Cataluña;Lleida;GASOLINA  AUTO. S/PB 95 I.O.;5107
2024-03;Cataluña;Lleida;GASOLINA  AUTO. S/PB 98 I.O.;327
2024-03;Cataluña;Lleida;OTRAS GASOLINAS;15
2024-03;Cataluña;Lleida;FUELÓLEO  BIA;69
2024-03;Cataluña;Lleida;OTROS FUELÓLEOS;0
2024-03;Cataluña;Lleida;QUEROSENO AVIACIÓN;92
2024-03;Cataluña;Lleida;OTROS QUEROSENOS;0
2024-03;Cataluña;Lleida;GLP;2417
2024-03;Cataluña;Tarragona;BIODIESEL;0
2024-03;Cataluña;Tarragona;GASÓLEO A;33888
2024-03;Cataluña;Tarragona;GASÓLEO B;5486
2024-03;Cataluña;Tarragona;GASÓLEO C;690
2024-03;Cataluña;Tarragona;OTROS GASOLEOS;2486
2024-03;Cataluña;Tarragona;BIOETANOL;0
2024-03;Cataluña;Tarragona;GASOLINA  AUTO. S/PB 95 I.O.;11989
2024-03;Cataluña;Tarragona;GASOLINA  AUTO. S/PB 98 I.O.;489
2024-03;Cataluña;Tarragona;OTRAS GASOLINAS;10
2024-03;Cataluña;Tarragona;FUELÓLEO  BIA;25
2024-03;Cataluña;Tarragona;OTROS FUELÓLEOS;1877
2024-03;Cataluña;Tarragona;QUEROSENO AVIACIÓN;185
2024-03;Cataluña;Tarragona;OTROS QUEROSENOS;0
2024-03;Cataluña;Tarragona;GLP;15588
2024-03;Ceuta;Ceuta;BIODIESEL;0
2024-03;Ceuta;Ceuta;GASÓLEO A;917
2024-03;Ceuta;Ceuta;GASÓLEO B;0
2024-03;Ceuta;Ceuta;GASÓLEO C;0
2024-03;Ceuta;Ceuta;OTROS GASOLEOS;7049
2024-03;Ceuta;Ceuta;BIOETANOL;0
2024-03;Ceuta;Ceuta;GASOLINA  AUTO. S/PB 95 I.O.;423
2024-03;Ceuta;Ceuta;GASOLINA  AUTO. S/PB 98 I.O.;37
2024-03;Ceuta;Ceuta;OTRAS GASOLINAS;0
2024-03;Ceuta;Ceuta;FUELÓLEO  BIA;2481
2024-03;Ceuta;Ceuta;OTROS FUELÓLEOS;8100
2024-03;Ceuta;Ceuta;QUEROSENO AVIACIÓN;27
2024-03;Ceuta;Ceuta;OTROS QUEROSENOS;0
2024-03;Ceuta;Ceuta;GLP;224
2024-03;Comunitat Valenciana;Alicante/Alacant;BIODIESEL;54
2024-03;Comunitat Valenciana;Alicante/Alacant;GASÓLEO A;52019
2024-03;Comunitat Valenciana;Alicante/Alacant;GASÓLEO B;4861
2024-03;Comunitat Valenciana;Alicante/Alacant;GASÓLEO C;2278
2024-03;Comunitat Valenciana;Alicante/Alacant;OTROS GASOLEOS;1262
2024-03;Comunitat Valenciana;Alicante/Alacant;BIOETANOL;0
2024-03;Comunitat Valenciana;Alicante/Alacant;GASOLINA  AUTO. S/PB 95 I.O.;21178
2024-03;Comunitat Valenciana;Alicante/Alacant;GASOLINA  AUTO. S/PB 98 I.O.;956
2024-03;Comunitat Valenciana;Alicante/Alacant;OTRAS GASOLINAS;0
2024-03;Comunitat Valenciana;Alicante/Alacant;FUELÓLEO  BIA;134
2024-03;Comunitat Valenciana;Alicante/Alacant;OTROS FUELÓLEOS;0
2024-03;Comunitat Valenciana;Alicante/Alacant;QUEROSENO AVIACIÓN;21175
2024-03;Comunitat Valenciana;Alicante/Alacant;OTROS QUEROSENOS;14
2024-03;Comunitat Valenciana;Alicante/Alacant;GLP;6486
2024-03;Comunitat Valenciana;Castellón/Castelló;BIODIESEL;0
2024-03;Comunitat Valenciana;Castellón/Castelló;GASÓLEO A;19949
2024-03;Comunitat Valenciana;Castellón/Castelló;GASÓLEO B;1606
2024-03;Comunitat Valenciana;Castellón/Castelló;GASÓLEO C;546
2024-03;Comunitat Valenciana;Castellón/Castelló;OTROS GASOLEOS;10297
2024-03;Comunitat Valenciana;Castellón/Castelló;BIOETANOL;0
2024-03;Comunitat Valenciana;Castellón/Castelló;GASOLINA  AUTO. S/PB 95 I.O.;6473
2024-03;Comunitat Valenciana;Castellón/Castelló;GASOLINA  AUTO. S/PB 98 I.O.;320
2024-03;Comunitat Valenciana;Castellón/Castelló;OTRAS GASOLINAS;8
2024-03;Comunitat Valenciana;Castellón/Castelló;FUELÓLEO  BIA;0
2024-03;Comunitat Valenciana;Castellón/Castelló;OTROS FUELÓLEOS;306
2024-03;Comunitat Valenciana;Castellón/Castelló;QUEROSENO AVIACIÓN;184
2024-03;Comunitat Valenciana;Castellón/Castelló;OTROS QUEROSENOS;0
2024-03;Comunitat Valenciana;Castellón/Castelló;GLP;1706
2024-03;Comunitat Valenciana;Valencia/València;BIODIESEL;24
2024-03;Comunitat Valenciana;Valencia/València;GASÓLEO A;98531
2024-03;Comunitat Valenciana;Valencia/València;GASÓLEO B;10272
2024-03;Comunitat Valenciana;Valencia/València;GASÓLEO C;1264
2024-03;Comunitat Valenciana;Valencia/València;OTROS GASOLEOS;3873
2024-03;Comunitat Valenciana;Valencia/València;BIOETANOL;0
2024-03;Comunitat Valenciana;Valencia/València;GASOLINA  AUTO. S/PB 95 I.O.;25494
2024-03;Comunitat Valenciana;Valencia/València;GASOLINA  AUTO. S/PB 98 I.O.;1023
2024-03;Comunitat Valenciana;Valencia/València;OTRAS GASOLINAS;4
2024-03;Comunitat Valenciana;Valencia/València;FUELÓLEO  BIA;133
2024-03;Comunitat Valenciana;Valencia/València;OTROS FUELÓLEOS;28619
2024-03;Comunitat Valenciana;Valencia/València;QUEROSENO AVIACIÓN;11560
2024-03;Comunitat Valenciana;Valencia/València;OTROS QUEROSENOS;4
2024-03;Comunitat Valenciana;Valencia/València;GLP;5176
2024-03;Extremadura;Badajoz;BIODIESEL;19
2024-03;Extremadura;Badajoz;GASÓLEO A;44839
2024-03;Extremadura;Badajoz;GASÓLEO B;8039
2024-03;Extremadura;Badajoz;GASÓLEO C;666
2024-03;Extremadura;Badajoz;OTROS GASOLEOS;0
2024-03;Extremadura;Badajoz;BIOETANOL;0
2024-03;Extremadura;Badajoz;GASOLINA  AUTO. S/PB 95 I.O.;6383
2024-03;Extremadura;Badajoz;GASOLINA  AUTO. S/PB 98 I.O.;153
2024-03;Extremadura;Badajoz;OTRAS GASOLINAS;1
2024-03;Extremadura;Badajoz;FUELÓLEO  BIA;177
2024-03;Extremadura;Badajoz;OTROS FUELÓLEOS;0
2024-03;Extremadura;Badajoz;QUEROSENO AVIACIÓN;54
2024-03;Extremadura;Badajoz;OTROS QUEROSENOS;0
2024-03;Extremadura;Badajoz;GLP;3007
2024-03;Extremadura;Cáceres;BIODIESEL;0
2024-03;Extremadura;Cáceres;GASÓLEO A;16957
2024-03;Extremadura;Cáceres;GASÓLEO B;3616
2024-03;Extremadura;Cáceres;GASÓLEO C;985
2024-03;Extremadura;Cáceres;OTROS GASOLEOS;0
2024-03;Extremadura;Cáceres;BIOETANOL;0
2024-03;Extremadura;Cáceres;GASOLINA  AUTO. S/PB 95 I.O.;3896
2024-03;Extremadura;Cáceres;GASOLINA  AUTO. S/PB 98 I.O.;108
2024-03;Extremadura;Cáceres;OTRAS GASOLINAS;0
2024-03;Extremadura;Cáceres;FUELÓLEO  BIA;158
2024-03;Extremadura;Cáceres;OTROS FUELÓLEOS;0
2024-03;Extremadura;Cáceres;QUEROSENO AVIACIÓN;0
2024-03;Extremadura;Cáceres;OTROS QUEROSENOS;0
2024-03;Extremadura;Cáceres;GLP;1871
2024-03;Galicia;Coruña, A;BIODIESEL;29
2024-03;Galicia;Coruña, A;GASÓLEO A;39513
2024-03;Galicia;Coruña, A;GASÓLEO B;7559
2024-03;Galicia;Coruña, A;GASÓLEO C;5675
2024-03;Galicia;Coruña, A;OTROS GASOLEOS;3805
2024-03;Galicia;Coruña, A;BIOETANOL;0
2024-03;Galicia;Coruña, A;GASOLINA  AUTO. S/PB 95 I.O.;7953
2024-03;Galicia;Coruña, A;GASOLINA  AUTO. S/PB 98 I.O.;374
2024-03;Galicia;Coruña, A;OTRAS GASOLINAS;2
2024-03;Galicia;Coruña, A;FUELÓLEO  BIA;4697
2024-03;Galicia;Coruña, A;OTROS FUELÓLEOS;1112
2024-03;Galicia;Coruña, A;QUEROSENO AVIACIÓN;3766
2024-03;Galicia;Coruña, A;OTROS QUEROSENOS;0
2024-03;Galicia;Coruña, A;GLP;4063
2024-03;Galicia;Lugo;BIODIESEL;0
2024-03;Galicia;Lugo;GASÓLEO A;17740
2024-03;Galicia;Lugo;GASÓLEO B;4295
2024-03;Galicia;Lugo;GASÓLEO C;3904
2024-03;Galicia;Lugo;OTROS GASOLEOS;1430
2024-03;Galicia;Lugo;BIOETANOL;0
2024-03;Galicia;Lugo;GASOLINA  AUTO. S/PB 95 I.O.;2744
2024-03;Galicia;Lugo;GASOLINA  AUTO. S/PB 98 I.O.;138
2024-03;Galicia;Lugo;OTRAS GASOLINAS;0
2024-03;Galicia;Lugo;FUELÓLEO  BIA;0
2024-03;Galicia;Lugo;OTROS FUELÓLEOS;0
2024-03;Galicia;Lugo;QUEROSENO AVIACIÓN;10
2024-03;Galicia;Lugo;OTROS QUEROSENOS;0
2024-03;Galicia;Lugo;GLP;1746
2024-03;Galicia;Ourense;BIODIESEL;0
2024-03;Galicia;Ourense;GASÓLEO A;13467
2024-03;Galicia;Ourense;GASÓLEO B;2360
2024-03;Galicia;Ourense;GASÓLEO C;5113
2024-03;Galicia;Ourense;OTROS GASOLEOS;0
2024-03;Galicia;Ourense;BIOETANOL;0
2024-03;Galicia;Ourense;GASOLINA  AUTO. S/PB 95 I.O.;2557
2024-03;Galicia;Ourense;GASOLINA  AUTO. S/PB 98 I.O.;154
2024-03;Galicia;Ourense;OTRAS GASOLINAS;0
2024-03;Galicia;Ourense;FUELÓLEO  BIA;80
2024-03;Galicia;Ourense;OTROS FUELÓLEOS;0
2024-03;Galicia;Ourense;QUEROSENO AVIACIÓN;0
2024-03;Galicia;Ourense;OTROS QUEROSENOS;0
2024-03;Galicia;Ourense;GLP;1473
2024-03;Galicia;Pontevedra;BIODIESEL;0
2024-03;Galicia;Pontevedra;GASÓLEO A;35064
2024-03;Galicia;Pontevedra;GASÓLEO B;4528
2024-03;Galicia;Pontevedra;GASÓLEO C;6007
2024-03;Galicia;Pontevedra;OTROS GASOLEOS;5158
2024-03;Galicia;Pontevedra;BIOETANOL;0
2024-03;Galicia;Pontevedra;GASOLINA  AUTO. S/PB 95 I.O.;7791
2024-03;Galicia;Pontevedra;GASOLINA  AUTO. S/PB 98 I.O.;380
2024-03;Galicia;Pontevedra;OTRAS GASOLINAS;1
2024-03;Galicia;Pontevedra;FUELÓLEO  BIA;810
2024-03;Galicia;Pontevedra;OTROS FUELÓLEOS;53
2024-03;Galicia;Pontevedra;QUEROSENO AVIACIÓN;454
2024-03;Galicia;Pontevedra;OTROS QUEROSENOS;0
2024-03;Galicia;Pontevedra;GLP;3495
2024-03;Madrid, Comunidad de;Madrid;BIODIESEL;133
2024-03;Madrid, Comunidad de;Madrid;GASÓLEO A;149187
2024-03;Madrid, Comunidad de;Madrid;GASÓLEO B;11844
2024-03;Madrid, Comunidad de;Madrid;GASÓLEO C;20076
2024-03;Madrid, Comunidad de;Madrid;OTROS GASOLEOS;0
2024-03;Madrid, Comunidad de;Madrid;BIOETANOL;0
2024-03;Madrid, Comunidad de;Madrid;GASOLINA  AUTO. S/PB 95 I.O.;63629
2024-03;Madrid, Comunidad de;Madrid;GASOLINA  AUTO. S/PB 98 I.O.;2350
2024-03;Madrid, Comunidad de;Madrid;OTRAS GASOLINAS;46
2024-03;Madrid, Comunidad de;Madrid;FUELÓLEO  BIA;286
2024-03;Madrid, Comunidad de;Madrid;OTROS FUELÓLEOS;0
2024-03;Madrid, Comunidad de;Madrid;QUEROSENO AVIACIÓN;205688
2024-03;Madrid, Comunidad de;Madrid;OTROS QUEROSENOS;0
2024-03;Madrid, Comunidad de;Madrid;GLP;10501
2024-03;Melilla;Melilla;BIODIESEL;0
2024-03;Melilla;Melilla;GASÓLEO A;952
2024-03;Melilla;Melilla;GASÓLEO B;0
2024-03;Melilla;Melilla;GASÓLEO C;0
2024-03;Melilla;Melilla;OTROS GASOLEOS;0
2024-03;Melilla;Melilla;BIOETANOL;0
2024-03;Melilla;Melilla;GASOLINA  AUTO. S/PB 95 I.O.;517
2024-03;Melilla;Melilla;GASOLINA  AUTO. S/PB 98 I.O.;0
2024-03;Melilla;Melilla;OTRAS GASOLINAS;0
2024-03;Melilla;Melilla;FUELÓLEO  BIA;2491
2024-03;Melilla;Melilla;OTROS FUELÓLEOS;0
2024-03;Melilla;Melilla;QUEROSENO AVIACIÓN;161
2024-03;Melilla;Melilla;OTROS QUEROSENOS;0
2024-03;Melilla;Melilla;GLP;191
2024-03;Murcia, Región de;Murcia;BIODIESEL;249
2024-03;Murcia, Región de;Murcia;GASÓLEO A;90081
2024-03;Murcia, Región de;Murcia;GASÓLEO B;11692
2024-03;Murcia, Región de;Murcia;GASÓLEO C;839
2024-03;Murcia, Región de;Murcia;OTROS GASOLEOS;1220
2024-03;Murcia, Región de;Murcia;BIOETANOL;0
2024-03;Murcia, Región de;Murcia;GASOLINA  AUTO. S/PB 95 I.O.;14393
2024-03;Murcia, Región de;Murcia;GASOLINA  AUTO. S/PB 98 I.O.;638
2024-03;Murcia, Región de;Murcia;OTRAS GASOLINAS;3
2024-03;Murcia, Región de;Murcia;FUELÓLEO  BIA;148
2024-03;Murcia, Región de;Murcia;OTROS FUELÓLEOS;24
2024-03;Murcia, Región de;Murcia;QUEROSENO AVIACIÓN;639
2024-03;Murcia, Región de;Murcia;OTROS QUEROSENOS;0
2024-03;Murcia, Región de;Murcia;GLP;4140
2024-03;Navarra, Comunidad Foral de;Navarra;BIODIESEL;205
2024-03;Navarra, Comunidad Foral de;Navarra;GASÓLEO A;48059
2024-03;Navarra, Comunidad Foral de;Navarra;GASÓLEO B;7626
2024-03;Navarra, Comunidad Foral de;Navarra;GASÓLEO C;1486
2024-03;Navarra, Comunidad Foral de;Navarra;OTROS GASOLEOS;0
2024-03;Navarra, Comunidad Foral de;Navarra;BIOETANOL;0
2024-03;Navarra, Comunidad Foral de;Navarra;GASOLINA  AUTO. S/PB 95 I.O.;6789
2024-03;Navarra, Comunidad Foral de;Navarra;GASOLINA  AUTO. S/PB 98 I.O.;240
2024-03;Navarra, Comunidad Foral de;Navarra;OTRAS GASOLINAS;1
2024-03;Navarra, Comunidad Foral de;Navarra;FUELÓLEO  BIA;221
2024-03;Navarra, Comunidad Foral de;Navarra;OTROS FUELÓLEOS;0
2024-03;Navarra, Comunidad Foral de;Navarra;QUEROSENO AVIACIÓN;144
2024-03;Navarra, Comunidad Foral de;Navarra;OTROS QUEROSENOS;0
2024-03;Navarra, Comunidad Foral de;Navarra;GLP;1258
2024-03;País Vasco;Araba/Álava;BIODIESEL;57
2024-03;País Vasco;Araba/Álava;GASÓLEO A;52267
2024-03;País Vasco;Araba/Álava;GASÓLEO B;2768
2024-03;País Vasco;Araba/Álava;GASÓLEO C;936
2024-03;País Vasco;Araba/Álava;OTROS GASOLEOS;0
2024-03;País Vasco;Araba/Álava;BIOETANOL;0
2024-03;País Vasco;Araba/Álava;GASOLINA  AUTO. S/PB 95 I.O.;3050
2024-03;País Vasco;Araba/Álava;GASOLINA  AUTO. S/PB 98 I.O.;147
2024-03;País Vasco;Araba/Álava;OTRAS GASOLINAS;1
2024-03;País Vasco;Araba/Álava;FUELÓLEO  BIA;303
2024-03;País Vasco;Araba/Álava;OTROS FUELÓLEOS;0
2024-03;País Vasco;Araba/Álava;QUEROSENO AVIACIÓN;640
2024-03;País Vasco;Araba/Álava;OTROS QUEROSENOS;0
2024-03;País Vasco;Araba/Álava;GLP;563
2024-03;País Vasco;Bizkaia;BIODIESEL;318
2024-03;País Vasco;Bizkaia;GASÓLEO A;28889
2024-03;País Vasco;Bizkaia;GASÓLEO B;8303
2024-03;País Vasco;Bizkaia;GASÓLEO C;5816
2024-03;País Vasco;Bizkaia;OTROS GASOLEOS;866
2024-03;País Vasco;Bizkaia;BIOETANOL;0
2024-03;País Vasco;Bizkaia;GASOLINA  AUTO. S/PB 95 I.O.;9198
2024-03;País Vasco;Bizkaia;GASOLINA  AUTO. S/PB 98 I.O.;391
2024-03;País Vasco;Bizkaia;OTRAS GASOLINAS;1
2024-03;País Vasco;Bizkaia;FUELÓLEO  BIA;186
2024-03;País Vasco;Bizkaia;OTROS FUELÓLEOS;0
2024-03;País Vasco;Bizkaia;QUEROSENO AVIACIÓN;5399
2024-03;País Vasco;Bizkaia;OTROS QUEROSENOS;0
2024-03;País Vasco;Bizkaia;GLP;1456
2024-03;País Vasco;Gipuzkoa;BIODIESEL;53
2024-03;País Vasco;Gipuzkoa;GASÓLEO A;62510
2024-03;País Vasco;Gipuzkoa;GASÓLEO B;1892
2024-03;País Vasco;Gipuzkoa;GASÓLEO C;444
2024-03;País Vasco;Gipuzkoa;OTROS GASOLEOS;926
2024-03;País Vasco;Gipuzkoa;BIOETANOL;0
2024-03;País Vasco;Gipuzkoa;GASOLINA  AUTO. S/PB 95 I.O.;6930
2024-03;País Vasco;Gipuzkoa;GASOLINA  AUTO. S/PB 98 I.O.;361
2024-03;País Vasco;Gipuzkoa;OTRAS GASOLINAS;0
2024-03;País Vasco;Gipuzkoa;FUELÓLEO  BIA;127
2024-03;País Vasco;Gipuzkoa;OTROS FUELÓLEOS;0
2024-03;País Vasco;Gipuzkoa;QUEROSENO AVIACIÓN;449
2024-03;País Vasco;Gipuzkoa;OTROS QUEROSENOS;0
2024-03;País Vasco;Gipuzkoa;GLP;1699
2024-03;Rioja, La;Rioja, La;BIODIESEL;0
2024-03;Rioja, La;Rioja, La;GASÓLEO A;13359
2024-03;Rioja, La;Rioja, La;GASÓLEO B;3415
2024-03;Rioja, La;Rioja, La;GASÓLEO C;1828
2024-03;Rioja, La;Rioja, La;OTROS GASOLEOS;0
2024-03;Rioja, La;Rioja, La;BIOETANOL;0
2024-03;Rioja, La;Rioja, La;GASOLINA  AUTO. S/PB 95 I.O.;2726
2024-03;Rioja, La;Rioja, La;GASOLINA  AUTO. S/PB 98 I.O.;134
2024-03;Rioja, La;Rioja, La;OTRAS GASOLINAS;4
2024-03;Rioja, La;Rioja, La;FUELÓLEO  BIA;38
2024-03;Rioja, La;Rioja, La;OTROS FUELÓLEOS;0
2024-03;Rioja, La;Rioja, La;QUEROSENO AVIACIÓN;19
2024-03;Rioja, La;Rioja, La;OTROS QUEROSENOS;0
2024-03;Rioja, La;Rioja, La;GLP;543
2024-04;Andalucía;Almería;BIODIESEL;39
2024-04;Andalucía;Almería;GASÓLEO A;33824
2024-04;Andalucía;Almería;GASÓLEO B;5845
2024-04;Andalucía;Almería;GASÓLEO C;161
2024-04;Andalucía;Almería;OTROS GASOLEOS;1412
2024-04;Andalucía;Almería;BIOETANOL;0
2024-04;Andalucía;Almería;GASOLINA  AUTO. S/PB 95 I.O.;6053
2024-04;Andalucía;Almería;GASOLINA  AUTO. S/PB 98 I.O.;310
2024-04;Andalucía;Almería;OTRAS GASOLINAS;2
2024-04;Andalucía;Almería;FUELÓLEO  BIA;158
2024-04;Andalucía;Almería;OTROS FUELÓLEOS;1840
2024-04;Andalucía;Almería;QUEROSENO AVIACIÓN;729
2024-04;Andalucía;Almería;OTROS QUEROSENOS;0
2024-04;Andalucía;Almería;GLP;2077
2024-04;Andalucía;Cádiz;BIODIESEL;0
2024-04;Andalucía;Cádiz;GASÓLEO A;34236
2024-04;Andalucía;Cádiz;GASÓLEO B;7410
2024-04;Andalucía;Cádiz;GASÓLEO C;310
2024-04;Andalucía;Cádiz;OTROS GASOLEOS;35346
2024-04;Andalucía;Cádiz;BIOETANOL;0
2024-04;Andalucía;Cádiz;GASOLINA  AUTO. S/PB 95 I.O.;11905
2024-04;Andalucía;Cádiz;GASOLINA  AUTO. S/PB 98 I.O.;454
2024-04;Andalucía;Cádiz;OTRAS GASOLINAS;50
2024-04;Andalucía;Cádiz;FUELÓLEO  BIA;51685
2024-04;Andalucía;Cádiz;OTROS FUELÓLEOS;262503
2024-04;Andalucía;Cádiz;QUEROSENO AVIACIÓN;1485
2024-04;Andalucía;Cádiz;OTROS QUEROSENOS;0
2024-04;Andalucía;Cádiz;GLP;3590
2024-04;Andalucía;Córdoba;BIODIESEL;4
2024-04;Andalucía;Córdoba;GASÓLEO A;32946
2024-04;Andalucía;Córdoba;GASÓLEO B;9218
2024-04;Andalucía;Córdoba;GASÓLEO C;559
2024-04;Andalucía;Córdoba;OTROS GASOLEOS;0
2024-04;Andalucía;Córdoba;BIOETANOL;0
2024-04;Andalucía;Córdoba;GASOLINA  AUTO. S/PB 95 I.O.;5653
2024-04;Andalucía;Córdoba;GASOLINA  AUTO. S/PB 98 I.O.;155
2024-04;Andalucía;Córdoba;OTRAS GASOLINAS;14
2024-04;Andalucía;Córdoba;FUELÓLEO  BIA;35
2024-04;Andalucía;Córdoba;OTROS FUELÓLEOS;0
2024-04;Andalucía;Córdoba;QUEROSENO AVIACIÓN;17
2024-04;Andalucía;Córdoba;OTROS QUEROSENOS;0
2024-04;Andalucía;Córdoba;GLP;2134
2024-04;Andalucía;Granada;BIODIESEL;7
2024-04;Andalucía;Granada;GASÓLEO A;34749
2024-04;Andalucía;Granada;GASÓLEO B;6319
2024-04;Andalucía;Granada;GASÓLEO C;1312
2024-04;Andalucía;Granada;OTROS GASOLEOS;388
2024-04;Andalucía;Granada;BIOETANOL;0
2024-04;Andalucía;Granada;GASOLINA  AUTO. S/PB 95 I.O.;8549
2024-04;Andalucía;Granada;GASOLINA  AUTO. S/PB 98 I.O.;378
2024-04;Andalucía;Granada;OTRAS GASOLINAS;3
2024-04;Andalucía;Granada;FUELÓLEO  BIA;153
2024-04;Andalucía;Granada;OTROS FUELÓLEOS;431
2024-04;Andalucía;Granada;QUEROSENO AVIACIÓN;685
2024-04;Andalucía;Granada;OTROS QUEROSENOS;0
2024-04;Andalucía;Granada;GLP;2923
2024-04;Andalucía;Huelva;BIODIESEL;2
2024-04;Andalucía;Huelva;GASÓLEO A;25982
2024-04;Andalucía;Huelva;GASÓLEO B;9374
2024-04;Andalucía;Huelva;GASÓLEO C;136
2024-04;Andalucía;Huelva;OTROS GASOLEOS;4071
2024-04;Andalucía;Huelva;BIOETANOL;0
2024-04;Andalucía;Huelva;GASOLINA  AUTO. S/PB 95 I.O.;5162
2024-04;Andalucía;Huelva;GASOLINA  AUTO. S/PB 98 I.O.;168
2024-04;Andalucía;Huelva;OTRAS GASOLINAS;0
2024-04;Andalucía;Huelva;FUELÓLEO  BIA;637
2024-04;Andalucía;Huelva;OTROS FUELÓLEOS;9606
2024-04;Andalucía;Huelva;QUEROSENO AVIACIÓN;0
2024-04;Andalucía;Huelva;OTROS QUEROSENOS;0
2024-04;Andalucía;Huelva;GLP;2542
2024-04;Andalucía;Jaén;BIODIESEL;63
2024-04;Andalucía;Jaén;GASÓLEO A;30656
2024-04;Andalucía;Jaén;GASÓLEO B;5477
2024-04;Andalucía;Jaén;GASÓLEO C;610
2024-04;Andalucía;Jaén;OTROS GASOLEOS;0
2024-04;Andalucía;Jaén;BIOETANOL;0
2024-04;Andalucía;Jaén;GASOLINA  AUTO. S/PB 95 I.O.;4698
2024-04;Andalucía;Jaén;GASOLINA  AUTO. S/PB 98 I.O.;124
2024-04;Andalucía;Jaén;OTRAS GASOLINAS;0
2024-04;Andalucía;Jaén;FUELÓLEO  BIA;0
2024-04;Andalucía;Jaén;OTROS FUELÓLEOS;0
2024-04;Andalucía;Jaén;QUEROSENO AVIACIÓN;11
2024-04;Andalucía;Jaén;OTROS QUEROSENOS;0
2024-04;Andalucía;Jaén;GLP;1556
2024-04;Andalucía;Málaga;BIODIESEL;13
2024-04;Andalucía;Málaga;GASÓLEO A;50249
2024-04;Andalucía;Málaga;GASÓLEO B;5464
2024-04;Andalucía;Málaga;GASÓLEO C;383
2024-04;Andalucía;Málaga;OTROS GASOLEOS;945
2024-04;Andalucía;Málaga;BIOETANOL;0
2024-04;Andalucía;Málaga;GASOLINA  AUTO. S/PB 95 I.O.;19752
2024-04;Andalucía;Málaga;GASOLINA  AUTO. S/PB 98 I.O.;1177
2024-04;Andalucía;Málaga;OTRAS GASOLINAS;25
2024-04;Andalucía;Málaga;FUELÓLEO  BIA;0
2024-04;Andalucía;Málaga;OTROS FUELÓLEOS;970
2024-04;Andalucía;Málaga;QUEROSENO AVIACIÓN;41278
2024-04;Andalucía;Málaga;OTROS QUEROSENOS;0
2024-04;Andalucía;Málaga;GLP;5180
2024-04;Andalucía;Sevilla;BIODIESEL;26
2024-04;Andalucía;Sevilla;GASÓLEO A;58193
2024-04;Andalucía;Sevilla;GASÓLEO B;9498
2024-04;Andalucía;Sevilla;GASÓLEO C;458
2024-04;Andalucía;Sevilla;OTROS GASOLEOS;608
2024-04;Andalucía;Sevilla;BIOETANOL;0
2024-04;Andalucía;Sevilla;GASOLINA  AUTO. S/PB 95 I.O.;16242
2024-04;Andalucía;Sevilla;GASOLINA  AUTO. S/PB 98 I.O.;380
2024-04;Andalucía;Sevilla;OTRAS GASOLINAS;8
2024-04;Andalucía;Sevilla;FUELÓLEO  BIA;313
2024-04;Andalucía;Sevilla;OTROS FUELÓLEOS;340
2024-04;Andalucía;Sevilla;QUEROSENO AVIACIÓN;12976
2024-04;Andalucía;Sevilla;OTROS QUEROSENOS;0
2024-04;Andalucía;Sevilla;GLP;4807
2024-04;Aragón;Huesca;BIODIESEL;0
2024-04;Aragón;Huesca;GASÓLEO A;14486
2024-04;Aragón;Huesca;GASÓLEO B;5829
2024-04;Aragón;Huesca;GASÓLEO C;801
2024-04;Aragón;Huesca;OTROS GASOLEOS;0
2024-04;Aragón;Huesca;BIOETANOL;0
2024-04;Aragón;Huesca;GASOLINA  AUTO. S/PB 95 I.O.;3045
2024-04;Aragón;Huesca;GASOLINA  AUTO. S/PB 98 I.O.;179
2024-04;Aragón;Huesca;OTRAS GASOLINAS;2
2024-04;Aragón;Huesca;FUELÓLEO  BIA;54
2024-04;Aragón;Huesca;OTROS FUELÓLEOS;0
2024-04;Aragón;Huesca;QUEROSENO AVIACIÓN;40
2024-04;Aragón;Huesca;OTROS QUEROSENOS;0
2024-04;Aragón;Huesca;GLP;1402
2024-04;Aragón;Teruel;BIODIESEL;0
2024-04;Aragón;Teruel;GASÓLEO A;9243
2024-04;Aragón;Teruel;GASÓLEO B;4090
2024-04;Aragón;Teruel;GASÓLEO C;1089
2024-04;Aragón;Teruel;OTROS GASOLEOS;0
2024-04;Aragón;Teruel;BIOETANOL;0
2024-04;Aragón;Teruel;GASOLINA  AUTO. S/PB 95 I.O.;1755
2024-04;Aragón;Teruel;GASOLINA  AUTO. S/PB 98 I.O.;56
2024-04;Aragón;Teruel;OTRAS GASOLINAS;0
2024-04;Aragón;Teruel;FUELÓLEO  BIA;50
2024-04;Aragón;Teruel;OTROS FUELÓLEOS;0
2024-04;Aragón;Teruel;QUEROSENO AVIACIÓN;121
2024-04;Aragón;Teruel;OTROS QUEROSENOS;0
2024-04;Aragón;Teruel;GLP;576
2024-04;Aragón;Zaragoza;BIODIESEL;149
2024-04;Aragón;Zaragoza;GASÓLEO A;46067
2024-04;Aragón;Zaragoza;GASÓLEO B;9896
2024-04;Aragón;Zaragoza;GASÓLEO C;3098
2024-04;Aragón;Zaragoza;OTROS GASOLEOS;0
2024-04;Aragón;Zaragoza;BIOETANOL;0
2024-04;Aragón;Zaragoza;GASOLINA  AUTO. S/PB 95 I.O.;9346
2024-04;Aragón;Zaragoza;GASOLINA  AUTO. S/PB 98 I.O.;290
2024-04;Aragón;Zaragoza;OTRAS GASOLINAS;3
2024-04;Aragón;Zaragoza;FUELÓLEO  BIA;56
2024-04;Aragón;Zaragoza;OTROS FUELÓLEOS;0
2024-04;Aragón;Zaragoza;QUEROSENO AVIACIÓN;7393
2024-04;Aragón;Zaragoza;OTROS QUEROSENOS;0
2024-04;Aragón;Zaragoza;GLP;1679
2024-04;Asturias, Principado de;Asturias;BIODIESEL;117
2024-04;Asturias, Principado de;Asturias;GASÓLEO A;33428
2024-04;Asturias, Principado de;Asturias;GASÓLEO B;6396
2024-04;Asturias, Principado de;Asturias;GASÓLEO C;2740
2024-04;Asturias, Principado de;Asturias;OTROS GASOLEOS;2810
2024-04;Asturias, Principado de;Asturias;BIOETANOL;0
2024-04;Asturias, Principado de;Asturias;GASOLINA  AUTO. S/PB 95 I.O.;8825
2024-04;Asturias, Principado de;Asturias;GASOLINA  AUTO. S/PB 98 I.O.;504
2024-04;Asturias, Principado de;Asturias;OTRAS GASOLINAS;3
2024-04;Asturias, Principado de;Asturias;FUELÓLEO  BIA;1306
2024-04;Asturias, Principado de;Asturias;OTROS FUELÓLEOS;647
2024-04;Asturias, Principado de;Asturias;QUEROSENO AVIACIÓN;1561
2024-04;Asturias, Principado de;Asturias;OTROS QUEROSENOS;0
2024-04;Asturias, Principado de;Asturias;GLP;2283
2024-04;Balears, Illes;Balears, Illes;BIODIESEL;0
2024-04;Balears, Illes;Balears, Illes;GASÓLEO A;28413
2024-04;Balears, Illes;Balears, Illes;GASÓLEO B;3546
2024-04;Balears, Illes;Balears, Illes;GASÓLEO C;4377
2024-04;Balears, Illes;Balears, Illes;OTROS GASOLEOS;3043
2024-04;Balears, Illes;Balears, Illes;BIOETANOL;0
2024-04;Balears, Illes;Balears, Illes;GASOLINA  AUTO. S/PB 95 I.O.;20819
2024-04;Balears, Illes;Balears, Illes;GASOLINA  AUTO. S/PB 98 I.O.;926
2024-04;Balears, Illes;Balears, Illes;OTRAS GASOLINAS;22
2024-04;Balears, Illes;Balears, Illes;FUELÓLEO  BIA;0
2024-04;Balears, Illes;Balears, Illes;OTROS FUELÓLEOS;0
2024-04;Balears, Illes;Balears, Illes;QUEROSENO AVIACIÓN;53085
2024-04;Balears, Illes;Balears, Illes;OTROS QUEROSENOS;0
2024-04;Balears, Illes;Balears, Illes;GLP;4256
2024-04;Canarias;Palmas, Las;BIODIESEL;0
2024-04;Canarias;Palmas, Las;GASÓLEO A;28820
2024-04;Canarias;Palmas, Las;GASÓLEO B;0
2024-04;Canarias;Palmas, Las;GASÓLEO C;0
2024-04;Canarias;Palmas, Las;OTROS GASOLEOS;89797
2024-04;Canarias;Palmas, Las;BIOETANOL;0
2024-04;Canarias;Palmas, Las;GASOLINA  AUTO. S/PB 95 I.O.;19501
2024-04;Canarias;Palmas, Las;GASOLINA  AUTO. S/PB 98 I.O.;3666
2024-04;Canarias;Palmas, Las;OTRAS GASOLINAS;2
2024-04;Canarias;Palmas, Las;FUELÓLEO  BIA;146193
2024-04;Canarias;Palmas, Las;OTROS FUELÓLEOS;77985
2024-04;Canarias;Palmas, Las;QUEROSENO AVIACIÓN;49018
2024-04;Canarias;Palmas, Las;OTROS QUEROSENOS;0
2024-04;Canarias;Palmas, Las;GLP;3254
2024-04;Canarias;Santa Cruz de Tenerife;BIODIESEL;0
2024-04;Canarias;Santa Cruz de Tenerife;GASÓLEO A;27520
2024-04;Canarias;Santa Cruz de Tenerife;GASÓLEO B;0
2024-04;Canarias;Santa Cruz de Tenerife;GASÓLEO C;0
2024-04;Canarias;Santa Cruz de Tenerife;OTROS GASOLEOS;59165
2024-04;Canarias;Santa Cruz de Tenerife;BIOETANOL;0
2024-04;Canarias;Santa Cruz de Tenerife;GASOLINA  AUTO. S/PB 95 I.O.;18230
2024-04;Canarias;Santa Cruz de Tenerife;GASOLINA  AUTO. S/PB 98 I.O.;4944
2024-04;Canarias;Santa Cruz de Tenerife;OTRAS GASOLINAS;1
2024-04;Canarias;Santa Cruz de Tenerife;FUELÓLEO  BIA;21045
2024-04;Canarias;Santa Cruz de Tenerife;OTROS FUELÓLEOS;27434
2024-04;Canarias;Santa Cruz de Tenerife;QUEROSENO AVIACIÓN;46987
2024-04;Canarias;Santa Cruz de Tenerife;OTROS QUEROSENOS;0
2024-04;Canarias;Santa Cruz de Tenerife;GLP;3786
2024-04;Cantabria;Cantabria;BIODIESEL;177
2024-04;Cantabria;Cantabria;GASÓLEO A;24047
2024-04;Cantabria;Cantabria;GASÓLEO B;4479
2024-04;Cantabria;Cantabria;GASÓLEO C;182
2024-04;Cantabria;Cantabria;OTROS GASOLEOS;955
2024-04;Cantabria;Cantabria;BIOETANOL;0
2024-04;Cantabria;Cantabria;GASOLINA  AUTO. S/PB 95 I.O.;6664
2024-04;Cantabria;Cantabria;GASOLINA  AUTO. S/PB 98 I.O.;244
2024-04;Cantabria;Cantabria;OTRAS GASOLINAS;1
2024-04;Cantabria;Cantabria;FUELÓLEO  BIA;231
2024-04;Cantabria;Cantabria;OTROS FUELÓLEOS;0
2024-04;Cantabria;Cantabria;QUEROSENO AVIACIÓN;888
2024-04;Cantabria;Cantabria;OTROS QUEROSENOS;0
2024-04;Cantabria;Cantabria;GLP;1480
2024-04;Castilla - La Mancha;Albacete;BIODIESEL;15
2024-04;Castilla - La Mancha;Albacete;GASÓLEO A;17682
2024-04;Castilla - La Mancha;Albacete;GASÓLEO B;5491
2024-04;Castilla - La Mancha;Albacete;GASÓLEO C;976
2024-04;Castilla - La Mancha;Albacete;OTROS GASOLEOS;0
2024-04;Castilla - La Mancha;Albacete;BIOETANOL;0
2024-04;Castilla - La Mancha;Albacete;GASOLINA  AUTO. S/PB 95 I.O.;3434
2024-04;Castilla - La Mancha;Albacete;GASOLINA  AUTO. S/PB 98 I.O.;138
2024-04;Castilla - La Mancha;Albacete;OTRAS GASOLINAS;4
2024-04;Castilla - La Mancha;Albacete;FUELÓLEO  BIA;0
2024-04;Castilla - La Mancha;Albacete;OTROS FUELÓLEOS;0
2024-04;Castilla - La Mancha;Albacete;QUEROSENO AVIACIÓN;30
2024-04;Castilla - La Mancha;Albacete;OTROS QUEROSENOS;0
2024-04;Castilla - La Mancha;Albacete;GLP;984
2024-04;Castilla - La Mancha;Ciudad Real;BIODIESEL;9
2024-04;Castilla - La Mancha;Ciudad Real;GASÓLEO A;27597
2024-04;Castilla - La Mancha;Ciudad Real;GASÓLEO B;8063
2024-04;Castilla - La Mancha;Ciudad Real;GASÓLEO C;1208
2024-04;Castilla - La Mancha;Ciudad Real;OTROS GASOLEOS;0
2024-04;Castilla - La Mancha;Ciudad Real;BIOETANOL;0
2024-04;Castilla - La Mancha;Ciudad Real;GASOLINA  AUTO. S/PB 95 I.O.;4331
2024-04;Castilla - La Mancha;Ciudad Real;GASOLINA  AUTO. S/PB 98 I.O.;129
2024-04;Castilla - La Mancha;Ciudad Real;OTRAS GASOLINAS;0
2024-04;Castilla - La Mancha;Ciudad Real;FUELÓLEO  BIA;24
2024-04;Castilla - La Mancha;Ciudad Real;OTROS FUELÓLEOS;0
2024-04;Castilla - La Mancha;Ciudad Real;QUEROSENO AVIACIÓN;28
2024-04;Castilla - La Mancha;Ciudad Real;OTROS QUEROSENOS;0
2024-04;Castilla - La Mancha;Ciudad Real;GLP;1076
2024-04;Castilla - La Mancha;Cuenca;BIODIESEL;0
2024-04;Castilla - La Mancha;Cuenca;GASÓLEO A;14812
2024-04;Castilla - La Mancha;Cuenca;GASÓLEO B;7022
2024-04;Castilla - La Mancha;Cuenca;GASÓLEO C;928
2024-04;Castilla - La Mancha;Cuenca;OTROS GASOLEOS;0
2024-04;Castilla - La Mancha;Cuenca;BIOETANOL;0
2024-04;Castilla - La Mancha;Cuenca;GASOLINA  AUTO. S/PB 95 I.O.;2667
2024-04;Castilla - La Mancha;Cuenca;GASOLINA  AUTO. S/PB 98 I.O.;81
2024-04;Castilla - La Mancha;Cuenca;OTRAS GASOLINAS;0
2024-04;Castilla - La Mancha;Cuenca;FUELÓLEO  BIA;0
2024-04;Castilla - La Mancha;Cuenca;OTROS FUELÓLEOS;0
2024-04;Castilla - La Mancha;Cuenca;QUEROSENO AVIACIÓN;21
2024-04;Castilla - La Mancha;Cuenca;OTROS QUEROSENOS;0
2024-04;Castilla - La Mancha;Cuenca;GLP;802
2024-04;Castilla - La Mancha;Guadalajara;BIODIESEL;12
2024-04;Castilla - La Mancha;Guadalajara;GASÓLEO A;12999
2024-04;Castilla - La Mancha;Guadalajara;GASÓLEO B;3662
2024-04;Castilla - La Mancha;Guadalajara;GASÓLEO C;1748
2024-04;Castilla - La Mancha;Guadalajara;OTROS GASOLEOS;0
2024-04;Castilla - La Mancha;Guadalajara;BIOETANOL;0
2024-04;Castilla - La Mancha;Guadalajara;GASOLINA  AUTO. S/PB 95 I.O.;3365
2024-04;Castilla - La Mancha;Guadalajara;GASOLINA  AUTO. S/PB 98 I.O.;114
2024-04;Castilla - La Mancha;Guadalajara;OTRAS GASOLINAS;1
2024-04;Castilla - La Mancha;Guadalajara;FUELÓLEO  BIA;27
2024-04;Castilla - La Mancha;Guadalajara;OTROS FUELÓLEOS;0
2024-04;Castilla - La Mancha;Guadalajara;QUEROSENO AVIACIÓN;0
2024-04;Castilla - La Mancha;Guadalajara;OTROS QUEROSENOS;0
2024-04;Castilla - La Mancha;Guadalajara;GLP;455
2024-04;Castilla - La Mancha;Toledo;BIODIESEL;17
2024-04;Castilla - La Mancha;Toledo;GASÓLEO A;36386
2024-04;Castilla - La Mancha;Toledo;GASÓLEO B;11390
2024-04;Castilla - La Mancha;Toledo;GASÓLEO C;3095
2024-04;Castilla - La Mancha;Toledo;OTROS GASOLEOS;0
2024-04;Castilla - La Mancha;Toledo;BIOETANOL;0
2024-04;Castilla - La Mancha;Toledo;GASOLINA  AUTO. S/PB 95 I.O.;7730
2024-04;Castilla - La Mancha;Toledo;GASOLINA  AUTO. S/PB 98 I.O.;245
2024-04;Castilla - La Mancha;Toledo;OTRAS GASOLINAS;17
2024-04;Castilla - La Mancha;Toledo;FUELÓLEO  BIA;241
2024-04;Castilla - La Mancha;Toledo;OTROS FUELÓLEOS;0
2024-04;Castilla - La Mancha;Toledo;QUEROSENO AVIACIÓN;42
2024-04;Castilla - La Mancha;Toledo;OTROS QUEROSENOS;0
2024-04;Castilla - La Mancha;Toledo;GLP;1790
2024-04;Castilla y León;Ávila;BIODIESEL;12
2024-04;Castilla y León;Ávila;GASÓLEO A;7283
2024-04;Castilla y León;Ávila;GASÓLEO B;3362
2024-04;Castilla y León;Ávila;GASÓLEO C;890
2024-04;Castilla y León;Ávila;OTROS GASOLEOS;0
2024-04;Castilla y León;Ávila;BIOETANOL;0
2024-04;Castilla y León;Ávila;GASOLINA  AUTO. S/PB 95 I.O.;1827
2024-04;Castilla y León;Ávila;GASOLINA  AUTO. S/PB 98 I.O.;68
2024-04;Castilla y León;Ávila;OTRAS GASOLINAS;0
2024-04;Castilla y León;Ávila;FUELÓLEO  BIA;0
2024-04;Castilla y León;Ávila;OTROS FUELÓLEOS;0
2024-04;Castilla y León;Ávila;QUEROSENO AVIACIÓN;0
2024-04;Castilla y León;Ávila;OTROS QUEROSENOS;0
2024-04;Castilla y León;Ávila;GLP;670
2024-04;Castilla y León;Burgos;BIODIESEL;29
2024-04;Castilla y León;Burgos;GASÓLEO A;23342
2024-04;Castilla y León;Burgos;GASÓLEO B;5904
2024-04;Castilla y León;Burgos;GASÓLEO C;900
2024-04;Castilla y León;Burgos;OTROS GASOLEOS;0
2024-04;Castilla y León;Burgos;BIOETANOL;0
2024-04;Castilla y León;Burgos;GASOLINA  AUTO. S/PB 95 I.O.;4712
2024-04;Castilla y León;Burgos;GASOLINA  AUTO. S/PB 98 I.O.;194
2024-04;Castilla y León;Burgos;OTRAS GASOLINAS;21
2024-04;Castilla y León;Burgos;FUELÓLEO  BIA;174
2024-04;Castilla y León;Burgos;OTROS FUELÓLEOS;0
2024-04;Castilla y León;Burgos;QUEROSENO AVIACIÓN;6
2024-04;Castilla y León;Burgos;OTROS QUEROSENOS;0
2024-04;Castilla y León;Burgos;GLP;960
2024-04;Castilla y León;León;BIODIESEL;2
2024-04;Castilla y León;León;GASÓLEO A;27137
2024-04;Castilla y León;León;GASÓLEO B;10118
2024-04;Castilla y León;León;GASÓLEO C;4100
2024-04;Castilla y León;León;OTROS GASOLEOS;0
2024-04;Castilla y León;León;BIOETANOL;0
2024-04;Castilla y León;León;GASOLINA  AUTO. S/PB 95 I.O.;5805
2024-04;Castilla y León;León;GASOLINA  AUTO. S/PB 98 I.O.;213
2024-04;Castilla y León;León;OTRAS GASOLINAS;0
2024-04;Castilla y León;León;FUELÓLEO  BIA;110
2024-04;Castilla y León;León;OTROS FUELÓLEOS;0
2024-04;Castilla y León;León;QUEROSENO AVIACIÓN;46
2024-04;Castilla y León;León;OTROS QUEROSENOS;0
2024-04;Castilla y León;León;GLP;1185
2024-04;Castilla y León;Palencia;BIODIESEL;41
2024-04;Castilla y León;Palencia;GASÓLEO A;11431
2024-04;Castilla y León;Palencia;GASÓLEO B;6829
2024-04;Castilla y León;Palencia;GASÓLEO C;594
2024-04;Castilla y León;Palencia;OTROS GASOLEOS;0
2024-04;Castilla y León;Palencia;BIOETANOL;0
2024-04;Castilla y León;Palencia;GASOLINA  AUTO. S/PB 95 I.O.;1759
2024-04;Castilla y León;Palencia;GASOLINA  AUTO. S/PB 98 I.O.;86
2024-04;Castilla y León;Palencia;OTRAS GASOLINAS;0
2024-04;Castilla y León;Palencia;FUELÓLEO  BIA;26
2024-04;Castilla y León;Palencia;OTROS FUELÓLEOS;0
2024-04;Castilla y León;Palencia;QUEROSENO AVIACIÓN;0
2024-04;Castilla y León;Palencia;OTROS QUEROSENOS;0
2024-04;Castilla y León;Palencia;GLP;477
2024-04;Castilla y León;Salamanca;BIODIESEL;3
2024-04;Castilla y León;Salamanca;GASÓLEO A;20195
2024-04;Castilla y León;Salamanca;GASÓLEO B;5611
2024-04;Castilla y León;Salamanca;GASÓLEO C;2246
2024-04;Castilla y León;Salamanca;OTROS GASOLEOS;0
2024-04;Castilla y León;Salamanca;BIOETANOL;0
2024-04;Castilla y León;Salamanca;GASOLINA  AUTO. S/PB 95 I.O.;3255
2024-04;Castilla y León;Salamanca;GASOLINA  AUTO. S/PB 98 I.O.;145
2024-04;Castilla y León;Salamanca;OTRAS GASOLINAS;23
2024-04;Castilla y León;Salamanca;FUELÓLEO  BIA;0
2024-04;Castilla y León;Salamanca;OTROS FUELÓLEOS;0
2024-04;Castilla y León;Salamanca;QUEROSENO AVIACIÓN;22
2024-04;Castilla y León;Salamanca;OTROS QUEROSENOS;0
2024-04;Castilla y León;Salamanca;GLP;845
2024-04;Castilla y León;Segovia;BIODIESEL;0
2024-04;Castilla y León;Segovia;GASÓLEO A;9528
2024-04;Castilla y León;Segovia;GASÓLEO B;4001
2024-04;Castilla y León;Segovia;GASÓLEO C;1406
2024-04;Castilla y León;Segovia;OTROS GASOLEOS;0
2024-04;Castilla y León;Segovia;BIOETANOL;0
2024-04;Castilla y León;Segovia;GASOLINA  AUTO. S/PB 95 I.O.;2435
2024-04;Castilla y León;Segovia;GASOLINA  AUTO. S/PB 98 I.O.;93
2024-04;Castilla y León;Segovia;OTRAS GASOLINAS;2
2024-04;Castilla y León;Segovia;FUELÓLEO  BIA;26
2024-04;Castilla y León;Segovia;OTROS FUELÓLEOS;0
2024-04;Castilla y León;Segovia;QUEROSENO AVIACIÓN;0
2024-04;Castilla y León;Segovia;OTROS QUEROSENOS;0
2024-04;Castilla y León;Segovia;GLP;672
2024-04;Castilla y León;Soria;BIODIESEL;0
2024-04;Castilla y León;Soria;GASÓLEO A;6033
2024-04;Castilla y León;Soria;GASÓLEO B;2983
2024-04;Castilla y León;Soria;GASÓLEO C;662
2024-04;Castilla y León;Soria;OTROS GASOLEOS;0
2024-04;Castilla y León;Soria;BIOETANOL;0
2024-04;Castilla y León;Soria;GASOLINA  AUTO. S/PB 95 I.O.;1148
2024-04;Castilla y León;Soria;GASOLINA  AUTO. S/PB 98 I.O.;48
2024-04;Castilla y León;Soria;OTRAS GASOLINAS;18
2024-04;Castilla y León;Soria;FUELÓLEO  BIA;0
2024-04;Castilla y León;Soria;OTROS FUELÓLEOS;0
2024-04;Castilla y León;Soria;QUEROSENO AVIACIÓN;0
2024-04;Castilla y León;Soria;OTROS QUEROSENOS;0
2024-04;Castilla y León;Soria;GLP;283
2024-04;Castilla y León;Valladolid;BIODIESEL;22
2024-04;Castilla y León;Valladolid;GASÓLEO A;22976
2024-04;Castilla y León;Valladolid;GASÓLEO B;6510
2024-04;Castilla y León;Valladolid;GASÓLEO C;1763
2024-04;Castilla y León;Valladolid;OTROS GASOLEOS;0
2024-04;Castilla y León;Valladolid;BIOETANOL;12
2024-04;Castilla y León;Valladolid;GASOLINA  AUTO. S/PB 95 I.O.;5322
2024-04;Castilla y León;Valladolid;GASOLINA  AUTO. S/PB 98 I.O.;238
2024-04;Castilla y León;Valladolid;OTRAS GASOLINAS;10
2024-04;Castilla y León;Valladolid;FUELÓLEO  BIA;149
2024-04;Castilla y León;Valladolid;OTROS FUELÓLEOS;0
2024-04;Castilla y León;Valladolid;QUEROSENO AVIACIÓN;235
2024-04;Castilla y León;Valladolid;OTROS QUEROSENOS;0
2024-04;Castilla y León;Valladolid;GLP;922
2024-04;Castilla y León;Zamora;BIODIESEL;0
2024-04;Castilla y León;Zamora;GASÓLEO A;16861
2024-04;Castilla y León;Zamora;GASÓLEO B;5820
2024-04;Castilla y León;Zamora;GASÓLEO C;631
2024-04;Castilla y León;Zamora;OTROS GASOLEOS;0
2024-04;Castilla y León;Zamora;BIOETANOL;0
2024-04;Castilla y León;Zamora;GASOLINA  AUTO. S/PB 95 I.O.;2016
2024-04;Castilla y León;Zamora;GASOLINA  AUTO. S/PB 98 I.O.;88
2024-04;Castilla y León;Zamora;OTRAS GASOLINAS;0
2024-04;Castilla y León;Zamora;FUELÓLEO  BIA;54
2024-04;Castilla y León;Zamora;OTROS FUELÓLEOS;0
2024-04;Castilla y León;Zamora;QUEROSENO AVIACIÓN;0
2024-04;Castilla y León;Zamora;OTROS QUEROSENOS;0
2024-04;Castilla y León;Zamora;GLP;556
2024-04;Cataluña;Barcelona;BIODIESEL;110
2024-04;Cataluña;Barcelona;GASÓLEO A;124854
2024-04;Cataluña;Barcelona;GASÓLEO B;30289
2024-04;Cataluña;Barcelona;GASÓLEO C;2172
2024-04;Cataluña;Barcelona;OTROS GASOLEOS;22264
2024-04;Cataluña;Barcelona;BIOETANOL;0
2024-04;Cataluña;Barcelona;GASOLINA  AUTO. S/PB 95 I.O.;57307
2024-04;Cataluña;Barcelona;GASOLINA  AUTO. S/PB 98 I.O.;2519
2024-04;Cataluña;Barcelona;OTRAS GASOLINAS;74
2024-04;Cataluña;Barcelona;FUELÓLEO  BIA;21335
2024-04;Cataluña;Barcelona;OTROS FUELÓLEOS;91262
2024-04;Cataluña;Barcelona;QUEROSENO AVIACIÓN;105930
2024-04;Cataluña;Barcelona;OTROS QUEROSENOS;2
2024-04;Cataluña;Barcelona;GLP;5017
2024-04;Cataluña;Girona;BIODIESEL;38
2024-04;Cataluña;Girona;GASÓLEO A;101735
2024-04;Cataluña;Girona;GASÓLEO B;17683
2024-04;Cataluña;Girona;GASÓLEO C;1766
2024-04;Cataluña;Girona;OTROS GASOLEOS;421
2024-04;Cataluña;Girona;BIOETANOL;0
2024-04;Cataluña;Girona;GASOLINA  AUTO. S/PB 95 I.O.;14428
2024-04;Cataluña;Girona;GASOLINA  AUTO. S/PB 98 I.O.;753
2024-04;Cataluña;Girona;OTRAS GASOLINAS;2
2024-04;Cataluña;Girona;FUELÓLEO  BIA;118
2024-04;Cataluña;Girona;OTROS FUELÓLEOS;0
2024-04;Cataluña;Girona;QUEROSENO AVIACIÓN;2683
2024-04;Cataluña;Girona;OTROS QUEROSENOS;0
2024-04;Cataluña;Girona;GLP;2586
2024-04;Cataluña;Lleida;BIODIESEL;26
2024-04;Cataluña;Lleida;GASÓLEO A;23351
2024-04;Cataluña;Lleida;GASÓLEO B;6407
2024-04;Cataluña;Lleida;GASÓLEO C;514
2024-04;Cataluña;Lleida;OTROS GASOLEOS;0
2024-04;Cataluña;Lleida;BIOETANOL;0
2024-04;Cataluña;Lleida;GASOLINA  AUTO. S/PB 95 I.O.;5061
2024-04;Cataluña;Lleida;GASOLINA  AUTO. S/PB 98 I.O.;234
2024-04;Cataluña;Lleida;OTRAS GASOLINAS;11
2024-04;Cataluña;Lleida;FUELÓLEO  BIA;100
2024-04;Cataluña;Lleida;OTROS FUELÓLEOS;0
2024-04;Cataluña;Lleida;QUEROSENO AVIACIÓN;152
2024-04;Cataluña;Lleida;OTROS QUEROSENOS;0
2024-04;Cataluña;Lleida;GLP;1792
2024-04;Cataluña;Tarragona;BIODIESEL;0
2024-04;Cataluña;Tarragona;GASÓLEO A;37228
2024-04;Cataluña;Tarragona;GASÓLEO B;6300
2024-04;Cataluña;Tarragona;GASÓLEO C;431
2024-04;Cataluña;Tarragona;OTROS GASOLEOS;1947
2024-04;Cataluña;Tarragona;BIOETANOL;0
2024-04;Cataluña;Tarragona;GASOLINA  AUTO. S/PB 95 I.O.;12924
2024-04;Cataluña;Tarragona;GASOLINA  AUTO. S/PB 98 I.O.;438
2024-04;Cataluña;Tarragona;OTRAS GASOLINAS;11
2024-04;Cataluña;Tarragona;FUELÓLEO  BIA;25
2024-04;Cataluña;Tarragona;OTROS FUELÓLEOS;1180
2024-04;Cataluña;Tarragona;QUEROSENO AVIACIÓN;1692
2024-04;Cataluña;Tarragona;OTROS QUEROSENOS;0
2024-04;Cataluña;Tarragona;GLP;7293
2024-04;Ceuta;Ceuta;BIODIESEL;0
2024-04;Ceuta;Ceuta;GASÓLEO A;1072
2024-04;Ceuta;Ceuta;GASÓLEO B;0
2024-04;Ceuta;Ceuta;GASÓLEO C;0
2024-04;Ceuta;Ceuta;OTROS GASOLEOS;5877
2024-04;Ceuta;Ceuta;BIOETANOL;0
2024-04;Ceuta;Ceuta;GASOLINA  AUTO. S/PB 95 I.O.;562
2024-04;Ceuta;Ceuta;GASOLINA  AUTO. S/PB 98 I.O.;59
2024-04;Ceuta;Ceuta;OTRAS GASOLINAS;0
2024-04;Ceuta;Ceuta;FUELÓLEO  BIA;2603
2024-04;Ceuta;Ceuta;OTROS FUELÓLEOS;4935
2024-04;Ceuta;Ceuta;QUEROSENO AVIACIÓN;58
2024-04;Ceuta;Ceuta;OTROS QUEROSENOS;0
2024-04;Ceuta;Ceuta;GLP;226
2024-04;Comunitat Valenciana;Alicante/Alacant;BIODIESEL;36
2024-04;Comunitat Valenciana;Alicante/Alacant;GASÓLEO A;52825
2024-04;Comunitat Valenciana;Alicante/Alacant;GASÓLEO B;5090
2024-04;Comunitat Valenciana;Alicante/Alacant;GASÓLEO C;1400
2024-04;Comunitat Valenciana;Alicante/Alacant;OTROS GASOLEOS;1286
2024-04;Comunitat Valenciana;Alicante/Alacant;BIOETANOL;0
2024-04;Comunitat Valenciana;Alicante/Alacant;GASOLINA  AUTO. S/PB 95 I.O.;23256
2024-04;Comunitat Valenciana;Alicante/Alacant;GASOLINA  AUTO. S/PB 98 I.O.;939
2024-04;Comunitat Valenciana;Alicante/Alacant;OTRAS GASOLINAS;12
2024-04;Comunitat Valenciana;Alicante/Alacant;FUELÓLEO  BIA;157
2024-04;Comunitat Valenciana;Alicante/Alacant;OTROS FUELÓLEOS;0
2024-04;Comunitat Valenciana;Alicante/Alacant;QUEROSENO AVIACIÓN;28646
2024-04;Comunitat Valenciana;Alicante/Alacant;OTROS QUEROSENOS;7
2024-04;Comunitat Valenciana;Alicante/Alacant;GLP;5365
2024-04;Comunitat Valenciana;Castellón/Castelló;BIODIESEL;0
2024-04;Comunitat Valenciana;Castellón/Castelló;GASÓLEO A;21562
2024-04;Comunitat Valenciana;Castellón/Castelló;GASÓLEO B;1617
2024-04;Comunitat Valenciana;Castellón/Castelló;GASÓLEO C;314
2024-04;Comunitat Valenciana;Castellón/Castelló;OTROS GASOLEOS;11147
2024-04;Comunitat Valenciana;Castellón/Castelló;BIOETANOL;0
2024-04;Comunitat Valenciana;Castellón/Castelló;GASOLINA  AUTO. S/PB 95 I.O.;6943
2024-04;Comunitat Valenciana;Castellón/Castelló;GASOLINA  AUTO. S/PB 98 I.O.;284
2024-04;Comunitat Valenciana;Castellón/Castelló;OTRAS GASOLINAS;8
2024-04;Comunitat Valenciana;Castellón/Castelló;FUELÓLEO  BIA;0
2024-04;Comunitat Valenciana;Castellón/Castelló;OTROS FUELÓLEOS;539
2024-04;Comunitat Valenciana;Castellón/Castelló;QUEROSENO AVIACIÓN;299
2024-04;Comunitat Valenciana;Castellón/Castelló;OTROS QUEROSENOS;0
2024-04;Comunitat Valenciana;Castellón/Castelló;GLP;1439
2024-04;Comunitat Valenciana;Valencia/València;BIODIESEL;103
2024-04;Comunitat Valenciana;Valencia/València;GASÓLEO A;94870
2024-04;Comunitat Valenciana;Valencia/València;GASÓLEO B;11007
2024-04;Comunitat Valenciana;Valencia/València;GASÓLEO C;919
2024-04;Comunitat Valenciana;Valencia/València;OTROS GASOLEOS;5695
2024-04;Comunitat Valenciana;Valencia/València;BIOETANOL;0
2024-04;Comunitat Valenciana;Valencia/València;GASOLINA  AUTO. S/PB 95 I.O.;27217
2024-04;Comunitat Valenciana;Valencia/València;GASOLINA  AUTO. S/PB 98 I.O.;983
2024-04;Comunitat Valenciana;Valencia/València;OTRAS GASOLINAS;7
2024-04;Comunitat Valenciana;Valencia/València;FUELÓLEO  BIA;25
2024-04;Comunitat Valenciana;Valencia/València;OTROS FUELÓLEOS;28944
2024-04;Comunitat Valenciana;Valencia/València;QUEROSENO AVIACIÓN;13962
2024-04;Comunitat Valenciana;Valencia/València;OTROS QUEROSENOS;0
2024-04;Comunitat Valenciana;Valencia/València;GLP;4177
2024-04;Extremadura;Badajoz;BIODIESEL;13
2024-04;Extremadura;Badajoz;GASÓLEO A;46808
2024-04;Extremadura;Badajoz;GASÓLEO B;10223
2024-04;Extremadura;Badajoz;GASÓLEO C;321
2024-04;Extremadura;Badajoz;OTROS GASOLEOS;0
2024-04;Extremadura;Badajoz;BIOETANOL;0
2024-04;Extremadura;Badajoz;GASOLINA  AUTO. S/PB 95 I.O.;6365
2024-04;Extremadura;Badajoz;GASOLINA  AUTO. S/PB 98 I.O.;168
2024-04;Extremadura;Badajoz;OTRAS GASOLINAS;2
2024-04;Extremadura;Badajoz;FUELÓLEO  BIA;147
2024-04;Extremadura;Badajoz;OTROS FUELÓLEOS;0
2024-04;Extremadura;Badajoz;QUEROSENO AVIACIÓN;67
2024-04;Extremadura;Badajoz;OTROS QUEROSENOS;0
2024-04;Extremadura;Badajoz;GLP;2428
2024-04;Extremadura;Cáceres;BIODIESEL;0
2024-04;Extremadura;Cáceres;GASÓLEO A;18647
2024-04;Extremadura;Cáceres;GASÓLEO B;3805
2024-04;Extremadura;Cáceres;GASÓLEO C;575
2024-04;Extremadura;Cáceres;OTROS GASOLEOS;0
2024-04;Extremadura;Cáceres;BIOETANOL;0
2024-04;Extremadura;Cáceres;GASOLINA  AUTO. S/PB 95 I.O.;4077
2024-04;Extremadura;Cáceres;GASOLINA  AUTO. S/PB 98 I.O.;123
2024-04;Extremadura;Cáceres;OTRAS GASOLINAS;0
2024-04;Extremadura;Cáceres;FUELÓLEO  BIA;234
2024-04;Extremadura;Cáceres;OTROS FUELÓLEOS;0
2024-04;Extremadura;Cáceres;QUEROSENO AVIACIÓN;10
2024-04;Extremadura;Cáceres;OTROS QUEROSENOS;0
2024-04;Extremadura;Cáceres;GLP;1607
2024-04;Galicia;Coruña, A;BIODIESEL;36
2024-04;Galicia;Coruña, A;GASÓLEO A;40339
2024-04;Galicia;Coruña, A;GASÓLEO B;10071
2024-04;Galicia;Coruña, A;GASÓLEO C;4233
2024-04;Galicia;Coruña, A;OTROS GASOLEOS;2684
2024-04;Galicia;Coruña, A;BIOETANOL;9
2024-04;Galicia;Coruña, A;GASOLINA  AUTO. S/PB 95 I.O.;9459
2024-04;Galicia;Coruña, A;GASOLINA  AUTO. S/PB 98 I.O.;428
2024-04;Galicia;Coruña, A;OTRAS GASOLINAS;5
2024-04;Galicia;Coruña, A;FUELÓLEO  BIA;5330
2024-04;Galicia;Coruña, A;OTROS FUELÓLEOS;959
2024-04;Galicia;Coruña, A;QUEROSENO AVIACIÓN;5292
2024-04;Galicia;Coruña, A;OTROS QUEROSENOS;0
2024-04;Galicia;Coruña, A;GLP;3869
2024-04;Galicia;Lugo;BIODIESEL;0
2024-04;Galicia;Lugo;GASÓLEO A;18905
2024-04;Galicia;Lugo;GASÓLEO B;6454
2024-04;Galicia;Lugo;GASÓLEO C;2769
2024-04;Galicia;Lugo;OTROS GASOLEOS;1435
2024-04;Galicia;Lugo;BIOETANOL;0
2024-04;Galicia;Lugo;GASOLINA  AUTO. S/PB 95 I.O.;3043
2024-04;Galicia;Lugo;GASOLINA  AUTO. S/PB 98 I.O.;117
2024-04;Galicia;Lugo;OTRAS GASOLINAS;0
2024-04;Galicia;Lugo;FUELÓLEO  BIA;86
2024-04;Galicia;Lugo;OTROS FUELÓLEOS;0
2024-04;Galicia;Lugo;QUEROSENO AVIACIÓN;10
2024-04;Galicia;Lugo;OTROS QUEROSENOS;0
2024-04;Galicia;Lugo;GLP;1623
2024-04;Galicia;Ourense;BIODIESEL;0
2024-04;Galicia;Ourense;GASÓLEO A;13734
2024-04;Galicia;Ourense;GASÓLEO B;2863
2024-04;Galicia;Ourense;GASÓLEO C;3141
2024-04;Galicia;Ourense;OTROS GASOLEOS;120
2024-04;Galicia;Ourense;BIOETANOL;0
2024-04;Galicia;Ourense;GASOLINA  AUTO. S/PB 95 I.O.;2709
2024-04;Galicia;Ourense;GASOLINA  AUTO. S/PB 98 I.O.;176
2024-04;Galicia;Ourense;OTRAS GASOLINAS;0
2024-04;Galicia;Ourense;FUELÓLEO  BIA;350
2024-04;Galicia;Ourense;OTROS FUELÓLEOS;0
2024-04;Galicia;Ourense;QUEROSENO AVIACIÓN;7
2024-04;Galicia;Ourense;OTROS QUEROSENOS;0
2024-04;Galicia;Ourense;GLP;1316
2024-04;Galicia;Pontevedra;BIODIESEL;119
2024-04;Galicia;Pontevedra;GASÓLEO A;36102
2024-04;Galicia;Pontevedra;GASÓLEO B;4944
2024-04;Galicia;Pontevedra;GASÓLEO C;3851
2024-04;Galicia;Pontevedra;OTROS GASOLEOS;4914
2024-04;Galicia;Pontevedra;BIOETANOL;0
2024-04;Galicia;Pontevedra;GASOLINA  AUTO. S/PB 95 I.O.;8278
2024-04;Galicia;Pontevedra;GASOLINA  AUTO. S/PB 98 I.O.;423
2024-04;Galicia;Pontevedra;OTRAS GASOLINAS;1
2024-04;Galicia;Pontevedra;FUELÓLEO  BIA;524
2024-04;Galicia;Pontevedra;OTROS FUELÓLEOS;-149
2024-04;Galicia;Pontevedra;QUEROSENO AVIACIÓN;595
2024-04;Galicia;Pontevedra;OTROS QUEROSENOS;0
2024-04;Galicia;Pontevedra;GLP;3269
2024-04;Madrid, Comunidad de;Madrid;BIODIESEL;140
2024-04;Madrid, Comunidad de;Madrid;GASÓLEO A;155989
2024-04;Madrid, Comunidad de;Madrid;GASÓLEO B;10527
2024-04;Madrid, Comunidad de;Madrid;GASÓLEO C;11823
2024-04;Madrid, Comunidad de;Madrid;OTROS GASOLEOS;0
2024-04;Madrid, Comunidad de;Madrid;BIOETANOL;0
2024-04;Madrid, Comunidad de;Madrid;GASOLINA  AUTO. S/PB 95 I.O.;67827
2024-04;Madrid, Comunidad de;Madrid;GASOLINA  AUTO. S/PB 98 I.O.;2354
2024-04;Madrid, Comunidad de;Madrid;OTRAS GASOLINAS;76
2024-04;Madrid, Comunidad de;Madrid;FUELÓLEO  BIA;398
2024-04;Madrid, Comunidad de;Madrid;OTROS FUELÓLEOS;0
2024-04;Madrid, Comunidad de;Madrid;QUEROSENO AVIACIÓN;214332
2024-04;Madrid, Comunidad de;Madrid;OTROS QUEROSENOS;1
2024-04;Madrid, Comunidad de;Madrid;GLP;8714
2024-04;Melilla;Melilla;BIODIESEL;0
2024-04;Melilla;Melilla;GASÓLEO A;1011
2024-04;Melilla;Melilla;GASÓLEO B;0
2024-04;Melilla;Melilla;GASÓLEO C;0
2024-04;Melilla;Melilla;OTROS GASOLEOS;0
2024-04;Melilla;Melilla;BIOETANOL;0
2024-04;Melilla;Melilla;GASOLINA  AUTO. S/PB 95 I.O.;566
2024-04;Melilla;Melilla;GASOLINA  AUTO. S/PB 98 I.O.;0
2024-04;Melilla;Melilla;OTRAS GASOLINAS;0
2024-04;Melilla;Melilla;FUELÓLEO  BIA;2495
2024-04;Melilla;Melilla;OTROS FUELÓLEOS;0
2024-04;Melilla;Melilla;QUEROSENO AVIACIÓN;153
2024-04;Melilla;Melilla;OTROS QUEROSENOS;0
2024-04;Melilla;Melilla;GLP;207
2024-04;Murcia, Región de;Murcia;BIODIESEL;296
2024-04;Murcia, Región de;Murcia;GASÓLEO A;81574
2024-04;Murcia, Región de;Murcia;GASÓLEO B;11915
2024-04;Murcia, Región de;Murcia;GASÓLEO C;466
2024-04;Murcia, Región de;Murcia;OTROS GASOLEOS;1561
2024-04;Murcia, Región de;Murcia;BIOETANOL;6
2024-04;Murcia, Región de;Murcia;GASOLINA  AUTO. S/PB 95 I.O.;13637
2024-04;Murcia, Región de;Murcia;GASOLINA  AUTO. S/PB 98 I.O.;612
2024-04;Murcia, Región de;Murcia;OTRAS GASOLINAS;3
2024-04;Murcia, Región de;Murcia;FUELÓLEO  BIA;204
2024-04;Murcia, Región de;Murcia;OTROS FUELÓLEOS;126
2024-04;Murcia, Región de;Murcia;QUEROSENO AVIACIÓN;1623
2024-04;Murcia, Región de;Murcia;OTROS QUEROSENOS;0
2024-04;Murcia, Región de;Murcia;GLP;3754
2024-04;Navarra, Comunidad Foral de;Navarra;BIODIESEL;126
2024-04;Navarra, Comunidad Foral de;Navarra;GASÓLEO A;54555
2024-04;Navarra, Comunidad Foral de;Navarra;GASÓLEO B;7011
2024-04;Navarra, Comunidad Foral de;Navarra;GASÓLEO C;794
2024-04;Navarra, Comunidad Foral de;Navarra;OTROS GASOLEOS;0
2024-04;Navarra, Comunidad Foral de;Navarra;BIOETANOL;0
2024-04;Navarra, Comunidad Foral de;Navarra;GASOLINA  AUTO. S/PB 95 I.O.;7208
2024-04;Navarra, Comunidad Foral de;Navarra;GASOLINA  AUTO. S/PB 98 I.O.;231
2024-04;Navarra, Comunidad Foral de;Navarra;OTRAS GASOLINAS;2
2024-04;Navarra, Comunidad Foral de;Navarra;FUELÓLEO  BIA;157
2024-04;Navarra, Comunidad Foral de;Navarra;OTROS FUELÓLEOS;0
2024-04;Navarra, Comunidad Foral de;Navarra;QUEROSENO AVIACIÓN;139
2024-04;Navarra, Comunidad Foral de;Navarra;OTROS QUEROSENOS;0
2024-04;Navarra, Comunidad Foral de;Navarra;GLP;1084
2024-04;País Vasco;Araba/Álava;BIODIESEL;89
2024-04;País Vasco;Araba/Álava;GASÓLEO A;59712
2024-04;País Vasco;Araba/Álava;GASÓLEO B;2911
2024-04;País Vasco;Araba/Álava;GASÓLEO C;549
2024-04;País Vasco;Araba/Álava;OTROS GASOLEOS;0
2024-04;País Vasco;Araba/Álava;BIOETANOL;0
2024-04;País Vasco;Araba/Álava;GASOLINA  AUTO. S/PB 95 I.O.;3247
2024-04;País Vasco;Araba/Álava;GASOLINA  AUTO. S/PB 98 I.O.;128
2024-04;País Vasco;Araba/Álava;OTRAS GASOLINAS;1
2024-04;País Vasco;Araba/Álava;FUELÓLEO  BIA;241
2024-04;País Vasco;Araba/Álava;OTROS FUELÓLEOS;0
2024-04;País Vasco;Araba/Álava;QUEROSENO AVIACIÓN;720
2024-04;País Vasco;Araba/Álava;OTROS QUEROSENOS;0
2024-04;País Vasco;Araba/Álava;GLP;450
2024-04;País Vasco;Bizkaia;BIODIESEL;314
2024-04;País Vasco;Bizkaia;GASÓLEO A;31995
2024-04;País Vasco;Bizkaia;GASÓLEO B;8836
2024-04;País Vasco;Bizkaia;GASÓLEO C;4613
2024-04;País Vasco;Bizkaia;OTROS GASOLEOS;2092
2024-04;País Vasco;Bizkaia;BIOETANOL;0
2024-04;País Vasco;Bizkaia;GASOLINA  AUTO. S/PB 95 I.O.;9076
2024-04;País Vasco;Bizkaia;GASOLINA  AUTO. S/PB 98 I.O.;410
2024-04;País Vasco;Bizkaia;OTRAS GASOLINAS;1
2024-04;País Vasco;Bizkaia;FUELÓLEO  BIA;82
2024-04;País Vasco;Bizkaia;OTROS FUELÓLEOS;0
2024-04;País Vasco;Bizkaia;QUEROSENO AVIACIÓN;6715
2024-04;País Vasco;Bizkaia;OTROS QUEROSENOS;0
2024-04;País Vasco;Bizkaia;GLP;1148
2024-04;País Vasco;Gipuzkoa;BIODIESEL;72
2024-04;País Vasco;Gipuzkoa;GASÓLEO A;63831
2024-04;País Vasco;Gipuzkoa;GASÓLEO B;1927
2024-04;País Vasco;Gipuzkoa;GASÓLEO C;308
2024-04;País Vasco;Gipuzkoa;OTROS GASOLEOS;1069
2024-04;País Vasco;Gipuzkoa;BIOETANOL;0
2024-04;País Vasco;Gipuzkoa;GASOLINA  AUTO. S/PB 95 I.O.;7186
2024-04;País Vasco;Gipuzkoa;GASOLINA  AUTO. S/PB 98 I.O.;404
2024-04;País Vasco;Gipuzkoa;OTRAS GASOLINAS;1
2024-04;País Vasco;Gipuzkoa;FUELÓLEO  BIA;175
2024-04;País Vasco;Gipuzkoa;OTROS FUELÓLEOS;0
2024-04;País Vasco;Gipuzkoa;QUEROSENO AVIACIÓN;480
2024-04;País Vasco;Gipuzkoa;OTROS QUEROSENOS;0
2024-04;País Vasco;Gipuzkoa;GLP;1204
2024-04;Rioja, La;Rioja, La;BIODIESEL;0
2024-04;Rioja, La;Rioja, La;GASÓLEO A;14251
2024-04;Rioja, La;Rioja, La;GASÓLEO B;3600
2024-04;Rioja, La;Rioja, La;GASÓLEO C;1275
2024-04;Rioja, La;Rioja, La;OTROS GASOLEOS;0
2024-04;Rioja, La;Rioja, La;BIOETANOL;0
2024-04;Rioja, La;Rioja, La;GASOLINA  AUTO. S/PB 95 I.O.;2691
2024-04;Rioja, La;Rioja, La;GASOLINA  AUTO. S/PB 98 I.O.;86
2024-04;Rioja, La;Rioja, La;OTRAS GASOLINAS;4
2024-04;Rioja, La;Rioja, La;FUELÓLEO  BIA;38
2024-04;Rioja, La;Rioja, La;OTROS FUELÓLEOS;0
2024-04;Rioja, La;Rioja, La;QUEROSENO AVIACIÓN;16
2024-04;Rioja, La;Rioja, La;OTROS QUEROSENOS;0
2024-04;Rioja, La;Rioja, La;GLP;450
2024-05;Andalucía;Almería;BIODIESEL;62
2024-05;Andalucía;Almería;GASÓLEO A;35516
2024-05;Andalucía;Almería;GASÓLEO B;5814
2024-05;Andalucía;Almería;GASÓLEO C;148
2024-05;Andalucía;Almería;OTROS GASOLEOS;1607
2024-05;Andalucía;Almería;BIOETANOL;0
2024-05;Andalucía;Almería;GASOLINA  AUTO. S/PB 95 I.O.;6511
2024-05;Andalucía;Almería;GASOLINA  AUTO. S/PB 98 I.O.;302
2024-05;Andalucía;Almería;OTRAS GASOLINAS;1
2024-05;Andalucía;Almería;FUELÓLEO  BIA;52
2024-05;Andalucía;Almería;OTROS FUELÓLEOS;1489
2024-05;Andalucía;Almería;QUEROSENO AVIACIÓN;937
2024-05;Andalucía;Almería;OTROS QUEROSENOS;0
2024-05;Andalucía;Almería;GLP;1864
2024-05;Andalucía;Cádiz;BIODIESEL;9
2024-05;Andalucía;Cádiz;GASÓLEO A;36338
2024-05;Andalucía;Cádiz;GASÓLEO B;7879
2024-05;Andalucía;Cádiz;GASÓLEO C;139
2024-05;Andalucía;Cádiz;OTROS GASOLEOS;28081
2024-05;Andalucía;Cádiz;BIOETANOL;0
2024-05;Andalucía;Cádiz;GASOLINA  AUTO. S/PB 95 I.O.;12337
2024-05;Andalucía;Cádiz;GASOLINA  AUTO. S/PB 98 I.O.;372
2024-05;Andalucía;Cádiz;OTRAS GASOLINAS;50
2024-05;Andalucía;Cádiz;FUELÓLEO  BIA;40946
2024-05;Andalucía;Cádiz;OTROS FUELÓLEOS;214310
2024-05;Andalucía;Cádiz;QUEROSENO AVIACIÓN;1828
2024-05;Andalucía;Cádiz;OTROS QUEROSENOS;0
2024-05;Andalucía;Cádiz;GLP;3311
2024-05;Andalucía;Córdoba;BIODIESEL;8
2024-05;Andalucía;Córdoba;GASÓLEO A;35213
2024-05;Andalucía;Córdoba;GASÓLEO B;9577
2024-05;Andalucía;Córdoba;GASÓLEO C;346
2024-05;Andalucía;Córdoba;OTROS GASOLEOS;0
2024-05;Andalucía;Córdoba;BIOETANOL;0
2024-05;Andalucía;Córdoba;GASOLINA  AUTO. S/PB 95 I.O.;5753
2024-05;Andalucía;Córdoba;GASOLINA  AUTO. S/PB 98 I.O.;116
2024-05;Andalucía;Córdoba;OTRAS GASOLINAS;19
2024-05;Andalucía;Córdoba;FUELÓLEO  BIA;0
2024-05;Andalucía;Córdoba;OTROS FUELÓLEOS;0
2024-05;Andalucía;Córdoba;QUEROSENO AVIACIÓN;126
2024-05;Andalucía;Córdoba;OTROS QUEROSENOS;0
2024-05;Andalucía;Córdoba;GLP;1840
2024-05;Andalucía;Granada;BIODIESEL;19
2024-05;Andalucía;Granada;GASÓLEO A;36101
2024-05;Andalucía;Granada;GASÓLEO B;6131
2024-05;Andalucía;Granada;GASÓLEO C;833
2024-05;Andalucía;Granada;OTROS GASOLEOS;193
2024-05;Andalucía;Granada;BIOETANOL;0
2024-05;Andalucía;Granada;GASOLINA  AUTO. S/PB 95 I.O.;8978
2024-05;Andalucía;Granada;GASOLINA  AUTO. S/PB 98 I.O.;403
2024-05;Andalucía;Granada;OTRAS GASOLINAS;10
2024-05;Andalucía;Granada;FUELÓLEO  BIA;150
2024-05;Andalucía;Granada;OTROS FUELÓLEOS;351
2024-05;Andalucía;Granada;QUEROSENO AVIACIÓN;887
2024-05;Andalucía;Granada;OTROS QUEROSENOS;0
2024-05;Andalucía;Granada;GLP;2489
2024-05;Andalucía;Huelva;BIODIESEL;0
2024-05;Andalucía;Huelva;GASÓLEO A;25224
2024-05;Andalucía;Huelva;GASÓLEO B;10540
2024-05;Andalucía;Huelva;GASÓLEO C;97
2024-05;Andalucía;Huelva;OTROS GASOLEOS;3352
2024-05;Andalucía;Huelva;BIOETANOL;0
2024-05;Andalucía;Huelva;GASOLINA  AUTO. S/PB 95 I.O.;5334
2024-05;Andalucía;Huelva;GASOLINA  AUTO. S/PB 98 I.O.;171
2024-05;Andalucía;Huelva;OTRAS GASOLINAS;0
2024-05;Andalucía;Huelva;FUELÓLEO  BIA;526
2024-05;Andalucía;Huelva;OTROS FUELÓLEOS;11340
2024-05;Andalucía;Huelva;QUEROSENO AVIACIÓN;0
2024-05;Andalucía;Huelva;OTROS QUEROSENOS;0
2024-05;Andalucía;Huelva;GLP;2260
2024-05;Andalucía;Jaén;BIODIESEL;90
2024-05;Andalucía;Jaén;GASÓLEO A;30390
2024-05;Andalucía;Jaén;GASÓLEO B;4929
2024-05;Andalucía;Jaén;GASÓLEO C;344
2024-05;Andalucía;Jaén;OTROS GASOLEOS;0
2024-05;Andalucía;Jaén;BIOETANOL;0
2024-05;Andalucía;Jaén;GASOLINA  AUTO. S/PB 95 I.O.;4645
2024-05;Andalucía;Jaén;GASOLINA  AUTO. S/PB 98 I.O.;139
2024-05;Andalucía;Jaén;OTRAS GASOLINAS;1
2024-05;Andalucía;Jaén;FUELÓLEO  BIA;0
2024-05;Andalucía;Jaén;OTROS FUELÓLEOS;0
2024-05;Andalucía;Jaén;QUEROSENO AVIACIÓN;0
2024-05;Andalucía;Jaén;OTROS QUEROSENOS;0
2024-05;Andalucía;Jaén;GLP;1366
2024-05;Andalucía;Málaga;BIODIESEL;110
2024-05;Andalucía;Málaga;GASÓLEO A;52221
2024-05;Andalucía;Málaga;GASÓLEO B;5059
2024-05;Andalucía;Málaga;GASÓLEO C;360
2024-05;Andalucía;Málaga;OTROS GASOLEOS;1071
2024-05;Andalucía;Málaga;BIOETANOL;0
2024-05;Andalucía;Málaga;GASOLINA  AUTO. S/PB 95 I.O.;21371
2024-05;Andalucía;Málaga;GASOLINA  AUTO. S/PB 98 I.O.;1248
2024-05;Andalucía;Málaga;OTRAS GASOLINAS;27
2024-05;Andalucía;Málaga;FUELÓLEO  BIA;77
2024-05;Andalucía;Málaga;OTROS FUELÓLEOS;782
2024-05;Andalucía;Málaga;QUEROSENO AVIACIÓN;46048
2024-05;Andalucía;Málaga;OTROS QUEROSENOS;0
2024-05;Andalucía;Málaga;GLP;4555
2024-05;Andalucía;Sevilla;BIODIESEL;57
2024-05;Andalucía;Sevilla;GASÓLEO A;60939
2024-05;Andalucía;Sevilla;GASÓLEO B;10093
2024-05;Andalucía;Sevilla;GASÓLEO C;387
2024-05;Andalucía;Sevilla;OTROS GASOLEOS;480
2024-05;Andalucía;Sevilla;BIOETANOL;0
2024-05;Andalucía;Sevilla;GASOLINA  AUTO. S/PB 95 I.O.;19663
2024-05;Andalucía;Sevilla;GASOLINA  AUTO. S/PB 98 I.O.;420
2024-05;Andalucía;Sevilla;OTRAS GASOLINAS;62
2024-05;Andalucía;Sevilla;FUELÓLEO  BIA;257
2024-05;Andalucía;Sevilla;OTROS FUELÓLEOS;270
2024-05;Andalucía;Sevilla;QUEROSENO AVIACIÓN;13566
2024-05;Andalucía;Sevilla;OTROS QUEROSENOS;0
2024-05;Andalucía;Sevilla;GLP;4130
2024-05;Aragón;Huesca;BIODIESEL;0
2024-05;Aragón;Huesca;GASÓLEO A;14970
2024-05;Aragón;Huesca;GASÓLEO B;5632
2024-05;Aragón;Huesca;GASÓLEO C;688
2024-05;Aragón;Huesca;OTROS GASOLEOS;0
2024-05;Aragón;Huesca;BIOETANOL;0
2024-05;Aragón;Huesca;GASOLINA  AUTO. S/PB 95 I.O.;3172
2024-05;Aragón;Huesca;GASOLINA  AUTO. S/PB 98 I.O.;152
2024-05;Aragón;Huesca;OTRAS GASOLINAS;7
2024-05;Aragón;Huesca;FUELÓLEO  BIA;0
2024-05;Aragón;Huesca;OTROS FUELÓLEOS;0
2024-05;Aragón;Huesca;QUEROSENO AVIACIÓN;25
2024-05;Aragón;Huesca;OTROS QUEROSENOS;0
2024-05;Aragón;Huesca;GLP;1181
2024-05;Aragón;Teruel;BIODIESEL;0
2024-05;Aragón;Teruel;GASÓLEO A;9318
2024-05;Aragón;Teruel;GASÓLEO B;3821
2024-05;Aragón;Teruel;GASÓLEO C;686
2024-05;Aragón;Teruel;OTROS GASOLEOS;0
2024-05;Aragón;Teruel;BIOETANOL;0
2024-05;Aragón;Teruel;GASOLINA  AUTO. S/PB 95 I.O.;1719
2024-05;Aragón;Teruel;GASOLINA  AUTO. S/PB 98 I.O.;64
2024-05;Aragón;Teruel;OTRAS GASOLINAS;0
2024-05;Aragón;Teruel;FUELÓLEO  BIA;98
2024-05;Aragón;Teruel;OTROS FUELÓLEOS;0
2024-05;Aragón;Teruel;QUEROSENO AVIACIÓN;188
2024-05;Aragón;Teruel;OTROS QUEROSENOS;0
2024-05;Aragón;Teruel;GLP;400
2024-05;Aragón;Zaragoza;BIODIESEL;163
2024-05;Aragón;Zaragoza;GASÓLEO A;46807
2024-05;Aragón;Zaragoza;GASÓLEO B;9617
2024-05;Aragón;Zaragoza;GASÓLEO C;1766
2024-05;Aragón;Zaragoza;OTROS GASOLEOS;17
2024-05;Aragón;Zaragoza;BIOETANOL;0
2024-05;Aragón;Zaragoza;GASOLINA  AUTO. S/PB 95 I.O.;9608
2024-05;Aragón;Zaragoza;GASOLINA  AUTO. S/PB 98 I.O.;353
2024-05;Aragón;Zaragoza;OTRAS GASOLINAS;3
2024-05;Aragón;Zaragoza;FUELÓLEO  BIA;0
2024-05;Aragón;Zaragoza;OTROS FUELÓLEOS;0
2024-05;Aragón;Zaragoza;QUEROSENO AVIACIÓN;7683
2024-05;Aragón;Zaragoza;OTROS QUEROSENOS;0
2024-05;Aragón;Zaragoza;GLP;1591
2024-05;Asturias, Principado de;Asturias;BIODIESEL;36
2024-05;Asturias, Principado de;Asturias;GASÓLEO A;32975
2024-05;Asturias, Principado de;Asturias;GASÓLEO B;6131
2024-05;Asturias, Principado de;Asturias;GASÓLEO C;2113
2024-05;Asturias, Principado de;Asturias;OTROS GASOLEOS;3954
2024-05;Asturias, Principado de;Asturias;BIOETANOL;0
2024-05;Asturias, Principado de;Asturias;GASOLINA  AUTO. S/PB 95 I.O.;8991
2024-05;Asturias, Principado de;Asturias;GASOLINA  AUTO. S/PB 98 I.O.;507
2024-05;Asturias, Principado de;Asturias;OTRAS GASOLINAS;1
2024-05;Asturias, Principado de;Asturias;FUELÓLEO  BIA;462
2024-05;Asturias, Principado de;Asturias;OTROS FUELÓLEOS;1078
2024-05;Asturias, Principado de;Asturias;QUEROSENO AVIACIÓN;1235
2024-05;Asturias, Principado de;Asturias;OTROS QUEROSENOS;0
2024-05;Asturias, Principado de;Asturias;GLP;1978
2024-05;Balears, Illes;Balears, Illes;BIODIESEL;0
2024-05;Balears, Illes;Balears, Illes;GASÓLEO A;33259
2024-05;Balears, Illes;Balears, Illes;GASÓLEO B;3642
2024-05;Balears, Illes;Balears, Illes;GASÓLEO C;20155
2024-05;Balears, Illes;Balears, Illes;OTROS GASOLEOS;4481
2024-05;Balears, Illes;Balears, Illes;BIOETANOL;0
2024-05;Balears, Illes;Balears, Illes;GASOLINA  AUTO. S/PB 95 I.O.;24851
2024-05;Balears, Illes;Balears, Illes;GASOLINA  AUTO. S/PB 98 I.O.;994
2024-05;Balears, Illes;Balears, Illes;OTRAS GASOLINAS;26
2024-05;Balears, Illes;Balears, Illes;FUELÓLEO  BIA;0
2024-05;Balears, Illes;Balears, Illes;OTROS FUELÓLEOS;0
2024-05;Balears, Illes;Balears, Illes;QUEROSENO AVIACIÓN;76540
2024-05;Balears, Illes;Balears, Illes;OTROS QUEROSENOS;0
2024-05;Balears, Illes;Balears, Illes;GLP;4649
2024-05;Canarias;Palmas, Las;BIODIESEL;0
2024-05;Canarias;Palmas, Las;GASÓLEO A;28010
2024-05;Canarias;Palmas, Las;GASÓLEO B;0
2024-05;Canarias;Palmas, Las;GASÓLEO C;0
2024-05;Canarias;Palmas, Las;OTROS GASOLEOS;78682
2024-05;Canarias;Palmas, Las;BIOETANOL;0
2024-05;Canarias;Palmas, Las;GASOLINA  AUTO. S/PB 95 I.O.;18992
2024-05;Canarias;Palmas, Las;GASOLINA  AUTO. S/PB 98 I.O.;3548
2024-05;Canarias;Palmas, Las;OTRAS GASOLINAS;5
2024-05;Canarias;Palmas, Las;FUELÓLEO  BIA;165088
2024-05;Canarias;Palmas, Las;OTROS FUELÓLEOS;58511
2024-05;Canarias;Palmas, Las;QUEROSENO AVIACIÓN;40925
2024-05;Canarias;Palmas, Las;OTROS QUEROSENOS;0
2024-05;Canarias;Palmas, Las;GLP;3016
2024-05;Canarias;Santa Cruz de Tenerife;BIODIESEL;0
2024-05;Canarias;Santa Cruz de Tenerife;GASÓLEO A;27646
2024-05;Canarias;Santa Cruz de Tenerife;GASÓLEO B;0
2024-05;Canarias;Santa Cruz de Tenerife;GASÓLEO C;0
2024-05;Canarias;Santa Cruz de Tenerife;OTROS GASOLEOS;42797
2024-05;Canarias;Santa Cruz de Tenerife;BIOETANOL;0
2024-05;Canarias;Santa Cruz de Tenerife;GASOLINA  AUTO. S/PB 95 I.O.;17801
2024-05;Canarias;Santa Cruz de Tenerife;GASOLINA  AUTO. S/PB 98 I.O.;4943
2024-05;Canarias;Santa Cruz de Tenerife;OTRAS GASOLINAS;0
2024-05;Canarias;Santa Cruz de Tenerife;FUELÓLEO  BIA;22006
2024-05;Canarias;Santa Cruz de Tenerife;OTROS FUELÓLEOS;27813
2024-05;Canarias;Santa Cruz de Tenerife;QUEROSENO AVIACIÓN;41840
2024-05;Canarias;Santa Cruz de Tenerife;OTROS QUEROSENOS;0
2024-05;Canarias;Santa Cruz de Tenerife;GLP;3577
2024-05;Cantabria;Cantabria;BIODIESEL;351
2024-05;Cantabria;Cantabria;GASÓLEO A;24232
2024-05;Cantabria;Cantabria;GASÓLEO B;4581
2024-05;Cantabria;Cantabria;GASÓLEO C;125
2024-05;Cantabria;Cantabria;OTROS GASOLEOS;1317
2024-05;Cantabria;Cantabria;BIOETANOL;0
2024-05;Cantabria;Cantabria;GASOLINA  AUTO. S/PB 95 I.O.;6599
2024-05;Cantabria;Cantabria;GASOLINA  AUTO. S/PB 98 I.O.;305
2024-05;Cantabria;Cantabria;OTRAS GASOLINAS;1
2024-05;Cantabria;Cantabria;FUELÓLEO  BIA;404
2024-05;Cantabria;Cantabria;OTROS FUELÓLEOS;0
2024-05;Cantabria;Cantabria;QUEROSENO AVIACIÓN;844
2024-05;Cantabria;Cantabria;OTROS QUEROSENOS;0
2024-05;Cantabria;Cantabria;GLP;1185
2024-05;Castilla - La Mancha;Albacete;BIODIESEL;49
2024-05;Castilla - La Mancha;Albacete;GASÓLEO A;17967
2024-05;Castilla - La Mancha;Albacete;GASÓLEO B;5082
2024-05;Castilla - La Mancha;Albacete;GASÓLEO C;447
2024-05;Castilla - La Mancha;Albacete;OTROS GASOLEOS;0
2024-05;Castilla - La Mancha;Albacete;BIOETANOL;0
2024-05;Castilla - La Mancha;Albacete;GASOLINA  AUTO. S/PB 95 I.O.;3594
2024-05;Castilla - La Mancha;Albacete;GASOLINA  AUTO. S/PB 98 I.O.;155
2024-05;Castilla - La Mancha;Albacete;OTRAS GASOLINAS;0
2024-05;Castilla - La Mancha;Albacete;FUELÓLEO  BIA;24
2024-05;Castilla - La Mancha;Albacete;OTROS FUELÓLEOS;0
2024-05;Castilla - La Mancha;Albacete;QUEROSENO AVIACIÓN;42
2024-05;Castilla - La Mancha;Albacete;OTROS QUEROSENOS;0
2024-05;Castilla - La Mancha;Albacete;GLP;629
2024-05;Castilla - La Mancha;Ciudad Real;BIODIESEL;31
2024-05;Castilla - La Mancha;Ciudad Real;GASÓLEO A;27955
2024-05;Castilla - La Mancha;Ciudad Real;GASÓLEO B;7880
2024-05;Castilla - La Mancha;Ciudad Real;GASÓLEO C;479
2024-05;Castilla - La Mancha;Ciudad Real;OTROS GASOLEOS;0
2024-05;Castilla - La Mancha;Ciudad Real;BIOETANOL;0
2024-05;Castilla - La Mancha;Ciudad Real;GASOLINA  AUTO. S/PB 95 I.O.;4316
2024-05;Castilla - La Mancha;Ciudad Real;GASOLINA  AUTO. S/PB 98 I.O.;139
2024-05;Castilla - La Mancha;Ciudad Real;OTRAS GASOLINAS;0
2024-05;Castilla - La Mancha;Ciudad Real;FUELÓLEO  BIA;88
2024-05;Castilla - La Mancha;Ciudad Real;OTROS FUELÓLEOS;0
2024-05;Castilla - La Mancha;Ciudad Real;QUEROSENO AVIACIÓN;36
2024-05;Castilla - La Mancha;Ciudad Real;OTROS QUEROSENOS;0
2024-05;Castilla - La Mancha;Ciudad Real;GLP;860
2024-05;Castilla - La Mancha;Cuenca;BIODIESEL;0
2024-05;Castilla - La Mancha;Cuenca;GASÓLEO A;14560
2024-05;Castilla - La Mancha;Cuenca;GASÓLEO B;5796
2024-05;Castilla - La Mancha;Cuenca;GASÓLEO C;424
2024-05;Castilla - La Mancha;Cuenca;OTROS GASOLEOS;0
2024-05;Castilla - La Mancha;Cuenca;BIOETANOL;0
2024-05;Castilla - La Mancha;Cuenca;GASOLINA  AUTO. S/PB 95 I.O.;2593
2024-05;Castilla - La Mancha;Cuenca;GASOLINA  AUTO. S/PB 98 I.O.;84
2024-05;Castilla - La Mancha;Cuenca;OTRAS GASOLINAS;3
2024-05;Castilla - La Mancha;Cuenca;FUELÓLEO  BIA;0
2024-05;Castilla - La Mancha;Cuenca;OTROS FUELÓLEOS;0
2024-05;Castilla - La Mancha;Cuenca;QUEROSENO AVIACIÓN;41
2024-05;Castilla - La Mancha;Cuenca;OTROS QUEROSENOS;0
2024-05;Castilla - La Mancha;Cuenca;GLP;538
2024-05;Castilla - La Mancha;Guadalajara;BIODIESEL;37
2024-05;Castilla - La Mancha;Guadalajara;GASÓLEO A;12936
2024-05;Castilla - La Mancha;Guadalajara;GASÓLEO B;2488
2024-05;Castilla - La Mancha;Guadalajara;GASÓLEO C;929
2024-05;Castilla - La Mancha;Guadalajara;OTROS GASOLEOS;0
2024-05;Castilla - La Mancha;Guadalajara;BIOETANOL;0
2024-05;Castilla - La Mancha;Guadalajara;GASOLINA  AUTO. S/PB 95 I.O.;3476
2024-05;Castilla - La Mancha;Guadalajara;GASOLINA  AUTO. S/PB 98 I.O.;102
2024-05;Castilla - La Mancha;Guadalajara;OTRAS GASOLINAS;1
2024-05;Castilla - La Mancha;Guadalajara;FUELÓLEO  BIA;27
2024-05;Castilla - La Mancha;Guadalajara;OTROS FUELÓLEOS;0
2024-05;Castilla - La Mancha;Guadalajara;QUEROSENO AVIACIÓN;41
2024-05;Castilla - La Mancha;Guadalajara;OTROS QUEROSENOS;0
2024-05;Castilla - La Mancha;Guadalajara;GLP;417
2024-05;Castilla - La Mancha;Toledo;BIODIESEL;41
2024-05;Castilla - La Mancha;Toledo;GASÓLEO A;35176
2024-05;Castilla - La Mancha;Toledo;GASÓLEO B;9410
2024-05;Castilla - La Mancha;Toledo;GASÓLEO C;1528
2024-05;Castilla - La Mancha;Toledo;OTROS GASOLEOS;0
2024-05;Castilla - La Mancha;Toledo;BIOETANOL;0
2024-05;Castilla - La Mancha;Toledo;GASOLINA  AUTO. S/PB 95 I.O.;8259
2024-05;Castilla - La Mancha;Toledo;GASOLINA  AUTO. S/PB 98 I.O.;272
2024-05;Castilla - La Mancha;Toledo;OTRAS GASOLINAS;11
2024-05;Castilla - La Mancha;Toledo;FUELÓLEO  BIA;121
2024-05;Castilla - La Mancha;Toledo;OTROS FUELÓLEOS;0
2024-05;Castilla - La Mancha;Toledo;QUEROSENO AVIACIÓN;35
2024-05;Castilla - La Mancha;Toledo;OTROS QUEROSENOS;0
2024-05;Castilla - La Mancha;Toledo;GLP;1359
2024-05;Castilla y León;Ávila;BIODIESEL;12
2024-05;Castilla y León;Ávila;GASÓLEO A;7754
2024-05;Castilla y León;Ávila;GASÓLEO B;2810
2024-05;Castilla y León;Ávila;GASÓLEO C;637
2024-05;Castilla y León;Ávila;OTROS GASOLEOS;0
2024-05;Castilla y León;Ávila;BIOETANOL;0
2024-05;Castilla y León;Ávila;GASOLINA  AUTO. S/PB 95 I.O.;1982
2024-05;Castilla y León;Ávila;GASOLINA  AUTO. S/PB 98 I.O.;67
2024-05;Castilla y León;Ávila;OTRAS GASOLINAS;0
2024-05;Castilla y León;Ávila;FUELÓLEO  BIA;0
2024-05;Castilla y León;Ávila;OTROS FUELÓLEOS;0
2024-05;Castilla y León;Ávila;QUEROSENO AVIACIÓN;5
2024-05;Castilla y León;Ávila;OTROS QUEROSENOS;0
2024-05;Castilla y León;Ávila;GLP;531
2024-05;Castilla y León;Burgos;BIODIESEL;58
2024-05;Castilla y León;Burgos;GASÓLEO A;25175
2024-05;Castilla y León;Burgos;GASÓLEO B;5198
2024-05;Castilla y León;Burgos;GASÓLEO C;822
2024-05;Castilla y León;Burgos;OTROS GASOLEOS;0
2024-05;Castilla y León;Burgos;BIOETANOL;0
2024-05;Castilla y León;Burgos;GASOLINA  AUTO. S/PB 95 I.O.;4691
2024-05;Castilla y León;Burgos;GASOLINA  AUTO. S/PB 98 I.O.;236
2024-05;Castilla y León;Burgos;OTRAS GASOLINAS;22
2024-05;Castilla y León;Burgos;FUELÓLEO  BIA;197
2024-05;Castilla y León;Burgos;OTROS FUELÓLEOS;0
2024-05;Castilla y León;Burgos;QUEROSENO AVIACIÓN;22
2024-05;Castilla y León;Burgos;OTROS QUEROSENOS;0
2024-05;Castilla y León;Burgos;GLP;744
2024-05;Castilla y León;León;BIODIESEL;2
2024-05;Castilla y León;León;GASÓLEO A;24454
2024-05;Castilla y León;León;GASÓLEO B;8627
2024-05;Castilla y León;León;GASÓLEO C;2886
2024-05;Castilla y León;León;OTROS GASOLEOS;0
2024-05;Castilla y León;León;BIOETANOL;0
2024-05;Castilla y León;León;GASOLINA  AUTO. S/PB 95 I.O.;5179
2024-05;Castilla y León;León;GASOLINA  AUTO. S/PB 98 I.O.;235
2024-05;Castilla y León;León;OTRAS GASOLINAS;0
2024-05;Castilla y León;León;FUELÓLEO  BIA;182
2024-05;Castilla y León;León;OTROS FUELÓLEOS;0
2024-05;Castilla y León;León;QUEROSENO AVIACIÓN;54
2024-05;Castilla y León;León;OTROS QUEROSENOS;0
2024-05;Castilla y León;León;GLP;1048
2024-05;Castilla y León;Palencia;BIODIESEL;48
2024-05;Castilla y León;Palencia;GASÓLEO A;11357
2024-05;Castilla y León;Palencia;GASÓLEO B;5907
2024-05;Castilla y León;Palencia;GASÓLEO C;556
2024-05;Castilla y León;Palencia;OTROS GASOLEOS;0
2024-05;Castilla y León;Palencia;BIOETANOL;0
2024-05;Castilla y León;Palencia;GASOLINA  AUTO. S/PB 95 I.O.;1748
2024-05;Castilla y León;Palencia;GASOLINA  AUTO. S/PB 98 I.O.;76
2024-05;Castilla y León;Palencia;OTRAS GASOLINAS;0
2024-05;Castilla y León;Palencia;FUELÓLEO  BIA;0
2024-05;Castilla y León;Palencia;OTROS FUELÓLEOS;0
2024-05;Castilla y León;Palencia;QUEROSENO AVIACIÓN;0
2024-05;Castilla y León;Palencia;OTROS QUEROSENOS;0
2024-05;Castilla y León;Palencia;GLP;337
2024-05;Castilla y León;Salamanca;BIODIESEL;4
2024-05;Castilla y León;Salamanca;GASÓLEO A;20404
2024-05;Castilla y León;Salamanca;GASÓLEO B;4746
2024-05;Castilla y León;Salamanca;GASÓLEO C;1515
2024-05;Castilla y León;Salamanca;OTROS GASOLEOS;0
2024-05;Castilla y León;Salamanca;BIOETANOL;0
2024-05;Castilla y León;Salamanca;GASOLINA  AUTO. S/PB 95 I.O.;3120
2024-05;Castilla y León;Salamanca;GASOLINA  AUTO. S/PB 98 I.O.;125
2024-05;Castilla y León;Salamanca;OTRAS GASOLINAS;28
2024-05;Castilla y León;Salamanca;FUELÓLEO  BIA;0
2024-05;Castilla y León;Salamanca;OTROS FUELÓLEOS;0
2024-05;Castilla y León;Salamanca;QUEROSENO AVIACIÓN;33
2024-05;Castilla y León;Salamanca;OTROS QUEROSENOS;0
2024-05;Castilla y León;Salamanca;GLP;815
2024-05;Castilla y León;Segovia;BIODIESEL;0
2024-05;Castilla y León;Segovia;GASÓLEO A;9513
2024-05;Castilla y León;Segovia;GASÓLEO B;3747
2024-05;Castilla y León;Segovia;GASÓLEO C;1157
2024-05;Castilla y León;Segovia;OTROS GASOLEOS;0
2024-05;Castilla y León;Segovia;BIOETANOL;0
2024-05;Castilla y León;Segovia;GASOLINA  AUTO. S/PB 95 I.O.;2297
2024-05;Castilla y León;Segovia;GASOLINA  AUTO. S/PB 98 I.O.;105
2024-05;Castilla y León;Segovia;OTRAS GASOLINAS;2
2024-05;Castilla y León;Segovia;FUELÓLEO  BIA;25
2024-05;Castilla y León;Segovia;OTROS FUELÓLEOS;0
2024-05;Castilla y León;Segovia;QUEROSENO AVIACIÓN;0
2024-05;Castilla y León;Segovia;OTROS QUEROSENOS;0
2024-05;Castilla y León;Segovia;GLP;564
2024-05;Castilla y León;Soria;BIODIESEL;4
2024-05;Castilla y León;Soria;GASÓLEO A;6255
2024-05;Castilla y León;Soria;GASÓLEO B;2496
2024-05;Castilla y León;Soria;GASÓLEO C;559
2024-05;Castilla y León;Soria;OTROS GASOLEOS;0
2024-05;Castilla y León;Soria;BIOETANOL;0
2024-05;Castilla y León;Soria;GASOLINA  AUTO. S/PB 95 I.O.;1198
2024-05;Castilla y León;Soria;GASOLINA  AUTO. S/PB 98 I.O.;45
2024-05;Castilla y León;Soria;OTRAS GASOLINAS;17
2024-05;Castilla y León;Soria;FUELÓLEO  BIA;0
2024-05;Castilla y León;Soria;OTROS FUELÓLEOS;0
2024-05;Castilla y León;Soria;QUEROSENO AVIACIÓN;0
2024-05;Castilla y León;Soria;OTROS QUEROSENOS;0
2024-05;Castilla y León;Soria;GLP;248
2024-05;Castilla y León;Valladolid;BIODIESEL;17
2024-05;Castilla y León;Valladolid;GASÓLEO A;21207
2024-05;Castilla y León;Valladolid;GASÓLEO B;5826
2024-05;Castilla y León;Valladolid;GASÓLEO C;1308
2024-05;Castilla y León;Valladolid;OTROS GASOLEOS;0
2024-05;Castilla y León;Valladolid;BIOETANOL;0
2024-05;Castilla y León;Valladolid;GASOLINA  AUTO. S/PB 95 I.O.;6325
2024-05;Castilla y León;Valladolid;GASOLINA  AUTO. S/PB 98 I.O.;224
2024-05;Castilla y León;Valladolid;OTRAS GASOLINAS;4
2024-05;Castilla y León;Valladolid;FUELÓLEO  BIA;131
2024-05;Castilla y León;Valladolid;OTROS FUELÓLEOS;0
2024-05;Castilla y León;Valladolid;QUEROSENO AVIACIÓN;412
2024-05;Castilla y León;Valladolid;OTROS QUEROSENOS;0
2024-05;Castilla y León;Valladolid;GLP;775
2024-05;Castilla y León;Zamora;BIODIESEL;3
2024-05;Castilla y León;Zamora;GASÓLEO A;14520
2024-05;Castilla y León;Zamora;GASÓLEO B;5281
2024-05;Castilla y León;Zamora;GASÓLEO C;333
2024-05;Castilla y León;Zamora;OTROS GASOLEOS;0
2024-05;Castilla y León;Zamora;BIOETANOL;0
2024-05;Castilla y León;Zamora;GASOLINA  AUTO. S/PB 95 I.O.;2051
2024-05;Castilla y León;Zamora;GASOLINA  AUTO. S/PB 98 I.O.;111
2024-05;Castilla y León;Zamora;OTRAS GASOLINAS;0
2024-05;Castilla y León;Zamora;FUELÓLEO  BIA;54
2024-05;Castilla y León;Zamora;OTROS FUELÓLEOS;0
2024-05;Castilla y León;Zamora;QUEROSENO AVIACIÓN;0
2024-05;Castilla y León;Zamora;OTROS QUEROSENOS;0
2024-05;Castilla y León;Zamora;GLP;413
2024-05;Cataluña;Barcelona;BIODIESEL;142
2024-05;Cataluña;Barcelona;GASÓLEO A;132130
2024-05;Cataluña;Barcelona;GASÓLEO B;14206
2024-05;Cataluña;Barcelona;GASÓLEO C;1723
2024-05;Cataluña;Barcelona;OTROS GASOLEOS;26327
2024-05;Cataluña;Barcelona;BIOETANOL;0
2024-05;Cataluña;Barcelona;GASOLINA  AUTO. S/PB 95 I.O.;58560
2024-05;Cataluña;Barcelona;GASOLINA  AUTO. S/PB 98 I.O.;2645
2024-05;Cataluña;Barcelona;OTRAS GASOLINAS;100
2024-05;Cataluña;Barcelona;FUELÓLEO  BIA;19805
2024-05;Cataluña;Barcelona;OTROS FUELÓLEOS;97612
2024-05;Cataluña;Barcelona;QUEROSENO AVIACIÓN;117312
2024-05;Cataluña;Barcelona;OTROS QUEROSENOS;0
2024-05;Cataluña;Barcelona;GLP;4659
2024-05;Cataluña;Girona;BIODIESEL;41
2024-05;Cataluña;Girona;GASÓLEO A;122740
2024-05;Cataluña;Girona;GASÓLEO B;5719
2024-05;Cataluña;Girona;GASÓLEO C;1537
2024-05;Cataluña;Girona;OTROS GASOLEOS;789
2024-05;Cataluña;Girona;BIOETANOL;0
2024-05;Cataluña;Girona;GASOLINA  AUTO. S/PB 95 I.O.;15555
2024-05;Cataluña;Girona;GASOLINA  AUTO. S/PB 98 I.O.;910
2024-05;Cataluña;Girona;OTRAS GASOLINAS;2
2024-05;Cataluña;Girona;FUELÓLEO  BIA;94
2024-05;Cataluña;Girona;OTROS FUELÓLEOS;0
2024-05;Cataluña;Girona;QUEROSENO AVIACIÓN;3032
2024-05;Cataluña;Girona;OTROS QUEROSENOS;0
2024-05;Cataluña;Girona;GLP;2499
2024-05;Cataluña;Lleida;BIODIESEL;0
2024-05;Cataluña;Lleida;GASÓLEO A;25124
2024-05;Cataluña;Lleida;GASÓLEO B;4994
2024-05;Cataluña;Lleida;GASÓLEO C;340
2024-05;Cataluña;Lleida;OTROS GASOLEOS;0
2024-05;Cataluña;Lleida;BIOETANOL;0
2024-05;Cataluña;Lleida;GASOLINA  AUTO. S/PB 95 I.O.;5249
2024-05;Cataluña;Lleida;GASOLINA  AUTO. S/PB 98 I.O.;251
2024-05;Cataluña;Lleida;OTRAS GASOLINAS;6
2024-05;Cataluña;Lleida;FUELÓLEO  BIA;25
2024-05;Cataluña;Lleida;OTROS FUELÓLEOS;0
2024-05;Cataluña;Lleida;QUEROSENO AVIACIÓN;68
2024-05;Cataluña;Lleida;OTROS QUEROSENOS;0
2024-05;Cataluña;Lleida;GLP;1564
2024-05;Cataluña;Tarragona;BIODIESEL;1
2024-05;Cataluña;Tarragona;GASÓLEO A;39026
2024-05;Cataluña;Tarragona;GASÓLEO B;4381
2024-05;Cataluña;Tarragona;GASÓLEO C;313
2024-05;Cataluña;Tarragona;OTROS GASOLEOS;1495
2024-05;Cataluña;Tarragona;BIOETANOL;0
2024-05;Cataluña;Tarragona;GASOLINA  AUTO. S/PB 95 I.O.;12093
2024-05;Cataluña;Tarragona;GASOLINA  AUTO. S/PB 98 I.O.;468
2024-05;Cataluña;Tarragona;OTRAS GASOLINAS;8
2024-05;Cataluña;Tarragona;FUELÓLEO  BIA;25
2024-05;Cataluña;Tarragona;OTROS FUELÓLEOS;78
2024-05;Cataluña;Tarragona;QUEROSENO AVIACIÓN;2413
2024-05;Cataluña;Tarragona;OTROS QUEROSENOS;0
2024-05;Cataluña;Tarragona;GLP;7350
2024-05;Ceuta;Ceuta;BIODIESEL;0
2024-05;Ceuta;Ceuta;GASÓLEO A;1031
2024-05;Ceuta;Ceuta;GASÓLEO B;0
2024-05;Ceuta;Ceuta;GASÓLEO C;81
2024-05;Ceuta;Ceuta;OTROS GASOLEOS;6893
2024-05;Ceuta;Ceuta;BIOETANOL;0
2024-05;Ceuta;Ceuta;GASOLINA  AUTO. S/PB 95 I.O.;543
2024-05;Ceuta;Ceuta;GASOLINA  AUTO. S/PB 98 I.O.;59
2024-05;Ceuta;Ceuta;OTRAS GASOLINAS;0
2024-05;Ceuta;Ceuta;FUELÓLEO  BIA;2485
2024-05;Ceuta;Ceuta;OTROS FUELÓLEOS;8419
2024-05;Ceuta;Ceuta;QUEROSENO AVIACIÓN;54
2024-05;Ceuta;Ceuta;OTROS QUEROSENOS;0
2024-05;Ceuta;Ceuta;GLP;125
2024-05;Comunitat Valenciana;Alicante/Alacant;BIODIESEL;56
2024-05;Comunitat Valenciana;Alicante/Alacant;GASÓLEO A;53435
2024-05;Comunitat Valenciana;Alicante/Alacant;GASÓLEO B;5643
2024-05;Comunitat Valenciana;Alicante/Alacant;GASÓLEO C;1260
2024-05;Comunitat Valenciana;Alicante/Alacant;OTROS GASOLEOS;1625
2024-05;Comunitat Valenciana;Alicante/Alacant;BIOETANOL;0
2024-05;Comunitat Valenciana;Alicante/Alacant;GASOLINA  AUTO. S/PB 95 I.O.;24950
2024-05;Comunitat Valenciana;Alicante/Alacant;GASOLINA  AUTO. S/PB 98 I.O.;1036
2024-05;Comunitat Valenciana;Alicante/Alacant;OTRAS GASOLINAS;0
2024-05;Comunitat Valenciana;Alicante/Alacant;FUELÓLEO  BIA;173
2024-05;Comunitat Valenciana;Alicante/Alacant;OTROS FUELÓLEOS;0
2024-05;Comunitat Valenciana;Alicante/Alacant;QUEROSENO AVIACIÓN;31494
2024-05;Comunitat Valenciana;Alicante/Alacant;OTROS QUEROSENOS;14
2024-05;Comunitat Valenciana;Alicante/Alacant;GLP;5107
2024-05;Comunitat Valenciana;Castellón/Castelló;BIODIESEL;0
2024-05;Comunitat Valenciana;Castellón/Castelló;GASÓLEO A;21165
2024-05;Comunitat Valenciana;Castellón/Castelló;GASÓLEO B;2045
2024-05;Comunitat Valenciana;Castellón/Castelló;GASÓLEO C;215
2024-05;Comunitat Valenciana;Castellón/Castelló;OTROS GASOLEOS;10737
2024-05;Comunitat Valenciana;Castellón/Castelló;BIOETANOL;0
2024-05;Comunitat Valenciana;Castellón/Castelló;GASOLINA  AUTO. S/PB 95 I.O.;7274
2024-05;Comunitat Valenciana;Castellón/Castelló;GASOLINA  AUTO. S/PB 98 I.O.;310
2024-05;Comunitat Valenciana;Castellón/Castelló;OTRAS GASOLINAS;24
2024-05;Comunitat Valenciana;Castellón/Castelló;FUELÓLEO  BIA;0
2024-05;Comunitat Valenciana;Castellón/Castelló;OTROS FUELÓLEOS;157
2024-05;Comunitat Valenciana;Castellón/Castelló;QUEROSENO AVIACIÓN;248
2024-05;Comunitat Valenciana;Castellón/Castelló;OTROS QUEROSENOS;0
2024-05;Comunitat Valenciana;Castellón/Castelló;GLP;1386
2024-05;Comunitat Valenciana;Valencia/València;BIODIESEL;60
2024-05;Comunitat Valenciana;Valencia/València;GASÓLEO A;104000
2024-05;Comunitat Valenciana;Valencia/València;GASÓLEO B;10377
2024-05;Comunitat Valenciana;Valencia/València;GASÓLEO C;681
2024-05;Comunitat Valenciana;Valencia/València;OTROS GASOLEOS;4810
2024-05;Comunitat Valenciana;Valencia/València;BIOETANOL;0
2024-05;Comunitat Valenciana;Valencia/València;GASOLINA  AUTO. S/PB 95 I.O.;27178
2024-05;Comunitat Valenciana;Valencia/València;GASOLINA  AUTO. S/PB 98 I.O.;1018
2024-05;Comunitat Valenciana;Valencia/València;OTRAS GASOLINAS;7
2024-05;Comunitat Valenciana;Valencia/València;FUELÓLEO  BIA;129
2024-05;Comunitat Valenciana;Valencia/València;OTROS FUELÓLEOS;20900
2024-05;Comunitat Valenciana;Valencia/València;QUEROSENO AVIACIÓN;14395
2024-05;Comunitat Valenciana;Valencia/València;OTROS QUEROSENOS;0
2024-05;Comunitat Valenciana;Valencia/València;GLP;3785
2024-05;Extremadura;Badajoz;BIODIESEL;55
2024-05;Extremadura;Badajoz;GASÓLEO A;46384
2024-05;Extremadura;Badajoz;GASÓLEO B;10302
2024-05;Extremadura;Badajoz;GASÓLEO C;257
2024-05;Extremadura;Badajoz;OTROS GASOLEOS;0
2024-05;Extremadura;Badajoz;BIOETANOL;0
2024-05;Extremadura;Badajoz;GASOLINA  AUTO. S/PB 95 I.O.;5972
2024-05;Extremadura;Badajoz;GASOLINA  AUTO. S/PB 98 I.O.;192
2024-05;Extremadura;Badajoz;OTRAS GASOLINAS;1
2024-05;Extremadura;Badajoz;FUELÓLEO  BIA;81
2024-05;Extremadura;Badajoz;OTROS FUELÓLEOS;0
2024-05;Extremadura;Badajoz;QUEROSENO AVIACIÓN;115
2024-05;Extremadura;Badajoz;OTROS QUEROSENOS;0
2024-05;Extremadura;Badajoz;GLP;2044
2024-05;Extremadura;Cáceres;BIODIESEL;0
2024-05;Extremadura;Cáceres;GASÓLEO A;17999
2024-05;Extremadura;Cáceres;GASÓLEO B;3854
2024-05;Extremadura;Cáceres;GASÓLEO C;326
2024-05;Extremadura;Cáceres;OTROS GASOLEOS;0
2024-05;Extremadura;Cáceres;BIOETANOL;0
2024-05;Extremadura;Cáceres;GASOLINA  AUTO. S/PB 95 I.O.;3907
2024-05;Extremadura;Cáceres;GASOLINA  AUTO. S/PB 98 I.O.;127
2024-05;Extremadura;Cáceres;OTRAS GASOLINAS;0
2024-05;Extremadura;Cáceres;FUELÓLEO  BIA;131
2024-05;Extremadura;Cáceres;OTROS FUELÓLEOS;0
2024-05;Extremadura;Cáceres;QUEROSENO AVIACIÓN;24
2024-05;Extremadura;Cáceres;OTROS QUEROSENOS;0
2024-05;Extremadura;Cáceres;GLP;1326
2024-05;Galicia;Coruña, A;BIODIESEL;24
2024-05;Galicia;Coruña, A;GASÓLEO A;40325
2024-05;Galicia;Coruña, A;GASÓLEO B;9228
2024-05;Galicia;Coruña, A;GASÓLEO C;3025
2024-05;Galicia;Coruña, A;OTROS GASOLEOS;3791
2024-05;Galicia;Coruña, A;BIOETANOL;0
2024-05;Galicia;Coruña, A;GASOLINA  AUTO. S/PB 95 I.O.;10369
2024-05;Galicia;Coruña, A;GASOLINA  AUTO. S/PB 98 I.O.;419
2024-05;Galicia;Coruña, A;OTRAS GASOLINAS;4
2024-05;Galicia;Coruña, A;FUELÓLEO  BIA;7325
2024-05;Galicia;Coruña, A;OTROS FUELÓLEOS;2099
2024-05;Galicia;Coruña, A;QUEROSENO AVIACIÓN;5214
2024-05;Galicia;Coruña, A;OTROS QUEROSENOS;0
2024-05;Galicia;Coruña, A;GLP;3159
2024-05;Galicia;Lugo;BIODIESEL;0
2024-05;Galicia;Lugo;GASÓLEO A;19343
2024-05;Galicia;Lugo;GASÓLEO B;6518
2024-05;Galicia;Lugo;GASÓLEO C;1883
2024-05;Galicia;Lugo;OTROS GASOLEOS;1871
2024-05;Galicia;Lugo;BIOETANOL;0
2024-05;Galicia;Lugo;GASOLINA  AUTO. S/PB 95 I.O.;2940
2024-05;Galicia;Lugo;GASOLINA  AUTO. S/PB 98 I.O.;122
2024-05;Galicia;Lugo;OTRAS GASOLINAS;0
2024-05;Galicia;Lugo;FUELÓLEO  BIA;0
2024-05;Galicia;Lugo;OTROS FUELÓLEOS;0
2024-05;Galicia;Lugo;QUEROSENO AVIACIÓN;7
2024-05;Galicia;Lugo;OTROS QUEROSENOS;0
2024-05;Galicia;Lugo;GLP;1388
2024-05;Galicia;Ourense;BIODIESEL;0
2024-05;Galicia;Ourense;GASÓLEO A;13654
2024-05;Galicia;Ourense;GASÓLEO B;2943
2024-05;Galicia;Ourense;GASÓLEO C;2326
2024-05;Galicia;Ourense;OTROS GASOLEOS;0
2024-05;Galicia;Ourense;BIOETANOL;0
2024-05;Galicia;Ourense;GASOLINA  AUTO. S/PB 95 I.O.;2764
2024-05;Galicia;Ourense;GASOLINA  AUTO. S/PB 98 I.O.;164
2024-05;Galicia;Ourense;OTRAS GASOLINAS;0
2024-05;Galicia;Ourense;FUELÓLEO  BIA;52
2024-05;Galicia;Ourense;OTROS FUELÓLEOS;0
2024-05;Galicia;Ourense;QUEROSENO AVIACIÓN;14
2024-05;Galicia;Ourense;OTROS QUEROSENOS;0
2024-05;Galicia;Ourense;GLP;1170
2024-05;Galicia;Pontevedra;BIODIESEL;118
2024-05;Galicia;Pontevedra;GASÓLEO A;38255
2024-05;Galicia;Pontevedra;GASÓLEO B;5583
2024-05;Galicia;Pontevedra;GASÓLEO C;2699
2024-05;Galicia;Pontevedra;OTROS GASOLEOS;7291
2024-05;Galicia;Pontevedra;BIOETANOL;0
2024-05;Galicia;Pontevedra;GASOLINA  AUTO. S/PB 95 I.O.;8432
2024-05;Galicia;Pontevedra;GASOLINA  AUTO. S/PB 98 I.O.;436
2024-05;Galicia;Pontevedra;OTRAS GASOLINAS;1
2024-05;Galicia;Pontevedra;FUELÓLEO  BIA;947
2024-05;Galicia;Pontevedra;OTROS FUELÓLEOS;407
2024-05;Galicia;Pontevedra;QUEROSENO AVIACIÓN;114
2024-05;Galicia;Pontevedra;OTROS QUEROSENOS;0
2024-05;Galicia;Pontevedra;GLP;2907
2024-05;Madrid, Comunidad de;Madrid;BIODIESEL;331
2024-05;Madrid, Comunidad de;Madrid;GASÓLEO A;154057
2024-05;Madrid, Comunidad de;Madrid;GASÓLEO B;8361
2024-05;Madrid, Comunidad de;Madrid;GASÓLEO C;6153
2024-05;Madrid, Comunidad de;Madrid;OTROS GASOLEOS;0
2024-05;Madrid, Comunidad de;Madrid;BIOETANOL;0
2024-05;Madrid, Comunidad de;Madrid;GASOLINA  AUTO. S/PB 95 I.O.;66344
2024-05;Madrid, Comunidad de;Madrid;GASOLINA  AUTO. S/PB 98 I.O.;2392
2024-05;Madrid, Comunidad de;Madrid;OTRAS GASOLINAS;75
2024-05;Madrid, Comunidad de;Madrid;FUELÓLEO  BIA;341
2024-05;Madrid, Comunidad de;Madrid;OTROS FUELÓLEOS;0
2024-05;Madrid, Comunidad de;Madrid;QUEROSENO AVIACIÓN;229356
2024-05;Madrid, Comunidad de;Madrid;OTROS QUEROSENOS;0
2024-05;Madrid, Comunidad de;Madrid;GLP;7310
2024-05;Melilla;Melilla;BIODIESEL;0
2024-05;Melilla;Melilla;GASÓLEO A;1068
2024-05;Melilla;Melilla;GASÓLEO B;0
2024-05;Melilla;Melilla;GASÓLEO C;0
2024-05;Melilla;Melilla;OTROS GASOLEOS;0
2024-05;Melilla;Melilla;BIOETANOL;0
2024-05;Melilla;Melilla;GASOLINA  AUTO. S/PB 95 I.O.;584
2024-05;Melilla;Melilla;GASOLINA  AUTO. S/PB 98 I.O.;0
2024-05;Melilla;Melilla;OTRAS GASOLINAS;0
2024-05;Melilla;Melilla;FUELÓLEO  BIA;2485
2024-05;Melilla;Melilla;OTROS FUELÓLEOS;0
2024-05;Melilla;Melilla;QUEROSENO AVIACIÓN;130
2024-05;Melilla;Melilla;OTROS QUEROSENOS;0
2024-05;Melilla;Melilla;GLP;188
2024-05;Murcia, Región de;Murcia;BIODIESEL;509
2024-05;Murcia, Región de;Murcia;GASÓLEO A;93904
2024-05;Murcia, Región de;Murcia;GASÓLEO B;11803
2024-05;Murcia, Región de;Murcia;GASÓLEO C;499
2024-05;Murcia, Región de;Murcia;OTROS GASOLEOS;1135
2024-05;Murcia, Región de;Murcia;BIOETANOL;16
2024-05;Murcia, Región de;Murcia;GASOLINA  AUTO. S/PB 95 I.O.;15689
2024-05;Murcia, Región de;Murcia;GASOLINA  AUTO. S/PB 98 I.O.;608
2024-05;Murcia, Región de;Murcia;OTRAS GASOLINAS;0
2024-05;Murcia, Región de;Murcia;FUELÓLEO  BIA;228
2024-05;Murcia, Región de;Murcia;OTROS FUELÓLEOS;178
2024-05;Murcia, Región de;Murcia;QUEROSENO AVIACIÓN;1688
2024-05;Murcia, Región de;Murcia;OTROS QUEROSENOS;0
2024-05;Murcia, Región de;Murcia;GLP;3339
2024-05;Navarra, Comunidad Foral de;Navarra;BIODIESEL;131
2024-05;Navarra, Comunidad Foral de;Navarra;GASÓLEO A;56653
2024-05;Navarra, Comunidad Foral de;Navarra;GASÓLEO B;6010
2024-05;Navarra, Comunidad Foral de;Navarra;GASÓLEO C;509
2024-05;Navarra, Comunidad Foral de;Navarra;OTROS GASOLEOS;0
2024-05;Navarra, Comunidad Foral de;Navarra;BIOETANOL;0
2024-05;Navarra, Comunidad Foral de;Navarra;GASOLINA  AUTO. S/PB 95 I.O.;8129
2024-05;Navarra, Comunidad Foral de;Navarra;GASOLINA  AUTO. S/PB 98 I.O.;254
2024-05;Navarra, Comunidad Foral de;Navarra;OTRAS GASOLINAS;2
2024-05;Navarra, Comunidad Foral de;Navarra;FUELÓLEO  BIA;159
2024-05;Navarra, Comunidad Foral de;Navarra;OTROS FUELÓLEOS;0
2024-05;Navarra, Comunidad Foral de;Navarra;QUEROSENO AVIACIÓN;125
2024-05;Navarra, Comunidad Foral de;Navarra;OTROS QUEROSENOS;0
2024-05;Navarra, Comunidad Foral de;Navarra;GLP;1067
2024-05;País Vasco;Araba/Álava;BIODIESEL;76
2024-05;País Vasco;Araba/Álava;GASÓLEO A;47556
2024-05;País Vasco;Araba/Álava;GASÓLEO B;2762
2024-05;País Vasco;Araba/Álava;GASÓLEO C;677
2024-05;País Vasco;Araba/Álava;OTROS GASOLEOS;0
2024-05;País Vasco;Araba/Álava;BIOETANOL;0
2024-05;País Vasco;Araba/Álava;GASOLINA  AUTO. S/PB 95 I.O.;3142
2024-05;País Vasco;Araba/Álava;GASOLINA  AUTO. S/PB 98 I.O.;150
2024-05;País Vasco;Araba/Álava;OTRAS GASOLINAS;1
2024-05;País Vasco;Araba/Álava;FUELÓLEO  BIA;184
2024-05;País Vasco;Araba/Álava;OTROS FUELÓLEOS;0
2024-05;País Vasco;Araba/Álava;QUEROSENO AVIACIÓN;719
2024-05;País Vasco;Araba/Álava;OTROS QUEROSENOS;0
2024-05;País Vasco;Araba/Álava;GLP;359
2024-05;País Vasco;Bizkaia;BIODIESEL;557
2024-05;País Vasco;Bizkaia;GASÓLEO A;47655
2024-05;País Vasco;Bizkaia;GASÓLEO B;7379
2024-05;País Vasco;Bizkaia;GASÓLEO C;2398
2024-05;País Vasco;Bizkaia;OTROS GASOLEOS;1634
2024-05;País Vasco;Bizkaia;BIOETANOL;0
2024-05;País Vasco;Bizkaia;GASOLINA  AUTO. S/PB 95 I.O.;10155
2024-05;País Vasco;Bizkaia;GASOLINA  AUTO. S/PB 98 I.O.;399
2024-05;País Vasco;Bizkaia;OTRAS GASOLINAS;4
2024-05;País Vasco;Bizkaia;FUELÓLEO  BIA;317
2024-05;País Vasco;Bizkaia;OTROS FUELÓLEOS;0
2024-05;País Vasco;Bizkaia;QUEROSENO AVIACIÓN;6393
2024-05;País Vasco;Bizkaia;OTROS QUEROSENOS;2
2024-05;País Vasco;Bizkaia;GLP;1002
2024-05;País Vasco;Gipuzkoa;BIODIESEL;70
2024-05;País Vasco;Gipuzkoa;GASÓLEO A;64432
2024-05;País Vasco;Gipuzkoa;GASÓLEO B;1921
2024-05;País Vasco;Gipuzkoa;GASÓLEO C;208
2024-05;País Vasco;Gipuzkoa;OTROS GASOLEOS;762
2024-05;País Vasco;Gipuzkoa;BIOETANOL;0
2024-05;País Vasco;Gipuzkoa;GASOLINA  AUTO. S/PB 95 I.O.;7758
2024-05;País Vasco;Gipuzkoa;GASOLINA  AUTO. S/PB 98 I.O.;389
2024-05;País Vasco;Gipuzkoa;OTRAS GASOLINAS;1
2024-05;País Vasco;Gipuzkoa;FUELÓLEO  BIA;102
2024-05;País Vasco;Gipuzkoa;OTROS FUELÓLEOS;0
2024-05;País Vasco;Gipuzkoa;QUEROSENO AVIACIÓN;536
2024-05;País Vasco;Gipuzkoa;OTROS QUEROSENOS;0
2024-05;País Vasco;Gipuzkoa;GLP;1091
2024-05;Rioja, La;Rioja, La;BIODIESEL;0
2024-05;Rioja, La;Rioja, La;GASÓLEO A;12593
2024-05;Rioja, La;Rioja, La;GASÓLEO B;2943
2024-05;Rioja, La;Rioja, La;GASÓLEO C;799
2024-05;Rioja, La;Rioja, La;OTROS GASOLEOS;0
2024-05;Rioja, La;Rioja, La;BIOETANOL;0
2024-05;Rioja, La;Rioja, La;GASOLINA  AUTO. S/PB 95 I.O.;2823
2024-05;Rioja, La;Rioja, La;GASOLINA  AUTO. S/PB 98 I.O.;102
2024-05;Rioja, La;Rioja, La;OTRAS GASOLINAS;4
2024-05;Rioja, La;Rioja, La;FUELÓLEO  BIA;25
2024-05;Rioja, La;Rioja, La;OTROS FUELÓLEOS;0
2024-05;Rioja, La;Rioja, La;QUEROSENO AVIACIÓN;8
2024-05;Rioja, La;Rioja, La;OTROS QUEROSENOS;0
2024-05;Rioja, La;Rioja, La;GLP;367
2024-06;Andalucía;Almería;BIODIESEL;136
2024-06;Andalucía;Almería;GASÓLEO A;32399
2024-06;Andalucía;Almería;GASÓLEO B;5226
2024-06;Andalucía;Almería;GASÓLEO C;120
2024-06;Andalucía;Almería;OTROS GASOLEOS;1751
2024-06;Andalucía;Almería;BIOETANOL;0
2024-06;Andalucía;Almería;GASOLINA  AUTO. S/PB 95 I.O.;6454
2024-06;Andalucía;Almería;GASOLINA  AUTO. S/PB 98 I.O.;282
2024-06;Andalucía;Almería;OTRAS GASOLINAS;1
2024-06;Andalucía;Almería;FUELÓLEO  BIA;108
2024-06;Andalucía;Almería;OTROS FUELÓLEOS;2091
2024-06;Andalucía;Almería;QUEROSENO AVIACIÓN;1130
2024-06;Andalucía;Almería;OTROS QUEROSENOS;0
2024-06;Andalucía;Almería;GLP;1443
2024-06;Andalucía;Cádiz;BIODIESEL;50
2024-06;Andalucía;Cádiz;GASÓLEO A;32614
2024-06;Andalucía;Cádiz;GASÓLEO B;6946
2024-06;Andalucía;Cádiz;GASÓLEO C;105
2024-06;Andalucía;Cádiz;OTROS GASOLEOS;32278
2024-06;Andalucía;Cádiz;BIOETANOL;0
2024-06;Andalucía;Cádiz;GASOLINA  AUTO. S/PB 95 I.O.;12045
2024-06;Andalucía;Cádiz;GASOLINA  AUTO. S/PB 98 I.O.;412
2024-06;Andalucía;Cádiz;OTRAS GASOLINAS;52
2024-06;Andalucía;Cádiz;FUELÓLEO  BIA;33380
2024-06;Andalucía;Cádiz;OTROS FUELÓLEOS;219542
2024-06;Andalucía;Cádiz;QUEROSENO AVIACIÓN;1725
2024-06;Andalucía;Cádiz;OTROS QUEROSENOS;0
2024-06;Andalucía;Cádiz;GLP;2659
2024-06;Andalucía;Córdoba;BIODIESEL;0
2024-06;Andalucía;Córdoba;GASÓLEO A;31221
2024-06;Andalucía;Córdoba;GASÓLEO B;9208
2024-06;Andalucía;Córdoba;GASÓLEO C;292
2024-06;Andalucía;Córdoba;OTROS GASOLEOS;0
2024-06;Andalucía;Córdoba;BIOETANOL;0
2024-06;Andalucía;Córdoba;GASOLINA  AUTO. S/PB 95 I.O.;5404
2024-06;Andalucía;Córdoba;GASOLINA  AUTO. S/PB 98 I.O.;133
2024-06;Andalucía;Córdoba;OTRAS GASOLINAS;9
2024-06;Andalucía;Córdoba;FUELÓLEO  BIA;25
2024-06;Andalucía;Córdoba;OTROS FUELÓLEOS;0
2024-06;Andalucía;Córdoba;QUEROSENO AVIACIÓN;109
2024-06;Andalucía;Córdoba;OTROS QUEROSENOS;0
2024-06;Andalucía;Córdoba;GLP;1337
2024-06;Andalucía;Granada;BIODIESEL;16
2024-06;Andalucía;Granada;GASÓLEO A;32978
2024-06;Andalucía;Granada;GASÓLEO B;5561
2024-06;Andalucía;Granada;GASÓLEO C;699
2024-06;Andalucía;Granada;OTROS GASOLEOS;408
2024-06;Andalucía;Granada;BIOETANOL;0
2024-06;Andalucía;Granada;GASOLINA  AUTO. S/PB 95 I.O.;8298
2024-06;Andalucía;Granada;GASOLINA  AUTO. S/PB 98 I.O.;379
2024-06;Andalucía;Granada;OTRAS GASOLINAS;5
2024-06;Andalucía;Granada;FUELÓLEO  BIA;203
2024-06;Andalucía;Granada;OTROS FUELÓLEOS;721
2024-06;Andalucía;Granada;QUEROSENO AVIACIÓN;887
2024-06;Andalucía;Granada;OTROS QUEROSENOS;0
2024-06;Andalucía;Granada;GLP;1894
2024-06;Andalucía;Huelva;BIODIESEL;0
2024-06;Andalucía;Huelva;GASÓLEO A;22400
2024-06;Andalucía;Huelva;GASÓLEO B;9412
2024-06;Andalucía;Huelva;GASÓLEO C;90
2024-06;Andalucía;Huelva;OTROS GASOLEOS;2503
2024-06;Andalucía;Huelva;BIOETANOL;0
2024-06;Andalucía;Huelva;GASOLINA  AUTO. S/PB 95 I.O.;5412
2024-06;Andalucía;Huelva;GASOLINA  AUTO. S/PB 98 I.O.;158
2024-06;Andalucía;Huelva;OTRAS GASOLINAS;0
2024-06;Andalucía;Huelva;FUELÓLEO  BIA;531
2024-06;Andalucía;Huelva;OTROS FUELÓLEOS;10400
2024-06;Andalucía;Huelva;QUEROSENO AVIACIÓN;16
2024-06;Andalucía;Huelva;OTROS QUEROSENOS;0
2024-06;Andalucía;Huelva;GLP;1697
2024-06;Andalucía;Jaén;BIODIESEL;78
2024-06;Andalucía;Jaén;GASÓLEO A;28472
2024-06;Andalucía;Jaén;GASÓLEO B;4426
2024-06;Andalucía;Jaén;GASÓLEO C;291
2024-06;Andalucía;Jaén;OTROS GASOLEOS;0
2024-06;Andalucía;Jaén;BIOETANOL;0
2024-06;Andalucía;Jaén;GASOLINA  AUTO. S/PB 95 I.O.;4363
2024-06;Andalucía;Jaén;GASOLINA  AUTO. S/PB 98 I.O.;127
2024-06;Andalucía;Jaén;OTRAS GASOLINAS;0
2024-06;Andalucía;Jaén;FUELÓLEO  BIA;0
2024-06;Andalucía;Jaén;OTROS FUELÓLEOS;0
2024-06;Andalucía;Jaén;QUEROSENO AVIACIÓN;26
2024-06;Andalucía;Jaén;OTROS QUEROSENOS;0
2024-06;Andalucía;Jaén;GLP;1223
2024-06;Andalucía;Málaga;BIODIESEL;108
2024-06;Andalucía;Málaga;GASÓLEO A;47567
2024-06;Andalucía;Málaga;GASÓLEO B;4350
2024-06;Andalucía;Málaga;GASÓLEO C;256
2024-06;Andalucía;Málaga;OTROS GASOLEOS;1094
2024-06;Andalucía;Málaga;BIOETANOL;0
2024-06;Andalucía;Málaga;GASOLINA  AUTO. S/PB 95 I.O.;20507
2024-06;Andalucía;Málaga;GASOLINA  AUTO. S/PB 98 I.O.;1218
2024-06;Andalucía;Málaga;OTRAS GASOLINAS;26
2024-06;Andalucía;Málaga;FUELÓLEO  BIA;25
2024-06;Andalucía;Málaga;OTROS FUELÓLEOS;581
2024-06;Andalucía;Málaga;QUEROSENO AVIACIÓN;47969
2024-06;Andalucía;Málaga;OTROS QUEROSENOS;0
2024-06;Andalucía;Málaga;GLP;3637
2024-06;Andalucía;Sevilla;BIODIESEL;26
2024-06;Andalucía;Sevilla;GASÓLEO A;57162
2024-06;Andalucía;Sevilla;GASÓLEO B;9767
2024-06;Andalucía;Sevilla;GASÓLEO C;409
2024-06;Andalucía;Sevilla;OTROS GASOLEOS;721
2024-06;Andalucía;Sevilla;BIOETANOL;0
2024-06;Andalucía;Sevilla;GASOLINA  AUTO. S/PB 95 I.O.;16397
2024-06;Andalucía;Sevilla;GASOLINA  AUTO. S/PB 98 I.O.;365
2024-06;Andalucía;Sevilla;OTRAS GASOLINAS;67
2024-06;Andalucía;Sevilla;FUELÓLEO  BIA;441
2024-06;Andalucía;Sevilla;OTROS FUELÓLEOS;0
2024-06;Andalucía;Sevilla;QUEROSENO AVIACIÓN;12555
2024-06;Andalucía;Sevilla;OTROS QUEROSENOS;0
2024-06;Andalucía;Sevilla;GLP;3021
2024-06;Aragón;Huesca;BIODIESEL;3
2024-06;Aragón;Huesca;GASÓLEO A;14628
2024-06;Aragón;Huesca;GASÓLEO B;7452
2024-06;Aragón;Huesca;GASÓLEO C;374
2024-06;Aragón;Huesca;OTROS GASOLEOS;0
2024-06;Aragón;Huesca;BIOETANOL;0
2024-06;Aragón;Huesca;GASOLINA  AUTO. S/PB 95 I.O.;3341
2024-06;Aragón;Huesca;GASOLINA  AUTO. S/PB 98 I.O.;211
2024-06;Aragón;Huesca;OTRAS GASOLINAS;0
2024-06;Aragón;Huesca;FUELÓLEO  BIA;0
2024-06;Aragón;Huesca;OTROS FUELÓLEOS;0
2024-06;Aragón;Huesca;QUEROSENO AVIACIÓN;28
2024-06;Aragón;Huesca;OTROS QUEROSENOS;0
2024-06;Aragón;Huesca;GLP;725
2024-06;Aragón;Teruel;BIODIESEL;5
2024-06;Aragón;Teruel;GASÓLEO A;8531
2024-06;Aragón;Teruel;GASÓLEO B;3931
2024-06;Aragón;Teruel;GASÓLEO C;463
2024-06;Aragón;Teruel;OTROS GASOLEOS;0
2024-06;Aragón;Teruel;BIOETANOL;0
2024-06;Aragón;Teruel;GASOLINA  AUTO. S/PB 95 I.O.;1732
2024-06;Aragón;Teruel;GASOLINA  AUTO. S/PB 98 I.O.;72
2024-06;Aragón;Teruel;OTRAS GASOLINAS;0
2024-06;Aragón;Teruel;FUELÓLEO  BIA;154
2024-06;Aragón;Teruel;OTROS FUELÓLEOS;0
2024-06;Aragón;Teruel;QUEROSENO AVIACIÓN;212
2024-06;Aragón;Teruel;OTROS QUEROSENOS;0
2024-06;Aragón;Teruel;GLP;322
2024-06;Aragón;Zaragoza;BIODIESEL;504
2024-06;Aragón;Zaragoza;GASÓLEO A;42515
2024-06;Aragón;Zaragoza;GASÓLEO B;10311
2024-06;Aragón;Zaragoza;GASÓLEO C;1366
2024-06;Aragón;Zaragoza;OTROS GASOLEOS;17
2024-06;Aragón;Zaragoza;BIOETANOL;0
2024-06;Aragón;Zaragoza;GASOLINA  AUTO. S/PB 95 I.O.;9285
2024-06;Aragón;Zaragoza;GASOLINA  AUTO. S/PB 98 I.O.;361
2024-06;Aragón;Zaragoza;OTRAS GASOLINAS;3
2024-06;Aragón;Zaragoza;FUELÓLEO  BIA;6
2024-06;Aragón;Zaragoza;OTROS FUELÓLEOS;0
2024-06;Aragón;Zaragoza;QUEROSENO AVIACIÓN;6330
2024-06;Aragón;Zaragoza;OTROS QUEROSENOS;0
2024-06;Aragón;Zaragoza;GLP;1102
2024-06;Asturias, Principado de;Asturias;BIODIESEL;29
2024-06;Asturias, Principado de;Asturias;GASÓLEO A;29828
2024-06;Asturias, Principado de;Asturias;GASÓLEO B;5648
2024-06;Asturias, Principado de;Asturias;GASÓLEO C;1322
2024-06;Asturias, Principado de;Asturias;OTROS GASOLEOS;3352
2024-06;Asturias, Principado de;Asturias;BIOETANOL;0
2024-06;Asturias, Principado de;Asturias;GASOLINA  AUTO. S/PB 95 I.O.;8755
2024-06;Asturias, Principado de;Asturias;GASOLINA  AUTO. S/PB 98 I.O.;511
2024-06;Asturias, Principado de;Asturias;OTRAS GASOLINAS;2
2024-06;Asturias, Principado de;Asturias;FUELÓLEO  BIA;1165
2024-06;Asturias, Principado de;Asturias;OTROS FUELÓLEOS;300
2024-06;Asturias, Principado de;Asturias;QUEROSENO AVIACIÓN;1514
2024-06;Asturias, Principado de;Asturias;OTROS QUEROSENOS;0
2024-06;Asturias, Principado de;Asturias;GLP;1592
2024-06;Balears, Illes;Balears, Illes;BIODIESEL;3
2024-06;Balears, Illes;Balears, Illes;GASÓLEO A;33641
2024-06;Balears, Illes;Balears, Illes;GASÓLEO B;3142
2024-06;Balears, Illes;Balears, Illes;GASÓLEO C;11079
2024-06;Balears, Illes;Balears, Illes;OTROS GASOLEOS;7430
2024-06;Balears, Illes;Balears, Illes;BIOETANOL;0
2024-06;Balears, Illes;Balears, Illes;GASOLINA  AUTO. S/PB 95 I.O.;26008
2024-06;Balears, Illes;Balears, Illes;GASOLINA  AUTO. S/PB 98 I.O.;1069
2024-06;Balears, Illes;Balears, Illes;OTRAS GASOLINAS;34
2024-06;Balears, Illes;Balears, Illes;FUELÓLEO  BIA;0
2024-06;Balears, Illes;Balears, Illes;OTROS FUELÓLEOS;0
2024-06;Balears, Illes;Balears, Illes;QUEROSENO AVIACIÓN;88067
2024-06;Balears, Illes;Balears, Illes;OTROS QUEROSENOS;0
2024-06;Balears, Illes;Balears, Illes;GLP;3854
2024-06;Canarias;Palmas, Las;BIODIESEL;0
2024-06;Canarias;Palmas, Las;GASÓLEO A;30524
2024-06;Canarias;Palmas, Las;GASÓLEO B;0
2024-06;Canarias;Palmas, Las;GASÓLEO C;0
2024-06;Canarias;Palmas, Las;OTROS GASOLEOS;78267
2024-06;Canarias;Palmas, Las;BIOETANOL;0
2024-06;Canarias;Palmas, Las;GASOLINA  AUTO. S/PB 95 I.O.;17485
2024-06;Canarias;Palmas, Las;GASOLINA  AUTO. S/PB 98 I.O.;3225
2024-06;Canarias;Palmas, Las;OTRAS GASOLINAS;1
2024-06;Canarias;Palmas, Las;FUELÓLEO  BIA;102756
2024-06;Canarias;Palmas, Las;OTROS FUELÓLEOS;54398
2024-06;Canarias;Palmas, Las;QUEROSENO AVIACIÓN;40625
2024-06;Canarias;Palmas, Las;OTROS QUEROSENOS;0
2024-06;Canarias;Palmas, Las;GLP;2737
2024-06;Canarias;Santa Cruz de Tenerife;BIODIESEL;0
2024-06;Canarias;Santa Cruz de Tenerife;GASÓLEO A;25936
2024-06;Canarias;Santa Cruz de Tenerife;GASÓLEO B;0
2024-06;Canarias;Santa Cruz de Tenerife;GASÓLEO C;0
2024-06;Canarias;Santa Cruz de Tenerife;OTROS GASOLEOS;45216
2024-06;Canarias;Santa Cruz de Tenerife;BIOETANOL;0
2024-06;Canarias;Santa Cruz de Tenerife;GASOLINA  AUTO. S/PB 95 I.O.;16595
2024-06;Canarias;Santa Cruz de Tenerife;GASOLINA  AUTO. S/PB 98 I.O.;4640
2024-06;Canarias;Santa Cruz de Tenerife;OTRAS GASOLINAS;0
2024-06;Canarias;Santa Cruz de Tenerife;FUELÓLEO  BIA;21411
2024-06;Canarias;Santa Cruz de Tenerife;OTROS FUELÓLEOS;27802
2024-06;Canarias;Santa Cruz de Tenerife;QUEROSENO AVIACIÓN;41301
2024-06;Canarias;Santa Cruz de Tenerife;OTROS QUEROSENOS;0
2024-06;Canarias;Santa Cruz de Tenerife;GLP;3250
2024-06;Cantabria;Cantabria;BIODIESEL;299
2024-06;Cantabria;Cantabria;GASÓLEO A;22211
2024-06;Cantabria;Cantabria;GASÓLEO B;3772
2024-06;Cantabria;Cantabria;GASÓLEO C;134
2024-06;Cantabria;Cantabria;OTROS GASOLEOS;997
2024-06;Cantabria;Cantabria;BIOETANOL;0
2024-06;Cantabria;Cantabria;GASOLINA  AUTO. S/PB 95 I.O.;6601
2024-06;Cantabria;Cantabria;GASOLINA  AUTO. S/PB 98 I.O.;293
2024-06;Cantabria;Cantabria;OTRAS GASOLINAS;1
2024-06;Cantabria;Cantabria;FUELÓLEO  BIA;284
2024-06;Cantabria;Cantabria;OTROS FUELÓLEOS;0
2024-06;Cantabria;Cantabria;QUEROSENO AVIACIÓN;893
2024-06;Cantabria;Cantabria;OTROS QUEROSENOS;0
2024-06;Cantabria;Cantabria;GLP;939
2024-06;Castilla - La Mancha;Albacete;BIODIESEL;56
2024-06;Castilla - La Mancha;Albacete;GASÓLEO A;17475
2024-06;Castilla - La Mancha;Albacete;GASÓLEO B;6276
2024-06;Castilla - La Mancha;Albacete;GASÓLEO C;335
2024-06;Castilla - La Mancha;Albacete;OTROS GASOLEOS;0
2024-06;Castilla - La Mancha;Albacete;BIOETANOL;0
2024-06;Castilla - La Mancha;Albacete;GASOLINA  AUTO. S/PB 95 I.O.;3657
2024-06;Castilla - La Mancha;Albacete;GASOLINA  AUTO. S/PB 98 I.O.;152
2024-06;Castilla - La Mancha;Albacete;OTRAS GASOLINAS;0
2024-06;Castilla - La Mancha;Albacete;FUELÓLEO  BIA;51
2024-06;Castilla - La Mancha;Albacete;OTROS FUELÓLEOS;0
2024-06;Castilla - La Mancha;Albacete;QUEROSENO AVIACIÓN;50
2024-06;Castilla - La Mancha;Albacete;OTROS QUEROSENOS;0
2024-06;Castilla - La Mancha;Albacete;GLP;536
2024-06;Castilla - La Mancha;Ciudad Real;BIODIESEL;72
2024-06;Castilla - La Mancha;Ciudad Real;GASÓLEO A;24328
2024-06;Castilla - La Mancha;Ciudad Real;GASÓLEO B;8613
2024-06;Castilla - La Mancha;Ciudad Real;GASÓLEO C;324
2024-06;Castilla - La Mancha;Ciudad Real;OTROS GASOLEOS;0
2024-06;Castilla - La Mancha;Ciudad Real;BIOETANOL;0
2024-06;Castilla - La Mancha;Ciudad Real;GASOLINA  AUTO. S/PB 95 I.O.;4015
2024-06;Castilla - La Mancha;Ciudad Real;GASOLINA  AUTO. S/PB 98 I.O.;123
2024-06;Castilla - La Mancha;Ciudad Real;OTRAS GASOLINAS;0
2024-06;Castilla - La Mancha;Ciudad Real;FUELÓLEO  BIA;51
2024-06;Castilla - La Mancha;Ciudad Real;OTROS FUELÓLEOS;0
2024-06;Castilla - La Mancha;Ciudad Real;QUEROSENO AVIACIÓN;10
2024-06;Castilla - La Mancha;Ciudad Real;OTROS QUEROSENOS;0
2024-06;Castilla - La Mancha;Ciudad Real;GLP;675
2024-06;Castilla - La Mancha;Cuenca;BIODIESEL;30
2024-06;Castilla - La Mancha;Cuenca;GASÓLEO A;15105
2024-06;Castilla - La Mancha;Cuenca;GASÓLEO B;6800
2024-06;Castilla - La Mancha;Cuenca;GASÓLEO C;184
2024-06;Castilla - La Mancha;Cuenca;OTROS GASOLEOS;0
2024-06;Castilla - La Mancha;Cuenca;BIOETANOL;0
2024-06;Castilla - La Mancha;Cuenca;GASOLINA  AUTO. S/PB 95 I.O.;2860
2024-06;Castilla - La Mancha;Cuenca;GASOLINA  AUTO. S/PB 98 I.O.;98
2024-06;Castilla - La Mancha;Cuenca;OTRAS GASOLINAS;3
2024-06;Castilla - La Mancha;Cuenca;FUELÓLEO  BIA;0
2024-06;Castilla - La Mancha;Cuenca;OTROS FUELÓLEOS;0
2024-06;Castilla - La Mancha;Cuenca;QUEROSENO AVIACIÓN;29
2024-06;Castilla - La Mancha;Cuenca;OTROS QUEROSENOS;0
2024-06;Castilla - La Mancha;Cuenca;GLP;376
2024-06;Castilla - La Mancha;Guadalajara;BIODIESEL;66
2024-06;Castilla - La Mancha;Guadalajara;GASÓLEO A;12588
2024-06;Castilla - La Mancha;Guadalajara;GASÓLEO B;2710
2024-06;Castilla - La Mancha;Guadalajara;GASÓLEO C;401
2024-06;Castilla - La Mancha;Guadalajara;OTROS GASOLEOS;0
2024-06;Castilla - La Mancha;Guadalajara;BIOETANOL;0
2024-06;Castilla - La Mancha;Guadalajara;GASOLINA  AUTO. S/PB 95 I.O.;3436
2024-06;Castilla - La Mancha;Guadalajara;GASOLINA  AUTO. S/PB 98 I.O.;128
2024-06;Castilla - La Mancha;Guadalajara;OTRAS GASOLINAS;0
2024-06;Castilla - La Mancha;Guadalajara;FUELÓLEO  BIA;54
2024-06;Castilla - La Mancha;Guadalajara;OTROS FUELÓLEOS;0
2024-06;Castilla - La Mancha;Guadalajara;QUEROSENO AVIACIÓN;16
2024-06;Castilla - La Mancha;Guadalajara;OTROS QUEROSENOS;0
2024-06;Castilla - La Mancha;Guadalajara;GLP;236
2024-06;Castilla - La Mancha;Toledo;BIODIESEL;70
2024-06;Castilla - La Mancha;Toledo;GASÓLEO A;35480
2024-06;Castilla - La Mancha;Toledo;GASÓLEO B;9282
2024-06;Castilla - La Mancha;Toledo;GASÓLEO C;1246
2024-06;Castilla - La Mancha;Toledo;OTROS GASOLEOS;0
2024-06;Castilla - La Mancha;Toledo;BIOETANOL;0
2024-06;Castilla - La Mancha;Toledo;GASOLINA  AUTO. S/PB 95 I.O.;8455
2024-06;Castilla - La Mancha;Toledo;GASOLINA  AUTO. S/PB 98 I.O.;263
2024-06;Castilla - La Mancha;Toledo;OTRAS GASOLINAS;0
2024-06;Castilla - La Mancha;Toledo;FUELÓLEO  BIA;191
2024-06;Castilla - La Mancha;Toledo;OTROS FUELÓLEOS;0
2024-06;Castilla - La Mancha;Toledo;QUEROSENO AVIACIÓN;84
2024-06;Castilla - La Mancha;Toledo;OTROS QUEROSENOS;0
2024-06;Castilla - La Mancha;Toledo;GLP;1021
2024-06;Castilla y León;Ávila;BIODIESEL;11
2024-06;Castilla y León;Ávila;GASÓLEO A;7292
2024-06;Castilla y León;Ávila;GASÓLEO B;2298
2024-06;Castilla y León;Ávila;GASÓLEO C;279
2024-06;Castilla y León;Ávila;OTROS GASOLEOS;0
2024-06;Castilla y León;Ávila;BIOETANOL;0
2024-06;Castilla y León;Ávila;GASOLINA  AUTO. S/PB 95 I.O.;2020
2024-06;Castilla y León;Ávila;GASOLINA  AUTO. S/PB 98 I.O.;70
2024-06;Castilla y León;Ávila;OTRAS GASOLINAS;0
2024-06;Castilla y León;Ávila;FUELÓLEO  BIA;0
2024-06;Castilla y León;Ávila;OTROS FUELÓLEOS;0
2024-06;Castilla y León;Ávila;QUEROSENO AVIACIÓN;17
2024-06;Castilla y León;Ávila;OTROS QUEROSENOS;0
2024-06;Castilla y León;Ávila;GLP;383
2024-06;Castilla y León;Burgos;BIODIESEL;94
2024-06;Castilla y León;Burgos;GASÓLEO A;19358
2024-06;Castilla y León;Burgos;GASÓLEO B;4440
2024-06;Castilla y León;Burgos;GASÓLEO C;297
2024-06;Castilla y León;Burgos;OTROS GASOLEOS;0
2024-06;Castilla y León;Burgos;BIOETANOL;0
2024-06;Castilla y León;Burgos;GASOLINA  AUTO. S/PB 95 I.O.;4735
2024-06;Castilla y León;Burgos;GASOLINA  AUTO. S/PB 98 I.O.;237
2024-06;Castilla y León;Burgos;OTRAS GASOLINAS;23
2024-06;Castilla y León;Burgos;FUELÓLEO  BIA;215
2024-06;Castilla y León;Burgos;OTROS FUELÓLEOS;0
2024-06;Castilla y León;Burgos;QUEROSENO AVIACIÓN;12
2024-06;Castilla y León;Burgos;OTROS QUEROSENOS;0
2024-06;Castilla y León;Burgos;GLP;551
2024-06;Castilla y León;León;BIODIESEL;0
2024-06;Castilla y León;León;GASÓLEO A;22570
2024-06;Castilla y León;León;GASÓLEO B;6615
2024-06;Castilla y León;León;GASÓLEO C;1422
2024-06;Castilla y León;León;OTROS GASOLEOS;0
2024-06;Castilla y León;León;BIOETANOL;0
2024-06;Castilla y León;León;GASOLINA  AUTO. S/PB 95 I.O.;4942
2024-06;Castilla y León;León;GASOLINA  AUTO. S/PB 98 I.O.;257
2024-06;Castilla y León;León;OTRAS GASOLINAS;0
2024-06;Castilla y León;León;FUELÓLEO  BIA;127
2024-06;Castilla y León;León;OTROS FUELÓLEOS;0
2024-06;Castilla y León;León;QUEROSENO AVIACIÓN;60
2024-06;Castilla y León;León;OTROS QUEROSENOS;0
2024-06;Castilla y León;León;GLP;780
2024-06;Castilla y León;Palencia;BIODIESEL;38
2024-06;Castilla y León;Palencia;GASÓLEO A;9382
2024-06;Castilla y León;Palencia;GASÓLEO B;5051
2024-06;Castilla y León;Palencia;GASÓLEO C;251
2024-06;Castilla y León;Palencia;OTROS GASOLEOS;0
2024-06;Castilla y León;Palencia;BIOETANOL;0
2024-06;Castilla y León;Palencia;GASOLINA  AUTO. S/PB 95 I.O.;1823
2024-06;Castilla y León;Palencia;GASOLINA  AUTO. S/PB 98 I.O.;88
2024-06;Castilla y León;Palencia;OTRAS GASOLINAS;0
2024-06;Castilla y León;Palencia;FUELÓLEO  BIA;25
2024-06;Castilla y León;Palencia;OTROS FUELÓLEOS;0
2024-06;Castilla y León;Palencia;QUEROSENO AVIACIÓN;0
2024-06;Castilla y León;Palencia;OTROS QUEROSENOS;0
2024-06;Castilla y León;Palencia;GLP;286
2024-06;Castilla y León;Salamanca;BIODIESEL;4
2024-06;Castilla y León;Salamanca;GASÓLEO A;18161
2024-06;Castilla y León;Salamanca;GASÓLEO B;4113
2024-06;Castilla y León;Salamanca;GASÓLEO C;673
2024-06;Castilla y León;Salamanca;OTROS GASOLEOS;0
2024-06;Castilla y León;Salamanca;BIOETANOL;0
2024-06;Castilla y León;Salamanca;GASOLINA  AUTO. S/PB 95 I.O.;3168
2024-06;Castilla y León;Salamanca;GASOLINA  AUTO. S/PB 98 I.O.;154
2024-06;Castilla y León;Salamanca;OTRAS GASOLINAS;27
2024-06;Castilla y León;Salamanca;FUELÓLEO  BIA;0
2024-06;Castilla y León;Salamanca;OTROS FUELÓLEOS;0
2024-06;Castilla y León;Salamanca;QUEROSENO AVIACIÓN;23
2024-06;Castilla y León;Salamanca;OTROS QUEROSENOS;0
2024-06;Castilla y León;Salamanca;GLP;482
2024-06;Castilla y León;Segovia;BIODIESEL;20
2024-06;Castilla y León;Segovia;GASÓLEO A;9569
2024-06;Castilla y León;Segovia;GASÓLEO B;3104
2024-06;Castilla y León;Segovia;GASÓLEO C;616
2024-06;Castilla y León;Segovia;OTROS GASOLEOS;0
2024-06;Castilla y León;Segovia;BIOETANOL;0
2024-06;Castilla y León;Segovia;GASOLINA  AUTO. S/PB 95 I.O.;2355
2024-06;Castilla y León;Segovia;GASOLINA  AUTO. S/PB 98 I.O.;81
2024-06;Castilla y León;Segovia;OTRAS GASOLINAS;0
2024-06;Castilla y León;Segovia;FUELÓLEO  BIA;25
2024-06;Castilla y León;Segovia;OTROS FUELÓLEOS;0
2024-06;Castilla y León;Segovia;QUEROSENO AVIACIÓN;8
2024-06;Castilla y León;Segovia;OTROS QUEROSENOS;0
2024-06;Castilla y León;Segovia;GLP;377
2024-06;Castilla y León;Soria;BIODIESEL;0
2024-06;Castilla y León;Soria;GASÓLEO A;5710
2024-06;Castilla y León;Soria;GASÓLEO B;1952
2024-06;Castilla y León;Soria;GASÓLEO C;179
2024-06;Castilla y León;Soria;OTROS GASOLEOS;0
2024-06;Castilla y León;Soria;BIOETANOL;0
2024-06;Castilla y León;Soria;GASOLINA  AUTO. S/PB 95 I.O.;1200
2024-06;Castilla y León;Soria;GASOLINA  AUTO. S/PB 98 I.O.;55
2024-06;Castilla y León;Soria;OTRAS GASOLINAS;9
2024-06;Castilla y León;Soria;FUELÓLEO  BIA;0
2024-06;Castilla y León;Soria;OTROS FUELÓLEOS;0
2024-06;Castilla y León;Soria;QUEROSENO AVIACIÓN;8
2024-06;Castilla y León;Soria;OTROS QUEROSENOS;0
2024-06;Castilla y León;Soria;GLP;179
2024-06;Castilla y León;Valladolid;BIODIESEL;47
2024-06;Castilla y León;Valladolid;GASÓLEO A;19181
2024-06;Castilla y León;Valladolid;GASÓLEO B;5780
2024-06;Castilla y León;Valladolid;GASÓLEO C;512
2024-06;Castilla y León;Valladolid;OTROS GASOLEOS;0
2024-06;Castilla y León;Valladolid;BIOETANOL;0
2024-06;Castilla y León;Valladolid;GASOLINA  AUTO. S/PB 95 I.O.;5134
2024-06;Castilla y León;Valladolid;GASOLINA  AUTO. S/PB 98 I.O.;221
2024-06;Castilla y León;Valladolid;OTRAS GASOLINAS;4
2024-06;Castilla y León;Valladolid;FUELÓLEO  BIA;103
2024-06;Castilla y León;Valladolid;OTROS FUELÓLEOS;0
2024-06;Castilla y León;Valladolid;QUEROSENO AVIACIÓN;263
2024-06;Castilla y León;Valladolid;OTROS QUEROSENOS;0
2024-06;Castilla y León;Valladolid;GLP;479
2024-06;Castilla y León;Zamora;BIODIESEL;0
2024-06;Castilla y León;Zamora;GASÓLEO A;14801
2024-06;Castilla y León;Zamora;GASÓLEO B;4503
2024-06;Castilla y León;Zamora;GASÓLEO C;193
2024-06;Castilla y León;Zamora;OTROS GASOLEOS;0
2024-06;Castilla y León;Zamora;BIOETANOL;0
2024-06;Castilla y León;Zamora;GASOLINA  AUTO. S/PB 95 I.O.;2030
2024-06;Castilla y León;Zamora;GASOLINA  AUTO. S/PB 98 I.O.;125
2024-06;Castilla y León;Zamora;OTRAS GASOLINAS;0
2024-06;Castilla y León;Zamora;FUELÓLEO  BIA;108
2024-06;Castilla y León;Zamora;OTROS FUELÓLEOS;0
2024-06;Castilla y León;Zamora;QUEROSENO AVIACIÓN;0
2024-06;Castilla y León;Zamora;OTROS QUEROSENOS;0
2024-06;Castilla y León;Zamora;GLP;370
2024-06;Cataluña;Barcelona;BIODIESEL;319
2024-06;Cataluña;Barcelona;GASÓLEO A;132434
2024-06;Cataluña;Barcelona;GASÓLEO B;13335
2024-06;Cataluña;Barcelona;GASÓLEO C;1053
2024-06;Cataluña;Barcelona;OTROS GASOLEOS;17711
2024-06;Cataluña;Barcelona;BIOETANOL;0
2024-06;Cataluña;Barcelona;GASOLINA  AUTO. S/PB 95 I.O.;58255
2024-06;Cataluña;Barcelona;GASOLINA  AUTO. S/PB 98 I.O.;2635
2024-06;Cataluña;Barcelona;OTRAS GASOLINAS;67
2024-06;Cataluña;Barcelona;FUELÓLEO  BIA;24341
2024-06;Cataluña;Barcelona;OTROS FUELÓLEOS;105500
2024-06;Cataluña;Barcelona;QUEROSENO AVIACIÓN;121228
2024-06;Cataluña;Barcelona;OTROS QUEROSENOS;0
2024-06;Cataluña;Barcelona;GLP;3890
2024-06;Cataluña;Girona;BIODIESEL;194
2024-06;Cataluña;Girona;GASÓLEO A;99316
2024-06;Cataluña;Girona;GASÓLEO B;5224
2024-06;Cataluña;Girona;GASÓLEO C;1002
2024-06;Cataluña;Girona;OTROS GASOLEOS;868
2024-06;Cataluña;Girona;BIOETANOL;0
2024-06;Cataluña;Girona;GASOLINA  AUTO. S/PB 95 I.O.;15307
2024-06;Cataluña;Girona;GASOLINA  AUTO. S/PB 98 I.O.;888
2024-06;Cataluña;Girona;OTRAS GASOLINAS;3
2024-06;Cataluña;Girona;FUELÓLEO  BIA;0
2024-06;Cataluña;Girona;OTROS FUELÓLEOS;0
2024-06;Cataluña;Girona;QUEROSENO AVIACIÓN;3893
2024-06;Cataluña;Girona;OTROS QUEROSENOS;0
2024-06;Cataluña;Girona;GLP;1797
2024-06;Cataluña;Lleida;BIODIESEL;2
2024-06;Cataluña;Lleida;GASÓLEO A;26438
2024-06;Cataluña;Lleida;GASÓLEO B;6387
2024-06;Cataluña;Lleida;GASÓLEO C;221
2024-06;Cataluña;Lleida;OTROS GASOLEOS;0
2024-06;Cataluña;Lleida;BIOETANOL;0
2024-06;Cataluña;Lleida;GASOLINA  AUTO. S/PB 95 I.O.;5258
2024-06;Cataluña;Lleida;GASOLINA  AUTO. S/PB 98 I.O.;264
2024-06;Cataluña;Lleida;OTRAS GASOLINAS;24
2024-06;Cataluña;Lleida;FUELÓLEO  BIA;50
2024-06;Cataluña;Lleida;OTROS FUELÓLEOS;0
2024-06;Cataluña;Lleida;QUEROSENO AVIACIÓN;78
2024-06;Cataluña;Lleida;OTROS QUEROSENOS;1
2024-06;Cataluña;Lleida;GLP;983
2024-06;Cataluña;Tarragona;BIODIESEL;0
2024-06;Cataluña;Tarragona;GASÓLEO A;31150
2024-06;Cataluña;Tarragona;GASÓLEO B;4072
2024-06;Cataluña;Tarragona;GASÓLEO C;264
2024-06;Cataluña;Tarragona;OTROS GASOLEOS;2173
2024-06;Cataluña;Tarragona;BIOETANOL;0
2024-06;Cataluña;Tarragona;GASOLINA  AUTO. S/PB 95 I.O.;11532
2024-06;Cataluña;Tarragona;GASOLINA  AUTO. S/PB 98 I.O.;494
2024-06;Cataluña;Tarragona;OTRAS GASOLINAS;8
2024-06;Cataluña;Tarragona;FUELÓLEO  BIA;0
2024-06;Cataluña;Tarragona;OTROS FUELÓLEOS;0
2024-06;Cataluña;Tarragona;QUEROSENO AVIACIÓN;2768
2024-06;Cataluña;Tarragona;OTROS QUEROSENOS;0
2024-06;Cataluña;Tarragona;GLP;5848
2024-06;Ceuta;Ceuta;BIODIESEL;0
2024-06;Ceuta;Ceuta;GASÓLEO A;1001
2024-06;Ceuta;Ceuta;GASÓLEO B;0
2024-06;Ceuta;Ceuta;GASÓLEO C;27
2024-06;Ceuta;Ceuta;OTROS GASOLEOS;6117
2024-06;Ceuta;Ceuta;BIOETANOL;0
2024-06;Ceuta;Ceuta;GASOLINA  AUTO. S/PB 95 I.O.;487
2024-06;Ceuta;Ceuta;GASOLINA  AUTO. S/PB 98 I.O.;59
2024-06;Ceuta;Ceuta;OTRAS GASOLINAS;0
2024-06;Ceuta;Ceuta;FUELÓLEO  BIA;4926
2024-06;Ceuta;Ceuta;OTROS FUELÓLEOS;33577
2024-06;Ceuta;Ceuta;QUEROSENO AVIACIÓN;27
2024-06;Ceuta;Ceuta;OTROS QUEROSENOS;0
2024-06;Ceuta;Ceuta;GLP;185
2024-06;Comunitat Valenciana;Alicante/Alacant;BIODIESEL;164
2024-06;Comunitat Valenciana;Alicante/Alacant;GASÓLEO A;59477
2024-06;Comunitat Valenciana;Alicante/Alacant;GASÓLEO B;5317
2024-06;Comunitat Valenciana;Alicante/Alacant;GASÓLEO C;1088
2024-06;Comunitat Valenciana;Alicante/Alacant;OTROS GASOLEOS;1786
2024-06;Comunitat Valenciana;Alicante/Alacant;BIOETANOL;0
2024-06;Comunitat Valenciana;Alicante/Alacant;GASOLINA  AUTO. S/PB 95 I.O.;24750
2024-06;Comunitat Valenciana;Alicante/Alacant;GASOLINA  AUTO. S/PB 98 I.O.;1003
2024-06;Comunitat Valenciana;Alicante/Alacant;OTRAS GASOLINAS;11
2024-06;Comunitat Valenciana;Alicante/Alacant;FUELÓLEO  BIA;164
2024-06;Comunitat Valenciana;Alicante/Alacant;OTROS FUELÓLEOS;0
2024-06;Comunitat Valenciana;Alicante/Alacant;QUEROSENO AVIACIÓN;31220
2024-06;Comunitat Valenciana;Alicante/Alacant;OTROS QUEROSENOS;11
2024-06;Comunitat Valenciana;Alicante/Alacant;GLP;3851
2024-06;Comunitat Valenciana;Castellón/Castelló;BIODIESEL;0
2024-06;Comunitat Valenciana;Castellón/Castelló;GASÓLEO A;20519
2024-06;Comunitat Valenciana;Castellón/Castelló;GASÓLEO B;1633
2024-06;Comunitat Valenciana;Castellón/Castelló;GASÓLEO C;153
2024-06;Comunitat Valenciana;Castellón/Castelló;OTROS GASOLEOS;9132
2024-06;Comunitat Valenciana;Castellón/Castelló;BIOETANOL;0
2024-06;Comunitat Valenciana;Castellón/Castelló;GASOLINA  AUTO. S/PB 95 I.O.;7356
2024-06;Comunitat Valenciana;Castellón/Castelló;GASOLINA  AUTO. S/PB 98 I.O.;329
2024-06;Comunitat Valenciana;Castellón/Castelló;OTRAS GASOLINAS;7
2024-06;Comunitat Valenciana;Castellón/Castelló;FUELÓLEO  BIA;0
2024-06;Comunitat Valenciana;Castellón/Castelló;OTROS FUELÓLEOS;204
2024-06;Comunitat Valenciana;Castellón/Castelló;QUEROSENO AVIACIÓN;274
2024-06;Comunitat Valenciana;Castellón/Castelló;OTROS QUEROSENOS;0
2024-06;Comunitat Valenciana;Castellón/Castelló;GLP;1093
2024-06;Comunitat Valenciana;Valencia/València;BIODIESEL;82
2024-06;Comunitat Valenciana;Valencia/València;GASÓLEO A;93088
2024-06;Comunitat Valenciana;Valencia/València;GASÓLEO B;9477
2024-06;Comunitat Valenciana;Valencia/València;GASÓLEO C;538
2024-06;Comunitat Valenciana;Valencia/València;OTROS GASOLEOS;5655
2024-06;Comunitat Valenciana;Valencia/València;BIOETANOL;0
2024-06;Comunitat Valenciana;Valencia/València;GASOLINA  AUTO. S/PB 95 I.O.;27997
2024-06;Comunitat Valenciana;Valencia/València;GASOLINA  AUTO. S/PB 98 I.O.;1020
2024-06;Comunitat Valenciana;Valencia/València;OTRAS GASOLINAS;5
2024-06;Comunitat Valenciana;Valencia/València;FUELÓLEO  BIA;67
2024-06;Comunitat Valenciana;Valencia/València;OTROS FUELÓLEOS;27312
2024-06;Comunitat Valenciana;Valencia/València;QUEROSENO AVIACIÓN;14597
2024-06;Comunitat Valenciana;Valencia/València;OTROS QUEROSENOS;0
2024-06;Comunitat Valenciana;Valencia/València;GLP;3034
2024-06;Extremadura;Badajoz;BIODIESEL;45
2024-06;Extremadura;Badajoz;GASÓLEO A;38691
2024-06;Extremadura;Badajoz;GASÓLEO B;9504
2024-06;Extremadura;Badajoz;GASÓLEO C;79
2024-06;Extremadura;Badajoz;OTROS GASOLEOS;0
2024-06;Extremadura;Badajoz;BIOETANOL;0
2024-06;Extremadura;Badajoz;GASOLINA  AUTO. S/PB 95 I.O.;5575
2024-06;Extremadura;Badajoz;GASOLINA  AUTO. S/PB 98 I.O.;169
2024-06;Extremadura;Badajoz;OTRAS GASOLINAS;2
2024-06;Extremadura;Badajoz;FUELÓLEO  BIA;155
2024-06;Extremadura;Badajoz;OTROS FUELÓLEOS;0
2024-06;Extremadura;Badajoz;QUEROSENO AVIACIÓN;135
2024-06;Extremadura;Badajoz;OTROS QUEROSENOS;0
2024-06;Extremadura;Badajoz;GLP;1453
2024-06;Extremadura;Cáceres;BIODIESEL;0
2024-06;Extremadura;Cáceres;GASÓLEO A;17334
2024-06;Extremadura;Cáceres;GASÓLEO B;2688
2024-06;Extremadura;Cáceres;GASÓLEO C;151
2024-06;Extremadura;Cáceres;OTROS GASOLEOS;0
2024-06;Extremadura;Cáceres;BIOETANOL;0
2024-06;Extremadura;Cáceres;GASOLINA  AUTO. S/PB 95 I.O.;3790
2024-06;Extremadura;Cáceres;GASOLINA  AUTO. S/PB 98 I.O.;108
2024-06;Extremadura;Cáceres;OTRAS GASOLINAS;0
2024-06;Extremadura;Cáceres;FUELÓLEO  BIA;101
2024-06;Extremadura;Cáceres;OTROS FUELÓLEOS;0
2024-06;Extremadura;Cáceres;QUEROSENO AVIACIÓN;10
2024-06;Extremadura;Cáceres;OTROS QUEROSENOS;0
2024-06;Extremadura;Cáceres;GLP;954
2024-06;Galicia;Coruña, A;BIODIESEL;70
2024-06;Galicia;Coruña, A;GASÓLEO A;33697
2024-06;Galicia;Coruña, A;GASÓLEO B;7623
2024-06;Galicia;Coruña, A;GASÓLEO C;2206
2024-06;Galicia;Coruña, A;OTROS GASOLEOS;4199
2024-06;Galicia;Coruña, A;BIOETANOL;0
2024-06;Galicia;Coruña, A;GASOLINA  AUTO. S/PB 95 I.O.;8724
2024-06;Galicia;Coruña, A;GASOLINA  AUTO. S/PB 98 I.O.;456
2024-06;Galicia;Coruña, A;OTRAS GASOLINAS;6
2024-06;Galicia;Coruña, A;FUELÓLEO  BIA;7556
2024-06;Galicia;Coruña, A;OTROS FUELÓLEOS;1758
2024-06;Galicia;Coruña, A;QUEROSENO AVIACIÓN;5450
2024-06;Galicia;Coruña, A;OTROS QUEROSENOS;0
2024-06;Galicia;Coruña, A;GLP;2768
2024-06;Galicia;Lugo;BIODIESEL;6
2024-06;Galicia;Lugo;GASÓLEO A;16967
2024-06;Galicia;Lugo;GASÓLEO B;6000
2024-06;Galicia;Lugo;GASÓLEO C;1020
2024-06;Galicia;Lugo;OTROS GASOLEOS;1264
2024-06;Galicia;Lugo;BIOETANOL;0
2024-06;Galicia;Lugo;GASOLINA  AUTO. S/PB 95 I.O.;2966
2024-06;Galicia;Lugo;GASOLINA  AUTO. S/PB 98 I.O.;125
2024-06;Galicia;Lugo;OTRAS GASOLINAS;7
2024-06;Galicia;Lugo;FUELÓLEO  BIA;38
2024-06;Galicia;Lugo;OTROS FUELÓLEOS;0
2024-06;Galicia;Lugo;QUEROSENO AVIACIÓN;0
2024-06;Galicia;Lugo;OTROS QUEROSENOS;0
2024-06;Galicia;Lugo;GLP;1029
2024-06;Galicia;Ourense;BIODIESEL;0
2024-06;Galicia;Ourense;GASÓLEO A;12819
2024-06;Galicia;Ourense;GASÓLEO B;2938
2024-06;Galicia;Ourense;GASÓLEO C;1415
2024-06;Galicia;Ourense;OTROS GASOLEOS;109
2024-06;Galicia;Ourense;BIOETANOL;0
2024-06;Galicia;Ourense;GASOLINA  AUTO. S/PB 95 I.O.;2765
2024-06;Galicia;Ourense;GASOLINA  AUTO. S/PB 98 I.O.;179
2024-06;Galicia;Ourense;OTRAS GASOLINAS;0
2024-06;Galicia;Ourense;FUELÓLEO  BIA;723
2024-06;Galicia;Ourense;OTROS FUELÓLEOS;0
2024-06;Galicia;Ourense;QUEROSENO AVIACIÓN;6
2024-06;Galicia;Ourense;OTROS QUEROSENOS;0
2024-06;Galicia;Ourense;GLP;816
2024-06;Galicia;Pontevedra;BIODIESEL;21
2024-06;Galicia;Pontevedra;GASÓLEO A;34608
2024-06;Galicia;Pontevedra;GASÓLEO B;5547
2024-06;Galicia;Pontevedra;GASÓLEO C;2423
2024-06;Galicia;Pontevedra;OTROS GASOLEOS;10925
2024-06;Galicia;Pontevedra;BIOETANOL;0
2024-06;Galicia;Pontevedra;GASOLINA  AUTO. S/PB 95 I.O.;8770
2024-06;Galicia;Pontevedra;GASOLINA  AUTO. S/PB 98 I.O.;460
2024-06;Galicia;Pontevedra;OTRAS GASOLINAS;2
2024-06;Galicia;Pontevedra;FUELÓLEO  BIA;537
2024-06;Galicia;Pontevedra;OTROS FUELÓLEOS;207
2024-06;Galicia;Pontevedra;QUEROSENO AVIACIÓN;592
2024-06;Galicia;Pontevedra;OTROS QUEROSENOS;0
2024-06;Galicia;Pontevedra;GLP;2252
2024-06;Madrid, Comunidad de;Madrid;BIODIESEL;389
2024-06;Madrid, Comunidad de;Madrid;GASÓLEO A;147122
2024-06;Madrid, Comunidad de;Madrid;GASÓLEO B;8255
2024-06;Madrid, Comunidad de;Madrid;GASÓLEO C;4232
2024-06;Madrid, Comunidad de;Madrid;OTROS GASOLEOS;0
2024-06;Madrid, Comunidad de;Madrid;BIOETANOL;0
2024-06;Madrid, Comunidad de;Madrid;GASOLINA  AUTO. S/PB 95 I.O.;67222
2024-06;Madrid, Comunidad de;Madrid;GASOLINA  AUTO. S/PB 98 I.O.;2335
2024-06;Madrid, Comunidad de;Madrid;OTRAS GASOLINAS;60
2024-06;Madrid, Comunidad de;Madrid;FUELÓLEO  BIA;476
2024-06;Madrid, Comunidad de;Madrid;OTROS FUELÓLEOS;0
2024-06;Madrid, Comunidad de;Madrid;QUEROSENO AVIACIÓN;231380
2024-06;Madrid, Comunidad de;Madrid;OTROS QUEROSENOS;0
2024-06;Madrid, Comunidad de;Madrid;GLP;5707
2024-06;Melilla;Melilla;BIODIESEL;0
2024-06;Melilla;Melilla;GASÓLEO A;1062
2024-06;Melilla;Melilla;GASÓLEO B;0
2024-06;Melilla;Melilla;GASÓLEO C;0
2024-06;Melilla;Melilla;OTROS GASOLEOS;0
2024-06;Melilla;Melilla;BIOETANOL;0
2024-06;Melilla;Melilla;GASOLINA  AUTO. S/PB 95 I.O.;530
2024-06;Melilla;Melilla;GASOLINA  AUTO. S/PB 98 I.O.;0
2024-06;Melilla;Melilla;OTRAS GASOLINAS;0
2024-06;Melilla;Melilla;FUELÓLEO  BIA;4994
2024-06;Melilla;Melilla;OTROS FUELÓLEOS;0
2024-06;Melilla;Melilla;QUEROSENO AVIACIÓN;126
2024-06;Melilla;Melilla;OTROS QUEROSENOS;0
2024-06;Melilla;Melilla;GLP;134
2024-06;Murcia, Región de;Murcia;BIODIESEL;758
2024-06;Murcia, Región de;Murcia;GASÓLEO A;76808
2024-06;Murcia, Región de;Murcia;GASÓLEO B;11326
2024-06;Murcia, Región de;Murcia;GASÓLEO C;430
2024-06;Murcia, Región de;Murcia;OTROS GASOLEOS;901
2024-06;Murcia, Región de;Murcia;BIOETANOL;13
2024-06;Murcia, Región de;Murcia;GASOLINA  AUTO. S/PB 95 I.O.;14407
2024-06;Murcia, Región de;Murcia;GASOLINA  AUTO. S/PB 98 I.O.;607
2024-06;Murcia, Región de;Murcia;OTRAS GASOLINAS;0
2024-06;Murcia, Región de;Murcia;FUELÓLEO  BIA;328
2024-06;Murcia, Región de;Murcia;OTROS FUELÓLEOS;0
2024-06;Murcia, Región de;Murcia;QUEROSENO AVIACIÓN;1721
2024-06;Murcia, Región de;Murcia;OTROS QUEROSENOS;0
2024-06;Murcia, Región de;Murcia;GLP;2751
2024-06;Navarra, Comunidad Foral de;Navarra;BIODIESEL;299
2024-06;Navarra, Comunidad Foral de;Navarra;GASÓLEO A;44518
2024-06;Navarra, Comunidad Foral de;Navarra;GASÓLEO B;6799
2024-06;Navarra, Comunidad Foral de;Navarra;GASÓLEO C;364
2024-06;Navarra, Comunidad Foral de;Navarra;OTROS GASOLEOS;0
2024-06;Navarra, Comunidad Foral de;Navarra;BIOETANOL;0
2024-06;Navarra, Comunidad Foral de;Navarra;GASOLINA  AUTO. S/PB 95 I.O.;7222
2024-06;Navarra, Comunidad Foral de;Navarra;GASOLINA  AUTO. S/PB 98 I.O.;262
2024-06;Navarra, Comunidad Foral de;Navarra;OTRAS GASOLINAS;2
2024-06;Navarra, Comunidad Foral de;Navarra;FUELÓLEO  BIA;347
2024-06;Navarra, Comunidad Foral de;Navarra;OTROS FUELÓLEOS;0
2024-06;Navarra, Comunidad Foral de;Navarra;QUEROSENO AVIACIÓN;106
2024-06;Navarra, Comunidad Foral de;Navarra;OTROS QUEROSENOS;0
2024-06;Navarra, Comunidad Foral de;Navarra;GLP;714
2024-06;País Vasco;Araba/Álava;BIODIESEL;81
2024-06;País Vasco;Araba/Álava;GASÓLEO A;39607
2024-06;País Vasco;Araba/Álava;GASÓLEO B;2537
2024-06;País Vasco;Araba/Álava;GASÓLEO C;836
2024-06;País Vasco;Araba/Álava;OTROS GASOLEOS;0
2024-06;País Vasco;Araba/Álava;BIOETANOL;0
2024-06;País Vasco;Araba/Álava;GASOLINA  AUTO. S/PB 95 I.O.;2928
2024-06;País Vasco;Araba/Álava;GASOLINA  AUTO. S/PB 98 I.O.;152
2024-06;País Vasco;Araba/Álava;OTRAS GASOLINAS;1
2024-06;País Vasco;Araba/Álava;FUELÓLEO  BIA;251
2024-06;País Vasco;Araba/Álava;OTROS FUELÓLEOS;0
2024-06;País Vasco;Araba/Álava;QUEROSENO AVIACIÓN;807
2024-06;País Vasco;Araba/Álava;OTROS QUEROSENOS;0
2024-06;País Vasco;Araba/Álava;GLP;560
2024-06;País Vasco;Bizkaia;BIODIESEL;620
2024-06;País Vasco;Bizkaia;GASÓLEO A;54848
2024-06;País Vasco;Bizkaia;GASÓLEO B;6549
2024-06;País Vasco;Bizkaia;GASÓLEO C;1359
2024-06;País Vasco;Bizkaia;OTROS GASOLEOS;1089
2024-06;País Vasco;Bizkaia;BIOETANOL;0
2024-06;País Vasco;Bizkaia;GASOLINA  AUTO. S/PB 95 I.O.;10342
2024-06;País Vasco;Bizkaia;GASOLINA  AUTO. S/PB 98 I.O.;405
2024-06;País Vasco;Bizkaia;OTRAS GASOLINAS;2
2024-06;País Vasco;Bizkaia;FUELÓLEO  BIA;80
2024-06;País Vasco;Bizkaia;OTROS FUELÓLEOS;0
2024-06;País Vasco;Bizkaia;QUEROSENO AVIACIÓN;7576
2024-06;País Vasco;Bizkaia;OTROS QUEROSENOS;1
2024-06;País Vasco;Bizkaia;GLP;641
2024-06;País Vasco;Gipuzkoa;BIODIESEL;205
2024-06;País Vasco;Gipuzkoa;GASÓLEO A;49083
2024-06;País Vasco;Gipuzkoa;GASÓLEO B;1533
2024-06;País Vasco;Gipuzkoa;GASÓLEO C;139
2024-06;País Vasco;Gipuzkoa;OTROS GASOLEOS;1385
2024-06;País Vasco;Gipuzkoa;BIOETANOL;0
2024-06;País Vasco;Gipuzkoa;GASOLINA  AUTO. S/PB 95 I.O.;6827
2024-06;País Vasco;Gipuzkoa;GASOLINA  AUTO. S/PB 98 I.O.;391
2024-06;País Vasco;Gipuzkoa;OTRAS GASOLINAS;1
2024-06;País Vasco;Gipuzkoa;FUELÓLEO  BIA;25
2024-06;País Vasco;Gipuzkoa;OTROS FUELÓLEOS;0
2024-06;País Vasco;Gipuzkoa;QUEROSENO AVIACIÓN;652
2024-06;País Vasco;Gipuzkoa;OTROS QUEROSENOS;0
2024-06;País Vasco;Gipuzkoa;GLP;711
2024-06;Rioja, La;Rioja, La;BIODIESEL;24
2024-06;Rioja, La;Rioja, La;GASÓLEO A;12000
2024-06;Rioja, La;Rioja, La;GASÓLEO B;3195
2024-06;Rioja, La;Rioja, La;GASÓLEO C;496
2024-06;Rioja, La;Rioja, La;OTROS GASOLEOS;0
2024-06;Rioja, La;Rioja, La;BIOETANOL;0
2024-06;Rioja, La;Rioja, La;GASOLINA  AUTO. S/PB 95 I.O.;2708
2024-06;Rioja, La;Rioja, La;GASOLINA  AUTO. S/PB 98 I.O.;100
2024-06;Rioja, La;Rioja, La;OTRAS GASOLINAS;5
2024-06;Rioja, La;Rioja, La;FUELÓLEO  BIA;39
2024-06;Rioja, La;Rioja, La;OTROS FUELÓLEOS;0
2024-06;Rioja, La;Rioja, La;QUEROSENO AVIACIÓN;25
2024-06;Rioja, La;Rioja, La;OTROS QUEROSENOS;0
2024-06;Rioja, La;Rioja, La;GLP;359
2024-07;Andalucía;Almería;BIODIESEL;185
2024-07;Andalucía;Almería;GASÓLEO A;32472
2024-07;Andalucía;Almería;GASÓLEO B;5717
2024-07;Andalucía;Almería;GASÓLEO C;81
2024-07;Andalucía;Almería;OTROS GASOLEOS;2566
2024-07;Andalucía;Almería;BIOETANOL;0
2024-07;Andalucía;Almería;GASOLINA  AUTO. S/PB 95 I.O.;7491
2024-07;Andalucía;Almería;GASOLINA  AUTO. S/PB 98 I.O.;335
2024-07;Andalucía;Almería;OTRAS GASOLINAS;4
2024-07;Andalucía;Almería;FUELÓLEO  BIA;90
2024-07;Andalucía;Almería;OTROS FUELÓLEOS;3850
2024-07;Andalucía;Almería;QUEROSENO AVIACIÓN;1194
2024-07;Andalucía;Almería;OTROS QUEROSENOS;0
2024-07;Andalucía;Almería;GLP;1539
2024-07;Andalucía;Cádiz;BIODIESEL;80
2024-07;Andalucía;Cádiz;GASÓLEO A;37873
2024-07;Andalucía;Cádiz;GASÓLEO B;7534
2024-07;Andalucía;Cádiz;GASÓLEO C;151
2024-07;Andalucía;Cádiz;OTROS GASOLEOS;36970
2024-07;Andalucía;Cádiz;BIOETANOL;0
2024-07;Andalucía;Cádiz;GASOLINA  AUTO. S/PB 95 I.O.;14391
2024-07;Andalucía;Cádiz;GASOLINA  AUTO. S/PB 98 I.O.;497
2024-07;Andalucía;Cádiz;OTRAS GASOLINAS;51
2024-07;Andalucía;Cádiz;FUELÓLEO  BIA;36798
2024-07;Andalucía;Cádiz;OTROS FUELÓLEOS;235053
2024-07;Andalucía;Cádiz;QUEROSENO AVIACIÓN;1770
2024-07;Andalucía;Cádiz;OTROS QUEROSENOS;0
2024-07;Andalucía;Cádiz;GLP;3005
2024-07;Andalucía;Córdoba;BIODIESEL;0
2024-07;Andalucía;Córdoba;GASÓLEO A;33414
2024-07;Andalucía;Córdoba;GASÓLEO B;8122
2024-07;Andalucía;Córdoba;GASÓLEO C;287
2024-07;Andalucía;Córdoba;OTROS GASOLEOS;0
2024-07;Andalucía;Córdoba;BIOETANOL;0
2024-07;Andalucía;Córdoba;GASOLINA  AUTO. S/PB 95 I.O.;5803
2024-07;Andalucía;Córdoba;GASOLINA  AUTO. S/PB 98 I.O.;163
2024-07;Andalucía;Córdoba;OTRAS GASOLINAS;8
2024-07;Andalucía;Córdoba;FUELÓLEO  BIA;32
2024-07;Andalucía;Córdoba;OTROS FUELÓLEOS;0
2024-07;Andalucía;Córdoba;QUEROSENO AVIACIÓN;123
2024-07;Andalucía;Córdoba;OTROS QUEROSENOS;0
2024-07;Andalucía;Córdoba;GLP;1175
2024-07;Andalucía;Granada;BIODIESEL;24
2024-07;Andalucía;Granada;GASÓLEO A;33003
2024-07;Andalucía;Granada;GASÓLEO B;5108
2024-07;Andalucía;Granada;GASÓLEO C;744
2024-07;Andalucía;Granada;OTROS GASOLEOS;422
2024-07;Andalucía;Granada;BIOETANOL;0
2024-07;Andalucía;Granada;GASOLINA  AUTO. S/PB 95 I.O.;9470
2024-07;Andalucía;Granada;GASOLINA  AUTO. S/PB 98 I.O.;464
2024-07;Andalucía;Granada;OTRAS GASOLINAS;8
2024-07;Andalucía;Granada;FUELÓLEO  BIA;175
2024-07;Andalucía;Granada;OTROS FUELÓLEOS;1396
2024-07;Andalucía;Granada;QUEROSENO AVIACIÓN;943
2024-07;Andalucía;Granada;OTROS QUEROSENOS;0
2024-07;Andalucía;Granada;GLP;1960
2024-07;Andalucía;Huelva;BIODIESEL;0
2024-07;Andalucía;Huelva;GASÓLEO A;24502
2024-07;Andalucía;Huelva;GASÓLEO B;9687
2024-07;Andalucía;Huelva;GASÓLEO C;200
2024-07;Andalucía;Huelva;OTROS GASOLEOS;3622
2024-07;Andalucía;Huelva;BIOETANOL;0
2024-07;Andalucía;Huelva;GASOLINA  AUTO. S/PB 95 I.O.;6624
2024-07;Andalucía;Huelva;GASOLINA  AUTO. S/PB 98 I.O.;200
2024-07;Andalucía;Huelva;OTRAS GASOLINAS;0
2024-07;Andalucía;Huelva;FUELÓLEO  BIA;427
2024-07;Andalucía;Huelva;OTROS FUELÓLEOS;7362
2024-07;Andalucía;Huelva;QUEROSENO AVIACIÓN;0
2024-07;Andalucía;Huelva;OTROS QUEROSENOS;0
2024-07;Andalucía;Huelva;GLP;1747
2024-07;Andalucía;Jaén;BIODIESEL;162
2024-07;Andalucía;Jaén;GASÓLEO A;27027
2024-07;Andalucía;Jaén;GASÓLEO B;3793
2024-07;Andalucía;Jaén;GASÓLEO C;196
2024-07;Andalucía;Jaén;OTROS GASOLEOS;0
2024-07;Andalucía;Jaén;BIOETANOL;0
2024-07;Andalucía;Jaén;GASOLINA  AUTO. S/PB 95 I.O.;5059
2024-07;Andalucía;Jaén;GASOLINA  AUTO. S/PB 98 I.O.;170
2024-07;Andalucía;Jaén;OTRAS GASOLINAS;1
2024-07;Andalucía;Jaén;FUELÓLEO  BIA;0
2024-07;Andalucía;Jaén;OTROS FUELÓLEOS;0
2024-07;Andalucía;Jaén;QUEROSENO AVIACIÓN;32
2024-07;Andalucía;Jaén;OTROS QUEROSENOS;0
2024-07;Andalucía;Jaén;GLP;1335
2024-07;Andalucía;Málaga;BIODIESEL;112
2024-07;Andalucía;Málaga;GASÓLEO A;53977
2024-07;Andalucía;Málaga;GASÓLEO B;4482
2024-07;Andalucía;Málaga;GASÓLEO C;327
2024-07;Andalucía;Málaga;OTROS GASOLEOS;899
2024-07;Andalucía;Málaga;BIOETANOL;0
2024-07;Andalucía;Málaga;GASOLINA  AUTO. S/PB 95 I.O.;23542
2024-07;Andalucía;Málaga;GASOLINA  AUTO. S/PB 98 I.O.;1483
2024-07;Andalucía;Málaga;OTRAS GASOLINAS;38
2024-07;Andalucía;Málaga;FUELÓLEO  BIA;52
2024-07;Andalucía;Málaga;OTROS FUELÓLEOS;801
2024-07;Andalucía;Málaga;QUEROSENO AVIACIÓN;52544
2024-07;Andalucía;Málaga;OTROS QUEROSENOS;0
2024-07;Andalucía;Málaga;GLP;3949
2024-07;Andalucía;Sevilla;BIODIESEL;53
2024-07;Andalucía;Sevilla;GASÓLEO A;63228
2024-07;Andalucía;Sevilla;GASÓLEO B;9540
2024-07;Andalucía;Sevilla;GASÓLEO C;353
2024-07;Andalucía;Sevilla;OTROS GASOLEOS;688
2024-07;Andalucía;Sevilla;BIOETANOL;0
2024-07;Andalucía;Sevilla;GASOLINA  AUTO. S/PB 95 I.O.;17606
2024-07;Andalucía;Sevilla;GASOLINA  AUTO. S/PB 98 I.O.;439
2024-07;Andalucía;Sevilla;OTRAS GASOLINAS;18
2024-07;Andalucía;Sevilla;FUELÓLEO  BIA;350
2024-07;Andalucía;Sevilla;OTROS FUELÓLEOS;75
2024-07;Andalucía;Sevilla;QUEROSENO AVIACIÓN;11564
2024-07;Andalucía;Sevilla;OTROS QUEROSENOS;0
2024-07;Andalucía;Sevilla;GLP;3086
2024-07;Aragón;Huesca;BIODIESEL;9
2024-07;Aragón;Huesca;GASÓLEO A;16814
2024-07;Aragón;Huesca;GASÓLEO B;6789
2024-07;Aragón;Huesca;GASÓLEO C;330
2024-07;Aragón;Huesca;OTROS GASOLEOS;0
2024-07;Aragón;Huesca;BIOETANOL;0
2024-07;Aragón;Huesca;GASOLINA  AUTO. S/PB 95 I.O.;4119
2024-07;Aragón;Huesca;GASOLINA  AUTO. S/PB 98 I.O.;224
2024-07;Aragón;Huesca;OTRAS GASOLINAS;11
2024-07;Aragón;Huesca;FUELÓLEO  BIA;50
2024-07;Aragón;Huesca;OTROS FUELÓLEOS;0
2024-07;Aragón;Huesca;QUEROSENO AVIACIÓN;43
2024-07;Aragón;Huesca;OTROS QUEROSENOS;0
2024-07;Aragón;Huesca;GLP;747
2024-07;Aragón;Teruel;BIODIESEL;19
2024-07;Aragón;Teruel;GASÓLEO A;9739
2024-07;Aragón;Teruel;GASÓLEO B;4059
2024-07;Aragón;Teruel;GASÓLEO C;348
2024-07;Aragón;Teruel;OTROS GASOLEOS;0
2024-07;Aragón;Teruel;BIOETANOL;0
2024-07;Aragón;Teruel;GASOLINA  AUTO. S/PB 95 I.O.;2216
2024-07;Aragón;Teruel;GASOLINA  AUTO. S/PB 98 I.O.;131
2024-07;Aragón;Teruel;OTRAS GASOLINAS;0
2024-07;Aragón;Teruel;FUELÓLEO  BIA;73
2024-07;Aragón;Teruel;OTROS FUELÓLEOS;0
2024-07;Aragón;Teruel;QUEROSENO AVIACIÓN;141
2024-07;Aragón;Teruel;OTROS QUEROSENOS;0
2024-07;Aragón;Teruel;GLP;382
2024-07;Aragón;Zaragoza;BIODIESEL;518
2024-07;Aragón;Zaragoza;GASÓLEO A;46277
2024-07;Aragón;Zaragoza;GASÓLEO B;11050
2024-07;Aragón;Zaragoza;GASÓLEO C;1341
2024-07;Aragón;Zaragoza;OTROS GASOLEOS;0
2024-07;Aragón;Zaragoza;BIOETANOL;0
2024-07;Aragón;Zaragoza;GASOLINA  AUTO. S/PB 95 I.O.;10679
2024-07;Aragón;Zaragoza;GASOLINA  AUTO. S/PB 98 I.O.;376
2024-07;Aragón;Zaragoza;OTRAS GASOLINAS;6
2024-07;Aragón;Zaragoza;FUELÓLEO  BIA;6
2024-07;Aragón;Zaragoza;OTROS FUELÓLEOS;0
2024-07;Aragón;Zaragoza;QUEROSENO AVIACIÓN;6287
2024-07;Aragón;Zaragoza;OTROS QUEROSENOS;0
2024-07;Aragón;Zaragoza;GLP;1219
2024-07;Asturias, Principado de;Asturias;BIODIESEL;45
2024-07;Asturias, Principado de;Asturias;GASÓLEO A;35516
2024-07;Asturias, Principado de;Asturias;GASÓLEO B;5934
2024-07;Asturias, Principado de;Asturias;GASÓLEO C;1578
2024-07;Asturias, Principado de;Asturias;OTROS GASOLEOS;3647
2024-07;Asturias, Principado de;Asturias;BIOETANOL;0
2024-07;Asturias, Principado de;Asturias;GASOLINA  AUTO. S/PB 95 I.O.;11008
2024-07;Asturias, Principado de;Asturias;GASOLINA  AUTO. S/PB 98 I.O.;585
2024-07;Asturias, Principado de;Asturias;OTRAS GASOLINAS;1
2024-07;Asturias, Principado de;Asturias;FUELÓLEO  BIA;262
2024-07;Asturias, Principado de;Asturias;OTROS FUELÓLEOS;936
2024-07;Asturias, Principado de;Asturias;QUEROSENO AVIACIÓN;1936
2024-07;Asturias, Principado de;Asturias;OTROS QUEROSENOS;0
2024-07;Asturias, Principado de;Asturias;GLP;1760
2024-07;Balears, Illes;Balears, Illes;BIODIESEL;0
2024-07;Balears, Illes;Balears, Illes;GASÓLEO A;38866
2024-07;Balears, Illes;Balears, Illes;GASÓLEO B;3512
2024-07;Balears, Illes;Balears, Illes;GASÓLEO C;14626
2024-07;Balears, Illes;Balears, Illes;OTROS GASOLEOS;7716
2024-07;Balears, Illes;Balears, Illes;BIOETANOL;0
2024-07;Balears, Illes;Balears, Illes;GASOLINA  AUTO. S/PB 95 I.O.;31431
2024-07;Balears, Illes;Balears, Illes;GASOLINA  AUTO. S/PB 98 I.O.;1334
2024-07;Balears, Illes;Balears, Illes;OTRAS GASOLINAS;32
2024-07;Balears, Illes;Balears, Illes;FUELÓLEO  BIA;0
2024-07;Balears, Illes;Balears, Illes;OTROS FUELÓLEOS;0
2024-07;Balears, Illes;Balears, Illes;QUEROSENO AVIACIÓN;99215
2024-07;Balears, Illes;Balears, Illes;OTROS QUEROSENOS;0
2024-07;Balears, Illes;Balears, Illes;GLP;4466
2024-07;Canarias;Palmas, Las;BIODIESEL;56
2024-07;Canarias;Palmas, Las;GASÓLEO A;28316
2024-07;Canarias;Palmas, Las;GASÓLEO B;0
2024-07;Canarias;Palmas, Las;GASÓLEO C;0
2024-07;Canarias;Palmas, Las;OTROS GASOLEOS;65310
2024-07;Canarias;Palmas, Las;BIOETANOL;0
2024-07;Canarias;Palmas, Las;GASOLINA  AUTO. S/PB 95 I.O.;19726
2024-07;Canarias;Palmas, Las;GASOLINA  AUTO. S/PB 98 I.O.;3494
2024-07;Canarias;Palmas, Las;OTRAS GASOLINAS;4
2024-07;Canarias;Palmas, Las;FUELÓLEO  BIA;137359
2024-07;Canarias;Palmas, Las;OTROS FUELÓLEOS;37826
2024-07;Canarias;Palmas, Las;QUEROSENO AVIACIÓN;43778
2024-07;Canarias;Palmas, Las;OTROS QUEROSENOS;0
2024-07;Canarias;Palmas, Las;GLP;3066
2024-07;Canarias;Santa Cruz de Tenerife;BIODIESEL;0
2024-07;Canarias;Santa Cruz de Tenerife;GASÓLEO A;27217
2024-07;Canarias;Santa Cruz de Tenerife;GASÓLEO B;0
2024-07;Canarias;Santa Cruz de Tenerife;GASÓLEO C;0
2024-07;Canarias;Santa Cruz de Tenerife;OTROS GASOLEOS;53814
2024-07;Canarias;Santa Cruz de Tenerife;BIOETANOL;0
2024-07;Canarias;Santa Cruz de Tenerife;GASOLINA  AUTO. S/PB 95 I.O.;18546
2024-07;Canarias;Santa Cruz de Tenerife;GASOLINA  AUTO. S/PB 98 I.O.;4938
2024-07;Canarias;Santa Cruz de Tenerife;OTRAS GASOLINAS;0
2024-07;Canarias;Santa Cruz de Tenerife;FUELÓLEO  BIA;21669
2024-07;Canarias;Santa Cruz de Tenerife;OTROS FUELÓLEOS;24726
2024-07;Canarias;Santa Cruz de Tenerife;QUEROSENO AVIACIÓN;43766
2024-07;Canarias;Santa Cruz de Tenerife;OTROS QUEROSENOS;0
2024-07;Canarias;Santa Cruz de Tenerife;GLP;3266
2024-07;Cantabria;Cantabria;BIODIESEL;420
2024-07;Cantabria;Cantabria;GASÓLEO A;27310
2024-07;Cantabria;Cantabria;GASÓLEO B;4106
2024-07;Cantabria;Cantabria;GASÓLEO C;112
2024-07;Cantabria;Cantabria;OTROS GASOLEOS;1078
2024-07;Cantabria;Cantabria;BIOETANOL;0
2024-07;Cantabria;Cantabria;GASOLINA  AUTO. S/PB 95 I.O.;8995
2024-07;Cantabria;Cantabria;GASOLINA  AUTO. S/PB 98 I.O.;351
2024-07;Cantabria;Cantabria;OTRAS GASOLINAS;2
2024-07;Cantabria;Cantabria;FUELÓLEO  BIA;449
2024-07;Cantabria;Cantabria;OTROS FUELÓLEOS;0
2024-07;Cantabria;Cantabria;QUEROSENO AVIACIÓN;1067
2024-07;Cantabria;Cantabria;OTROS QUEROSENOS;0
2024-07;Cantabria;Cantabria;GLP;1356
2024-07;Castilla - La Mancha;Albacete;BIODIESEL;90
2024-07;Castilla - La Mancha;Albacete;GASÓLEO A;18102
2024-07;Castilla - La Mancha;Albacete;GASÓLEO B;6737
2024-07;Castilla - La Mancha;Albacete;GASÓLEO C;312
2024-07;Castilla - La Mancha;Albacete;OTROS GASOLEOS;0
2024-07;Castilla - La Mancha;Albacete;BIOETANOL;0
2024-07;Castilla - La Mancha;Albacete;GASOLINA  AUTO. S/PB 95 I.O.;4392
2024-07;Castilla - La Mancha;Albacete;GASOLINA  AUTO. S/PB 98 I.O.;181
2024-07;Castilla - La Mancha;Albacete;OTRAS GASOLINAS;0
2024-07;Castilla - La Mancha;Albacete;FUELÓLEO  BIA;0
2024-07;Castilla - La Mancha;Albacete;OTROS FUELÓLEOS;0
2024-07;Castilla - La Mancha;Albacete;QUEROSENO AVIACIÓN;25
2024-07;Castilla - La Mancha;Albacete;OTROS QUEROSENOS;0
2024-07;Castilla - La Mancha;Albacete;GLP;607
2024-07;Castilla - La Mancha;Ciudad Real;BIODIESEL;94
2024-07;Castilla - La Mancha;Ciudad Real;GASÓLEO A;22015
2024-07;Castilla - La Mancha;Ciudad Real;GASÓLEO B;9251
2024-07;Castilla - La Mancha;Ciudad Real;GASÓLEO C;374
2024-07;Castilla - La Mancha;Ciudad Real;OTROS GASOLEOS;0
2024-07;Castilla - La Mancha;Ciudad Real;BIOETANOL;0
2024-07;Castilla - La Mancha;Ciudad Real;GASOLINA  AUTO. S/PB 95 I.O.;4718
2024-07;Castilla - La Mancha;Ciudad Real;GASOLINA  AUTO. S/PB 98 I.O.;163
2024-07;Castilla - La Mancha;Ciudad Real;OTRAS GASOLINAS;0
2024-07;Castilla - La Mancha;Ciudad Real;FUELÓLEO  BIA;99
2024-07;Castilla - La Mancha;Ciudad Real;OTROS FUELÓLEOS;0
2024-07;Castilla - La Mancha;Ciudad Real;QUEROSENO AVIACIÓN;31
2024-07;Castilla - La Mancha;Ciudad Real;OTROS QUEROSENOS;0
2024-07;Castilla - La Mancha;Ciudad Real;GLP;798
2024-07;Castilla - La Mancha;Cuenca;BIODIESEL;25
2024-07;Castilla - La Mancha;Cuenca;GASÓLEO A;15302
2024-07;Castilla - La Mancha;Cuenca;GASÓLEO B;7004
2024-07;Castilla - La Mancha;Cuenca;GASÓLEO C;206
2024-07;Castilla - La Mancha;Cuenca;OTROS GASOLEOS;0
2024-07;Castilla - La Mancha;Cuenca;BIOETANOL;0
2024-07;Castilla - La Mancha;Cuenca;GASOLINA  AUTO. S/PB 95 I.O.;3640
2024-07;Castilla - La Mancha;Cuenca;GASOLINA  AUTO. S/PB 98 I.O.;123
2024-07;Castilla - La Mancha;Cuenca;OTRAS GASOLINAS;4
2024-07;Castilla - La Mancha;Cuenca;FUELÓLEO  BIA;0
2024-07;Castilla - La Mancha;Cuenca;OTROS FUELÓLEOS;0
2024-07;Castilla - La Mancha;Cuenca;QUEROSENO AVIACIÓN;0
2024-07;Castilla - La Mancha;Cuenca;OTROS QUEROSENOS;0
2024-07;Castilla - La Mancha;Cuenca;GLP;480
2024-07;Castilla - La Mancha;Guadalajara;BIODIESEL;49
2024-07;Castilla - La Mancha;Guadalajara;GASÓLEO A;12354
2024-07;Castilla - La Mancha;Guadalajara;GASÓLEO B;3531
2024-07;Castilla - La Mancha;Guadalajara;GASÓLEO C;326
2024-07;Castilla - La Mancha;Guadalajara;OTROS GASOLEOS;0
2024-07;Castilla - La Mancha;Guadalajara;BIOETANOL;0
2024-07;Castilla - La Mancha;Guadalajara;GASOLINA  AUTO. S/PB 95 I.O.;3697
2024-07;Castilla - La Mancha;Guadalajara;GASOLINA  AUTO. S/PB 98 I.O.;116
2024-07;Castilla - La Mancha;Guadalajara;OTRAS GASOLINAS;0
2024-07;Castilla - La Mancha;Guadalajara;FUELÓLEO  BIA;25
2024-07;Castilla - La Mancha;Guadalajara;OTROS FUELÓLEOS;0
2024-07;Castilla - La Mancha;Guadalajara;QUEROSENO AVIACIÓN;4
2024-07;Castilla - La Mancha;Guadalajara;OTROS QUEROSENOS;0
2024-07;Castilla - La Mancha;Guadalajara;GLP;343
2024-07;Castilla - La Mancha;Toledo;BIODIESEL;21
2024-07;Castilla - La Mancha;Toledo;GASÓLEO A;36359
2024-07;Castilla - La Mancha;Toledo;GASÓLEO B;8249
2024-07;Castilla - La Mancha;Toledo;GASÓLEO C;1200
2024-07;Castilla - La Mancha;Toledo;OTROS GASOLEOS;0
2024-07;Castilla - La Mancha;Toledo;BIOETANOL;0
2024-07;Castilla - La Mancha;Toledo;GASOLINA  AUTO. S/PB 95 I.O.;8594
2024-07;Castilla - La Mancha;Toledo;GASOLINA  AUTO. S/PB 98 I.O.;296
2024-07;Castilla - La Mancha;Toledo;OTRAS GASOLINAS;0
2024-07;Castilla - La Mancha;Toledo;FUELÓLEO  BIA;166
2024-07;Castilla - La Mancha;Toledo;OTROS FUELÓLEOS;0
2024-07;Castilla - La Mancha;Toledo;QUEROSENO AVIACIÓN;21
2024-07;Castilla - La Mancha;Toledo;OTROS QUEROSENOS;0
2024-07;Castilla - La Mancha;Toledo;GLP;1140
2024-07;Castilla y León;Ávila;BIODIESEL;20
2024-07;Castilla y León;Ávila;GASÓLEO A;8124
2024-07;Castilla y León;Ávila;GASÓLEO B;3063
2024-07;Castilla y León;Ávila;GASÓLEO C;318
2024-07;Castilla y León;Ávila;OTROS GASOLEOS;0
2024-07;Castilla y León;Ávila;BIOETANOL;0
2024-07;Castilla y León;Ávila;GASOLINA  AUTO. S/PB 95 I.O.;2492
2024-07;Castilla y León;Ávila;GASOLINA  AUTO. S/PB 98 I.O.;75
2024-07;Castilla y León;Ávila;OTRAS GASOLINAS;0
2024-07;Castilla y León;Ávila;FUELÓLEO  BIA;0
2024-07;Castilla y León;Ávila;OTROS FUELÓLEOS;0
2024-07;Castilla y León;Ávila;QUEROSENO AVIACIÓN;13
2024-07;Castilla y León;Ávila;OTROS QUEROSENOS;0
2024-07;Castilla y León;Ávila;GLP;487
2024-07;Castilla y León;Burgos;BIODIESEL;110
2024-07;Castilla y León;Burgos;GASÓLEO A;25001
2024-07;Castilla y León;Burgos;GASÓLEO B;7742
2024-07;Castilla y León;Burgos;GASÓLEO C;221
2024-07;Castilla y León;Burgos;OTROS GASOLEOS;0
2024-07;Castilla y León;Burgos;BIOETANOL;0
2024-07;Castilla y León;Burgos;GASOLINA  AUTO. S/PB 95 I.O.;6108
2024-07;Castilla y León;Burgos;GASOLINA  AUTO. S/PB 98 I.O.;402
2024-07;Castilla y León;Burgos;OTRAS GASOLINAS;27
2024-07;Castilla y León;Burgos;FUELÓLEO  BIA;185
2024-07;Castilla y León;Burgos;OTROS FUELÓLEOS;0
2024-07;Castilla y León;Burgos;QUEROSENO AVIACIÓN;10
2024-07;Castilla y León;Burgos;OTROS QUEROSENOS;0
2024-07;Castilla y León;Burgos;GLP;570
2024-07;Castilla y León;León;BIODIESEL;0
2024-07;Castilla y León;León;GASÓLEO A;31861
2024-07;Castilla y León;León;GASÓLEO B;7316
2024-07;Castilla y León;León;GASÓLEO C;1410
2024-07;Castilla y León;León;OTROS GASOLEOS;0
2024-07;Castilla y León;León;BIOETANOL;12
2024-07;Castilla y León;León;GASOLINA  AUTO. S/PB 95 I.O.;6503
2024-07;Castilla y León;León;GASOLINA  AUTO. S/PB 98 I.O.;329
2024-07;Castilla y León;León;OTRAS GASOLINAS;1
2024-07;Castilla y León;León;FUELÓLEO  BIA;263
2024-07;Castilla y León;León;OTROS FUELÓLEOS;0
2024-07;Castilla y León;León;QUEROSENO AVIACIÓN;96
2024-07;Castilla y León;León;OTROS QUEROSENOS;0
2024-07;Castilla y León;León;GLP;962
2024-07;Castilla y León;Palencia;BIODIESEL;56
2024-07;Castilla y León;Palencia;GASÓLEO A;11843
2024-07;Castilla y León;Palencia;GASÓLEO B;7522
2024-07;Castilla y León;Palencia;GASÓLEO C;70
2024-07;Castilla y León;Palencia;OTROS GASOLEOS;0
2024-07;Castilla y León;Palencia;BIOETANOL;0
2024-07;Castilla y León;Palencia;GASOLINA  AUTO. S/PB 95 I.O.;2385
2024-07;Castilla y León;Palencia;GASOLINA  AUTO. S/PB 98 I.O.;137
2024-07;Castilla y León;Palencia;OTRAS GASOLINAS;0
2024-07;Castilla y León;Palencia;FUELÓLEO  BIA;77
2024-07;Castilla y León;Palencia;OTROS FUELÓLEOS;0
2024-07;Castilla y León;Palencia;QUEROSENO AVIACIÓN;0
2024-07;Castilla y León;Palencia;OTROS QUEROSENOS;0
2024-07;Castilla y León;Palencia;GLP;318
2024-07;Castilla y León;Salamanca;BIODIESEL;0
2024-07;Castilla y León;Salamanca;GASÓLEO A;21647
2024-07;Castilla y León;Salamanca;GASÓLEO B;4604
2024-07;Castilla y León;Salamanca;GASÓLEO C;619
2024-07;Castilla y León;Salamanca;OTROS GASOLEOS;0
2024-07;Castilla y León;Salamanca;BIOETANOL;0
2024-07;Castilla y León;Salamanca;GASOLINA  AUTO. S/PB 95 I.O.;3952
2024-07;Castilla y León;Salamanca;GASOLINA  AUTO. S/PB 98 I.O.;277
2024-07;Castilla y León;Salamanca;OTRAS GASOLINAS;24
2024-07;Castilla y León;Salamanca;FUELÓLEO  BIA;0
2024-07;Castilla y León;Salamanca;OTROS FUELÓLEOS;0
2024-07;Castilla y León;Salamanca;QUEROSENO AVIACIÓN;41
2024-07;Castilla y León;Salamanca;OTROS QUEROSENOS;0
2024-07;Castilla y León;Salamanca;GLP;557
2024-07;Castilla y León;Segovia;BIODIESEL;16
2024-07;Castilla y León;Segovia;GASÓLEO A;10334
2024-07;Castilla y León;Segovia;GASÓLEO B;4335
2024-07;Castilla y León;Segovia;GASÓLEO C;554
2024-07;Castilla y León;Segovia;OTROS GASOLEOS;0
2024-07;Castilla y León;Segovia;BIOETANOL;0
2024-07;Castilla y León;Segovia;GASOLINA  AUTO. S/PB 95 I.O.;2914
2024-07;Castilla y León;Segovia;GASOLINA  AUTO. S/PB 98 I.O.;146
2024-07;Castilla y León;Segovia;OTRAS GASOLINAS;11
2024-07;Castilla y León;Segovia;FUELÓLEO  BIA;26
2024-07;Castilla y León;Segovia;OTROS FUELÓLEOS;0
2024-07;Castilla y León;Segovia;QUEROSENO AVIACIÓN;0
2024-07;Castilla y León;Segovia;OTROS QUEROSENOS;0
2024-07;Castilla y León;Segovia;GLP;452
2024-07;Castilla y León;Soria;BIODIESEL;0
2024-07;Castilla y León;Soria;GASÓLEO A;6221
2024-07;Castilla y León;Soria;GASÓLEO B;3449
2024-07;Castilla y León;Soria;GASÓLEO C;111
2024-07;Castilla y León;Soria;OTROS GASOLEOS;0
2024-07;Castilla y León;Soria;BIOETANOL;0
2024-07;Castilla y León;Soria;GASOLINA  AUTO. S/PB 95 I.O.;1516
2024-07;Castilla y León;Soria;GASOLINA  AUTO. S/PB 98 I.O.;58
2024-07;Castilla y León;Soria;OTRAS GASOLINAS;17
2024-07;Castilla y León;Soria;FUELÓLEO  BIA;0
2024-07;Castilla y León;Soria;OTROS FUELÓLEOS;0
2024-07;Castilla y León;Soria;QUEROSENO AVIACIÓN;0
2024-07;Castilla y León;Soria;OTROS QUEROSENOS;0
2024-07;Castilla y León;Soria;GLP;196
2024-07;Castilla y León;Valladolid;BIODIESEL;70
2024-07;Castilla y León;Valladolid;GASÓLEO A;21907
2024-07;Castilla y León;Valladolid;GASÓLEO B;8588
2024-07;Castilla y León;Valladolid;GASÓLEO C;449
2024-07;Castilla y León;Valladolid;OTROS GASOLEOS;0
2024-07;Castilla y León;Valladolid;BIOETANOL;0
2024-07;Castilla y León;Valladolid;GASOLINA  AUTO. S/PB 95 I.O.;6198
2024-07;Castilla y León;Valladolid;GASOLINA  AUTO. S/PB 98 I.O.;308
2024-07;Castilla y León;Valladolid;OTRAS GASOLINAS;8
2024-07;Castilla y León;Valladolid;FUELÓLEO  BIA;98
2024-07;Castilla y León;Valladolid;OTROS FUELÓLEOS;0
2024-07;Castilla y León;Valladolid;QUEROSENO AVIACIÓN;366
2024-07;Castilla y León;Valladolid;OTROS QUEROSENOS;0
2024-07;Castilla y León;Valladolid;GLP;643
2024-07;Castilla y León;Zamora;BIODIESEL;0
2024-07;Castilla y León;Zamora;GASÓLEO A;17045
2024-07;Castilla y León;Zamora;GASÓLEO B;5609
2024-07;Castilla y León;Zamora;GASÓLEO C;202
2024-07;Castilla y León;Zamora;OTROS GASOLEOS;0
2024-07;Castilla y León;Zamora;BIOETANOL;0
2024-07;Castilla y León;Zamora;GASOLINA  AUTO. S/PB 95 I.O.;2991
2024-07;Castilla y León;Zamora;GASOLINA  AUTO. S/PB 98 I.O.;199
2024-07;Castilla y León;Zamora;OTRAS GASOLINAS;0
2024-07;Castilla y León;Zamora;FUELÓLEO  BIA;0
2024-07;Castilla y León;Zamora;OTROS FUELÓLEOS;0
2024-07;Castilla y León;Zamora;QUEROSENO AVIACIÓN;0
2024-07;Castilla y León;Zamora;OTROS QUEROSENOS;0
2024-07;Castilla y León;Zamora;GLP;395
2024-07;Cataluña;Barcelona;BIODIESEL;590
2024-07;Cataluña;Barcelona;GASÓLEO A;133248
2024-07;Cataluña;Barcelona;GASÓLEO B;13924
2024-07;Cataluña;Barcelona;GASÓLEO C;1443
2024-07;Cataluña;Barcelona;OTROS GASOLEOS;20318
2024-07;Cataluña;Barcelona;BIOETANOL;0
2024-07;Cataluña;Barcelona;GASOLINA  AUTO. S/PB 95 I.O.;65542
2024-07;Cataluña;Barcelona;GASOLINA  AUTO. S/PB 98 I.O.;2920
2024-07;Cataluña;Barcelona;OTRAS GASOLINAS;86
2024-07;Cataluña;Barcelona;FUELÓLEO  BIA;22313
2024-07;Cataluña;Barcelona;OTROS FUELÓLEOS;96564
2024-07;Cataluña;Barcelona;QUEROSENO AVIACIÓN;131667
2024-07;Cataluña;Barcelona;OTROS QUEROSENOS;0
2024-07;Cataluña;Barcelona;GLP;4284
2024-07;Cataluña;Girona;BIODIESEL;313
2024-07;Cataluña;Girona;GASÓLEO A;102711
2024-07;Cataluña;Girona;GASÓLEO B;5712
2024-07;Cataluña;Girona;GASÓLEO C;1039
2024-07;Cataluña;Girona;OTROS GASOLEOS;795
2024-07;Cataluña;Girona;BIOETANOL;0
2024-07;Cataluña;Girona;GASOLINA  AUTO. S/PB 95 I.O.;20019
2024-07;Cataluña;Girona;GASOLINA  AUTO. S/PB 98 I.O.;1185
2024-07;Cataluña;Girona;OTRAS GASOLINAS;4
2024-07;Cataluña;Girona;FUELÓLEO  BIA;147
2024-07;Cataluña;Girona;OTROS FUELÓLEOS;0
2024-07;Cataluña;Girona;QUEROSENO AVIACIÓN;4132
2024-07;Cataluña;Girona;OTROS QUEROSENOS;0
2024-07;Cataluña;Girona;GLP;2167
2024-07;Cataluña;Lleida;BIODIESEL;0
2024-07;Cataluña;Lleida;GASÓLEO A;26448
2024-07;Cataluña;Lleida;GASÓLEO B;6299
2024-07;Cataluña;Lleida;GASÓLEO C;333
2024-07;Cataluña;Lleida;OTROS GASOLEOS;0
2024-07;Cataluña;Lleida;BIOETANOL;0
2024-07;Cataluña;Lleida;GASOLINA  AUTO. S/PB 95 I.O.;6106
2024-07;Cataluña;Lleida;GASOLINA  AUTO. S/PB 98 I.O.;301
2024-07;Cataluña;Lleida;OTRAS GASOLINAS;21
2024-07;Cataluña;Lleida;FUELÓLEO  BIA;79
2024-07;Cataluña;Lleida;OTROS FUELÓLEOS;0
2024-07;Cataluña;Lleida;QUEROSENO AVIACIÓN;109
2024-07;Cataluña;Lleida;OTROS QUEROSENOS;0
2024-07;Cataluña;Lleida;GLP;1059
2024-07;Cataluña;Tarragona;BIODIESEL;0
2024-07;Cataluña;Tarragona;GASÓLEO A;36183
2024-07;Cataluña;Tarragona;GASÓLEO B;4890
2024-07;Cataluña;Tarragona;GASÓLEO C;252
2024-07;Cataluña;Tarragona;OTROS GASOLEOS;1885
2024-07;Cataluña;Tarragona;BIOETANOL;0
2024-07;Cataluña;Tarragona;GASOLINA  AUTO. S/PB 95 I.O.;14324
2024-07;Cataluña;Tarragona;GASOLINA  AUTO. S/PB 98 I.O.;633
2024-07;Cataluña;Tarragona;OTRAS GASOLINAS;8
2024-07;Cataluña;Tarragona;FUELÓLEO  BIA;50
2024-07;Cataluña;Tarragona;OTROS FUELÓLEOS;0
2024-07;Cataluña;Tarragona;QUEROSENO AVIACIÓN;2890
2024-07;Cataluña;Tarragona;OTROS QUEROSENOS;0
2024-07;Cataluña;Tarragona;GLP;6438
2024-07;Ceuta;Ceuta;BIODIESEL;0
2024-07;Ceuta;Ceuta;GASÓLEO A;1144
2024-07;Ceuta;Ceuta;GASÓLEO B;0
2024-07;Ceuta;Ceuta;GASÓLEO C;27
2024-07;Ceuta;Ceuta;OTROS GASOLEOS;7056
2024-07;Ceuta;Ceuta;BIOETANOL;0
2024-07;Ceuta;Ceuta;GASOLINA  AUTO. S/PB 95 I.O.;592
2024-07;Ceuta;Ceuta;GASOLINA  AUTO. S/PB 98 I.O.;105
2024-07;Ceuta;Ceuta;OTRAS GASOLINAS;0
2024-07;Ceuta;Ceuta;FUELÓLEO  BIA;2489
2024-07;Ceuta;Ceuta;OTROS FUELÓLEOS;7511
2024-07;Ceuta;Ceuta;QUEROSENO AVIACIÓN;54
2024-07;Ceuta;Ceuta;OTROS QUEROSENOS;0
2024-07;Ceuta;Ceuta;GLP;201
2024-07;Comunitat Valenciana;Alicante/Alacant;BIODIESEL;213
2024-07;Comunitat Valenciana;Alicante/Alacant;GASÓLEO A;62077
2024-07;Comunitat Valenciana;Alicante/Alacant;GASÓLEO B;5000
2024-07;Comunitat Valenciana;Alicante/Alacant;GASÓLEO C;981
2024-07;Comunitat Valenciana;Alicante/Alacant;OTROS GASOLEOS;2689
2024-07;Comunitat Valenciana;Alicante/Alacant;BIOETANOL;0
2024-07;Comunitat Valenciana;Alicante/Alacant;GASOLINA  AUTO. S/PB 95 I.O.;30031
2024-07;Comunitat Valenciana;Alicante/Alacant;GASOLINA  AUTO. S/PB 98 I.O.;1267
2024-07;Comunitat Valenciana;Alicante/Alacant;OTRAS GASOLINAS;12
2024-07;Comunitat Valenciana;Alicante/Alacant;FUELÓLEO  BIA;125
2024-07;Comunitat Valenciana;Alicante/Alacant;OTROS FUELÓLEOS;51
2024-07;Comunitat Valenciana;Alicante/Alacant;QUEROSENO AVIACIÓN;34271
2024-07;Comunitat Valenciana;Alicante/Alacant;OTROS QUEROSENOS;0
2024-07;Comunitat Valenciana;Alicante/Alacant;GLP;4543
2024-07;Comunitat Valenciana;Castellón/Castelló;BIODIESEL;0
2024-07;Comunitat Valenciana;Castellón/Castelló;GASÓLEO A;23758
2024-07;Comunitat Valenciana;Castellón/Castelló;GASÓLEO B;1615
2024-07;Comunitat Valenciana;Castellón/Castelló;GASÓLEO C;128
2024-07;Comunitat Valenciana;Castellón/Castelló;OTROS GASOLEOS;10643
2024-07;Comunitat Valenciana;Castellón/Castelló;BIOETANOL;0
2024-07;Comunitat Valenciana;Castellón/Castelló;GASOLINA  AUTO. S/PB 95 I.O.;9166
2024-07;Comunitat Valenciana;Castellón/Castelló;GASOLINA  AUTO. S/PB 98 I.O.;383
2024-07;Comunitat Valenciana;Castellón/Castelló;OTRAS GASOLINAS;17
2024-07;Comunitat Valenciana;Castellón/Castelló;FUELÓLEO  BIA;0
2024-07;Comunitat Valenciana;Castellón/Castelló;OTROS FUELÓLEOS;0
2024-07;Comunitat Valenciana;Castellón/Castelló;QUEROSENO AVIACIÓN;294
2024-07;Comunitat Valenciana;Castellón/Castelló;OTROS QUEROSENOS;0
2024-07;Comunitat Valenciana;Castellón/Castelló;GLP;1190
2024-07;Comunitat Valenciana;Valencia/València;BIODIESEL;123
2024-07;Comunitat Valenciana;Valencia/València;GASÓLEO A;100356
2024-07;Comunitat Valenciana;Valencia/València;GASÓLEO B;10652
2024-07;Comunitat Valenciana;Valencia/València;GASÓLEO C;583
2024-07;Comunitat Valenciana;Valencia/València;OTROS GASOLEOS;5416
2024-07;Comunitat Valenciana;Valencia/València;BIOETANOL;0
2024-07;Comunitat Valenciana;Valencia/València;GASOLINA  AUTO. S/PB 95 I.O.;33068
2024-07;Comunitat Valenciana;Valencia/València;GASOLINA  AUTO. S/PB 98 I.O.;1230
2024-07;Comunitat Valenciana;Valencia/València;OTRAS GASOLINAS;8
2024-07;Comunitat Valenciana;Valencia/València;FUELÓLEO  BIA;91
2024-07;Comunitat Valenciana;Valencia/València;OTROS FUELÓLEOS;23247
2024-07;Comunitat Valenciana;Valencia/València;QUEROSENO AVIACIÓN;16268
2024-07;Comunitat Valenciana;Valencia/València;OTROS QUEROSENOS;1
2024-07;Comunitat Valenciana;Valencia/València;GLP;3322
2024-07;Extremadura;Badajoz;BIODIESEL;70
2024-07;Extremadura;Badajoz;GASÓLEO A;39465
2024-07;Extremadura;Badajoz;GASÓLEO B;9952
2024-07;Extremadura;Badajoz;GASÓLEO C;144
2024-07;Extremadura;Badajoz;OTROS GASOLEOS;0
2024-07;Extremadura;Badajoz;BIOETANOL;0
2024-07;Extremadura;Badajoz;GASOLINA  AUTO. S/PB 95 I.O.;6342
2024-07;Extremadura;Badajoz;GASOLINA  AUTO. S/PB 98 I.O.;216
2024-07;Extremadura;Badajoz;OTRAS GASOLINAS;3
2024-07;Extremadura;Badajoz;FUELÓLEO  BIA;127
2024-07;Extremadura;Badajoz;OTROS FUELÓLEOS;0
2024-07;Extremadura;Badajoz;QUEROSENO AVIACIÓN;133
2024-07;Extremadura;Badajoz;OTROS QUEROSENOS;0
2024-07;Extremadura;Badajoz;GLP;1509
2024-07;Extremadura;Cáceres;BIODIESEL;0
2024-07;Extremadura;Cáceres;GASÓLEO A;18122
2024-07;Extremadura;Cáceres;GASÓLEO B;2986
2024-07;Extremadura;Cáceres;GASÓLEO C;151
2024-07;Extremadura;Cáceres;OTROS GASOLEOS;0
2024-07;Extremadura;Cáceres;BIOETANOL;0
2024-07;Extremadura;Cáceres;GASOLINA  AUTO. S/PB 95 I.O.;4474
2024-07;Extremadura;Cáceres;GASOLINA  AUTO. S/PB 98 I.O.;133
2024-07;Extremadura;Cáceres;OTRAS GASOLINAS;0
2024-07;Extremadura;Cáceres;FUELÓLEO  BIA;74
2024-07;Extremadura;Cáceres;OTROS FUELÓLEOS;0
2024-07;Extremadura;Cáceres;QUEROSENO AVIACIÓN;22
2024-07;Extremadura;Cáceres;OTROS QUEROSENOS;0
2024-07;Extremadura;Cáceres;GLP;991
2024-07;Galicia;Coruña, A;BIODIESEL;69
2024-07;Galicia;Coruña, A;GASÓLEO A;42757
2024-07;Galicia;Coruña, A;GASÓLEO B;8050
2024-07;Galicia;Coruña, A;GASÓLEO C;2167
2024-07;Galicia;Coruña, A;OTROS GASOLEOS;3978
2024-07;Galicia;Coruña, A;BIOETANOL;0
2024-07;Galicia;Coruña, A;GASOLINA  AUTO. S/PB 95 I.O.;10985
2024-07;Galicia;Coruña, A;GASOLINA  AUTO. S/PB 98 I.O.;546
2024-07;Galicia;Coruña, A;OTRAS GASOLINAS;15
2024-07;Galicia;Coruña, A;FUELÓLEO  BIA;7793
2024-07;Galicia;Coruña, A;OTROS FUELÓLEOS;805
2024-07;Galicia;Coruña, A;QUEROSENO AVIACIÓN;6013
2024-07;Galicia;Coruña, A;OTROS QUEROSENOS;0
2024-07;Galicia;Coruña, A;GLP;2904
2024-07;Galicia;Lugo;BIODIESEL;0
2024-07;Galicia;Lugo;GASÓLEO A;18072
2024-07;Galicia;Lugo;GASÓLEO B;5415
2024-07;Galicia;Lugo;GASÓLEO C;1039
2024-07;Galicia;Lugo;OTROS GASOLEOS;1758
2024-07;Galicia;Lugo;BIOETANOL;0
2024-07;Galicia;Lugo;GASOLINA  AUTO. S/PB 95 I.O.;3610
2024-07;Galicia;Lugo;GASOLINA  AUTO. S/PB 98 I.O.;181
2024-07;Galicia;Lugo;OTRAS GASOLINAS;0
2024-07;Galicia;Lugo;FUELÓLEO  BIA;78
2024-07;Galicia;Lugo;OTROS FUELÓLEOS;0
2024-07;Galicia;Lugo;QUEROSENO AVIACIÓN;6
2024-07;Galicia;Lugo;OTROS QUEROSENOS;0
2024-07;Galicia;Lugo;GLP;1118
2024-07;Galicia;Ourense;BIODIESEL;0
2024-07;Galicia;Ourense;GASÓLEO A;15274
2024-07;Galicia;Ourense;GASÓLEO B;3024
2024-07;Galicia;Ourense;GASÓLEO C;1425
2024-07;Galicia;Ourense;OTROS GASOLEOS;0
2024-07;Galicia;Ourense;BIOETANOL;0
2024-07;Galicia;Ourense;GASOLINA  AUTO. S/PB 95 I.O.;3571
2024-07;Galicia;Ourense;GASOLINA  AUTO. S/PB 98 I.O.;272
2024-07;Galicia;Ourense;OTRAS GASOLINAS;0
2024-07;Galicia;Ourense;FUELÓLEO  BIA;1343
2024-07;Galicia;Ourense;OTROS FUELÓLEOS;0
2024-07;Galicia;Ourense;QUEROSENO AVIACIÓN;63
2024-07;Galicia;Ourense;OTROS QUEROSENOS;0
2024-07;Galicia;Ourense;GLP;894
2024-07;Galicia;Pontevedra;BIODIESEL;12
2024-07;Galicia;Pontevedra;GASÓLEO A;37998
2024-07;Galicia;Pontevedra;GASÓLEO B;5472
2024-07;Galicia;Pontevedra;GASÓLEO C;2474
2024-07;Galicia;Pontevedra;OTROS GASOLEOS;3920
2024-07;Galicia;Pontevedra;BIOETANOL;0
2024-07;Galicia;Pontevedra;GASOLINA  AUTO. S/PB 95 I.O.;10410
2024-07;Galicia;Pontevedra;GASOLINA  AUTO. S/PB 98 I.O.;593
2024-07;Galicia;Pontevedra;OTRAS GASOLINAS;2
2024-07;Galicia;Pontevedra;FUELÓLEO  BIA;410
2024-07;Galicia;Pontevedra;OTROS FUELÓLEOS;303
2024-07;Galicia;Pontevedra;QUEROSENO AVIACIÓN;916
2024-07;Galicia;Pontevedra;OTROS QUEROSENOS;0
2024-07;Galicia;Pontevedra;GLP;2596
2024-07;Madrid, Comunidad de;Madrid;BIODIESEL;503
2024-07;Madrid, Comunidad de;Madrid;GASÓLEO A;148017
2024-07;Madrid, Comunidad de;Madrid;GASÓLEO B;8455
2024-07;Madrid, Comunidad de;Madrid;GASÓLEO C;4153
2024-07;Madrid, Comunidad de;Madrid;OTROS GASOLEOS;0
2024-07;Madrid, Comunidad de;Madrid;BIOETANOL;0
2024-07;Madrid, Comunidad de;Madrid;GASOLINA  AUTO. S/PB 95 I.O.;68547
2024-07;Madrid, Comunidad de;Madrid;GASOLINA  AUTO. S/PB 98 I.O.;2561
2024-07;Madrid, Comunidad de;Madrid;OTRAS GASOLINAS;74
2024-07;Madrid, Comunidad de;Madrid;FUELÓLEO  BIA;291
2024-07;Madrid, Comunidad de;Madrid;OTROS FUELÓLEOS;0
2024-07;Madrid, Comunidad de;Madrid;QUEROSENO AVIACIÓN;247936
2024-07;Madrid, Comunidad de;Madrid;OTROS QUEROSENOS;0
2024-07;Madrid, Comunidad de;Madrid;GLP;5966
2024-07;Melilla;Melilla;BIODIESEL;0
2024-07;Melilla;Melilla;GASÓLEO A;1395
2024-07;Melilla;Melilla;GASÓLEO B;0
2024-07;Melilla;Melilla;GASÓLEO C;0
2024-07;Melilla;Melilla;OTROS GASOLEOS;0
2024-07;Melilla;Melilla;BIOETANOL;0
2024-07;Melilla;Melilla;GASOLINA  AUTO. S/PB 95 I.O.;658
2024-07;Melilla;Melilla;GASOLINA  AUTO. S/PB 98 I.O.;0
2024-07;Melilla;Melilla;OTRAS GASOLINAS;0
2024-07;Melilla;Melilla;FUELÓLEO  BIA;2596
2024-07;Melilla;Melilla;OTROS FUELÓLEOS;0
2024-07;Melilla;Melilla;QUEROSENO AVIACIÓN;195
2024-07;Melilla;Melilla;OTROS QUEROSENOS;0
2024-07;Melilla;Melilla;GLP;90
2024-07;Murcia, Región de;Murcia;BIODIESEL;968
2024-07;Murcia, Región de;Murcia;GASÓLEO A;82202
2024-07;Murcia, Región de;Murcia;GASÓLEO B;12353
2024-07;Murcia, Región de;Murcia;GASÓLEO C;377
2024-07;Murcia, Región de;Murcia;OTROS GASOLEOS;1407
2024-07;Murcia, Región de;Murcia;BIOETANOL;0
2024-07;Murcia, Región de;Murcia;GASOLINA  AUTO. S/PB 95 I.O.;16693
2024-07;Murcia, Región de;Murcia;GASOLINA  AUTO. S/PB 98 I.O.;724
2024-07;Murcia, Región de;Murcia;OTRAS GASOLINAS;5
2024-07;Murcia, Región de;Murcia;FUELÓLEO  BIA;303
2024-07;Murcia, Región de;Murcia;OTROS FUELÓLEOS;0
2024-07;Murcia, Región de;Murcia;QUEROSENO AVIACIÓN;1919
2024-07;Murcia, Región de;Murcia;OTROS QUEROSENOS;0
2024-07;Murcia, Región de;Murcia;GLP;2824
2024-07;Navarra, Comunidad Foral de;Navarra;BIODIESEL;400
2024-07;Navarra, Comunidad Foral de;Navarra;GASÓLEO A;47745
2024-07;Navarra, Comunidad Foral de;Navarra;GASÓLEO B;6993
2024-07;Navarra, Comunidad Foral de;Navarra;GASÓLEO C;224
2024-07;Navarra, Comunidad Foral de;Navarra;OTROS GASOLEOS;0
2024-07;Navarra, Comunidad Foral de;Navarra;BIOETANOL;0
2024-07;Navarra, Comunidad Foral de;Navarra;GASOLINA  AUTO. S/PB 95 I.O.;7495
2024-07;Navarra, Comunidad Foral de;Navarra;GASOLINA  AUTO. S/PB 98 I.O.;313
2024-07;Navarra, Comunidad Foral de;Navarra;OTRAS GASOLINAS;5
2024-07;Navarra, Comunidad Foral de;Navarra;FUELÓLEO  BIA;108
2024-07;Navarra, Comunidad Foral de;Navarra;OTROS FUELÓLEOS;0
2024-07;Navarra, Comunidad Foral de;Navarra;QUEROSENO AVIACIÓN;220
2024-07;Navarra, Comunidad Foral de;Navarra;OTROS QUEROSENOS;0
2024-07;Navarra, Comunidad Foral de;Navarra;GLP;697
2024-07;País Vasco;Araba/Álava;BIODIESEL;150
2024-07;País Vasco;Araba/Álava;GASÓLEO A;43470
2024-07;País Vasco;Araba/Álava;GASÓLEO B;3483
2024-07;País Vasco;Araba/Álava;GASÓLEO C;735
2024-07;País Vasco;Araba/Álava;OTROS GASOLEOS;0
2024-07;País Vasco;Araba/Álava;BIOETANOL;0
2024-07;País Vasco;Araba/Álava;GASOLINA  AUTO. S/PB 95 I.O.;3457
2024-07;País Vasco;Araba/Álava;GASOLINA  AUTO. S/PB 98 I.O.;235
2024-07;País Vasco;Araba/Álava;OTRAS GASOLINAS;1
2024-07;País Vasco;Araba/Álava;FUELÓLEO  BIA;292
2024-07;País Vasco;Araba/Álava;OTROS FUELÓLEOS;0
2024-07;País Vasco;Araba/Álava;QUEROSENO AVIACIÓN;1343
2024-07;País Vasco;Araba/Álava;OTROS QUEROSENOS;0
2024-07;País Vasco;Araba/Álava;GLP;753
2024-07;País Vasco;Bizkaia;BIODIESEL;714
2024-07;País Vasco;Bizkaia;GASÓLEO A;34916
2024-07;País Vasco;Bizkaia;GASÓLEO B;8849
2024-07;País Vasco;Bizkaia;GASÓLEO C;1156
2024-07;País Vasco;Bizkaia;OTROS GASOLEOS;1965
2024-07;País Vasco;Bizkaia;BIOETANOL;0
2024-07;País Vasco;Bizkaia;GASOLINA  AUTO. S/PB 95 I.O.;11167
2024-07;País Vasco;Bizkaia;GASOLINA  AUTO. S/PB 98 I.O.;443
2024-07;País Vasco;Bizkaia;OTRAS GASOLINAS;3
2024-07;País Vasco;Bizkaia;FUELÓLEO  BIA;25
2024-07;País Vasco;Bizkaia;OTROS FUELÓLEOS;54
2024-07;País Vasco;Bizkaia;QUEROSENO AVIACIÓN;8614
2024-07;País Vasco;Bizkaia;OTROS QUEROSENOS;2
2024-07;País Vasco;Bizkaia;GLP;799
2024-07;País Vasco;Gipuzkoa;BIODIESEL;254
2024-07;País Vasco;Gipuzkoa;GASÓLEO A;58304
2024-07;País Vasco;Gipuzkoa;GASÓLEO B;1565
2024-07;País Vasco;Gipuzkoa;GASÓLEO C;188
2024-07;País Vasco;Gipuzkoa;OTROS GASOLEOS;1590
2024-07;País Vasco;Gipuzkoa;BIOETANOL;0
2024-07;País Vasco;Gipuzkoa;GASOLINA  AUTO. S/PB 95 I.O.;8343
2024-07;País Vasco;Gipuzkoa;GASOLINA  AUTO. S/PB 98 I.O.;608
2024-07;País Vasco;Gipuzkoa;OTRAS GASOLINAS;1
2024-07;País Vasco;Gipuzkoa;FUELÓLEO  BIA;76
2024-07;País Vasco;Gipuzkoa;OTROS FUELÓLEOS;102
2024-07;País Vasco;Gipuzkoa;QUEROSENO AVIACIÓN;649
2024-07;País Vasco;Gipuzkoa;OTROS QUEROSENOS;0
2024-07;País Vasco;Gipuzkoa;GLP;905
2024-07;Rioja, La;Rioja, La;BIODIESEL;70
2024-07;Rioja, La;Rioja, La;GASÓLEO A;12787
2024-07;Rioja, La;Rioja, La;GASÓLEO B;3207
2024-07;Rioja, La;Rioja, La;GASÓLEO C;468
2024-07;Rioja, La;Rioja, La;OTROS GASOLEOS;0
2024-07;Rioja, La;Rioja, La;BIOETANOL;0
2024-07;Rioja, La;Rioja, La;GASOLINA  AUTO. S/PB 95 I.O.;3136
2024-07;Rioja, La;Rioja, La;GASOLINA  AUTO. S/PB 98 I.O.;111
2024-07;Rioja, La;Rioja, La;OTRAS GASOLINAS;8
2024-07;Rioja, La;Rioja, La;FUELÓLEO  BIA;26
2024-07;Rioja, La;Rioja, La;OTROS FUELÓLEOS;0
2024-07;Rioja, La;Rioja, La;QUEROSENO AVIACIÓN;33
2024-07;Rioja, La;Rioja, La;OTROS QUEROSENOS;0
2024-07;Rioja, La;Rioja, La;GLP;392
2024-08;Andalucía;Almería;BIODIESEL;187
2024-08;Andalucía;Almería;GASÓLEO A;30504
2024-08;Andalucía;Almería;GASÓLEO B;4564
2024-08;Andalucía;Almería;GASÓLEO C;48
2024-08;Andalucía;Almería;OTROS GASOLEOS;2585
2024-08;Andalucía;Almería;BIOETANOL;0
2024-08;Andalucía;Almería;GASOLINA  AUTO. S/PB 95 I.O.;8245
2024-08;Andalucía;Almería;GASOLINA  AUTO. S/PB 98 I.O.;395
2024-08;Andalucía;Almería;OTRAS GASOLINAS;2
2024-08;Andalucía;Almería;FUELÓLEO  BIA;160
2024-08;Andalucía;Almería;OTROS FUELÓLEOS;4341
2024-08;Andalucía;Almería;QUEROSENO AVIACIÓN;1387
2024-08;Andalucía;Almería;OTROS QUEROSENOS;0
2024-08;Andalucía;Almería;GLP;1527
2024-08;Andalucía;Cádiz;BIODIESEL;75
2024-08;Andalucía;Cádiz;GASÓLEO A;38275
2024-08;Andalucía;Cádiz;GASÓLEO B;7166
2024-08;Andalucía;Cádiz;GASÓLEO C;138
2024-08;Andalucía;Cádiz;OTROS GASOLEOS;35459
2024-08;Andalucía;Cádiz;BIOETANOL;0
2024-08;Andalucía;Cádiz;GASOLINA  AUTO. S/PB 95 I.O.;16007
2024-08;Andalucía;Cádiz;GASOLINA  AUTO. S/PB 98 I.O.;603
2024-08;Andalucía;Cádiz;OTRAS GASOLINAS;51
2024-08;Andalucía;Cádiz;FUELÓLEO  BIA;22206
2024-08;Andalucía;Cádiz;OTROS FUELÓLEOS;237317
2024-08;Andalucía;Cádiz;QUEROSENO AVIACIÓN;2038
2024-08;Andalucía;Cádiz;OTROS QUEROSENOS;0
2024-08;Andalucía;Cádiz;GLP;2660
2024-08;Andalucía;Córdoba;BIODIESEL;5
2024-08;Andalucía;Córdoba;GASÓLEO A;33518
2024-08;Andalucía;Córdoba;GASÓLEO B;6540
2024-08;Andalucía;Córdoba;GASÓLEO C;232
2024-08;Andalucía;Córdoba;OTROS GASOLEOS;0
2024-08;Andalucía;Córdoba;BIOETANOL;0
2024-08;Andalucía;Córdoba;GASOLINA  AUTO. S/PB 95 I.O.;6060
2024-08;Andalucía;Córdoba;GASOLINA  AUTO. S/PB 98 I.O.;148
2024-08;Andalucía;Córdoba;OTRAS GASOLINAS;7
2024-08;Andalucía;Córdoba;FUELÓLEO  BIA;25
2024-08;Andalucía;Córdoba;OTROS FUELÓLEOS;0
2024-08;Andalucía;Córdoba;QUEROSENO AVIACIÓN;80
2024-08;Andalucía;Córdoba;OTROS QUEROSENOS;0
2024-08;Andalucía;Córdoba;GLP;891
2024-08;Andalucía;Granada;BIODIESEL;31
2024-08;Andalucía;Granada;GASÓLEO A;37827
2024-08;Andalucía;Granada;GASÓLEO B;5074
2024-08;Andalucía;Granada;GASÓLEO C;615
2024-08;Andalucía;Granada;OTROS GASOLEOS;404
2024-08;Andalucía;Granada;BIOETANOL;0
2024-08;Andalucía;Granada;GASOLINA  AUTO. S/PB 95 I.O.;10678
2024-08;Andalucía;Granada;GASOLINA  AUTO. S/PB 98 I.O.;477
2024-08;Andalucía;Granada;OTRAS GASOLINAS;8
2024-08;Andalucía;Granada;FUELÓLEO  BIA;53
2024-08;Andalucía;Granada;OTROS FUELÓLEOS;1249
2024-08;Andalucía;Granada;QUEROSENO AVIACIÓN;1085
2024-08;Andalucía;Granada;OTROS QUEROSENOS;0
2024-08;Andalucía;Granada;GLP;1840
2024-08;Andalucía;Huelva;BIODIESEL;0
2024-08;Andalucía;Huelva;GASÓLEO A;26833
2024-08;Andalucía;Huelva;GASÓLEO B;8786
2024-08;Andalucía;Huelva;GASÓLEO C;101
2024-08;Andalucía;Huelva;OTROS GASOLEOS;3632
2024-08;Andalucía;Huelva;BIOETANOL;0
2024-08;Andalucía;Huelva;GASOLINA  AUTO. S/PB 95 I.O.;7208
2024-08;Andalucía;Huelva;GASOLINA  AUTO. S/PB 98 I.O.;262
2024-08;Andalucía;Huelva;OTRAS GASOLINAS;0
2024-08;Andalucía;Huelva;FUELÓLEO  BIA;493
2024-08;Andalucía;Huelva;OTROS FUELÓLEOS;11834
2024-08;Andalucía;Huelva;QUEROSENO AVIACIÓN;16
2024-08;Andalucía;Huelva;OTROS QUEROSENOS;0
2024-08;Andalucía;Huelva;GLP;1520
2024-08;Andalucía;Jaén;BIODIESEL;98
2024-08;Andalucía;Jaén;GASÓLEO A;25281
2024-08;Andalucía;Jaén;GASÓLEO B;3464
2024-08;Andalucía;Jaén;GASÓLEO C;228
2024-08;Andalucía;Jaén;OTROS GASOLEOS;0
2024-08;Andalucía;Jaén;BIOETANOL;0
2024-08;Andalucía;Jaén;GASOLINA  AUTO. S/PB 95 I.O.;5310
2024-08;Andalucía;Jaén;GASOLINA  AUTO. S/PB 98 I.O.;217
2024-08;Andalucía;Jaén;OTRAS GASOLINAS;0
2024-08;Andalucía;Jaén;FUELÓLEO  BIA;0
2024-08;Andalucía;Jaén;OTROS FUELÓLEOS;0
2024-08;Andalucía;Jaén;QUEROSENO AVIACIÓN;16
2024-08;Andalucía;Jaén;OTROS QUEROSENOS;0
2024-08;Andalucía;Jaén;GLP;899
2024-08;Andalucía;Málaga;BIODIESEL;97
2024-08;Andalucía;Málaga;GASÓLEO A;56205
2024-08;Andalucía;Málaga;GASÓLEO B;3952
2024-08;Andalucía;Málaga;GASÓLEO C;266
2024-08;Andalucía;Málaga;OTROS GASOLEOS;1012
2024-08;Andalucía;Málaga;BIOETANOL;0
2024-08;Andalucía;Málaga;GASOLINA  AUTO. S/PB 95 I.O.;25261
2024-08;Andalucía;Málaga;GASOLINA  AUTO. S/PB 98 I.O.;1657
2024-08;Andalucía;Málaga;OTRAS GASOLINAS;14
2024-08;Andalucía;Málaga;FUELÓLEO  BIA;77
2024-08;Andalucía;Málaga;OTROS FUELÓLEOS;772
2024-08;Andalucía;Málaga;QUEROSENO AVIACIÓN;48383
2024-08;Andalucía;Málaga;OTROS QUEROSENOS;0
2024-08;Andalucía;Málaga;GLP;3561
2024-08;Andalucía;Sevilla;BIODIESEL;89
2024-08;Andalucía;Sevilla;GASÓLEO A;58827
2024-08;Andalucía;Sevilla;GASÓLEO B;8741
2024-08;Andalucía;Sevilla;GASÓLEO C;276
2024-08;Andalucía;Sevilla;OTROS GASOLEOS;721
2024-08;Andalucía;Sevilla;BIOETANOL;0
2024-08;Andalucía;Sevilla;GASOLINA  AUTO. S/PB 95 I.O.;17258
2024-08;Andalucía;Sevilla;GASOLINA  AUTO. S/PB 98 I.O.;444
2024-08;Andalucía;Sevilla;OTRAS GASOLINAS;12
2024-08;Andalucía;Sevilla;FUELÓLEO  BIA;295
2024-08;Andalucía;Sevilla;OTROS FUELÓLEOS;52
2024-08;Andalucía;Sevilla;QUEROSENO AVIACIÓN;11659
2024-08;Andalucía;Sevilla;OTROS QUEROSENOS;0
2024-08;Andalucía;Sevilla;GLP;2339
2024-08;Aragón;Huesca;BIODIESEL;6
2024-08;Aragón;Huesca;GASÓLEO A;16777
2024-08;Aragón;Huesca;GASÓLEO B;5132
2024-08;Aragón;Huesca;GASÓLEO C;387
2024-08;Aragón;Huesca;OTROS GASOLEOS;0
2024-08;Aragón;Huesca;BIOETANOL;0
2024-08;Aragón;Huesca;GASOLINA  AUTO. S/PB 95 I.O.;4927
2024-08;Aragón;Huesca;GASOLINA  AUTO. S/PB 98 I.O.;264
2024-08;Aragón;Huesca;OTRAS GASOLINAS;7
2024-08;Aragón;Huesca;FUELÓLEO  BIA;25
2024-08;Aragón;Huesca;OTROS FUELÓLEOS;0
2024-08;Aragón;Huesca;QUEROSENO AVIACIÓN;68
2024-08;Aragón;Huesca;OTROS QUEROSENOS;0
2024-08;Aragón;Huesca;GLP;604
2024-08;Aragón;Teruel;BIODIESEL;13
2024-08;Aragón;Teruel;GASÓLEO A;9015
2024-08;Aragón;Teruel;GASÓLEO B;3066
2024-08;Aragón;Teruel;GASÓLEO C;568
2024-08;Aragón;Teruel;OTROS GASOLEOS;0
2024-08;Aragón;Teruel;BIOETANOL;0
2024-08;Aragón;Teruel;GASOLINA  AUTO. S/PB 95 I.O.;2789
2024-08;Aragón;Teruel;GASOLINA  AUTO. S/PB 98 I.O.;121
2024-08;Aragón;Teruel;OTRAS GASOLINAS;0
2024-08;Aragón;Teruel;FUELÓLEO  BIA;45
2024-08;Aragón;Teruel;OTROS FUELÓLEOS;0
2024-08;Aragón;Teruel;QUEROSENO AVIACIÓN;181
2024-08;Aragón;Teruel;OTROS QUEROSENOS;0
2024-08;Aragón;Teruel;GLP;411
2024-08;Aragón;Zaragoza;BIODIESEL;414
2024-08;Aragón;Zaragoza;GASÓLEO A;41825
2024-08;Aragón;Zaragoza;GASÓLEO B;8850
2024-08;Aragón;Zaragoza;GASÓLEO C;1159
2024-08;Aragón;Zaragoza;OTROS GASOLEOS;0
2024-08;Aragón;Zaragoza;BIOETANOL;0
2024-08;Aragón;Zaragoza;GASOLINA  AUTO. S/PB 95 I.O.;10797
2024-08;Aragón;Zaragoza;GASOLINA  AUTO. S/PB 98 I.O.;452
2024-08;Aragón;Zaragoza;OTRAS GASOLINAS;4
2024-08;Aragón;Zaragoza;FUELÓLEO  BIA;25
2024-08;Aragón;Zaragoza;OTROS FUELÓLEOS;0
2024-08;Aragón;Zaragoza;QUEROSENO AVIACIÓN;9309
2024-08;Aragón;Zaragoza;OTROS QUEROSENOS;0
2024-08;Aragón;Zaragoza;GLP;1125
2024-08;Asturias, Principado de;Asturias;BIODIESEL;57
2024-08;Asturias, Principado de;Asturias;GASÓLEO A;36746
2024-08;Asturias, Principado de;Asturias;GASÓLEO B;5421
2024-08;Asturias, Principado de;Asturias;GASÓLEO C;1378
2024-08;Asturias, Principado de;Asturias;OTROS GASOLEOS;3027
2024-08;Asturias, Principado de;Asturias;BIOETANOL;0
2024-08;Asturias, Principado de;Asturias;GASOLINA  AUTO. S/PB 95 I.O.;12472
2024-08;Asturias, Principado de;Asturias;GASOLINA  AUTO. S/PB 98 I.O.;740
2024-08;Asturias, Principado de;Asturias;OTRAS GASOLINAS;5
2024-08;Asturias, Principado de;Asturias;FUELÓLEO  BIA;719
2024-08;Asturias, Principado de;Asturias;OTROS FUELÓLEOS;774
2024-08;Asturias, Principado de;Asturias;QUEROSENO AVIACIÓN;1684
2024-08;Asturias, Principado de;Asturias;OTROS QUEROSENOS;0
2024-08;Asturias, Principado de;Asturias;GLP;1875
2024-08;Balears, Illes;Balears, Illes;BIODIESEL;0
2024-08;Balears, Illes;Balears, Illes;GASÓLEO A;37971
2024-08;Balears, Illes;Balears, Illes;GASÓLEO B;3034
2024-08;Balears, Illes;Balears, Illes;GASÓLEO C;14747
2024-08;Balears, Illes;Balears, Illes;OTROS GASOLEOS;7668
2024-08;Balears, Illes;Balears, Illes;BIOETANOL;0
2024-08;Balears, Illes;Balears, Illes;GASOLINA  AUTO. S/PB 95 I.O.;33008
2024-08;Balears, Illes;Balears, Illes;GASOLINA  AUTO. S/PB 98 I.O.;1301
2024-08;Balears, Illes;Balears, Illes;OTRAS GASOLINAS;33
2024-08;Balears, Illes;Balears, Illes;FUELÓLEO  BIA;0
2024-08;Balears, Illes;Balears, Illes;OTROS FUELÓLEOS;0
2024-08;Balears, Illes;Balears, Illes;QUEROSENO AVIACIÓN;98433
2024-08;Balears, Illes;Balears, Illes;OTROS QUEROSENOS;0
2024-08;Balears, Illes;Balears, Illes;GLP;4125
2024-08;Canarias;Palmas, Las;BIODIESEL;0
2024-08;Canarias;Palmas, Las;GASÓLEO A;27473
2024-08;Canarias;Palmas, Las;GASÓLEO B;0
2024-08;Canarias;Palmas, Las;GASÓLEO C;0
2024-08;Canarias;Palmas, Las;OTROS GASOLEOS;75553
2024-08;Canarias;Palmas, Las;BIOETANOL;0
2024-08;Canarias;Palmas, Las;GASOLINA  AUTO. S/PB 95 I.O.;19613
2024-08;Canarias;Palmas, Las;GASOLINA  AUTO. S/PB 98 I.O.;3448
2024-08;Canarias;Palmas, Las;OTRAS GASOLINAS;5
2024-08;Canarias;Palmas, Las;FUELÓLEO  BIA;124204
2024-08;Canarias;Palmas, Las;OTROS FUELÓLEOS;57553
2024-08;Canarias;Palmas, Las;QUEROSENO AVIACIÓN;44440
2024-08;Canarias;Palmas, Las;OTROS QUEROSENOS;0
2024-08;Canarias;Palmas, Las;GLP;2852
2024-08;Canarias;Santa Cruz de Tenerife;BIODIESEL;0
2024-08;Canarias;Santa Cruz de Tenerife;GASÓLEO A;26650
2024-08;Canarias;Santa Cruz de Tenerife;GASÓLEO B;0
2024-08;Canarias;Santa Cruz de Tenerife;GASÓLEO C;0
2024-08;Canarias;Santa Cruz de Tenerife;OTROS GASOLEOS;52976
2024-08;Canarias;Santa Cruz de Tenerife;BIOETANOL;0
2024-08;Canarias;Santa Cruz de Tenerife;GASOLINA  AUTO. S/PB 95 I.O.;18743
2024-08;Canarias;Santa Cruz de Tenerife;GASOLINA  AUTO. S/PB 98 I.O.;4807
2024-08;Canarias;Santa Cruz de Tenerife;OTRAS GASOLINAS;1
2024-08;Canarias;Santa Cruz de Tenerife;FUELÓLEO  BIA;20125
2024-08;Canarias;Santa Cruz de Tenerife;OTROS FUELÓLEOS;37579
2024-08;Canarias;Santa Cruz de Tenerife;QUEROSENO AVIACIÓN;45309
2024-08;Canarias;Santa Cruz de Tenerife;OTROS QUEROSENOS;0
2024-08;Canarias;Santa Cruz de Tenerife;GLP;3138
2024-08;Cantabria;Cantabria;BIODIESEL;533
2024-08;Cantabria;Cantabria;GASÓLEO A;29394
2024-08;Cantabria;Cantabria;GASÓLEO B;3992
2024-08;Cantabria;Cantabria;GASÓLEO C;99
2024-08;Cantabria;Cantabria;OTROS GASOLEOS;1066
2024-08;Cantabria;Cantabria;BIOETANOL;0
2024-08;Cantabria;Cantabria;GASOLINA  AUTO. S/PB 95 I.O.;10664
2024-08;Cantabria;Cantabria;GASOLINA  AUTO. S/PB 98 I.O.;453
2024-08;Cantabria;Cantabria;OTRAS GASOLINAS;2
2024-08;Cantabria;Cantabria;FUELÓLEO  BIA;27
2024-08;Cantabria;Cantabria;OTROS FUELÓLEOS;0
2024-08;Cantabria;Cantabria;QUEROSENO AVIACIÓN;1266
2024-08;Cantabria;Cantabria;OTROS QUEROSENOS;0
2024-08;Cantabria;Cantabria;GLP;1324
2024-08;Castilla - La Mancha;Albacete;BIODIESEL;76
2024-08;Castilla - La Mancha;Albacete;GASÓLEO A;17226
2024-08;Castilla - La Mancha;Albacete;GASÓLEO B;5827
2024-08;Castilla - La Mancha;Albacete;GASÓLEO C;322
2024-08;Castilla - La Mancha;Albacete;OTROS GASOLEOS;0
2024-08;Castilla - La Mancha;Albacete;BIOETANOL;0
2024-08;Castilla - La Mancha;Albacete;GASOLINA  AUTO. S/PB 95 I.O.;4764
2024-08;Castilla - La Mancha;Albacete;GASOLINA  AUTO. S/PB 98 I.O.;214
2024-08;Castilla - La Mancha;Albacete;OTRAS GASOLINAS;0
2024-08;Castilla - La Mancha;Albacete;FUELÓLEO  BIA;0
2024-08;Castilla - La Mancha;Albacete;OTROS FUELÓLEOS;0
2024-08;Castilla - La Mancha;Albacete;QUEROSENO AVIACIÓN;10
2024-08;Castilla - La Mancha;Albacete;OTROS QUEROSENOS;0
2024-08;Castilla - La Mancha;Albacete;GLP;622
2024-08;Castilla - La Mancha;Ciudad Real;BIODIESEL;59
2024-08;Castilla - La Mancha;Ciudad Real;GASÓLEO A;21417
2024-08;Castilla - La Mancha;Ciudad Real;GASÓLEO B;8645
2024-08;Castilla - La Mancha;Ciudad Real;GASÓLEO C;532
2024-08;Castilla - La Mancha;Ciudad Real;OTROS GASOLEOS;0
2024-08;Castilla - La Mancha;Ciudad Real;BIOETANOL;0
2024-08;Castilla - La Mancha;Ciudad Real;GASOLINA  AUTO. S/PB 95 I.O.;4965
2024-08;Castilla - La Mancha;Ciudad Real;GASOLINA  AUTO. S/PB 98 I.O.;173
2024-08;Castilla - La Mancha;Ciudad Real;OTRAS GASOLINAS;0
2024-08;Castilla - La Mancha;Ciudad Real;FUELÓLEO  BIA;40
2024-08;Castilla - La Mancha;Ciudad Real;OTROS FUELÓLEOS;0
2024-08;Castilla - La Mancha;Ciudad Real;QUEROSENO AVIACIÓN;104
2024-08;Castilla - La Mancha;Ciudad Real;OTROS QUEROSENOS;0
2024-08;Castilla - La Mancha;Ciudad Real;GLP;731
2024-08;Castilla - La Mancha;Cuenca;BIODIESEL;0
2024-08;Castilla - La Mancha;Cuenca;GASÓLEO A;15111
2024-08;Castilla - La Mancha;Cuenca;GASÓLEO B;5564
2024-08;Castilla - La Mancha;Cuenca;GASÓLEO C;303
2024-08;Castilla - La Mancha;Cuenca;OTROS GASOLEOS;0
2024-08;Castilla - La Mancha;Cuenca;BIOETANOL;0
2024-08;Castilla - La Mancha;Cuenca;GASOLINA  AUTO. S/PB 95 I.O.;4188
2024-08;Castilla - La Mancha;Cuenca;GASOLINA  AUTO. S/PB 98 I.O.;139
2024-08;Castilla - La Mancha;Cuenca;OTRAS GASOLINAS;4
2024-08;Castilla - La Mancha;Cuenca;FUELÓLEO  BIA;0
2024-08;Castilla - La Mancha;Cuenca;OTROS FUELÓLEOS;0
2024-08;Castilla - La Mancha;Cuenca;QUEROSENO AVIACIÓN;20
2024-08;Castilla - La Mancha;Cuenca;OTROS QUEROSENOS;0
2024-08;Castilla - La Mancha;Cuenca;GLP;444
2024-08;Castilla - La Mancha;Guadalajara;BIODIESEL;33
2024-08;Castilla - La Mancha;Guadalajara;GASÓLEO A;11617
2024-08;Castilla - La Mancha;Guadalajara;GASÓLEO B;2254
2024-08;Castilla - La Mancha;Guadalajara;GASÓLEO C;600
2024-08;Castilla - La Mancha;Guadalajara;OTROS GASOLEOS;0
2024-08;Castilla - La Mancha;Guadalajara;BIOETANOL;0
2024-08;Castilla - La Mancha;Guadalajara;GASOLINA  AUTO. S/PB 95 I.O.;3819
2024-08;Castilla - La Mancha;Guadalajara;GASOLINA  AUTO. S/PB 98 I.O.;100
2024-08;Castilla - La Mancha;Guadalajara;OTRAS GASOLINAS;0
2024-08;Castilla - La Mancha;Guadalajara;FUELÓLEO  BIA;0
2024-08;Castilla - La Mancha;Guadalajara;OTROS FUELÓLEOS;0
2024-08;Castilla - La Mancha;Guadalajara;QUEROSENO AVIACIÓN;0
2024-08;Castilla - La Mancha;Guadalajara;OTROS QUEROSENOS;0
2024-08;Castilla - La Mancha;Guadalajara;GLP;276
2024-08;Castilla - La Mancha;Toledo;BIODIESEL;41
2024-08;Castilla - La Mancha;Toledo;GASÓLEO A;39344
2024-08;Castilla - La Mancha;Toledo;GASÓLEO B;8483
2024-08;Castilla - La Mancha;Toledo;GASÓLEO C;1413
2024-08;Castilla - La Mancha;Toledo;OTROS GASOLEOS;0
2024-08;Castilla - La Mancha;Toledo;BIOETANOL;0
2024-08;Castilla - La Mancha;Toledo;GASOLINA  AUTO. S/PB 95 I.O.;8503
2024-08;Castilla - La Mancha;Toledo;GASOLINA  AUTO. S/PB 98 I.O.;315
2024-08;Castilla - La Mancha;Toledo;OTRAS GASOLINAS;26
2024-08;Castilla - La Mancha;Toledo;FUELÓLEO  BIA;63
2024-08;Castilla - La Mancha;Toledo;OTROS FUELÓLEOS;0
2024-08;Castilla - La Mancha;Toledo;QUEROSENO AVIACIÓN;51
2024-08;Castilla - La Mancha;Toledo;OTROS QUEROSENOS;0
2024-08;Castilla - La Mancha;Toledo;GLP;1010
2024-08;Castilla y León;Ávila;BIODIESEL;27
2024-08;Castilla y León;Ávila;GASÓLEO A;7588
2024-08;Castilla y León;Ávila;GASÓLEO B;2246
2024-08;Castilla y León;Ávila;GASÓLEO C;524
2024-08;Castilla y León;Ávila;OTROS GASOLEOS;0
2024-08;Castilla y León;Ávila;BIOETANOL;0
2024-08;Castilla y León;Ávila;GASOLINA  AUTO. S/PB 95 I.O.;2860
2024-08;Castilla y León;Ávila;GASOLINA  AUTO. S/PB 98 I.O.;97
2024-08;Castilla y León;Ávila;OTRAS GASOLINAS;0
2024-08;Castilla y León;Ávila;FUELÓLEO  BIA;0
2024-08;Castilla y León;Ávila;OTROS FUELÓLEOS;0
2024-08;Castilla y León;Ávila;QUEROSENO AVIACIÓN;11
2024-08;Castilla y León;Ávila;OTROS QUEROSENOS;0
2024-08;Castilla y León;Ávila;GLP;478
2024-08;Castilla y León;Burgos;BIODIESEL;94
2024-08;Castilla y León;Burgos;GASÓLEO A;25338
2024-08;Castilla y León;Burgos;GASÓLEO B;5601
2024-08;Castilla y León;Burgos;GASÓLEO C;141
2024-08;Castilla y León;Burgos;OTROS GASOLEOS;0
2024-08;Castilla y León;Burgos;BIOETANOL;0
2024-08;Castilla y León;Burgos;GASOLINA  AUTO. S/PB 95 I.O.;7594
2024-08;Castilla y León;Burgos;GASOLINA  AUTO. S/PB 98 I.O.;656
2024-08;Castilla y León;Burgos;OTRAS GASOLINAS;30
2024-08;Castilla y León;Burgos;FUELÓLEO  BIA;104
2024-08;Castilla y León;Burgos;OTROS FUELÓLEOS;0
2024-08;Castilla y León;Burgos;QUEROSENO AVIACIÓN;23
2024-08;Castilla y León;Burgos;OTROS QUEROSENOS;0
2024-08;Castilla y León;Burgos;GLP;697
2024-08;Castilla y León;León;BIODIESEL;22
2024-08;Castilla y León;León;GASÓLEO A;34298
2024-08;Castilla y León;León;GASÓLEO B;7184
2024-08;Castilla y León;León;GASÓLEO C;2004
2024-08;Castilla y León;León;OTROS GASOLEOS;0
2024-08;Castilla y León;León;BIOETANOL;0
2024-08;Castilla y León;León;GASOLINA  AUTO. S/PB 95 I.O.;8067
2024-08;Castilla y León;León;GASOLINA  AUTO. S/PB 98 I.O.;468
2024-08;Castilla y León;León;OTRAS GASOLINAS;0
2024-08;Castilla y León;León;FUELÓLEO  BIA;126
2024-08;Castilla y León;León;OTROS FUELÓLEOS;0
2024-08;Castilla y León;León;QUEROSENO AVIACIÓN;5733
2024-08;Castilla y León;León;OTROS QUEROSENOS;0
2024-08;Castilla y León;León;GLP;881
2024-08;Castilla y León;Palencia;BIODIESEL;92
2024-08;Castilla y León;Palencia;GASÓLEO A;11338
2024-08;Castilla y León;Palencia;GASÓLEO B;5249
2024-08;Castilla y León;Palencia;GASÓLEO C;190
2024-08;Castilla y León;Palencia;OTROS GASOLEOS;0
2024-08;Castilla y León;Palencia;BIOETANOL;0
2024-08;Castilla y León;Palencia;GASOLINA  AUTO. S/PB 95 I.O.;2877
2024-08;Castilla y León;Palencia;GASOLINA  AUTO. S/PB 98 I.O.;205
2024-08;Castilla y León;Palencia;OTRAS GASOLINAS;0
2024-08;Castilla y León;Palencia;FUELÓLEO  BIA;50
2024-08;Castilla y León;Palencia;OTROS FUELÓLEOS;0
2024-08;Castilla y León;Palencia;QUEROSENO AVIACIÓN;0
2024-08;Castilla y León;Palencia;OTROS QUEROSENOS;0
2024-08;Castilla y León;Palencia;GLP;300
2024-08;Castilla y León;Salamanca;BIODIESEL;0
2024-08;Castilla y León;Salamanca;GASÓLEO A;23300
2024-08;Castilla y León;Salamanca;GASÓLEO B;3930
2024-08;Castilla y León;Salamanca;GASÓLEO C;751
2024-08;Castilla y León;Salamanca;OTROS GASOLEOS;0
2024-08;Castilla y León;Salamanca;BIOETANOL;0
2024-08;Castilla y León;Salamanca;GASOLINA  AUTO. S/PB 95 I.O.;5324
2024-08;Castilla y León;Salamanca;GASOLINA  AUTO. S/PB 98 I.O.;362
2024-08;Castilla y León;Salamanca;OTRAS GASOLINAS;20
2024-08;Castilla y León;Salamanca;FUELÓLEO  BIA;0
2024-08;Castilla y León;Salamanca;OTROS FUELÓLEOS;0
2024-08;Castilla y León;Salamanca;QUEROSENO AVIACIÓN;42
2024-08;Castilla y León;Salamanca;OTROS QUEROSENOS;0
2024-08;Castilla y León;Salamanca;GLP;558
2024-08;Castilla y León;Segovia;BIODIESEL;0
2024-08;Castilla y León;Segovia;GASÓLEO A;9139
2024-08;Castilla y León;Segovia;GASÓLEO B;3385
2024-08;Castilla y León;Segovia;GASÓLEO C;864
2024-08;Castilla y León;Segovia;OTROS GASOLEOS;0
2024-08;Castilla y León;Segovia;BIOETANOL;0
2024-08;Castilla y León;Segovia;GASOLINA  AUTO. S/PB 95 I.O.;2961
2024-08;Castilla y León;Segovia;GASOLINA  AUTO. S/PB 98 I.O.;153
2024-08;Castilla y León;Segovia;OTRAS GASOLINAS;2
2024-08;Castilla y León;Segovia;FUELÓLEO  BIA;26
2024-08;Castilla y León;Segovia;OTROS FUELÓLEOS;0
2024-08;Castilla y León;Segovia;QUEROSENO AVIACIÓN;0
2024-08;Castilla y León;Segovia;OTROS QUEROSENOS;0
2024-08;Castilla y León;Segovia;GLP;505
2024-08;Castilla y León;Soria;BIODIESEL;0
2024-08;Castilla y León;Soria;GASÓLEO A;5613
2024-08;Castilla y León;Soria;GASÓLEO B;1756
2024-08;Castilla y León;Soria;GASÓLEO C;263
2024-08;Castilla y León;Soria;OTROS GASOLEOS;0
2024-08;Castilla y León;Soria;BIOETANOL;0
2024-08;Castilla y León;Soria;GASOLINA  AUTO. S/PB 95 I.O.;1846
2024-08;Castilla y León;Soria;GASOLINA  AUTO. S/PB 98 I.O.;86
2024-08;Castilla y León;Soria;OTRAS GASOLINAS;17
2024-08;Castilla y León;Soria;FUELÓLEO  BIA;0
2024-08;Castilla y León;Soria;OTROS FUELÓLEOS;0
2024-08;Castilla y León;Soria;QUEROSENO AVIACIÓN;8
2024-08;Castilla y León;Soria;OTROS QUEROSENOS;0
2024-08;Castilla y León;Soria;GLP;190
2024-08;Castilla y León;Valladolid;BIODIESEL;49
2024-08;Castilla y León;Valladolid;GASÓLEO A;26160
2024-08;Castilla y León;Valladolid;GASÓLEO B;6515
2024-08;Castilla y León;Valladolid;GASÓLEO C;449
2024-08;Castilla y León;Valladolid;OTROS GASOLEOS;0
2024-08;Castilla y León;Valladolid;BIOETANOL;0
2024-08;Castilla y León;Valladolid;GASOLINA  AUTO. S/PB 95 I.O.;6946
2024-08;Castilla y León;Valladolid;GASOLINA  AUTO. S/PB 98 I.O.;375
2024-08;Castilla y León;Valladolid;OTRAS GASOLINAS;5
2024-08;Castilla y León;Valladolid;FUELÓLEO  BIA;132
2024-08;Castilla y León;Valladolid;OTROS FUELÓLEOS;0
2024-08;Castilla y León;Valladolid;QUEROSENO AVIACIÓN;532
2024-08;Castilla y León;Valladolid;OTROS QUEROSENOS;0
2024-08;Castilla y León;Valladolid;GLP;443
2024-08;Castilla y León;Zamora;BIODIESEL;0
2024-08;Castilla y León;Zamora;GASÓLEO A;17400
2024-08;Castilla y León;Zamora;GASÓLEO B;3978
2024-08;Castilla y León;Zamora;GASÓLEO C;172
2024-08;Castilla y León;Zamora;OTROS GASOLEOS;0
2024-08;Castilla y León;Zamora;BIOETANOL;0
2024-08;Castilla y León;Zamora;GASOLINA  AUTO. S/PB 95 I.O.;3861
2024-08;Castilla y León;Zamora;GASOLINA  AUTO. S/PB 98 I.O.;325
2024-08;Castilla y León;Zamora;OTRAS GASOLINAS;0
2024-08;Castilla y León;Zamora;FUELÓLEO  BIA;0
2024-08;Castilla y León;Zamora;OTROS FUELÓLEOS;0
2024-08;Castilla y León;Zamora;QUEROSENO AVIACIÓN;6
2024-08;Castilla y León;Zamora;OTROS QUEROSENOS;0
2024-08;Castilla y León;Zamora;GLP;401
2024-08;Cataluña;Barcelona;BIODIESEL;661
2024-08;Cataluña;Barcelona;GASÓLEO A;128238
2024-08;Cataluña;Barcelona;GASÓLEO B;13033
2024-08;Cataluña;Barcelona;GASÓLEO C;1401
2024-08;Cataluña;Barcelona;OTROS GASOLEOS;19029
2024-08;Cataluña;Barcelona;BIOETANOL;0
2024-08;Cataluña;Barcelona;GASOLINA  AUTO. S/PB 95 I.O.;58405
2024-08;Cataluña;Barcelona;GASOLINA  AUTO. S/PB 98 I.O.;2815
2024-08;Cataluña;Barcelona;OTRAS GASOLINAS;134
2024-08;Cataluña;Barcelona;FUELÓLEO  BIA;21597
2024-08;Cataluña;Barcelona;OTROS FUELÓLEOS;99027
2024-08;Cataluña;Barcelona;QUEROSENO AVIACIÓN;129179
2024-08;Cataluña;Barcelona;OTROS QUEROSENOS;0
2024-08;Cataluña;Barcelona;GLP;3251
2024-08;Cataluña;Girona;BIODIESEL;319
2024-08;Cataluña;Girona;GASÓLEO A;95767
2024-08;Cataluña;Girona;GASÓLEO B;5362
2024-08;Cataluña;Girona;GASÓLEO C;1222
2024-08;Cataluña;Girona;OTROS GASOLEOS;794
2024-08;Cataluña;Girona;BIOETANOL;0
2024-08;Cataluña;Girona;GASOLINA  AUTO. S/PB 95 I.O.;22982
2024-08;Cataluña;Girona;GASOLINA  AUTO. S/PB 98 I.O.;1556
2024-08;Cataluña;Girona;OTRAS GASOLINAS;2
2024-08;Cataluña;Girona;FUELÓLEO  BIA;15
2024-08;Cataluña;Girona;OTROS FUELÓLEOS;0
2024-08;Cataluña;Girona;QUEROSENO AVIACIÓN;4793
2024-08;Cataluña;Girona;OTROS QUEROSENOS;0
2024-08;Cataluña;Girona;GLP;1934
2024-08;Cataluña;Lleida;BIODIESEL;56
2024-08;Cataluña;Lleida;GASÓLEO A;26302
2024-08;Cataluña;Lleida;GASÓLEO B;5976
2024-08;Cataluña;Lleida;GASÓLEO C;410
2024-08;Cataluña;Lleida;OTROS GASOLEOS;0
2024-08;Cataluña;Lleida;BIOETANOL;0
2024-08;Cataluña;Lleida;GASOLINA  AUTO. S/PB 95 I.O.;6777
2024-08;Cataluña;Lleida;GASOLINA  AUTO. S/PB 98 I.O.;339
2024-08;Cataluña;Lleida;OTRAS GASOLINAS;22
2024-08;Cataluña;Lleida;FUELÓLEO  BIA;25
2024-08;Cataluña;Lleida;OTROS FUELÓLEOS;0
2024-08;Cataluña;Lleida;QUEROSENO AVIACIÓN;51
2024-08;Cataluña;Lleida;OTROS QUEROSENOS;0
2024-08;Cataluña;Lleida;GLP;1014
2024-08;Cataluña;Tarragona;BIODIESEL;0
2024-08;Cataluña;Tarragona;GASÓLEO A;38965
2024-08;Cataluña;Tarragona;GASÓLEO B;4199
2024-08;Cataluña;Tarragona;GASÓLEO C;162
2024-08;Cataluña;Tarragona;OTROS GASOLEOS;1819
2024-08;Cataluña;Tarragona;BIOETANOL;0
2024-08;Cataluña;Tarragona;GASOLINA  AUTO. S/PB 95 I.O.;16093
2024-08;Cataluña;Tarragona;GASOLINA  AUTO. S/PB 98 I.O.;791
2024-08;Cataluña;Tarragona;OTRAS GASOLINAS;4
2024-08;Cataluña;Tarragona;FUELÓLEO  BIA;0
2024-08;Cataluña;Tarragona;OTROS FUELÓLEOS;475
2024-08;Cataluña;Tarragona;QUEROSENO AVIACIÓN;2873
2024-08;Cataluña;Tarragona;OTROS QUEROSENOS;0
2024-08;Cataluña;Tarragona;GLP;9555
2024-08;Ceuta;Ceuta;BIODIESEL;0
2024-08;Ceuta;Ceuta;GASÓLEO A;1185
2024-08;Ceuta;Ceuta;GASÓLEO B;0
2024-08;Ceuta;Ceuta;GASÓLEO C;0
2024-08;Ceuta;Ceuta;OTROS GASOLEOS;7890
2024-08;Ceuta;Ceuta;BIOETANOL;0
2024-08;Ceuta;Ceuta;GASOLINA  AUTO. S/PB 95 I.O.;550
2024-08;Ceuta;Ceuta;GASOLINA  AUTO. S/PB 98 I.O.;52
2024-08;Ceuta;Ceuta;OTRAS GASOLINAS;0
2024-08;Ceuta;Ceuta;FUELÓLEO  BIA;4804
2024-08;Ceuta;Ceuta;OTROS FUELÓLEOS;8943
2024-08;Ceuta;Ceuta;QUEROSENO AVIACIÓN;27
2024-08;Ceuta;Ceuta;OTROS QUEROSENOS;0
2024-08;Ceuta;Ceuta;GLP;130
2024-08;Comunitat Valenciana;Alicante/Alacant;BIODIESEL;237
2024-08;Comunitat Valenciana;Alicante/Alacant;GASÓLEO A;59040
2024-08;Comunitat Valenciana;Alicante/Alacant;GASÓLEO B;4273
2024-08;Comunitat Valenciana;Alicante/Alacant;GASÓLEO C;827
2024-08;Comunitat Valenciana;Alicante/Alacant;OTROS GASOLEOS;3316
2024-08;Comunitat Valenciana;Alicante/Alacant;BIOETANOL;0
2024-08;Comunitat Valenciana;Alicante/Alacant;GASOLINA  AUTO. S/PB 95 I.O.;30734
2024-08;Comunitat Valenciana;Alicante/Alacant;GASOLINA  AUTO. S/PB 98 I.O.;1364
2024-08;Comunitat Valenciana;Alicante/Alacant;OTRAS GASOLINAS;12
2024-08;Comunitat Valenciana;Alicante/Alacant;FUELÓLEO  BIA;80
2024-08;Comunitat Valenciana;Alicante/Alacant;OTROS FUELÓLEOS;0
2024-08;Comunitat Valenciana;Alicante/Alacant;QUEROSENO AVIACIÓN;34583
2024-08;Comunitat Valenciana;Alicante/Alacant;OTROS QUEROSENOS;0
2024-08;Comunitat Valenciana;Alicante/Alacant;GLP;4012
2024-08;Comunitat Valenciana;Castellón/Castelló;BIODIESEL;0
2024-08;Comunitat Valenciana;Castellón/Castelló;GASÓLEO A;22805
2024-08;Comunitat Valenciana;Castellón/Castelló;GASÓLEO B;1334
2024-08;Comunitat Valenciana;Castellón/Castelló;GASÓLEO C;139
2024-08;Comunitat Valenciana;Castellón/Castelló;OTROS GASOLEOS;9155
2024-08;Comunitat Valenciana;Castellón/Castelló;BIOETANOL;0
2024-08;Comunitat Valenciana;Castellón/Castelló;GASOLINA  AUTO. S/PB 95 I.O.;10060
2024-08;Comunitat Valenciana;Castellón/Castelló;GASOLINA  AUTO. S/PB 98 I.O.;444
2024-08;Comunitat Valenciana;Castellón/Castelló;OTRAS GASOLINAS;17
2024-08;Comunitat Valenciana;Castellón/Castelló;FUELÓLEO  BIA;0
2024-08;Comunitat Valenciana;Castellón/Castelló;OTROS FUELÓLEOS;128
2024-08;Comunitat Valenciana;Castellón/Castelló;QUEROSENO AVIACIÓN;266
2024-08;Comunitat Valenciana;Castellón/Castelló;OTROS QUEROSENOS;0
2024-08;Comunitat Valenciana;Castellón/Castelló;GLP;1137
2024-08;Comunitat Valenciana;Valencia/València;BIODIESEL;166
2024-08;Comunitat Valenciana;Valencia/València;GASÓLEO A;94818
2024-08;Comunitat Valenciana;Valencia/València;GASÓLEO B;9199
2024-08;Comunitat Valenciana;Valencia/València;GASÓLEO C;446
2024-08;Comunitat Valenciana;Valencia/València;OTROS GASOLEOS;6855
2024-08;Comunitat Valenciana;Valencia/València;BIOETANOL;0
2024-08;Comunitat Valenciana;Valencia/València;GASOLINA  AUTO. S/PB 95 I.O.;32682
2024-08;Comunitat Valenciana;Valencia/València;GASOLINA  AUTO. S/PB 98 I.O.;1210
2024-08;Comunitat Valenciana;Valencia/València;OTRAS GASOLINAS;7
2024-08;Comunitat Valenciana;Valencia/València;FUELÓLEO  BIA;89
2024-08;Comunitat Valenciana;Valencia/València;OTROS FUELÓLEOS;26181
2024-08;Comunitat Valenciana;Valencia/València;QUEROSENO AVIACIÓN;16277
2024-08;Comunitat Valenciana;Valencia/València;OTROS QUEROSENOS;1
2024-08;Comunitat Valenciana;Valencia/València;GLP;2911
2024-08;Extremadura;Badajoz;BIODIESEL;53
2024-08;Extremadura;Badajoz;GASÓLEO A;41640
2024-08;Extremadura;Badajoz;GASÓLEO B;9235
2024-08;Extremadura;Badajoz;GASÓLEO C;59
2024-08;Extremadura;Badajoz;OTROS GASOLEOS;0
2024-08;Extremadura;Badajoz;BIOETANOL;0
2024-08;Extremadura;Badajoz;GASOLINA  AUTO. S/PB 95 I.O.;7495
2024-08;Extremadura;Badajoz;GASOLINA  AUTO. S/PB 98 I.O.;235
2024-08;Extremadura;Badajoz;OTRAS GASOLINAS;2
2024-08;Extremadura;Badajoz;FUELÓLEO  BIA;68
2024-08;Extremadura;Badajoz;OTROS FUELÓLEOS;0
2024-08;Extremadura;Badajoz;QUEROSENO AVIACIÓN;215
2024-08;Extremadura;Badajoz;OTROS QUEROSENOS;0
2024-08;Extremadura;Badajoz;GLP;1267
2024-08;Extremadura;Cáceres;BIODIESEL;0
2024-08;Extremadura;Cáceres;GASÓLEO A;18847
2024-08;Extremadura;Cáceres;GASÓLEO B;2891
2024-08;Extremadura;Cáceres;GASÓLEO C;210
2024-08;Extremadura;Cáceres;OTROS GASOLEOS;0
2024-08;Extremadura;Cáceres;BIOETANOL;0
2024-08;Extremadura;Cáceres;GASOLINA  AUTO. S/PB 95 I.O.;5258
2024-08;Extremadura;Cáceres;GASOLINA  AUTO. S/PB 98 I.O.;189
2024-08;Extremadura;Cáceres;OTRAS GASOLINAS;0
2024-08;Extremadura;Cáceres;FUELÓLEO  BIA;23
2024-08;Extremadura;Cáceres;OTROS FUELÓLEOS;0
2024-08;Extremadura;Cáceres;QUEROSENO AVIACIÓN;10
2024-08;Extremadura;Cáceres;OTROS QUEROSENOS;0
2024-08;Extremadura;Cáceres;GLP;1156
2024-08;Galicia;Coruña, A;BIODIESEL;64
2024-08;Galicia;Coruña, A;GASÓLEO A;45576
2024-08;Galicia;Coruña, A;GASÓLEO B;7687
2024-08;Galicia;Coruña, A;GASÓLEO C;2756
2024-08;Galicia;Coruña, A;OTROS GASOLEOS;4433
2024-08;Galicia;Coruña, A;BIOETANOL;0
2024-08;Galicia;Coruña, A;GASOLINA  AUTO. S/PB 95 I.O.;21597
2024-08;Galicia;Coruña, A;GASOLINA  AUTO. S/PB 98 I.O.;604
2024-08;Galicia;Coruña, A;OTRAS GASOLINAS;7
2024-08;Galicia;Coruña, A;FUELÓLEO  BIA;5532
2024-08;Galicia;Coruña, A;OTROS FUELÓLEOS;287
2024-08;Galicia;Coruña, A;QUEROSENO AVIACIÓN;5839
2024-08;Galicia;Coruña, A;OTROS QUEROSENOS;0
2024-08;Galicia;Coruña, A;GLP;2808
2024-08;Galicia;Lugo;BIODIESEL;0
2024-08;Galicia;Lugo;GASÓLEO A;19678
2024-08;Galicia;Lugo;GASÓLEO B;4741
2024-08;Galicia;Lugo;GASÓLEO C;1513
2024-08;Galicia;Lugo;OTROS GASOLEOS;1545
2024-08;Galicia;Lugo;BIOETANOL;0
2024-08;Galicia;Lugo;GASOLINA  AUTO. S/PB 95 I.O.;4558
2024-08;Galicia;Lugo;GASOLINA  AUTO. S/PB 98 I.O.;213
2024-08;Galicia;Lugo;OTRAS GASOLINAS;0
2024-08;Galicia;Lugo;FUELÓLEO  BIA;25
2024-08;Galicia;Lugo;OTROS FUELÓLEOS;0
2024-08;Galicia;Lugo;QUEROSENO AVIACIÓN;7
2024-08;Galicia;Lugo;OTROS QUEROSENOS;0
2024-08;Galicia;Lugo;GLP;1185
2024-08;Galicia;Ourense;BIODIESEL;0
2024-08;Galicia;Ourense;GASÓLEO A;16258
2024-08;Galicia;Ourense;GASÓLEO B;2238
2024-08;Galicia;Ourense;GASÓLEO C;2368
2024-08;Galicia;Ourense;OTROS GASOLEOS;0
2024-08;Galicia;Ourense;BIOETANOL;0
2024-08;Galicia;Ourense;GASOLINA  AUTO. S/PB 95 I.O.;4462
2024-08;Galicia;Ourense;GASOLINA  AUTO. S/PB 98 I.O.;360
2024-08;Galicia;Ourense;OTRAS GASOLINAS;0
2024-08;Galicia;Ourense;FUELÓLEO  BIA;107
2024-08;Galicia;Ourense;OTROS FUELÓLEOS;0
2024-08;Galicia;Ourense;QUEROSENO AVIACIÓN;61
2024-08;Galicia;Ourense;OTROS QUEROSENOS;0
2024-08;Galicia;Ourense;GLP;843
2024-08;Galicia;Pontevedra;BIODIESEL;20
2024-08;Galicia;Pontevedra;GASÓLEO A;39857
2024-08;Galicia;Pontevedra;GASÓLEO B;4466
2024-08;Galicia;Pontevedra;GASÓLEO C;3404
2024-08;Galicia;Pontevedra;OTROS GASOLEOS;4906
2024-08;Galicia;Pontevedra;BIOETANOL;0
2024-08;Galicia;Pontevedra;GASOLINA  AUTO. S/PB 95 I.O.;12167
2024-08;Galicia;Pontevedra;GASOLINA  AUTO. S/PB 98 I.O.;685
2024-08;Galicia;Pontevedra;OTRAS GASOLINAS;1
2024-08;Galicia;Pontevedra;FUELÓLEO  BIA;655
2024-08;Galicia;Pontevedra;OTROS FUELÓLEOS;769
2024-08;Galicia;Pontevedra;QUEROSENO AVIACIÓN;876
2024-08;Galicia;Pontevedra;OTROS QUEROSENOS;0
2024-08;Galicia;Pontevedra;GLP;2415
2024-08;Madrid, Comunidad de;Madrid;BIODIESEL;598
2024-08;Madrid, Comunidad de;Madrid;GASÓLEO A;134104
2024-08;Madrid, Comunidad de;Madrid;GASÓLEO B;7654
2024-08;Madrid, Comunidad de;Madrid;GASÓLEO C;3816
2024-08;Madrid, Comunidad de;Madrid;OTROS GASOLEOS;16
2024-08;Madrid, Comunidad de;Madrid;BIOETANOL;0
2024-08;Madrid, Comunidad de;Madrid;GASOLINA  AUTO. S/PB 95 I.O.;59106
2024-08;Madrid, Comunidad de;Madrid;GASOLINA  AUTO. S/PB 98 I.O.;2149
2024-08;Madrid, Comunidad de;Madrid;OTRAS GASOLINAS;62
2024-08;Madrid, Comunidad de;Madrid;FUELÓLEO  BIA;503
2024-08;Madrid, Comunidad de;Madrid;OTROS FUELÓLEOS;0
2024-08;Madrid, Comunidad de;Madrid;QUEROSENO AVIACIÓN;247366
2024-08;Madrid, Comunidad de;Madrid;OTROS QUEROSENOS;0
2024-08;Madrid, Comunidad de;Madrid;GLP;4620
2024-08;Melilla;Melilla;BIODIESEL;0
2024-08;Melilla;Melilla;GASÓLEO A;1255
2024-08;Melilla;Melilla;GASÓLEO B;0
2024-08;Melilla;Melilla;GASÓLEO C;0
2024-08;Melilla;Melilla;OTROS GASOLEOS;0
2024-08;Melilla;Melilla;BIOETANOL;0
2024-08;Melilla;Melilla;GASOLINA  AUTO. S/PB 95 I.O.;655
2024-08;Melilla;Melilla;GASOLINA  AUTO. S/PB 98 I.O.;0
2024-08;Melilla;Melilla;OTRAS GASOLINAS;0
2024-08;Melilla;Melilla;FUELÓLEO  BIA;6201
2024-08;Melilla;Melilla;OTROS FUELÓLEOS;0
2024-08;Melilla;Melilla;QUEROSENO AVIACIÓN;193
2024-08;Melilla;Melilla;OTROS QUEROSENOS;0
2024-08;Melilla;Melilla;GLP;164
2024-08;Murcia, Región de;Murcia;BIODIESEL;1055
2024-08;Murcia, Región de;Murcia;GASÓLEO A;79765
2024-08;Murcia, Región de;Murcia;GASÓLEO B;10411
2024-08;Murcia, Región de;Murcia;GASÓLEO C;241
2024-08;Murcia, Región de;Murcia;OTROS GASOLEOS;1201
2024-08;Murcia, Región de;Murcia;BIOETANOL;0
2024-08;Murcia, Región de;Murcia;GASOLINA  AUTO. S/PB 95 I.O.;17017
2024-08;Murcia, Región de;Murcia;GASOLINA  AUTO. S/PB 98 I.O.;750
2024-08;Murcia, Región de;Murcia;OTRAS GASOLINAS;6
2024-08;Murcia, Región de;Murcia;FUELÓLEO  BIA;224
2024-08;Murcia, Región de;Murcia;OTROS FUELÓLEOS;26
2024-08;Murcia, Región de;Murcia;QUEROSENO AVIACIÓN;1789
2024-08;Murcia, Región de;Murcia;OTROS QUEROSENOS;0
2024-08;Murcia, Región de;Murcia;GLP;2452
2024-08;Navarra, Comunidad Foral de;Navarra;BIODIESEL;362
2024-08;Navarra, Comunidad Foral de;Navarra;GASÓLEO A;44164
2024-08;Navarra, Comunidad Foral de;Navarra;GASÓLEO B;5913
2024-08;Navarra, Comunidad Foral de;Navarra;GASÓLEO C;299
2024-08;Navarra, Comunidad Foral de;Navarra;OTROS GASOLEOS;0
2024-08;Navarra, Comunidad Foral de;Navarra;BIOETANOL;0
2024-08;Navarra, Comunidad Foral de;Navarra;GASOLINA  AUTO. S/PB 95 I.O.;8680
2024-08;Navarra, Comunidad Foral de;Navarra;GASOLINA  AUTO. S/PB 98 I.O.;316
2024-08;Navarra, Comunidad Foral de;Navarra;OTRAS GASOLINAS;7
2024-08;Navarra, Comunidad Foral de;Navarra;FUELÓLEO  BIA;272
2024-08;Navarra, Comunidad Foral de;Navarra;OTROS FUELÓLEOS;0
2024-08;Navarra, Comunidad Foral de;Navarra;QUEROSENO AVIACIÓN;240
2024-08;Navarra, Comunidad Foral de;Navarra;OTROS QUEROSENOS;0
2024-08;Navarra, Comunidad Foral de;Navarra;GLP;771
2024-08;País Vasco;Araba/Álava;BIODIESEL;174
2024-08;País Vasco;Araba/Álava;GASÓLEO A;31830
2024-08;País Vasco;Araba/Álava;GASÓLEO B;3064
2024-08;País Vasco;Araba/Álava;GASÓLEO C;917
2024-08;País Vasco;Araba/Álava;OTROS GASOLEOS;0
2024-08;País Vasco;Araba/Álava;BIOETANOL;0
2024-08;País Vasco;Araba/Álava;GASOLINA  AUTO. S/PB 95 I.O.;3331
2024-08;País Vasco;Araba/Álava;GASOLINA  AUTO. S/PB 98 I.O.;267
2024-08;País Vasco;Araba/Álava;OTRAS GASOLINAS;1
2024-08;País Vasco;Araba/Álava;FUELÓLEO  BIA;209
2024-08;País Vasco;Araba/Álava;OTROS FUELÓLEOS;0
2024-08;País Vasco;Araba/Álava;QUEROSENO AVIACIÓN;1142
2024-08;País Vasco;Araba/Álava;OTROS QUEROSENOS;0
2024-08;País Vasco;Araba/Álava;GLP;1017
2024-08;País Vasco;Bizkaia;BIODIESEL;705
2024-08;País Vasco;Bizkaia;GASÓLEO A;51318
2024-08;País Vasco;Bizkaia;GASÓLEO B;5602
2024-08;País Vasco;Bizkaia;GASÓLEO C;879
2024-08;País Vasco;Bizkaia;OTROS GASOLEOS;1473
2024-08;País Vasco;Bizkaia;BIOETANOL;0
2024-08;País Vasco;Bizkaia;GASOLINA  AUTO. S/PB 95 I.O.;10966
2024-08;País Vasco;Bizkaia;GASOLINA  AUTO. S/PB 98 I.O.;484
2024-08;País Vasco;Bizkaia;OTRAS GASOLINAS;2
2024-08;País Vasco;Bizkaia;FUELÓLEO  BIA;79
2024-08;País Vasco;Bizkaia;OTROS FUELÓLEOS;0
2024-08;País Vasco;Bizkaia;QUEROSENO AVIACIÓN;7846
2024-08;País Vasco;Bizkaia;OTROS QUEROSENOS;0
2024-08;País Vasco;Bizkaia;GLP;670
2024-08;País Vasco;Gipuzkoa;BIODIESEL;301
2024-08;País Vasco;Gipuzkoa;GASÓLEO A;46700
2024-08;País Vasco;Gipuzkoa;GASÓLEO B;1207
2024-08;País Vasco;Gipuzkoa;GASÓLEO C;117
2024-08;País Vasco;Gipuzkoa;OTROS GASOLEOS;1095
2024-08;País Vasco;Gipuzkoa;BIOETANOL;0
2024-08;País Vasco;Gipuzkoa;GASOLINA  AUTO. S/PB 95 I.O.;8487
2024-08;País Vasco;Gipuzkoa;GASOLINA  AUTO. S/PB 98 I.O.;787
2024-08;País Vasco;Gipuzkoa;OTRAS GASOLINAS;1
2024-08;País Vasco;Gipuzkoa;FUELÓLEO  BIA;25
2024-08;País Vasco;Gipuzkoa;OTROS FUELÓLEOS;0
2024-08;País Vasco;Gipuzkoa;QUEROSENO AVIACIÓN;545
2024-08;País Vasco;Gipuzkoa;OTROS QUEROSENOS;0
2024-08;País Vasco;Gipuzkoa;GLP;696
2024-08;Rioja, La;Rioja, La;BIODIESEL;77
2024-08;Rioja, La;Rioja, La;GASÓLEO A;11285
2024-08;Rioja, La;Rioja, La;GASÓLEO B;2616
2024-08;Rioja, La;Rioja, La;GASÓLEO C;582
2024-08;Rioja, La;Rioja, La;OTROS GASOLEOS;0
2024-08;Rioja, La;Rioja, La;BIOETANOL;0
2024-08;Rioja, La;Rioja, La;GASOLINA  AUTO. S/PB 95 I.O.;3451
2024-08;Rioja, La;Rioja, La;GASOLINA  AUTO. S/PB 98 I.O.;156
2024-08;Rioja, La;Rioja, La;OTRAS GASOLINAS;10
2024-08;Rioja, La;Rioja, La;FUELÓLEO  BIA;21
2024-08;Rioja, La;Rioja, La;OTROS FUELÓLEOS;0
2024-08;Rioja, La;Rioja, La;QUEROSENO AVIACIÓN;19
2024-08;Rioja, La;Rioja, La;OTROS QUEROSENOS;0
2024-08;Rioja, La;Rioja, La;GLP;434
2024-09;Andalucía;Almería;BIODIESEL;149
2024-09;Andalucía;Almería;GASÓLEO A;27759
2024-09;Andalucía;Almería;GASÓLEO B;5357
2024-09;Andalucía;Almería;GASÓLEO C;97
2024-09;Andalucía;Almería;OTROS GASOLEOS;1897
2024-09;Andalucía;Almería;BIOETANOL;0
2024-09;Andalucía;Almería;GASOLINA  AUTO. S/PB 95 I.O.;6344
2024-09;Andalucía;Almería;GASOLINA  AUTO. S/PB 98 I.O.;322
2024-09;Andalucía;Almería;OTRAS GASOLINAS;1
2024-09;Andalucía;Almería;FUELÓLEO  BIA;159
2024-09;Andalucía;Almería;OTROS FUELÓLEOS;2126
2024-09;Andalucía;Almería;QUEROSENO AVIACIÓN;1163
2024-09;Andalucía;Almería;OTROS QUEROSENOS;0
2024-09;Andalucía;Almería;GLP;1636
2024-09;Andalucía;Cádiz;BIODIESEL;40
2024-09;Andalucía;Cádiz;GASÓLEO A;33474
2024-09;Andalucía;Cádiz;GASÓLEO B;6863
2024-09;Andalucía;Cádiz;GASÓLEO C;222
2024-09;Andalucía;Cádiz;OTROS GASOLEOS;35207
2024-09;Andalucía;Cádiz;BIOETANOL;0
2024-09;Andalucía;Cádiz;GASOLINA  AUTO. S/PB 95 I.O.;12249
2024-09;Andalucía;Cádiz;GASOLINA  AUTO. S/PB 98 I.O.;389
2024-09;Andalucía;Cádiz;OTRAS GASOLINAS;45
2024-09;Andalucía;Cádiz;FUELÓLEO  BIA;18992
2024-09;Andalucía;Cádiz;OTROS FUELÓLEOS;238840
2024-09;Andalucía;Cádiz;QUEROSENO AVIACIÓN;1942
2024-09;Andalucía;Cádiz;OTROS QUEROSENOS;0
2024-09;Andalucía;Cádiz;GLP;2543
2024-09;Andalucía;Córdoba;BIODIESEL;4
2024-09;Andalucía;Córdoba;GASÓLEO A;31988
2024-09;Andalucía;Córdoba;GASÓLEO B;7520
2024-09;Andalucía;Córdoba;GASÓLEO C;480
2024-09;Andalucía;Córdoba;OTROS GASOLEOS;0
2024-09;Andalucía;Córdoba;BIOETANOL;0
2024-09;Andalucía;Córdoba;GASOLINA  AUTO. S/PB 95 I.O.;5468
2024-09;Andalucía;Córdoba;GASOLINA  AUTO. S/PB 98 I.O.;130
2024-09;Andalucía;Córdoba;OTRAS GASOLINAS;11
2024-09;Andalucía;Córdoba;FUELÓLEO  BIA;25
2024-09;Andalucía;Córdoba;OTROS FUELÓLEOS;0
2024-09;Andalucía;Córdoba;QUEROSENO AVIACIÓN;31
2024-09;Andalucía;Córdoba;OTROS QUEROSENOS;0
2024-09;Andalucía;Córdoba;GLP;1221
2024-09;Andalucía;Granada;BIODIESEL;19
2024-09;Andalucía;Granada;GASÓLEO A;34781
2024-09;Andalucía;Granada;GASÓLEO B;5946
2024-09;Andalucía;Granada;GASÓLEO C;1656
2024-09;Andalucía;Granada;OTROS GASOLEOS;155
2024-09;Andalucía;Granada;BIOETANOL;0
2024-09;Andalucía;Granada;GASOLINA  AUTO. S/PB 95 I.O.;8678
2024-09;Andalucía;Granada;GASOLINA  AUTO. S/PB 98 I.O.;412
2024-09;Andalucía;Granada;OTRAS GASOLINAS;2
2024-09;Andalucía;Granada;FUELÓLEO  BIA;150
2024-09;Andalucía;Granada;OTROS FUELÓLEOS;725
2024-09;Andalucía;Granada;QUEROSENO AVIACIÓN;991
2024-09;Andalucía;Granada;OTROS QUEROSENOS;0
2024-09;Andalucía;Granada;GLP;2002
2024-09;Andalucía;Huelva;BIODIESEL;0
2024-09;Andalucía;Huelva;GASÓLEO A;23821
2024-09;Andalucía;Huelva;GASÓLEO B;8325
2024-09;Andalucía;Huelva;GASÓLEO C;71
2024-09;Andalucía;Huelva;OTROS GASOLEOS;3468
2024-09;Andalucía;Huelva;BIOETANOL;0
2024-09;Andalucía;Huelva;GASOLINA  AUTO. S/PB 95 I.O.;5673
2024-09;Andalucía;Huelva;GASOLINA  AUTO. S/PB 98 I.O.;207
2024-09;Andalucía;Huelva;OTRAS GASOLINAS;0
2024-09;Andalucía;Huelva;FUELÓLEO  BIA;693
2024-09;Andalucía;Huelva;OTROS FUELÓLEOS;5685
2024-09;Andalucía;Huelva;QUEROSENO AVIACIÓN;0
2024-09;Andalucía;Huelva;OTROS QUEROSENOS;0
2024-09;Andalucía;Huelva;GLP;1598
2024-09;Andalucía;Jaén;BIODIESEL;102
2024-09;Andalucía;Jaén;GASÓLEO A;26464
2024-09;Andalucía;Jaén;GASÓLEO B;4157
2024-09;Andalucía;Jaén;GASÓLEO C;542
2024-09;Andalucía;Jaén;OTROS GASOLEOS;0
2024-09;Andalucía;Jaén;BIOETANOL;0
2024-09;Andalucía;Jaén;GASOLINA  AUTO. S/PB 95 I.O.;4516
2024-09;Andalucía;Jaén;GASOLINA  AUTO. S/PB 98 I.O.;115
2024-09;Andalucía;Jaén;OTRAS GASOLINAS;0
2024-09;Andalucía;Jaén;FUELÓLEO  BIA;0
2024-09;Andalucía;Jaén;OTROS FUELÓLEOS;0
2024-09;Andalucía;Jaén;QUEROSENO AVIACIÓN;16
2024-09;Andalucía;Jaén;OTROS QUEROSENOS;0
2024-09;Andalucía;Jaén;GLP;1253
2024-09;Andalucía;Málaga;BIODIESEL;75
2024-09;Andalucía;Málaga;GASÓLEO A;49633
2024-09;Andalucía;Málaga;GASÓLEO B;3869
2024-09;Andalucía;Málaga;GASÓLEO C;248
2024-09;Andalucía;Málaga;OTROS GASOLEOS;681
2024-09;Andalucía;Málaga;BIOETANOL;0
2024-09;Andalucía;Málaga;GASOLINA  AUTO. S/PB 95 I.O.;20633
2024-09;Andalucía;Málaga;GASOLINA  AUTO. S/PB 98 I.O.;1224
2024-09;Andalucía;Málaga;OTRAS GASOLINAS;13
2024-09;Andalucía;Málaga;FUELÓLEO  BIA;27
2024-09;Andalucía;Málaga;OTROS FUELÓLEOS;688
2024-09;Andalucía;Málaga;QUEROSENO AVIACIÓN;49533
2024-09;Andalucía;Málaga;OTROS QUEROSENOS;0
2024-09;Andalucía;Málaga;GLP;3512
2024-09;Andalucía;Sevilla;BIODIESEL;51
2024-09;Andalucía;Sevilla;GASÓLEO A;55412
2024-09;Andalucía;Sevilla;GASÓLEO B;9037
2024-09;Andalucía;Sevilla;GASÓLEO C;388
2024-09;Andalucía;Sevilla;OTROS GASOLEOS;728
2024-09;Andalucía;Sevilla;BIOETANOL;0
2024-09;Andalucía;Sevilla;GASOLINA  AUTO. S/PB 95 I.O.;16253
2024-09;Andalucía;Sevilla;GASOLINA  AUTO. S/PB 98 I.O.;428
2024-09;Andalucía;Sevilla;OTRAS GASOLINAS;8
2024-09;Andalucía;Sevilla;FUELÓLEO  BIA;427
2024-09;Andalucía;Sevilla;OTROS FUELÓLEOS;132
2024-09;Andalucía;Sevilla;QUEROSENO AVIACIÓN;14060
2024-09;Andalucía;Sevilla;OTROS QUEROSENOS;0
2024-09;Andalucía;Sevilla;GLP;3645
2024-09;Aragón;Huesca;BIODIESEL;35
2024-09;Aragón;Huesca;GASÓLEO A;13505
2024-09;Aragón;Huesca;GASÓLEO B;5930
2024-09;Aragón;Huesca;GASÓLEO C;787
2024-09;Aragón;Huesca;OTROS GASOLEOS;0
2024-09;Aragón;Huesca;BIOETANOL;0
2024-09;Aragón;Huesca;GASOLINA  AUTO. S/PB 95 I.O.;3197
2024-09;Aragón;Huesca;GASOLINA  AUTO. S/PB 98 I.O.;194
2024-09;Aragón;Huesca;OTRAS GASOLINAS;0
2024-09;Aragón;Huesca;FUELÓLEO  BIA;50
2024-09;Aragón;Huesca;OTROS FUELÓLEOS;0
2024-09;Aragón;Huesca;QUEROSENO AVIACIÓN;14
2024-09;Aragón;Huesca;OTROS QUEROSENOS;0
2024-09;Aragón;Huesca;GLP;1021
2024-09;Aragón;Teruel;BIODIESEL;24
2024-09;Aragón;Teruel;GASÓLEO A;8334
2024-09;Aragón;Teruel;GASÓLEO B;4473
2024-09;Aragón;Teruel;GASÓLEO C;1173
2024-09;Aragón;Teruel;OTROS GASOLEOS;0
2024-09;Aragón;Teruel;BIOETANOL;0
2024-09;Aragón;Teruel;GASOLINA  AUTO. S/PB 95 I.O.;1759
2024-09;Aragón;Teruel;GASOLINA  AUTO. S/PB 98 I.O.;92
2024-09;Aragón;Teruel;OTRAS GASOLINAS;0
2024-09;Aragón;Teruel;FUELÓLEO  BIA;92
2024-09;Aragón;Teruel;OTROS FUELÓLEOS;0
2024-09;Aragón;Teruel;QUEROSENO AVIACIÓN;176
2024-09;Aragón;Teruel;OTROS QUEROSENOS;0
2024-09;Aragón;Teruel;GLP;390
2024-09;Aragón;Zaragoza;BIODIESEL;742
2024-09;Aragón;Zaragoza;GASÓLEO A;44727
2024-09;Aragón;Zaragoza;GASÓLEO B;9712
2024-09;Aragón;Zaragoza;GASÓLEO C;2615
2024-09;Aragón;Zaragoza;OTROS GASOLEOS;17
2024-09;Aragón;Zaragoza;BIOETANOL;0
2024-09;Aragón;Zaragoza;GASOLINA  AUTO. S/PB 95 I.O.;9629
2024-09;Aragón;Zaragoza;GASOLINA  AUTO. S/PB 98 I.O.;332
2024-09;Aragón;Zaragoza;OTRAS GASOLINAS;4
2024-09;Aragón;Zaragoza;FUELÓLEO  BIA;31
2024-09;Aragón;Zaragoza;OTROS FUELÓLEOS;0
2024-09;Aragón;Zaragoza;QUEROSENO AVIACIÓN;9065
2024-09;Aragón;Zaragoza;OTROS QUEROSENOS;0
2024-09;Aragón;Zaragoza;GLP;1487
2024-09;Asturias, Principado de;Asturias;BIODIESEL;32
2024-09;Asturias, Principado de;Asturias;GASÓLEO A;32606
2024-09;Asturias, Principado de;Asturias;GASÓLEO B;5927
2024-09;Asturias, Principado de;Asturias;GASÓLEO C;2148
2024-09;Asturias, Principado de;Asturias;OTROS GASOLEOS;2703
2024-09;Asturias, Principado de;Asturias;BIOETANOL;0
2024-09;Asturias, Principado de;Asturias;GASOLINA  AUTO. S/PB 95 I.O.;9081
2024-09;Asturias, Principado de;Asturias;GASOLINA  AUTO. S/PB 98 I.O.;556
2024-09;Asturias, Principado de;Asturias;OTRAS GASOLINAS;2
2024-09;Asturias, Principado de;Asturias;FUELÓLEO  BIA;636
2024-09;Asturias, Principado de;Asturias;OTROS FUELÓLEOS;1659
2024-09;Asturias, Principado de;Asturias;QUEROSENO AVIACIÓN;1536
2024-09;Asturias, Principado de;Asturias;OTROS QUEROSENOS;0
2024-09;Asturias, Principado de;Asturias;GLP;1738
2024-09;Balears, Illes;Balears, Illes;BIODIESEL;0
2024-09;Balears, Illes;Balears, Illes;GASÓLEO A;30877
2024-09;Balears, Illes;Balears, Illes;GASÓLEO B;3451
2024-09;Balears, Illes;Balears, Illes;GASÓLEO C;13258
2024-09;Balears, Illes;Balears, Illes;OTROS GASOLEOS;4600
2024-09;Balears, Illes;Balears, Illes;BIOETANOL;0
2024-09;Balears, Illes;Balears, Illes;GASOLINA  AUTO. S/PB 95 I.O.;25849
2024-09;Balears, Illes;Balears, Illes;GASOLINA  AUTO. S/PB 98 I.O.;976
2024-09;Balears, Illes;Balears, Illes;OTRAS GASOLINAS;24
2024-09;Balears, Illes;Balears, Illes;FUELÓLEO  BIA;0
2024-09;Balears, Illes;Balears, Illes;OTROS FUELÓLEOS;0
2024-09;Balears, Illes;Balears, Illes;QUEROSENO AVIACIÓN;87533
2024-09;Balears, Illes;Balears, Illes;OTROS QUEROSENOS;0
2024-09;Balears, Illes;Balears, Illes;GLP;4054
2024-09;Canarias;Palmas, Las;BIODIESEL;0
2024-09;Canarias;Palmas, Las;GASÓLEO A;25958
2024-09;Canarias;Palmas, Las;GASÓLEO B;0
2024-09;Canarias;Palmas, Las;GASÓLEO C;0
2024-09;Canarias;Palmas, Las;OTROS GASOLEOS;75819
2024-09;Canarias;Palmas, Las;BIOETANOL;0
2024-09;Canarias;Palmas, Las;GASOLINA  AUTO. S/PB 95 I.O.;18403
2024-09;Canarias;Palmas, Las;GASOLINA  AUTO. S/PB 98 I.O.;3387
2024-09;Canarias;Palmas, Las;OTRAS GASOLINAS;4
2024-09;Canarias;Palmas, Las;FUELÓLEO  BIA;125500
2024-09;Canarias;Palmas, Las;OTROS FUELÓLEOS;66198
2024-09;Canarias;Palmas, Las;QUEROSENO AVIACIÓN;42716
2024-09;Canarias;Palmas, Las;OTROS QUEROSENOS;0
2024-09;Canarias;Palmas, Las;GLP;2758
2024-09;Canarias;Santa Cruz de Tenerife;BIODIESEL;0
2024-09;Canarias;Santa Cruz de Tenerife;GASÓLEO A;25925
2024-09;Canarias;Santa Cruz de Tenerife;GASÓLEO B;0
2024-09;Canarias;Santa Cruz de Tenerife;GASÓLEO C;0
2024-09;Canarias;Santa Cruz de Tenerife;OTROS GASOLEOS;52213
2024-09;Canarias;Santa Cruz de Tenerife;BIOETANOL;0
2024-09;Canarias;Santa Cruz de Tenerife;GASOLINA  AUTO. S/PB 95 I.O.;17794
2024-09;Canarias;Santa Cruz de Tenerife;GASOLINA  AUTO. S/PB 98 I.O.;4884
2024-09;Canarias;Santa Cruz de Tenerife;OTRAS GASOLINAS;0
2024-09;Canarias;Santa Cruz de Tenerife;FUELÓLEO  BIA;15776
2024-09;Canarias;Santa Cruz de Tenerife;OTROS FUELÓLEOS;16124
2024-09;Canarias;Santa Cruz de Tenerife;QUEROSENO AVIACIÓN;44098
2024-09;Canarias;Santa Cruz de Tenerife;OTROS QUEROSENOS;0
2024-09;Canarias;Santa Cruz de Tenerife;GLP;3097
2024-09;Cantabria;Cantabria;BIODIESEL;422
2024-09;Cantabria;Cantabria;GASÓLEO A;24737
2024-09;Cantabria;Cantabria;GASÓLEO B;4299
2024-09;Cantabria;Cantabria;GASÓLEO C;163
2024-09;Cantabria;Cantabria;OTROS GASOLEOS;566
2024-09;Cantabria;Cantabria;BIOETANOL;0
2024-09;Cantabria;Cantabria;GASOLINA  AUTO. S/PB 95 I.O.;7227
2024-09;Cantabria;Cantabria;GASOLINA  AUTO. S/PB 98 I.O.;298
2024-09;Cantabria;Cantabria;OTRAS GASOLINAS;1
2024-09;Cantabria;Cantabria;FUELÓLEO  BIA;560
2024-09;Cantabria;Cantabria;OTROS FUELÓLEOS;154
2024-09;Cantabria;Cantabria;QUEROSENO AVIACIÓN;1041
2024-09;Cantabria;Cantabria;OTROS QUEROSENOS;0
2024-09;Cantabria;Cantabria;GLP;1359
2024-09;Castilla - La Mancha;Albacete;BIODIESEL;69
2024-09;Castilla - La Mancha;Albacete;GASÓLEO A;16612
2024-09;Castilla - La Mancha;Albacete;GASÓLEO B;6239
2024-09;Castilla - La Mancha;Albacete;GASÓLEO C;1054
2024-09;Castilla - La Mancha;Albacete;OTROS GASOLEOS;0
2024-09;Castilla - La Mancha;Albacete;BIOETANOL;0
2024-09;Castilla - La Mancha;Albacete;GASOLINA  AUTO. S/PB 95 I.O.;3577
2024-09;Castilla - La Mancha;Albacete;GASOLINA  AUTO. S/PB 98 I.O.;156
2024-09;Castilla - La Mancha;Albacete;OTRAS GASOLINAS;0
2024-09;Castilla - La Mancha;Albacete;FUELÓLEO  BIA;25
2024-09;Castilla - La Mancha;Albacete;OTROS FUELÓLEOS;0
2024-09;Castilla - La Mancha;Albacete;QUEROSENO AVIACIÓN;23
2024-09;Castilla - La Mancha;Albacete;OTROS QUEROSENOS;0
2024-09;Castilla - La Mancha;Albacete;GLP;619
2024-09;Castilla - La Mancha;Ciudad Real;BIODIESEL;101
2024-09;Castilla - La Mancha;Ciudad Real;GASÓLEO A;26627
2024-09;Castilla - La Mancha;Ciudad Real;GASÓLEO B;7839
2024-09;Castilla - La Mancha;Ciudad Real;GASÓLEO C;1329
2024-09;Castilla - La Mancha;Ciudad Real;OTROS GASOLEOS;0
2024-09;Castilla - La Mancha;Ciudad Real;BIOETANOL;0
2024-09;Castilla - La Mancha;Ciudad Real;GASOLINA  AUTO. S/PB 95 I.O.;4278
2024-09;Castilla - La Mancha;Ciudad Real;GASOLINA  AUTO. S/PB 98 I.O.;135
2024-09;Castilla - La Mancha;Ciudad Real;OTRAS GASOLINAS;0
2024-09;Castilla - La Mancha;Ciudad Real;FUELÓLEO  BIA;45
2024-09;Castilla - La Mancha;Ciudad Real;OTROS FUELÓLEOS;0
2024-09;Castilla - La Mancha;Ciudad Real;QUEROSENO AVIACIÓN;16
2024-09;Castilla - La Mancha;Ciudad Real;OTROS QUEROSENOS;0
2024-09;Castilla - La Mancha;Ciudad Real;GLP;799
2024-09;Castilla - La Mancha;Cuenca;BIODIESEL;25
2024-09;Castilla - La Mancha;Cuenca;GASÓLEO A;17636
2024-09;Castilla - La Mancha;Cuenca;GASÓLEO B;8207
2024-09;Castilla - La Mancha;Cuenca;GASÓLEO C;745
2024-09;Castilla - La Mancha;Cuenca;OTROS GASOLEOS;0
2024-09;Castilla - La Mancha;Cuenca;BIOETANOL;0
2024-09;Castilla - La Mancha;Cuenca;GASOLINA  AUTO. S/PB 95 I.O.;2690
2024-09;Castilla - La Mancha;Cuenca;GASOLINA  AUTO. S/PB 98 I.O.;96
2024-09;Castilla - La Mancha;Cuenca;OTRAS GASOLINAS;3
2024-09;Castilla - La Mancha;Cuenca;FUELÓLEO  BIA;0
2024-09;Castilla - La Mancha;Cuenca;OTROS FUELÓLEOS;0
2024-09;Castilla - La Mancha;Cuenca;QUEROSENO AVIACIÓN;0
2024-09;Castilla - La Mancha;Cuenca;OTROS QUEROSENOS;0
2024-09;Castilla - La Mancha;Cuenca;GLP;455
2024-09;Castilla - La Mancha;Guadalajara;BIODIESEL;81
2024-09;Castilla - La Mancha;Guadalajara;GASÓLEO A;11100
2024-09;Castilla - La Mancha;Guadalajara;GASÓLEO B;3488
2024-09;Castilla - La Mancha;Guadalajara;GASÓLEO C;1090
2024-09;Castilla - La Mancha;Guadalajara;OTROS GASOLEOS;0
2024-09;Castilla - La Mancha;Guadalajara;BIOETANOL;0
2024-09;Castilla - La Mancha;Guadalajara;GASOLINA  AUTO. S/PB 95 I.O.;3209
2024-09;Castilla - La Mancha;Guadalajara;GASOLINA  AUTO. S/PB 98 I.O.;136
2024-09;Castilla - La Mancha;Guadalajara;OTRAS GASOLINAS;0
2024-09;Castilla - La Mancha;Guadalajara;FUELÓLEO  BIA;27
2024-09;Castilla - La Mancha;Guadalajara;OTROS FUELÓLEOS;0
2024-09;Castilla - La Mancha;Guadalajara;QUEROSENO AVIACIÓN;0
2024-09;Castilla - La Mancha;Guadalajara;OTROS QUEROSENOS;0
2024-09;Castilla - La Mancha;Guadalajara;GLP;301
2024-09;Castilla - La Mancha;Toledo;BIODIESEL;59
2024-09;Castilla - La Mancha;Toledo;GASÓLEO A;33261
2024-09;Castilla - La Mancha;Toledo;GASÓLEO B;11527
2024-09;Castilla - La Mancha;Toledo;GASÓLEO C;2994
2024-09;Castilla - La Mancha;Toledo;OTROS GASOLEOS;0
2024-09;Castilla - La Mancha;Toledo;BIOETANOL;0
2024-09;Castilla - La Mancha;Toledo;GASOLINA  AUTO. S/PB 95 I.O.;7409
2024-09;Castilla - La Mancha;Toledo;GASOLINA  AUTO. S/PB 98 I.O.;293
2024-09;Castilla - La Mancha;Toledo;OTRAS GASOLINAS;0
2024-09;Castilla - La Mancha;Toledo;FUELÓLEO  BIA;83
2024-09;Castilla - La Mancha;Toledo;OTROS FUELÓLEOS;0
2024-09;Castilla - La Mancha;Toledo;QUEROSENO AVIACIÓN;0
2024-09;Castilla - La Mancha;Toledo;OTROS QUEROSENOS;0
2024-09;Castilla - La Mancha;Toledo;GLP;1203
2024-09;Castilla y León;Ávila;BIODIESEL;12
2024-09;Castilla y León;Ávila;GASÓLEO A;6848
2024-09;Castilla y León;Ávila;GASÓLEO B;2682
2024-09;Castilla y León;Ávila;GASÓLEO C;767
2024-09;Castilla y León;Ávila;OTROS GASOLEOS;0
2024-09;Castilla y León;Ávila;BIOETANOL;0
2024-09;Castilla y León;Ávila;GASOLINA  AUTO. S/PB 95 I.O.;1957
2024-09;Castilla y León;Ávila;GASOLINA  AUTO. S/PB 98 I.O.;64
2024-09;Castilla y León;Ávila;OTRAS GASOLINAS;0
2024-09;Castilla y León;Ávila;FUELÓLEO  BIA;0
2024-09;Castilla y León;Ávila;OTROS FUELÓLEOS;0
2024-09;Castilla y León;Ávila;QUEROSENO AVIACIÓN;3
2024-09;Castilla y León;Ávila;OTROS QUEROSENOS;0
2024-09;Castilla y León;Ávila;GLP;502
2024-09;Castilla y León;Burgos;BIODIESEL;75
2024-09;Castilla y León;Burgos;GASÓLEO A;23508
2024-09;Castilla y León;Burgos;GASÓLEO B;6335
2024-09;Castilla y León;Burgos;GASÓLEO C;549
2024-09;Castilla y León;Burgos;OTROS GASOLEOS;0
2024-09;Castilla y León;Burgos;BIOETANOL;0
2024-09;Castilla y León;Burgos;GASOLINA  AUTO. S/PB 95 I.O.;4894
2024-09;Castilla y León;Burgos;GASOLINA  AUTO. S/PB 98 I.O.;247
2024-09;Castilla y León;Burgos;OTRAS GASOLINAS;21
2024-09;Castilla y León;Burgos;FUELÓLEO  BIA;142
2024-09;Castilla y León;Burgos;OTROS FUELÓLEOS;0
2024-09;Castilla y León;Burgos;QUEROSENO AVIACIÓN;5
2024-09;Castilla y León;Burgos;OTROS QUEROSENOS;0
2024-09;Castilla y León;Burgos;GLP;693
2024-09;Castilla y León;León;BIODIESEL;0
2024-09;Castilla y León;León;GASÓLEO A;27548
2024-09;Castilla y León;León;GASÓLEO B;9241
2024-09;Castilla y León;León;GASÓLEO C;3951
2024-09;Castilla y León;León;OTROS GASOLEOS;0
2024-09;Castilla y León;León;BIOETANOL;0
2024-09;Castilla y León;León;GASOLINA  AUTO. S/PB 95 I.O.;6039
2024-09;Castilla y León;León;GASOLINA  AUTO. S/PB 98 I.O.;303
2024-09;Castilla y León;León;OTRAS GASOLINAS;0
2024-09;Castilla y León;León;FUELÓLEO  BIA;264
2024-09;Castilla y León;León;OTROS FUELÓLEOS;0
2024-09;Castilla y León;León;QUEROSENO AVIACIÓN;21
2024-09;Castilla y León;León;OTROS QUEROSENOS;0
2024-09;Castilla y León;León;GLP;942
2024-09;Castilla y León;Palencia;BIODIESEL;57
2024-09;Castilla y León;Palencia;GASÓLEO A;9346
2024-09;Castilla y León;Palencia;GASÓLEO B;6006
2024-09;Castilla y León;Palencia;GASÓLEO C;256
2024-09;Castilla y León;Palencia;OTROS GASOLEOS;0
2024-09;Castilla y León;Palencia;BIOETANOL;0
2024-09;Castilla y León;Palencia;GASOLINA  AUTO. S/PB 95 I.O.;1844
2024-09;Castilla y León;Palencia;GASOLINA  AUTO. S/PB 98 I.O.;92
2024-09;Castilla y León;Palencia;OTRAS GASOLINAS;0
2024-09;Castilla y León;Palencia;FUELÓLEO  BIA;182
2024-09;Castilla y León;Palencia;OTROS FUELÓLEOS;0
2024-09;Castilla y León;Palencia;QUEROSENO AVIACIÓN;0
2024-09;Castilla y León;Palencia;OTROS QUEROSENOS;0
2024-09;Castilla y León;Palencia;GLP;296
2024-09;Castilla y León;Salamanca;BIODIESEL;0
2024-09;Castilla y León;Salamanca;GASÓLEO A;21312
2024-09;Castilla y León;Salamanca;GASÓLEO B;4640
2024-09;Castilla y León;Salamanca;GASÓLEO C;1565
2024-09;Castilla y León;Salamanca;OTROS GASOLEOS;0
2024-09;Castilla y León;Salamanca;BIOETANOL;0
2024-09;Castilla y León;Salamanca;GASOLINA  AUTO. S/PB 95 I.O.;3318
2024-09;Castilla y León;Salamanca;GASOLINA  AUTO. S/PB 98 I.O.;172
2024-09;Castilla y León;Salamanca;OTRAS GASOLINAS;16
2024-09;Castilla y León;Salamanca;FUELÓLEO  BIA;0
2024-09;Castilla y León;Salamanca;OTROS FUELÓLEOS;0
2024-09;Castilla y León;Salamanca;QUEROSENO AVIACIÓN;32
2024-09;Castilla y León;Salamanca;OTROS QUEROSENOS;0
2024-09;Castilla y León;Salamanca;GLP;614
2024-09;Castilla y León;Segovia;BIODIESEL;17
2024-09;Castilla y León;Segovia;GASÓLEO A;8643
2024-09;Castilla y León;Segovia;GASÓLEO B;3930
2024-09;Castilla y León;Segovia;GASÓLEO C;1444
2024-09;Castilla y León;Segovia;OTROS GASOLEOS;0
2024-09;Castilla y León;Segovia;BIOETANOL;0
2024-09;Castilla y León;Segovia;GASOLINA  AUTO. S/PB 95 I.O.;2264
2024-09;Castilla y León;Segovia;GASOLINA  AUTO. S/PB 98 I.O.;95
2024-09;Castilla y León;Segovia;OTRAS GASOLINAS;0
2024-09;Castilla y León;Segovia;FUELÓLEO  BIA;0
2024-09;Castilla y León;Segovia;OTROS FUELÓLEOS;0
2024-09;Castilla y León;Segovia;QUEROSENO AVIACIÓN;0
2024-09;Castilla y León;Segovia;OTROS QUEROSENOS;0
2024-09;Castilla y León;Segovia;GLP;546
2024-09;Castilla y León;Soria;BIODIESEL;0
2024-09;Castilla y León;Soria;GASÓLEO A;5651
2024-09;Castilla y León;Soria;GASÓLEO B;3245
2024-09;Castilla y León;Soria;GASÓLEO C;555
2024-09;Castilla y León;Soria;OTROS GASOLEOS;0
2024-09;Castilla y León;Soria;BIOETANOL;0
2024-09;Castilla y León;Soria;GASOLINA  AUTO. S/PB 95 I.O.;1241
2024-09;Castilla y León;Soria;GASOLINA  AUTO. S/PB 98 I.O.;83
2024-09;Castilla y León;Soria;OTRAS GASOLINAS;0
2024-09;Castilla y León;Soria;FUELÓLEO  BIA;0
2024-09;Castilla y León;Soria;OTROS FUELÓLEOS;0
2024-09;Castilla y León;Soria;QUEROSENO AVIACIÓN;0
2024-09;Castilla y León;Soria;OTROS QUEROSENOS;0
2024-09;Castilla y León;Soria;GLP;196
2024-09;Castilla y León;Valladolid;BIODIESEL;75
2024-09;Castilla y León;Valladolid;GASÓLEO A;19218
2024-09;Castilla y León;Valladolid;GASÓLEO B;5911
2024-09;Castilla y León;Valladolid;GASÓLEO C;904
2024-09;Castilla y León;Valladolid;OTROS GASOLEOS;0
2024-09;Castilla y León;Valladolid;BIOETANOL;0
2024-09;Castilla y León;Valladolid;GASOLINA  AUTO. S/PB 95 I.O.;4947
2024-09;Castilla y León;Valladolid;GASOLINA  AUTO. S/PB 98 I.O.;263
2024-09;Castilla y León;Valladolid;OTRAS GASOLINAS;9
2024-09;Castilla y León;Valladolid;FUELÓLEO  BIA;176
2024-09;Castilla y León;Valladolid;OTROS FUELÓLEOS;0
2024-09;Castilla y León;Valladolid;QUEROSENO AVIACIÓN;216
2024-09;Castilla y León;Valladolid;OTROS QUEROSENOS;0
2024-09;Castilla y León;Valladolid;GLP;609
2024-09;Castilla y León;Zamora;BIODIESEL;3
2024-09;Castilla y León;Zamora;GASÓLEO A;21781
2024-09;Castilla y León;Zamora;GASÓLEO B;5458
2024-09;Castilla y León;Zamora;GASÓLEO C;415
2024-09;Castilla y León;Zamora;OTROS GASOLEOS;0
2024-09;Castilla y León;Zamora;BIOETANOL;0
2024-09;Castilla y León;Zamora;GASOLINA  AUTO. S/PB 95 I.O.;3338
2024-09;Castilla y León;Zamora;GASOLINA  AUTO. S/PB 98 I.O.;218
2024-09;Castilla y León;Zamora;OTRAS GASOLINAS;0
2024-09;Castilla y León;Zamora;FUELÓLEO  BIA;0
2024-09;Castilla y León;Zamora;OTROS FUELÓLEOS;0
2024-09;Castilla y León;Zamora;QUEROSENO AVIACIÓN;0
2024-09;Castilla y León;Zamora;OTROS QUEROSENOS;0
2024-09;Castilla y León;Zamora;GLP;407
2024-09;Cataluña;Barcelona;BIODIESEL;388
2024-09;Cataluña;Barcelona;GASÓLEO A;129297
2024-09;Cataluña;Barcelona;GASÓLEO B;20046
2024-09;Cataluña;Barcelona;GASÓLEO C;3204
2024-09;Cataluña;Barcelona;OTROS GASOLEOS;18764
2024-09;Cataluña;Barcelona;BIOETANOL;0
2024-09;Cataluña;Barcelona;GASOLINA  AUTO. S/PB 95 I.O.;56178
2024-09;Cataluña;Barcelona;GASOLINA  AUTO. S/PB 98 I.O.;2391
2024-09;Cataluña;Barcelona;OTRAS GASOLINAS;59
2024-09;Cataluña;Barcelona;FUELÓLEO  BIA;24725
2024-09;Cataluña;Barcelona;OTROS FUELÓLEOS;100111
2024-09;Cataluña;Barcelona;QUEROSENO AVIACIÓN;122614
2024-09;Cataluña;Barcelona;OTROS QUEROSENOS;0
2024-09;Cataluña;Barcelona;GLP;4065
2024-09;Cataluña;Girona;BIODIESEL;362
2024-09;Cataluña;Girona;GASÓLEO A;85238
2024-09;Cataluña;Girona;GASÓLEO B;5812
2024-09;Cataluña;Girona;GASÓLEO C;2430
2024-09;Cataluña;Girona;OTROS GASOLEOS;621
2024-09;Cataluña;Girona;BIOETANOL;0
2024-09;Cataluña;Girona;GASOLINA  AUTO. S/PB 95 I.O.;14930
2024-09;Cataluña;Girona;GASOLINA  AUTO. S/PB 98 I.O.;867
2024-09;Cataluña;Girona;OTRAS GASOLINAS;9
2024-09;Cataluña;Girona;FUELÓLEO  BIA;68
2024-09;Cataluña;Girona;OTROS FUELÓLEOS;0
2024-09;Cataluña;Girona;QUEROSENO AVIACIÓN;4372
2024-09;Cataluña;Girona;OTROS QUEROSENOS;0
2024-09;Cataluña;Girona;GLP;2000
2024-09;Cataluña;Lleida;BIODIESEL;25
2024-09;Cataluña;Lleida;GASÓLEO A;24629
2024-09;Cataluña;Lleida;GASÓLEO B;8129
2024-09;Cataluña;Lleida;GASÓLEO C;801
2024-09;Cataluña;Lleida;OTROS GASOLEOS;0
2024-09;Cataluña;Lleida;BIOETANOL;0
2024-09;Cataluña;Lleida;GASOLINA  AUTO. S/PB 95 I.O.;5554
2024-09;Cataluña;Lleida;GASOLINA  AUTO. S/PB 98 I.O.;326
2024-09;Cataluña;Lleida;OTRAS GASOLINAS;13
2024-09;Cataluña;Lleida;FUELÓLEO  BIA;74
2024-09;Cataluña;Lleida;OTROS FUELÓLEOS;0
2024-09;Cataluña;Lleida;QUEROSENO AVIACIÓN;40
2024-09;Cataluña;Lleida;OTROS QUEROSENOS;0
2024-09;Cataluña;Lleida;GLP;1319
2024-09;Cataluña;Tarragona;BIODIESEL;0
2024-09;Cataluña;Tarragona;GASÓLEO A;34046
2024-09;Cataluña;Tarragona;GASÓLEO B;5344
2024-09;Cataluña;Tarragona;GASÓLEO C;319
2024-09;Cataluña;Tarragona;OTROS GASOLEOS;2187
2024-09;Cataluña;Tarragona;BIOETANOL;0
2024-09;Cataluña;Tarragona;GASOLINA  AUTO. S/PB 95 I.O.;11637
2024-09;Cataluña;Tarragona;GASOLINA  AUTO. S/PB 98 I.O.;447
2024-09;Cataluña;Tarragona;OTRAS GASOLINAS;7
2024-09;Cataluña;Tarragona;FUELÓLEO  BIA;0
2024-09;Cataluña;Tarragona;OTROS FUELÓLEOS;579
2024-09;Cataluña;Tarragona;QUEROSENO AVIACIÓN;2647
2024-09;Cataluña;Tarragona;OTROS QUEROSENOS;0
2024-09;Cataluña;Tarragona;GLP;2513
2024-09;Ceuta;Ceuta;BIODIESEL;0
2024-09;Ceuta;Ceuta;GASÓLEO A;1114
2024-09;Ceuta;Ceuta;GASÓLEO B;0
2024-09;Ceuta;Ceuta;GASÓLEO C;54
2024-09;Ceuta;Ceuta;OTROS GASOLEOS;19039
2024-09;Ceuta;Ceuta;BIOETANOL;0
2024-09;Ceuta;Ceuta;GASOLINA  AUTO. S/PB 95 I.O.;530
2024-09;Ceuta;Ceuta;GASOLINA  AUTO. S/PB 98 I.O.;69
2024-09;Ceuta;Ceuta;OTRAS GASOLINAS;0
2024-09;Ceuta;Ceuta;FUELÓLEO  BIA;2501
2024-09;Ceuta;Ceuta;OTROS FUELÓLEOS;8961
2024-09;Ceuta;Ceuta;QUEROSENO AVIACIÓN;54
2024-09;Ceuta;Ceuta;OTROS QUEROSENOS;0
2024-09;Ceuta;Ceuta;GLP;162
2024-09;Comunitat Valenciana;Alicante/Alacant;BIODIESEL;203
2024-09;Comunitat Valenciana;Alicante/Alacant;GASÓLEO A;52445
2024-09;Comunitat Valenciana;Alicante/Alacant;GASÓLEO B;4703
2024-09;Comunitat Valenciana;Alicante/Alacant;GASÓLEO C;1513
2024-09;Comunitat Valenciana;Alicante/Alacant;OTROS GASOLEOS;2155
2024-09;Comunitat Valenciana;Alicante/Alacant;BIOETANOL;0
2024-09;Comunitat Valenciana;Alicante/Alacant;GASOLINA  AUTO. S/PB 95 I.O.;24698
2024-09;Comunitat Valenciana;Alicante/Alacant;GASOLINA  AUTO. S/PB 98 I.O.;1092
2024-09;Comunitat Valenciana;Alicante/Alacant;OTRAS GASOLINAS;0
2024-09;Comunitat Valenciana;Alicante/Alacant;FUELÓLEO  BIA;144
2024-09;Comunitat Valenciana;Alicante/Alacant;OTROS FUELÓLEOS;52
2024-09;Comunitat Valenciana;Alicante/Alacant;QUEROSENO AVIACIÓN;32385
2024-09;Comunitat Valenciana;Alicante/Alacant;OTROS QUEROSENOS;0
2024-09;Comunitat Valenciana;Alicante/Alacant;GLP;4082
2024-09;Comunitat Valenciana;Castellón/Castelló;BIODIESEL;0
2024-09;Comunitat Valenciana;Castellón/Castelló;GASÓLEO A;20172
2024-09;Comunitat Valenciana;Castellón/Castelló;GASÓLEO B;1719
2024-09;Comunitat Valenciana;Castellón/Castelló;GASÓLEO C;309
2024-09;Comunitat Valenciana;Castellón/Castelló;OTROS GASOLEOS;9412
2024-09;Comunitat Valenciana;Castellón/Castelló;BIOETANOL;0
2024-09;Comunitat Valenciana;Castellón/Castelló;GASOLINA  AUTO. S/PB 95 I.O.;7475
2024-09;Comunitat Valenciana;Castellón/Castelló;GASOLINA  AUTO. S/PB 98 I.O.;320
2024-09;Comunitat Valenciana;Castellón/Castelló;OTRAS GASOLINAS;8
2024-09;Comunitat Valenciana;Castellón/Castelló;FUELÓLEO  BIA;0
2024-09;Comunitat Valenciana;Castellón/Castelló;OTROS FUELÓLEOS;231
2024-09;Comunitat Valenciana;Castellón/Castelló;QUEROSENO AVIACIÓN;353
2024-09;Comunitat Valenciana;Castellón/Castelló;OTROS QUEROSENOS;0
2024-09;Comunitat Valenciana;Castellón/Castelló;GLP;1120
2024-09;Comunitat Valenciana;Valencia/València;BIODIESEL;239
2024-09;Comunitat Valenciana;Valencia/València;GASÓLEO A;93595
2024-09;Comunitat Valenciana;Valencia/València;GASÓLEO B;10983
2024-09;Comunitat Valenciana;Valencia/València;GASÓLEO C;964
2024-09;Comunitat Valenciana;Valencia/València;OTROS GASOLEOS;2070
2024-09;Comunitat Valenciana;Valencia/València;BIOETANOL;0
2024-09;Comunitat Valenciana;Valencia/València;GASOLINA  AUTO. S/PB 95 I.O.;28279
2024-09;Comunitat Valenciana;Valencia/València;GASOLINA  AUTO. S/PB 98 I.O.;1002
2024-09;Comunitat Valenciana;Valencia/València;OTRAS GASOLINAS;6
2024-09;Comunitat Valenciana;Valencia/València;FUELÓLEO  BIA;87
2024-09;Comunitat Valenciana;Valencia/València;OTROS FUELÓLEOS;761
2024-09;Comunitat Valenciana;Valencia/València;QUEROSENO AVIACIÓN;15240
2024-09;Comunitat Valenciana;Valencia/València;OTROS QUEROSENOS;0
2024-09;Comunitat Valenciana;Valencia/València;GLP;3387
2024-09;Extremadura;Badajoz;BIODIESEL;41
2024-09;Extremadura;Badajoz;GASÓLEO A;41042
2024-09;Extremadura;Badajoz;GASÓLEO B;8537
2024-09;Extremadura;Badajoz;GASÓLEO C;247
2024-09;Extremadura;Badajoz;OTROS GASOLEOS;0
2024-09;Extremadura;Badajoz;BIOETANOL;0
2024-09;Extremadura;Badajoz;GASOLINA  AUTO. S/PB 95 I.O.;5870
2024-09;Extremadura;Badajoz;GASOLINA  AUTO. S/PB 98 I.O.;186
2024-09;Extremadura;Badajoz;OTRAS GASOLINAS;2
2024-09;Extremadura;Badajoz;FUELÓLEO  BIA;76
2024-09;Extremadura;Badajoz;OTROS FUELÓLEOS;0
2024-09;Extremadura;Badajoz;QUEROSENO AVIACIÓN;111
2024-09;Extremadura;Badajoz;OTROS QUEROSENOS;0
2024-09;Extremadura;Badajoz;GLP;1682
2024-09;Extremadura;Cáceres;BIODIESEL;0
2024-09;Extremadura;Cáceres;GASÓLEO A;16848
2024-09;Extremadura;Cáceres;GASÓLEO B;3283
2024-09;Extremadura;Cáceres;GASÓLEO C;359
2024-09;Extremadura;Cáceres;OTROS GASOLEOS;0
2024-09;Extremadura;Cáceres;BIOETANOL;0
2024-09;Extremadura;Cáceres;GASOLINA  AUTO. S/PB 95 I.O.;3875
2024-09;Extremadura;Cáceres;GASOLINA  AUTO. S/PB 98 I.O.;153
2024-09;Extremadura;Cáceres;OTRAS GASOLINAS;0
2024-09;Extremadura;Cáceres;FUELÓLEO  BIA;50
2024-09;Extremadura;Cáceres;OTROS FUELÓLEOS;0
2024-09;Extremadura;Cáceres;QUEROSENO AVIACIÓN;0
2024-09;Extremadura;Cáceres;OTROS QUEROSENOS;0
2024-09;Extremadura;Cáceres;GLP;1400
2024-09;Galicia;Coruña, A;BIODIESEL;90
2024-09;Galicia;Coruña, A;GASÓLEO A;40359
2024-09;Galicia;Coruña, A;GASÓLEO B;9670
2024-09;Galicia;Coruña, A;GASÓLEO C;4420
2024-09;Galicia;Coruña, A;OTROS GASOLEOS;4763
2024-09;Galicia;Coruña, A;BIOETANOL;0
2024-09;Galicia;Coruña, A;GASOLINA  AUTO. S/PB 95 I.O.;9518
2024-09;Galicia;Coruña, A;GASOLINA  AUTO. S/PB 98 I.O.;401
2024-09;Galicia;Coruña, A;OTRAS GASOLINAS;5
2024-09;Galicia;Coruña, A;FUELÓLEO  BIA;8227
2024-09;Galicia;Coruña, A;OTROS FUELÓLEOS;822
2024-09;Galicia;Coruña, A;QUEROSENO AVIACIÓN;4570
2024-09;Galicia;Coruña, A;OTROS QUEROSENOS;0
2024-09;Galicia;Coruña, A;GLP;2773
2024-09;Galicia;Lugo;BIODIESEL;2
2024-09;Galicia;Lugo;GASÓLEO A;17467
2024-09;Galicia;Lugo;GASÓLEO B;5856
2024-09;Galicia;Lugo;GASÓLEO C;2935
2024-09;Galicia;Lugo;OTROS GASOLEOS;1741
2024-09;Galicia;Lugo;BIOETANOL;0
2024-09;Galicia;Lugo;GASOLINA  AUTO. S/PB 95 I.O.;2999
2024-09;Galicia;Lugo;GASOLINA  AUTO. S/PB 98 I.O.;139
2024-09;Galicia;Lugo;OTRAS GASOLINAS;0
2024-09;Galicia;Lugo;FUELÓLEO  BIA;86
2024-09;Galicia;Lugo;OTROS FUELÓLEOS;49
2024-09;Galicia;Lugo;QUEROSENO AVIACIÓN;17
2024-09;Galicia;Lugo;OTROS QUEROSENOS;0
2024-09;Galicia;Lugo;GLP;1147
2024-09;Galicia;Ourense;BIODIESEL;0
2024-09;Galicia;Ourense;GASÓLEO A;13606
2024-09;Galicia;Ourense;GASÓLEO B;2891
2024-09;Galicia;Ourense;GASÓLEO C;5806
2024-09;Galicia;Ourense;OTROS GASOLEOS;0
2024-09;Galicia;Ourense;BIOETANOL;0
2024-09;Galicia;Ourense;GASOLINA  AUTO. S/PB 95 I.O.;2731
2024-09;Galicia;Ourense;GASOLINA  AUTO. S/PB 98 I.O.;203
2024-09;Galicia;Ourense;OTRAS GASOLINAS;0
2024-09;Galicia;Ourense;FUELÓLEO  BIA;81
2024-09;Galicia;Ourense;OTROS FUELÓLEOS;0
2024-09;Galicia;Ourense;QUEROSENO AVIACIÓN;53
2024-09;Galicia;Ourense;OTROS QUEROSENOS;0
2024-09;Galicia;Ourense;GLP;994
2024-09;Galicia;Pontevedra;BIODIESEL;18
2024-09;Galicia;Pontevedra;GASÓLEO A;36640
2024-09;Galicia;Pontevedra;GASÓLEO B;6864
2024-09;Galicia;Pontevedra;GASÓLEO C;4815
2024-09;Galicia;Pontevedra;OTROS GASOLEOS;4067
2024-09;Galicia;Pontevedra;BIOETANOL;0
2024-09;Galicia;Pontevedra;GASOLINA  AUTO. S/PB 95 I.O.;8614
2024-09;Galicia;Pontevedra;GASOLINA  AUTO. S/PB 98 I.O.;497
2024-09;Galicia;Pontevedra;OTRAS GASOLINAS;2
2024-09;Galicia;Pontevedra;FUELÓLEO  BIA;553
2024-09;Galicia;Pontevedra;OTROS FUELÓLEOS;633
2024-09;Galicia;Pontevedra;QUEROSENO AVIACIÓN;596
2024-09;Galicia;Pontevedra;OTROS QUEROSENOS;0
2024-09;Galicia;Pontevedra;GLP;2519
2024-09;Madrid, Comunidad de;Madrid;BIODIESEL;980
2024-09;Madrid, Comunidad de;Madrid;GASÓLEO A;145069
2024-09;Madrid, Comunidad de;Madrid;GASÓLEO B;9914
2024-09;Madrid, Comunidad de;Madrid;GASÓLEO C;8098
2024-09;Madrid, Comunidad de;Madrid;OTROS GASOLEOS;0
2024-09;Madrid, Comunidad de;Madrid;BIOETANOL;0
2024-09;Madrid, Comunidad de;Madrid;GASOLINA  AUTO. S/PB 95 I.O.;66078
2024-09;Madrid, Comunidad de;Madrid;GASOLINA  AUTO. S/PB 98 I.O.;2444
2024-09;Madrid, Comunidad de;Madrid;OTRAS GASOLINAS;64
2024-09;Madrid, Comunidad de;Madrid;FUELÓLEO  BIA;388
2024-09;Madrid, Comunidad de;Madrid;OTROS FUELÓLEOS;0
2024-09;Madrid, Comunidad de;Madrid;QUEROSENO AVIACIÓN;238637
2024-09;Madrid, Comunidad de;Madrid;OTROS QUEROSENOS;0
2024-09;Madrid, Comunidad de;Madrid;GLP;6280
2024-09;Melilla;Melilla;BIODIESEL;0
2024-09;Melilla;Melilla;GASÓLEO A;1146
2024-09;Melilla;Melilla;GASÓLEO B;0
2024-09;Melilla;Melilla;GASÓLEO C;0
2024-09;Melilla;Melilla;OTROS GASOLEOS;230
2024-09;Melilla;Melilla;BIOETANOL;0
2024-09;Melilla;Melilla;GASOLINA  AUTO. S/PB 95 I.O.;566
2024-09;Melilla;Melilla;GASOLINA  AUTO. S/PB 98 I.O.;0
2024-09;Melilla;Melilla;OTRAS GASOLINAS;0
2024-09;Melilla;Melilla;FUELÓLEO  BIA;2565
2024-09;Melilla;Melilla;OTROS FUELÓLEOS;440
2024-09;Melilla;Melilla;QUEROSENO AVIACIÓN;128
2024-09;Melilla;Melilla;OTROS QUEROSENOS;0
2024-09;Melilla;Melilla;GLP;79
2024-09;Murcia, Región de;Murcia;BIODIESEL;964
2024-09;Murcia, Región de;Murcia;GASÓLEO A;76186
2024-09;Murcia, Región de;Murcia;GASÓLEO B;11423
2024-09;Murcia, Región de;Murcia;GASÓLEO C;539
2024-09;Murcia, Región de;Murcia;OTROS GASOLEOS;1911
2024-09;Murcia, Región de;Murcia;BIOETANOL;0
2024-09;Murcia, Región de;Murcia;GASOLINA  AUTO. S/PB 95 I.O.;14322
2024-09;Murcia, Región de;Murcia;GASOLINA  AUTO. S/PB 98 I.O.;645
2024-09;Murcia, Región de;Murcia;OTRAS GASOLINAS;0
2024-09;Murcia, Región de;Murcia;FUELÓLEO  BIA;252
2024-09;Murcia, Región de;Murcia;OTROS FUELÓLEOS;0
2024-09;Murcia, Región de;Murcia;QUEROSENO AVIACIÓN;2150
2024-09;Murcia, Región de;Murcia;OTROS QUEROSENOS;0
2024-09;Murcia, Región de;Murcia;GLP;2985
2024-09;Navarra, Comunidad Foral de;Navarra;BIODIESEL;402
2024-09;Navarra, Comunidad Foral de;Navarra;GASÓLEO A;48444
2024-09;Navarra, Comunidad Foral de;Navarra;GASÓLEO B;7521
2024-09;Navarra, Comunidad Foral de;Navarra;GASÓLEO C;549
2024-09;Navarra, Comunidad Foral de;Navarra;OTROS GASOLEOS;0
2024-09;Navarra, Comunidad Foral de;Navarra;BIOETANOL;0
2024-09;Navarra, Comunidad Foral de;Navarra;GASOLINA  AUTO. S/PB 95 I.O.;7469
2024-09;Navarra, Comunidad Foral de;Navarra;GASOLINA  AUTO. S/PB 98 I.O.;283
2024-09;Navarra, Comunidad Foral de;Navarra;OTRAS GASOLINAS;4
2024-09;Navarra, Comunidad Foral de;Navarra;FUELÓLEO  BIA;263
2024-09;Navarra, Comunidad Foral de;Navarra;OTROS FUELÓLEOS;0
2024-09;Navarra, Comunidad Foral de;Navarra;QUEROSENO AVIACIÓN;171
2024-09;Navarra, Comunidad Foral de;Navarra;OTROS QUEROSENOS;0
2024-09;Navarra, Comunidad Foral de;Navarra;GLP;985
2024-09;País Vasco;Araba/Álava;BIODIESEL;115
2024-09;País Vasco;Araba/Álava;GASÓLEO A;42729
2024-09;País Vasco;Araba/Álava;GASÓLEO B;3524
2024-09;País Vasco;Araba/Álava;GASÓLEO C;829
2024-09;País Vasco;Araba/Álava;OTROS GASOLEOS;0
2024-09;País Vasco;Araba/Álava;BIOETANOL;0
2024-09;País Vasco;Araba/Álava;GASOLINA  AUTO. S/PB 95 I.O.;2867
2024-09;País Vasco;Araba/Álava;GASOLINA  AUTO. S/PB 98 I.O.;166
2024-09;País Vasco;Araba/Álava;OTRAS GASOLINAS;0
2024-09;País Vasco;Araba/Álava;FUELÓLEO  BIA;278
2024-09;País Vasco;Araba/Álava;OTROS FUELÓLEOS;0
2024-09;País Vasco;Araba/Álava;QUEROSENO AVIACIÓN;1170
2024-09;País Vasco;Araba/Álava;OTROS QUEROSENOS;0
2024-09;País Vasco;Araba/Álava;GLP;1092
2024-09;País Vasco;Bizkaia;BIODIESEL;629
2024-09;País Vasco;Bizkaia;GASÓLEO A;46825
2024-09;País Vasco;Bizkaia;GASÓLEO B;6654
2024-09;País Vasco;Bizkaia;GASÓLEO C;1581
2024-09;País Vasco;Bizkaia;OTROS GASOLEOS;1009
2024-09;País Vasco;Bizkaia;BIOETANOL;0
2024-09;País Vasco;Bizkaia;GASOLINA  AUTO. S/PB 95 I.O.;10180
2024-09;País Vasco;Bizkaia;GASOLINA  AUTO. S/PB 98 I.O.;391
2024-09;País Vasco;Bizkaia;OTRAS GASOLINAS;2
2024-09;País Vasco;Bizkaia;FUELÓLEO  BIA;134
2024-09;País Vasco;Bizkaia;OTROS FUELÓLEOS;0
2024-09;País Vasco;Bizkaia;QUEROSENO AVIACIÓN;7492
2024-09;País Vasco;Bizkaia;OTROS QUEROSENOS;2
2024-09;País Vasco;Bizkaia;GLP;939
2024-09;País Vasco;Gipuzkoa;BIODIESEL;219
2024-09;País Vasco;Gipuzkoa;GASÓLEO A;54572
2024-09;País Vasco;Gipuzkoa;GASÓLEO B;1368
2024-09;País Vasco;Gipuzkoa;GASÓLEO C;130
2024-09;País Vasco;Gipuzkoa;OTROS GASOLEOS;820
2024-09;País Vasco;Gipuzkoa;BIOETANOL;0
2024-09;País Vasco;Gipuzkoa;GASOLINA  AUTO. S/PB 95 I.O.;6979
2024-09;País Vasco;Gipuzkoa;GASOLINA  AUTO. S/PB 98 I.O.;464
2024-09;País Vasco;Gipuzkoa;OTRAS GASOLINAS;1
2024-09;País Vasco;Gipuzkoa;FUELÓLEO  BIA;27
2024-09;País Vasco;Gipuzkoa;OTROS FUELÓLEOS;0
2024-09;País Vasco;Gipuzkoa;QUEROSENO AVIACIÓN;595
2024-09;País Vasco;Gipuzkoa;OTROS QUEROSENOS;0
2024-09;País Vasco;Gipuzkoa;GLP;1108
2024-09;Rioja, La;Rioja, La;BIODIESEL;98
2024-09;Rioja, La;Rioja, La;GASÓLEO A;12245
2024-09;Rioja, La;Rioja, La;GASÓLEO B;3299
2024-09;Rioja, La;Rioja, La;GASÓLEO C;1022
2024-09;Rioja, La;Rioja, La;OTROS GASOLEOS;0
2024-09;Rioja, La;Rioja, La;BIOETANOL;0
2024-09;Rioja, La;Rioja, La;GASOLINA  AUTO. S/PB 95 I.O.;2740
2024-09;Rioja, La;Rioja, La;GASOLINA  AUTO. S/PB 98 I.O.;104
2024-09;Rioja, La;Rioja, La;OTRAS GASOLINAS;5
2024-09;Rioja, La;Rioja, La;FUELÓLEO  BIA;112
2024-09;Rioja, La;Rioja, La;OTROS FUELÓLEOS;0
2024-09;Rioja, La;Rioja, La;QUEROSENO AVIACIÓN;13
2024-09;Rioja, La;Rioja, La;OTROS QUEROSENOS;0
2024-09;Rioja, La;Rioja, La;GLP;410
2024-10;Andalucía;Almería;BIODIESEL;134
2024-10;Andalucía;Almería;GASÓLEO A;31759
2024-10;Andalucía;Almería;GASÓLEO B;5951
2024-10;Andalucía;Almería;GASÓLEO C;154
2024-10;Andalucía;Almería;OTROS GASOLEOS;1044
2024-10;Andalucía;Almería;BIOETANOL;0
2024-10;Andalucía;Almería;GASOLINA  AUTO. S/PB 95 I.O.;6548
2024-10;Andalucía;Almería;GASOLINA  AUTO. S/PB 98 I.O.;333
2024-10;Andalucía;Almería;OTRAS GASOLINAS;1
2024-10;Andalucía;Almería;FUELÓLEO  BIA;55
2024-10;Andalucía;Almería;OTROS FUELÓLEOS;1617
2024-10;Andalucía;Almería;QUEROSENO AVIACIÓN;929
2024-10;Andalucía;Almería;OTROS QUEROSENOS;0
2024-10;Andalucía;Almería;GLP;1874
2024-10;Andalucía;Cádiz;BIODIESEL;58
2024-10;Andalucía;Cádiz;GASÓLEO A;33442
2024-10;Andalucía;Cádiz;GASÓLEO B;7052
2024-10;Andalucía;Cádiz;GASÓLEO C;467
2024-10;Andalucía;Cádiz;OTROS GASOLEOS;44511
2024-10;Andalucía;Cádiz;BIOETANOL;0
2024-10;Andalucía;Cádiz;GASOLINA  AUTO. S/PB 95 I.O.;12159
2024-10;Andalucía;Cádiz;GASOLINA  AUTO. S/PB 98 I.O.;412
2024-10;Andalucía;Cádiz;OTRAS GASOLINAS;33
2024-10;Andalucía;Cádiz;FUELÓLEO  BIA;37580
2024-10;Andalucía;Cádiz;OTROS FUELÓLEOS;274763
2024-10;Andalucía;Cádiz;QUEROSENO AVIACIÓN;1720
2024-10;Andalucía;Cádiz;OTROS QUEROSENOS;0
2024-10;Andalucía;Cádiz;GLP;3139
2024-10;Andalucía;Córdoba;BIODIESEL;20
2024-10;Andalucía;Córdoba;GASÓLEO A;30959
2024-10;Andalucía;Córdoba;GASÓLEO B;9425
2024-10;Andalucía;Córdoba;GASÓLEO C;746
2024-10;Andalucía;Córdoba;OTROS GASOLEOS;0
2024-10;Andalucía;Córdoba;BIOETANOL;0
2024-10;Andalucía;Córdoba;GASOLINA  AUTO. S/PB 95 I.O.;5547
2024-10;Andalucía;Córdoba;GASOLINA  AUTO. S/PB 98 I.O.;138
2024-10;Andalucía;Córdoba;OTRAS GASOLINAS;10
2024-10;Andalucía;Córdoba;FUELÓLEO  BIA;10
2024-10;Andalucía;Córdoba;OTROS FUELÓLEOS;0
2024-10;Andalucía;Córdoba;QUEROSENO AVIACIÓN;26
2024-10;Andalucía;Córdoba;OTROS QUEROSENOS;0
2024-10;Andalucía;Córdoba;GLP;1749
2024-10;Andalucía;Granada;BIODIESEL;24
2024-10;Andalucía;Granada;GASÓLEO A;32484
2024-10;Andalucía;Granada;GASÓLEO B;7298
2024-10;Andalucía;Granada;GASÓLEO C;2405
2024-10;Andalucía;Granada;OTROS GASOLEOS;429
2024-10;Andalucía;Granada;BIOETANOL;0
2024-10;Andalucía;Granada;GASOLINA  AUTO. S/PB 95 I.O.;8486
2024-10;Andalucía;Granada;GASOLINA  AUTO. S/PB 98 I.O.;390
2024-10;Andalucía;Granada;OTRAS GASOLINAS;2
2024-10;Andalucía;Granada;FUELÓLEO  BIA;155
2024-10;Andalucía;Granada;OTROS FUELÓLEOS;742
2024-10;Andalucía;Granada;QUEROSENO AVIACIÓN;1000
2024-10;Andalucía;Granada;OTROS QUEROSENOS;0
2024-10;Andalucía;Granada;GLP;2637
2024-10;Andalucía;Huelva;BIODIESEL;0
2024-10;Andalucía;Huelva;GASÓLEO A;22442
2024-10;Andalucía;Huelva;GASÓLEO B;9509
2024-10;Andalucía;Huelva;GASÓLEO C;149
2024-10;Andalucía;Huelva;OTROS GASOLEOS;3687
2024-10;Andalucía;Huelva;BIOETANOL;0
2024-10;Andalucía;Huelva;GASOLINA  AUTO. S/PB 95 I.O.;4990
2024-10;Andalucía;Huelva;GASOLINA  AUTO. S/PB 98 I.O.;199
2024-10;Andalucía;Huelva;OTRAS GASOLINAS;0
2024-10;Andalucía;Huelva;FUELÓLEO  BIA;661
2024-10;Andalucía;Huelva;OTROS FUELÓLEOS;10250
2024-10;Andalucía;Huelva;QUEROSENO AVIACIÓN;16
2024-10;Andalucía;Huelva;OTROS QUEROSENOS;0
2024-10;Andalucía;Huelva;GLP;1900
2024-10;Andalucía;Jaén;BIODIESEL;117
2024-10;Andalucía;Jaén;GASÓLEO A;31293
2024-10;Andalucía;Jaén;GASÓLEO B;6000
2024-10;Andalucía;Jaén;GASÓLEO C;1174
2024-10;Andalucía;Jaén;OTROS GASOLEOS;0
2024-10;Andalucía;Jaén;BIOETANOL;0
2024-10;Andalucía;Jaén;GASOLINA  AUTO. S/PB 95 I.O.;4895
2024-10;Andalucía;Jaén;GASOLINA  AUTO. S/PB 98 I.O.;167
2024-10;Andalucía;Jaén;OTRAS GASOLINAS;0
2024-10;Andalucía;Jaén;FUELÓLEO  BIA;0
2024-10;Andalucía;Jaén;OTROS FUELÓLEOS;0
2024-10;Andalucía;Jaén;QUEROSENO AVIACIÓN;0
2024-10;Andalucía;Jaén;OTROS QUEROSENOS;0
2024-10;Andalucía;Jaén;GLP;1440
2024-10;Andalucía;Málaga;BIODIESEL;109
2024-10;Andalucía;Málaga;GASÓLEO A;47588
2024-10;Andalucía;Málaga;GASÓLEO B;4832
2024-10;Andalucía;Málaga;GASÓLEO C;397
2024-10;Andalucía;Málaga;OTROS GASOLEOS;1231
2024-10;Andalucía;Málaga;BIOETANOL;0
2024-10;Andalucía;Málaga;GASOLINA  AUTO. S/PB 95 I.O.;21097
2024-10;Andalucía;Málaga;GASOLINA  AUTO. S/PB 98 I.O.;1280
2024-10;Andalucía;Málaga;OTRAS GASOLINAS;28
2024-10;Andalucía;Málaga;FUELÓLEO  BIA;52
2024-10;Andalucía;Málaga;OTROS FUELÓLEOS;991
2024-10;Andalucía;Málaga;QUEROSENO AVIACIÓN;46006
2024-10;Andalucía;Málaga;OTROS QUEROSENOS;0
2024-10;Andalucía;Málaga;GLP;4387
2024-10;Andalucía;Sevilla;BIODIESEL;48
2024-10;Andalucía;Sevilla;GASÓLEO A;58532
2024-10;Andalucía;Sevilla;GASÓLEO B;10443
2024-10;Andalucía;Sevilla;GASÓLEO C;487
2024-10;Andalucía;Sevilla;OTROS GASOLEOS;778
2024-10;Andalucía;Sevilla;BIOETANOL;0
2024-10;Andalucía;Sevilla;GASOLINA  AUTO. S/PB 95 I.O.;16888
2024-10;Andalucía;Sevilla;GASOLINA  AUTO. S/PB 98 I.O.;433
2024-10;Andalucía;Sevilla;OTRAS GASOLINAS;6
2024-10;Andalucía;Sevilla;FUELÓLEO  BIA;463
2024-10;Andalucía;Sevilla;OTROS FUELÓLEOS;158
2024-10;Andalucía;Sevilla;QUEROSENO AVIACIÓN;12147
2024-10;Andalucía;Sevilla;OTROS QUEROSENOS;0
2024-10;Andalucía;Sevilla;GLP;4884
2024-10;Aragón;Huesca;BIODIESEL;41
2024-10;Aragón;Huesca;GASÓLEO A;14635
2024-10;Aragón;Huesca;GASÓLEO B;6861
2024-10;Aragón;Huesca;GASÓLEO C;1080
2024-10;Aragón;Huesca;OTROS GASOLEOS;0
2024-10;Aragón;Huesca;BIOETANOL;0
2024-10;Aragón;Huesca;GASOLINA  AUTO. S/PB 95 I.O.;3159
2024-10;Aragón;Huesca;GASOLINA  AUTO. S/PB 98 I.O.;141
2024-10;Aragón;Huesca;OTRAS GASOLINAS;6
2024-10;Aragón;Huesca;FUELÓLEO  BIA;25
2024-10;Aragón;Huesca;OTROS FUELÓLEOS;0
2024-10;Aragón;Huesca;QUEROSENO AVIACIÓN;25
2024-10;Aragón;Huesca;OTROS QUEROSENOS;0
2024-10;Aragón;Huesca;GLP;1491
2024-10;Aragón;Teruel;BIODIESEL;24
2024-10;Aragón;Teruel;GASÓLEO A;9379
2024-10;Aragón;Teruel;GASÓLEO B;5229
2024-10;Aragón;Teruel;GASÓLEO C;1580
2024-10;Aragón;Teruel;OTROS GASOLEOS;0
2024-10;Aragón;Teruel;BIOETANOL;0
2024-10;Aragón;Teruel;GASOLINA  AUTO. S/PB 95 I.O.;1846
2024-10;Aragón;Teruel;GASOLINA  AUTO. S/PB 98 I.O.;87
2024-10;Aragón;Teruel;OTRAS GASOLINAS;0
2024-10;Aragón;Teruel;FUELÓLEO  BIA;140
2024-10;Aragón;Teruel;OTROS FUELÓLEOS;0
2024-10;Aragón;Teruel;QUEROSENO AVIACIÓN;184
2024-10;Aragón;Teruel;OTROS QUEROSENOS;0
2024-10;Aragón;Teruel;GLP;597
2024-10;Aragón;Zaragoza;BIODIESEL;659
2024-10;Aragón;Zaragoza;GASÓLEO A;48784
2024-10;Aragón;Zaragoza;GASÓLEO B;12230
2024-10;Aragón;Zaragoza;GASÓLEO C;3914
2024-10;Aragón;Zaragoza;OTROS GASOLEOS;0
2024-10;Aragón;Zaragoza;BIOETANOL;0
2024-10;Aragón;Zaragoza;GASOLINA  AUTO. S/PB 95 I.O.;9785
2024-10;Aragón;Zaragoza;GASOLINA  AUTO. S/PB 98 I.O.;324
2024-10;Aragón;Zaragoza;OTRAS GASOLINAS;2
2024-10;Aragón;Zaragoza;FUELÓLEO  BIA;95
2024-10;Aragón;Zaragoza;OTROS FUELÓLEOS;0
2024-10;Aragón;Zaragoza;QUEROSENO AVIACIÓN;11485
2024-10;Aragón;Zaragoza;OTROS QUEROSENOS;0
2024-10;Aragón;Zaragoza;GLP;1670
2024-10;Asturias, Principado de;Asturias;BIODIESEL;35
2024-10;Asturias, Principado de;Asturias;GASÓLEO A;36100
2024-10;Asturias, Principado de;Asturias;GASÓLEO B;7324
2024-10;Asturias, Principado de;Asturias;GASÓLEO C;2902
2024-10;Asturias, Principado de;Asturias;OTROS GASOLEOS;3396
2024-10;Asturias, Principado de;Asturias;BIOETANOL;0
2024-10;Asturias, Principado de;Asturias;GASOLINA  AUTO. S/PB 95 I.O.;9175
2024-10;Asturias, Principado de;Asturias;GASOLINA  AUTO. S/PB 98 I.O.;554
2024-10;Asturias, Principado de;Asturias;OTRAS GASOLINAS;2
2024-10;Asturias, Principado de;Asturias;FUELÓLEO  BIA;849
2024-10;Asturias, Principado de;Asturias;OTROS FUELÓLEOS;1016
2024-10;Asturias, Principado de;Asturias;QUEROSENO AVIACIÓN;1656
2024-10;Asturias, Principado de;Asturias;OTROS QUEROSENOS;0
2024-10;Asturias, Principado de;Asturias;GLP;1810
2024-10;Balears, Illes;Balears, Illes;BIODIESEL;0
2024-10;Balears, Illes;Balears, Illes;GASÓLEO A;30846
2024-10;Balears, Illes;Balears, Illes;GASÓLEO B;3679
2024-10;Balears, Illes;Balears, Illes;GASÓLEO C;11256
2024-10;Balears, Illes;Balears, Illes;OTROS GASOLEOS;3236
2024-10;Balears, Illes;Balears, Illes;BIOETANOL;0
2024-10;Balears, Illes;Balears, Illes;GASOLINA  AUTO. S/PB 95 I.O.;23578
2024-10;Balears, Illes;Balears, Illes;GASOLINA  AUTO. S/PB 98 I.O.;1032
2024-10;Balears, Illes;Balears, Illes;OTRAS GASOLINAS;22
2024-10;Balears, Illes;Balears, Illes;FUELÓLEO  BIA;0
2024-10;Balears, Illes;Balears, Illes;OTROS FUELÓLEOS;0
2024-10;Balears, Illes;Balears, Illes;QUEROSENO AVIACIÓN;72982
2024-10;Balears, Illes;Balears, Illes;OTROS QUEROSENOS;0
2024-10;Balears, Illes;Balears, Illes;GLP;4133
2024-10;Canarias;Palmas, Las;BIODIESEL;0
2024-10;Canarias;Palmas, Las;GASÓLEO A;30025
2024-10;Canarias;Palmas, Las;GASÓLEO B;0
2024-10;Canarias;Palmas, Las;GASÓLEO C;0
2024-10;Canarias;Palmas, Las;OTROS GASOLEOS;83970
2024-10;Canarias;Palmas, Las;BIOETANOL;0
2024-10;Canarias;Palmas, Las;GASOLINA  AUTO. S/PB 95 I.O.;20190
2024-10;Canarias;Palmas, Las;GASOLINA  AUTO. S/PB 98 I.O.;3794
2024-10;Canarias;Palmas, Las;OTRAS GASOLINAS;3
2024-10;Canarias;Palmas, Las;FUELÓLEO  BIA;126035
2024-10;Canarias;Palmas, Las;OTROS FUELÓLEOS;85617
2024-10;Canarias;Palmas, Las;QUEROSENO AVIACIÓN;52787
2024-10;Canarias;Palmas, Las;OTROS QUEROSENOS;0
2024-10;Canarias;Palmas, Las;GLP;3139
2024-10;Canarias;Santa Cruz de Tenerife;BIODIESEL;0
2024-10;Canarias;Santa Cruz de Tenerife;GASÓLEO A;28630
2024-10;Canarias;Santa Cruz de Tenerife;GASÓLEO B;0
2024-10;Canarias;Santa Cruz de Tenerife;GASÓLEO C;0
2024-10;Canarias;Santa Cruz de Tenerife;OTROS GASOLEOS;57161
2024-10;Canarias;Santa Cruz de Tenerife;BIOETANOL;0
2024-10;Canarias;Santa Cruz de Tenerife;GASOLINA  AUTO. S/PB 95 I.O.;19137
2024-10;Canarias;Santa Cruz de Tenerife;GASOLINA  AUTO. S/PB 98 I.O.;5165
2024-10;Canarias;Santa Cruz de Tenerife;OTRAS GASOLINAS;2
2024-10;Canarias;Santa Cruz de Tenerife;FUELÓLEO  BIA;17687
2024-10;Canarias;Santa Cruz de Tenerife;OTROS FUELÓLEOS;29063
2024-10;Canarias;Santa Cruz de Tenerife;QUEROSENO AVIACIÓN;50971
2024-10;Canarias;Santa Cruz de Tenerife;OTROS QUEROSENOS;0
2024-10;Canarias;Santa Cruz de Tenerife;GLP;3519
2024-10;Cantabria;Cantabria;BIODIESEL;421
2024-10;Cantabria;Cantabria;GASÓLEO A;24484
2024-10;Cantabria;Cantabria;GASÓLEO B;5080
2024-10;Cantabria;Cantabria;GASÓLEO C;248
2024-10;Cantabria;Cantabria;OTROS GASOLEOS;620
2024-10;Cantabria;Cantabria;BIOETANOL;0
2024-10;Cantabria;Cantabria;GASOLINA  AUTO. S/PB 95 I.O.;6889
2024-10;Cantabria;Cantabria;GASOLINA  AUTO. S/PB 98 I.O.;317
2024-10;Cantabria;Cantabria;OTRAS GASOLINAS;1
2024-10;Cantabria;Cantabria;FUELÓLEO  BIA;385
2024-10;Cantabria;Cantabria;OTROS FUELÓLEOS;0
2024-10;Cantabria;Cantabria;QUEROSENO AVIACIÓN;890
2024-10;Cantabria;Cantabria;OTROS QUEROSENOS;0
2024-10;Cantabria;Cantabria;GLP;1323
2024-10;Castilla - La Mancha;Albacete;BIODIESEL;52
2024-10;Castilla - La Mancha;Albacete;GASÓLEO A;17454
2024-10;Castilla - La Mancha;Albacete;GASÓLEO B;7614
2024-10;Castilla - La Mancha;Albacete;GASÓLEO C;2040
2024-10;Castilla - La Mancha;Albacete;OTROS GASOLEOS;0
2024-10;Castilla - La Mancha;Albacete;BIOETANOL;0
2024-10;Castilla - La Mancha;Albacete;GASOLINA  AUTO. S/PB 95 I.O.;3471
2024-10;Castilla - La Mancha;Albacete;GASOLINA  AUTO. S/PB 98 I.O.;153
2024-10;Castilla - La Mancha;Albacete;OTRAS GASOLINAS;0
2024-10;Castilla - La Mancha;Albacete;FUELÓLEO  BIA;25
2024-10;Castilla - La Mancha;Albacete;OTROS FUELÓLEOS;0
2024-10;Castilla - La Mancha;Albacete;QUEROSENO AVIACIÓN;67
2024-10;Castilla - La Mancha;Albacete;OTROS QUEROSENOS;0
2024-10;Castilla - La Mancha;Albacete;GLP;829
2024-10;Castilla - La Mancha;Ciudad Real;BIODIESEL;104
2024-10;Castilla - La Mancha;Ciudad Real;GASÓLEO A;26401
2024-10;Castilla - La Mancha;Ciudad Real;GASÓLEO B;10371
2024-10;Castilla - La Mancha;Ciudad Real;GASÓLEO C;2837
2024-10;Castilla - La Mancha;Ciudad Real;OTROS GASOLEOS;1
2024-10;Castilla - La Mancha;Ciudad Real;BIOETANOL;0
2024-10;Castilla - La Mancha;Ciudad Real;GASOLINA  AUTO. S/PB 95 I.O.;4195
2024-10;Castilla - La Mancha;Ciudad Real;GASOLINA  AUTO. S/PB 98 I.O.;153
2024-10;Castilla - La Mancha;Ciudad Real;OTRAS GASOLINAS;0
2024-10;Castilla - La Mancha;Ciudad Real;FUELÓLEO  BIA;135
2024-10;Castilla - La Mancha;Ciudad Real;OTROS FUELÓLEOS;0
2024-10;Castilla - La Mancha;Ciudad Real;QUEROSENO AVIACIÓN;53
2024-10;Castilla - La Mancha;Ciudad Real;OTROS QUEROSENOS;0
2024-10;Castilla - La Mancha;Ciudad Real;GLP;991
2024-10;Castilla - La Mancha;Cuenca;BIODIESEL;39
2024-10;Castilla - La Mancha;Cuenca;GASÓLEO A;15048
2024-10;Castilla - La Mancha;Cuenca;GASÓLEO B;9913
2024-10;Castilla - La Mancha;Cuenca;GASÓLEO C;1151
2024-10;Castilla - La Mancha;Cuenca;OTROS GASOLEOS;0
2024-10;Castilla - La Mancha;Cuenca;BIOETANOL;0
2024-10;Castilla - La Mancha;Cuenca;GASOLINA  AUTO. S/PB 95 I.O.;2484
2024-10;Castilla - La Mancha;Cuenca;GASOLINA  AUTO. S/PB 98 I.O.;109
2024-10;Castilla - La Mancha;Cuenca;OTRAS GASOLINAS;4
2024-10;Castilla - La Mancha;Cuenca;FUELÓLEO  BIA;0
2024-10;Castilla - La Mancha;Cuenca;OTROS FUELÓLEOS;0
2024-10;Castilla - La Mancha;Cuenca;QUEROSENO AVIACIÓN;0
2024-10;Castilla - La Mancha;Cuenca;OTROS QUEROSENOS;0
2024-10;Castilla - La Mancha;Cuenca;GLP;665
2024-10;Castilla - La Mancha;Guadalajara;BIODIESEL;147
2024-10;Castilla - La Mancha;Guadalajara;GASÓLEO A;13147
2024-10;Castilla - La Mancha;Guadalajara;GASÓLEO B;4575
2024-10;Castilla - La Mancha;Guadalajara;GASÓLEO C;1567
2024-10;Castilla - La Mancha;Guadalajara;OTROS GASOLEOS;0
2024-10;Castilla - La Mancha;Guadalajara;BIOETANOL;0
2024-10;Castilla - La Mancha;Guadalajara;GASOLINA  AUTO. S/PB 95 I.O.;3440
2024-10;Castilla - La Mancha;Guadalajara;GASOLINA  AUTO. S/PB 98 I.O.;123
2024-10;Castilla - La Mancha;Guadalajara;OTRAS GASOLINAS;1
2024-10;Castilla - La Mancha;Guadalajara;FUELÓLEO  BIA;27
2024-10;Castilla - La Mancha;Guadalajara;OTROS FUELÓLEOS;0
2024-10;Castilla - La Mancha;Guadalajara;QUEROSENO AVIACIÓN;0
2024-10;Castilla - La Mancha;Guadalajara;OTROS QUEROSENOS;0
2024-10;Castilla - La Mancha;Guadalajara;GLP;495
2024-10;Castilla - La Mancha;Toledo;BIODIESEL;161
2024-10;Castilla - La Mancha;Toledo;GASÓLEO A;38184
2024-10;Castilla - La Mancha;Toledo;GASÓLEO B;15638
2024-10;Castilla - La Mancha;Toledo;GASÓLEO C;4592
2024-10;Castilla - La Mancha;Toledo;OTROS GASOLEOS;0
2024-10;Castilla - La Mancha;Toledo;BIOETANOL;0
2024-10;Castilla - La Mancha;Toledo;GASOLINA  AUTO. S/PB 95 I.O.;8160
2024-10;Castilla - La Mancha;Toledo;GASOLINA  AUTO. S/PB 98 I.O.;293
2024-10;Castilla - La Mancha;Toledo;OTRAS GASOLINAS;17
2024-10;Castilla - La Mancha;Toledo;FUELÓLEO  BIA;201
2024-10;Castilla - La Mancha;Toledo;OTROS FUELÓLEOS;0
2024-10;Castilla - La Mancha;Toledo;QUEROSENO AVIACIÓN;24
2024-10;Castilla - La Mancha;Toledo;OTROS QUEROSENOS;0
2024-10;Castilla - La Mancha;Toledo;GLP;1614
2024-10;Castilla y León;Ávila;BIODIESEL;14
2024-10;Castilla y León;Ávila;GASÓLEO A;7559
2024-10;Castilla y León;Ávila;GASÓLEO B;4410
2024-10;Castilla y León;Ávila;GASÓLEO C;1265
2024-10;Castilla y León;Ávila;OTROS GASOLEOS;0
2024-10;Castilla y León;Ávila;BIOETANOL;0
2024-10;Castilla y León;Ávila;GASOLINA  AUTO. S/PB 95 I.O.;1937
2024-10;Castilla y León;Ávila;GASOLINA  AUTO. S/PB 98 I.O.;87
2024-10;Castilla y León;Ávila;OTRAS GASOLINAS;0
2024-10;Castilla y León;Ávila;FUELÓLEO  BIA;0
2024-10;Castilla y León;Ávila;OTROS FUELÓLEOS;0
2024-10;Castilla y León;Ávila;QUEROSENO AVIACIÓN;0
2024-10;Castilla y León;Ávila;OTROS QUEROSENOS;0
2024-10;Castilla y León;Ávila;GLP;646
2024-10;Castilla y León;Burgos;BIODIESEL;72
2024-10;Castilla y León;Burgos;GASÓLEO A;22386
2024-10;Castilla y León;Burgos;GASÓLEO B;7422
2024-10;Castilla y León;Burgos;GASÓLEO C;883
2024-10;Castilla y León;Burgos;OTROS GASOLEOS;0
2024-10;Castilla y León;Burgos;BIOETANOL;0
2024-10;Castilla y León;Burgos;GASOLINA  AUTO. S/PB 95 I.O.;4804
2024-10;Castilla y León;Burgos;GASOLINA  AUTO. S/PB 98 I.O.;241
2024-10;Castilla y León;Burgos;OTRAS GASOLINAS;17
2024-10;Castilla y León;Burgos;FUELÓLEO  BIA;76
2024-10;Castilla y León;Burgos;OTROS FUELÓLEOS;0
2024-10;Castilla y León;Burgos;QUEROSENO AVIACIÓN;10
2024-10;Castilla y León;Burgos;OTROS QUEROSENOS;0
2024-10;Castilla y León;Burgos;GLP;797
2024-10;Castilla y León;León;BIODIESEL;22
2024-10;Castilla y León;León;GASÓLEO A;23118
2024-10;Castilla y León;León;GASÓLEO B;10781
2024-10;Castilla y León;León;GASÓLEO C;4203
2024-10;Castilla y León;León;OTROS GASOLEOS;0
2024-10;Castilla y León;León;BIOETANOL;0
2024-10;Castilla y León;León;GASOLINA  AUTO. S/PB 95 I.O.;5073
2024-10;Castilla y León;León;GASOLINA  AUTO. S/PB 98 I.O.;269
2024-10;Castilla y León;León;OTRAS GASOLINAS;1
2024-10;Castilla y León;León;FUELÓLEO  BIA;228
2024-10;Castilla y León;León;OTROS FUELÓLEOS;0
2024-10;Castilla y León;León;QUEROSENO AVIACIÓN;40
2024-10;Castilla y León;León;OTROS QUEROSENOS;0
2024-10;Castilla y León;León;GLP;1209
2024-10;Castilla y León;Palencia;BIODIESEL;31
2024-10;Castilla y León;Palencia;GASÓLEO A;9786
2024-10;Castilla y León;Palencia;GASÓLEO B;7267
2024-10;Castilla y León;Palencia;GASÓLEO C;527
2024-10;Castilla y León;Palencia;OTROS GASOLEOS;0
2024-10;Castilla y León;Palencia;BIOETANOL;0
2024-10;Castilla y León;Palencia;GASOLINA  AUTO. S/PB 95 I.O.;1790
2024-10;Castilla y León;Palencia;GASOLINA  AUTO. S/PB 98 I.O.;95
2024-10;Castilla y León;Palencia;OTRAS GASOLINAS;0
2024-10;Castilla y León;Palencia;FUELÓLEO  BIA;25
2024-10;Castilla y León;Palencia;OTROS FUELÓLEOS;0
2024-10;Castilla y León;Palencia;QUEROSENO AVIACIÓN;0
2024-10;Castilla y León;Palencia;OTROS QUEROSENOS;0
2024-10;Castilla y León;Palencia;GLP;384
2024-10;Castilla y León;Salamanca;BIODIESEL;0
2024-10;Castilla y León;Salamanca;GASÓLEO A;20561
2024-10;Castilla y León;Salamanca;GASÓLEO B;6772
2024-10;Castilla y León;Salamanca;GASÓLEO C;2270
2024-10;Castilla y León;Salamanca;OTROS GASOLEOS;0
2024-10;Castilla y León;Salamanca;BIOETANOL;0
2024-10;Castilla y León;Salamanca;GASOLINA  AUTO. S/PB 95 I.O.;3064
2024-10;Castilla y León;Salamanca;GASOLINA  AUTO. S/PB 98 I.O.;164
2024-10;Castilla y León;Salamanca;OTRAS GASOLINAS;13
2024-10;Castilla y León;Salamanca;FUELÓLEO  BIA;0
2024-10;Castilla y León;Salamanca;OTROS FUELÓLEOS;0
2024-10;Castilla y León;Salamanca;QUEROSENO AVIACIÓN;183
2024-10;Castilla y León;Salamanca;OTROS QUEROSENOS;0
2024-10;Castilla y León;Salamanca;GLP;798
2024-10;Castilla y León;Segovia;BIODIESEL;19
2024-10;Castilla y León;Segovia;GASÓLEO A;9571
2024-10;Castilla y León;Segovia;GASÓLEO B;5403
2024-10;Castilla y León;Segovia;GASÓLEO C;1897
2024-10;Castilla y León;Segovia;OTROS GASOLEOS;0
2024-10;Castilla y León;Segovia;BIOETANOL;0
2024-10;Castilla y León;Segovia;GASOLINA  AUTO. S/PB 95 I.O.;2347
2024-10;Castilla y León;Segovia;GASOLINA  AUTO. S/PB 98 I.O.;91
2024-10;Castilla y León;Segovia;OTRAS GASOLINAS;0
2024-10;Castilla y León;Segovia;FUELÓLEO  BIA;26
2024-10;Castilla y León;Segovia;OTROS FUELÓLEOS;0
2024-10;Castilla y León;Segovia;QUEROSENO AVIACIÓN;0
2024-10;Castilla y León;Segovia;OTROS QUEROSENOS;0
2024-10;Castilla y León;Segovia;GLP;618
2024-10;Castilla y León;Soria;BIODIESEL;2
2024-10;Castilla y León;Soria;GASÓLEO A;6028
2024-10;Castilla y León;Soria;GASÓLEO B;3120
2024-10;Castilla y León;Soria;GASÓLEO C;756
2024-10;Castilla y León;Soria;OTROS GASOLEOS;0
2024-10;Castilla y León;Soria;BIOETANOL;0
2024-10;Castilla y León;Soria;GASOLINA  AUTO. S/PB 95 I.O.;1280
2024-10;Castilla y León;Soria;GASOLINA  AUTO. S/PB 98 I.O.;53
2024-10;Castilla y León;Soria;OTRAS GASOLINAS;8
2024-10;Castilla y León;Soria;FUELÓLEO  BIA;0
2024-10;Castilla y León;Soria;OTROS FUELÓLEOS;0
2024-10;Castilla y León;Soria;QUEROSENO AVIACIÓN;0
2024-10;Castilla y León;Soria;OTROS QUEROSENOS;0
2024-10;Castilla y León;Soria;GLP;244
2024-10;Castilla y León;Valladolid;BIODIESEL;54
2024-10;Castilla y León;Valladolid;GASÓLEO A;22385
2024-10;Castilla y León;Valladolid;GASÓLEO B;7695
2024-10;Castilla y León;Valladolid;GASÓLEO C;1664
2024-10;Castilla y León;Valladolid;OTROS GASOLEOS;0
2024-10;Castilla y León;Valladolid;BIOETANOL;0
2024-10;Castilla y León;Valladolid;GASOLINA  AUTO. S/PB 95 I.O.;5408
2024-10;Castilla y León;Valladolid;GASOLINA  AUTO. S/PB 98 I.O.;246
2024-10;Castilla y León;Valladolid;OTRAS GASOLINAS;4
2024-10;Castilla y León;Valladolid;FUELÓLEO  BIA;102
2024-10;Castilla y León;Valladolid;OTROS FUELÓLEOS;0
2024-10;Castilla y León;Valladolid;QUEROSENO AVIACIÓN;193
2024-10;Castilla y León;Valladolid;OTROS QUEROSENOS;0
2024-10;Castilla y León;Valladolid;GLP;875
2024-10;Castilla y León;Zamora;BIODIESEL;0
2024-10;Castilla y León;Zamora;GASÓLEO A;17562
2024-10;Castilla y León;Zamora;GASÓLEO B;7224
2024-10;Castilla y León;Zamora;GASÓLEO C;729
2024-10;Castilla y León;Zamora;OTROS GASOLEOS;0
2024-10;Castilla y León;Zamora;BIOETANOL;0
2024-10;Castilla y León;Zamora;GASOLINA  AUTO. S/PB 95 I.O.;1970
2024-10;Castilla y León;Zamora;GASOLINA  AUTO. S/PB 98 I.O.;112
2024-10;Castilla y León;Zamora;OTRAS GASOLINAS;0
2024-10;Castilla y León;Zamora;FUELÓLEO  BIA;0
2024-10;Castilla y León;Zamora;OTROS FUELÓLEOS;0
2024-10;Castilla y León;Zamora;QUEROSENO AVIACIÓN;0
2024-10;Castilla y León;Zamora;OTROS QUEROSENOS;0
2024-10;Castilla y León;Zamora;GLP;464
2024-10;Cataluña;Barcelona;BIODIESEL;615
2024-10;Cataluña;Barcelona;GASÓLEO A;130465
2024-10;Cataluña;Barcelona;GASÓLEO B;20800
2024-10;Cataluña;Barcelona;GASÓLEO C;3862
2024-10;Cataluña;Barcelona;OTROS GASOLEOS;24814
2024-10;Cataluña;Barcelona;BIOETANOL;0
2024-10;Cataluña;Barcelona;GASOLINA  AUTO. S/PB 95 I.O.;63197
2024-10;Cataluña;Barcelona;GASOLINA  AUTO. S/PB 98 I.O.;2853
2024-10;Cataluña;Barcelona;OTRAS GASOLINAS;92
2024-10;Cataluña;Barcelona;FUELÓLEO  BIA;20437
2024-10;Cataluña;Barcelona;OTROS FUELÓLEOS;89499
2024-10;Cataluña;Barcelona;QUEROSENO AVIACIÓN;117702
2024-10;Cataluña;Barcelona;OTROS QUEROSENOS;3
2024-10;Cataluña;Barcelona;GLP;4950
2024-10;Cataluña;Girona;BIODIESEL;796
2024-10;Cataluña;Girona;GASÓLEO A;109534
2024-10;Cataluña;Girona;GASÓLEO B;6546
2024-10;Cataluña;Girona;GASÓLEO C;2679
2024-10;Cataluña;Girona;OTROS GASOLEOS;578
2024-10;Cataluña;Girona;BIOETANOL;0
2024-10;Cataluña;Girona;GASOLINA  AUTO. S/PB 95 I.O.;14742
2024-10;Cataluña;Girona;GASOLINA  AUTO. S/PB 98 I.O.;872
2024-10;Cataluña;Girona;OTRAS GASOLINAS;3
2024-10;Cataluña;Girona;FUELÓLEO  BIA;79
2024-10;Cataluña;Girona;OTROS FUELÓLEOS;0
2024-10;Cataluña;Girona;QUEROSENO AVIACIÓN;3234
2024-10;Cataluña;Girona;OTROS QUEROSENOS;0
2024-10;Cataluña;Girona;GLP;2459
2024-10;Cataluña;Lleida;BIODIESEL;0
2024-10;Cataluña;Lleida;GASÓLEO A;27646
2024-10;Cataluña;Lleida;GASÓLEO B;9913
2024-10;Cataluña;Lleida;GASÓLEO C;930
2024-10;Cataluña;Lleida;OTROS GASOLEOS;0
2024-10;Cataluña;Lleida;BIOETANOL;0
2024-10;Cataluña;Lleida;GASOLINA  AUTO. S/PB 95 I.O.;5622
2024-10;Cataluña;Lleida;GASOLINA  AUTO. S/PB 98 I.O.;303
2024-10;Cataluña;Lleida;OTRAS GASOLINAS;13
2024-10;Cataluña;Lleida;FUELÓLEO  BIA;51
2024-10;Cataluña;Lleida;OTROS FUELÓLEOS;0
2024-10;Cataluña;Lleida;QUEROSENO AVIACIÓN;101
2024-10;Cataluña;Lleida;OTROS QUEROSENOS;1
2024-10;Cataluña;Lleida;GLP;1643
2024-10;Cataluña;Tarragona;BIODIESEL;38
2024-10;Cataluña;Tarragona;GASÓLEO A;35537
2024-10;Cataluña;Tarragona;GASÓLEO B;5700
2024-10;Cataluña;Tarragona;GASÓLEO C;457
2024-10;Cataluña;Tarragona;OTROS GASOLEOS;1696
2024-10;Cataluña;Tarragona;BIOETANOL;0
2024-10;Cataluña;Tarragona;GASOLINA  AUTO. S/PB 95 I.O.;12361
2024-10;Cataluña;Tarragona;GASOLINA  AUTO. S/PB 98 I.O.;527
2024-10;Cataluña;Tarragona;OTRAS GASOLINAS;5
2024-10;Cataluña;Tarragona;FUELÓLEO  BIA;25
2024-10;Cataluña;Tarragona;OTROS FUELÓLEOS;700
2024-10;Cataluña;Tarragona;QUEROSENO AVIACIÓN;1984
2024-10;Cataluña;Tarragona;OTROS QUEROSENOS;0
2024-10;Cataluña;Tarragona;GLP;2417
2024-10;Ceuta;Ceuta;BIODIESEL;0
2024-10;Ceuta;Ceuta;GASÓLEO A;1132
2024-10;Ceuta;Ceuta;GASÓLEO B;0
2024-10;Ceuta;Ceuta;GASÓLEO C;27
2024-10;Ceuta;Ceuta;OTROS GASOLEOS;5722
2024-10;Ceuta;Ceuta;BIOETANOL;0
2024-10;Ceuta;Ceuta;GASOLINA  AUTO. S/PB 95 I.O.;528
2024-10;Ceuta;Ceuta;GASOLINA  AUTO. S/PB 98 I.O.;53
2024-10;Ceuta;Ceuta;OTRAS GASOLINAS;0
2024-10;Ceuta;Ceuta;FUELÓLEO  BIA;4977
2024-10;Ceuta;Ceuta;OTROS FUELÓLEOS;5452
2024-10;Ceuta;Ceuta;QUEROSENO AVIACIÓN;27
2024-10;Ceuta;Ceuta;OTROS QUEROSENOS;0
2024-10;Ceuta;Ceuta;GLP;187
2024-10;Comunitat Valenciana;Alicante/Alacant;BIODIESEL;185
2024-10;Comunitat Valenciana;Alicante/Alacant;GASÓLEO A;52436
2024-10;Comunitat Valenciana;Alicante/Alacant;GASÓLEO B;5144
2024-10;Comunitat Valenciana;Alicante/Alacant;GASÓLEO C;1751
2024-10;Comunitat Valenciana;Alicante/Alacant;OTROS GASOLEOS;1573
2024-10;Comunitat Valenciana;Alicante/Alacant;BIOETANOL;0
2024-10;Comunitat Valenciana;Alicante/Alacant;GASOLINA  AUTO. S/PB 95 I.O.;24567
2024-10;Comunitat Valenciana;Alicante/Alacant;GASOLINA  AUTO. S/PB 98 I.O.;1137
2024-10;Comunitat Valenciana;Alicante/Alacant;OTRAS GASOLINAS;13
2024-10;Comunitat Valenciana;Alicante/Alacant;FUELÓLEO  BIA;151
2024-10;Comunitat Valenciana;Alicante/Alacant;OTROS FUELÓLEOS;101
2024-10;Comunitat Valenciana;Alicante/Alacant;QUEROSENO AVIACIÓN;31331
2024-10;Comunitat Valenciana;Alicante/Alacant;OTROS QUEROSENOS;0
2024-10;Comunitat Valenciana;Alicante/Alacant;GLP;5010
2024-10;Comunitat Valenciana;Castellón/Castelló;BIODIESEL;0
2024-10;Comunitat Valenciana;Castellón/Castelló;GASÓLEO A;19734
2024-10;Comunitat Valenciana;Castellón/Castelló;GASÓLEO B;1783
2024-10;Comunitat Valenciana;Castellón/Castelló;GASÓLEO C;524
2024-10;Comunitat Valenciana;Castellón/Castelló;OTROS GASOLEOS;12613
2024-10;Comunitat Valenciana;Castellón/Castelló;BIOETANOL;0
2024-10;Comunitat Valenciana;Castellón/Castelló;GASOLINA  AUTO. S/PB 95 I.O.;7011
2024-10;Comunitat Valenciana;Castellón/Castelló;GASOLINA  AUTO. S/PB 98 I.O.;328
2024-10;Comunitat Valenciana;Castellón/Castelló;OTRAS GASOLINAS;17
2024-10;Comunitat Valenciana;Castellón/Castelló;FUELÓLEO  BIA;0
2024-10;Comunitat Valenciana;Castellón/Castelló;OTROS FUELÓLEOS;50
2024-10;Comunitat Valenciana;Castellón/Castelló;QUEROSENO AVIACIÓN;174
2024-10;Comunitat Valenciana;Castellón/Castelló;OTROS QUEROSENOS;0
2024-10;Comunitat Valenciana;Castellón/Castelló;GLP;1338
2024-10;Comunitat Valenciana;Valencia/València;BIODIESEL;159
2024-10;Comunitat Valenciana;Valencia/València;GASÓLEO A;87895
2024-10;Comunitat Valenciana;Valencia/València;GASÓLEO B;10855
2024-10;Comunitat Valenciana;Valencia/València;GASÓLEO C;974
2024-10;Comunitat Valenciana;Valencia/València;OTROS GASOLEOS;1952
2024-10;Comunitat Valenciana;Valencia/València;BIOETANOL;0
2024-10;Comunitat Valenciana;Valencia/València;GASOLINA  AUTO. S/PB 95 I.O.;26645
2024-10;Comunitat Valenciana;Valencia/València;GASOLINA  AUTO. S/PB 98 I.O.;1090
2024-10;Comunitat Valenciana;Valencia/València;OTRAS GASOLINAS;5
2024-10;Comunitat Valenciana;Valencia/València;FUELÓLEO  BIA;112
2024-10;Comunitat Valenciana;Valencia/València;OTROS FUELÓLEOS;1517
2024-10;Comunitat Valenciana;Valencia/València;QUEROSENO AVIACIÓN;15421
2024-10;Comunitat Valenciana;Valencia/València;OTROS QUEROSENOS;0
2024-10;Comunitat Valenciana;Valencia/València;GLP;3736
2024-10;Extremadura;Badajoz;BIODIESEL;63
2024-10;Extremadura;Badajoz;GASÓLEO A;38396
2024-10;Extremadura;Badajoz;GASÓLEO B;9818
2024-10;Extremadura;Badajoz;GASÓLEO C;377
2024-10;Extremadura;Badajoz;OTROS GASOLEOS;0
2024-10;Extremadura;Badajoz;BIOETANOL;0
2024-10;Extremadura;Badajoz;GASOLINA  AUTO. S/PB 95 I.O.;5302
2024-10;Extremadura;Badajoz;GASOLINA  AUTO. S/PB 98 I.O.;165
2024-10;Extremadura;Badajoz;OTRAS GASOLINAS;1
2024-10;Extremadura;Badajoz;FUELÓLEO  BIA;126
2024-10;Extremadura;Badajoz;OTROS FUELÓLEOS;0
2024-10;Extremadura;Badajoz;QUEROSENO AVIACIÓN;92
2024-10;Extremadura;Badajoz;OTROS QUEROSENOS;0
2024-10;Extremadura;Badajoz;GLP;2518
2024-10;Extremadura;Cáceres;BIODIESEL;0
2024-10;Extremadura;Cáceres;GASÓLEO A;18321
2024-10;Extremadura;Cáceres;GASÓLEO B;4137
2024-10;Extremadura;Cáceres;GASÓLEO C;689
2024-10;Extremadura;Cáceres;OTROS GASOLEOS;0
2024-10;Extremadura;Cáceres;BIOETANOL;0
2024-10;Extremadura;Cáceres;GASOLINA  AUTO. S/PB 95 I.O.;3694
2024-10;Extremadura;Cáceres;GASOLINA  AUTO. S/PB 98 I.O.;114
2024-10;Extremadura;Cáceres;OTRAS GASOLINAS;0
2024-10;Extremadura;Cáceres;FUELÓLEO  BIA;233
2024-10;Extremadura;Cáceres;OTROS FUELÓLEOS;0
2024-10;Extremadura;Cáceres;QUEROSENO AVIACIÓN;0
2024-10;Extremadura;Cáceres;OTROS QUEROSENOS;0
2024-10;Extremadura;Cáceres;GLP;1825
2024-10;Galicia;Coruña, A;BIODIESEL;58
2024-10;Galicia;Coruña, A;GASÓLEO A;44190
2024-10;Galicia;Coruña, A;GASÓLEO B;11220
2024-10;Galicia;Coruña, A;GASÓLEO C;5324
2024-10;Galicia;Coruña, A;OTROS GASOLEOS;4034
2024-10;Galicia;Coruña, A;BIOETANOL;9
2024-10;Galicia;Coruña, A;GASOLINA  AUTO. S/PB 95 I.O.;10612
2024-10;Galicia;Coruña, A;GASOLINA  AUTO. S/PB 98 I.O.;438
2024-10;Galicia;Coruña, A;OTRAS GASOLINAS;5
2024-10;Galicia;Coruña, A;FUELÓLEO  BIA;7555
2024-10;Galicia;Coruña, A;OTROS FUELÓLEOS;297
2024-10;Galicia;Coruña, A;QUEROSENO AVIACIÓN;4699
2024-10;Galicia;Coruña, A;OTROS QUEROSENOS;0
2024-10;Galicia;Coruña, A;GLP;3256
2024-10;Galicia;Lugo;BIODIESEL;0
2024-10;Galicia;Lugo;GASÓLEO A;18044
2024-10;Galicia;Lugo;GASÓLEO B;7018
2024-10;Galicia;Lugo;GASÓLEO C;3480
2024-10;Galicia;Lugo;OTROS GASOLEOS;1783
2024-10;Galicia;Lugo;BIOETANOL;0
2024-10;Galicia;Lugo;GASOLINA  AUTO. S/PB 95 I.O.;2944
2024-10;Galicia;Lugo;GASOLINA  AUTO. S/PB 98 I.O.;129
2024-10;Galicia;Lugo;OTRAS GASOLINAS;0
2024-10;Galicia;Lugo;FUELÓLEO  BIA;25
2024-10;Galicia;Lugo;OTROS FUELÓLEOS;0
2024-10;Galicia;Lugo;QUEROSENO AVIACIÓN;0
2024-10;Galicia;Lugo;OTROS QUEROSENOS;0
2024-10;Galicia;Lugo;GLP;1357
2024-10;Galicia;Ourense;BIODIESEL;0
2024-10;Galicia;Ourense;GASÓLEO A;14253
2024-10;Galicia;Ourense;GASÓLEO B;2962
2024-10;Galicia;Ourense;GASÓLEO C;5297
2024-10;Galicia;Ourense;OTROS GASOLEOS;0
2024-10;Galicia;Ourense;BIOETANOL;0
2024-10;Galicia;Ourense;GASOLINA  AUTO. S/PB 95 I.O.;2670
2024-10;Galicia;Ourense;GASOLINA  AUTO. S/PB 98 I.O.;182
2024-10;Galicia;Ourense;OTRAS GASOLINAS;0
2024-10;Galicia;Ourense;FUELÓLEO  BIA;80
2024-10;Galicia;Ourense;OTROS FUELÓLEOS;0
2024-10;Galicia;Ourense;QUEROSENO AVIACIÓN;8
2024-10;Galicia;Ourense;OTROS QUEROSENOS;0
2024-10;Galicia;Ourense;GLP;1256
2024-10;Galicia;Pontevedra;BIODIESEL;11
2024-10;Galicia;Pontevedra;GASÓLEO A;38158
2024-10;Galicia;Pontevedra;GASÓLEO B;7471
2024-10;Galicia;Pontevedra;GASÓLEO C;5821
2024-10;Galicia;Pontevedra;OTROS GASOLEOS;7102
2024-10;Galicia;Pontevedra;BIOETANOL;0
2024-10;Galicia;Pontevedra;GASOLINA  AUTO. S/PB 95 I.O.;8503
2024-10;Galicia;Pontevedra;GASOLINA  AUTO. S/PB 98 I.O.;511
2024-10;Galicia;Pontevedra;OTRAS GASOLINAS;1
2024-10;Galicia;Pontevedra;FUELÓLEO  BIA;522
2024-10;Galicia;Pontevedra;OTROS FUELÓLEOS;320
2024-10;Galicia;Pontevedra;QUEROSENO AVIACIÓN;312
2024-10;Galicia;Pontevedra;OTROS QUEROSENOS;0
2024-10;Galicia;Pontevedra;GLP;2792
2024-10;Madrid, Comunidad de;Madrid;BIODIESEL;1335
2024-10;Madrid, Comunidad de;Madrid;GASÓLEO A;152310
2024-10;Madrid, Comunidad de;Madrid;GASÓLEO B;12231
2024-10;Madrid, Comunidad de;Madrid;GASÓLEO C;13386
2024-10;Madrid, Comunidad de;Madrid;OTROS GASOLEOS;14
2024-10;Madrid, Comunidad de;Madrid;BIOETANOL;0
2024-10;Madrid, Comunidad de;Madrid;GASOLINA  AUTO. S/PB 95 I.O.;71354
2024-10;Madrid, Comunidad de;Madrid;GASOLINA  AUTO. S/PB 98 I.O.;2724
2024-10;Madrid, Comunidad de;Madrid;OTRAS GASOLINAS;57
2024-10;Madrid, Comunidad de;Madrid;FUELÓLEO  BIA;537
2024-10;Madrid, Comunidad de;Madrid;OTROS FUELÓLEOS;0
2024-10;Madrid, Comunidad de;Madrid;QUEROSENO AVIACIÓN;230792
2024-10;Madrid, Comunidad de;Madrid;OTROS QUEROSENOS;0
2024-10;Madrid, Comunidad de;Madrid;GLP;8224
2024-10;Melilla;Melilla;BIODIESEL;0
2024-10;Melilla;Melilla;GASÓLEO A;1122
2024-10;Melilla;Melilla;GASÓLEO B;0
2024-10;Melilla;Melilla;GASÓLEO C;0
2024-10;Melilla;Melilla;OTROS GASOLEOS;45
2024-10;Melilla;Melilla;BIOETANOL;0
2024-10;Melilla;Melilla;GASOLINA  AUTO. S/PB 95 I.O.;602
2024-10;Melilla;Melilla;GASOLINA  AUTO. S/PB 98 I.O.;0
2024-10;Melilla;Melilla;OTRAS GASOLINAS;0
2024-10;Melilla;Melilla;FUELÓLEO  BIA;5097
2024-10;Melilla;Melilla;OTROS FUELÓLEOS;160
2024-10;Melilla;Melilla;QUEROSENO AVIACIÓN;142
2024-10;Melilla;Melilla;OTROS QUEROSENOS;0
2024-10;Melilla;Melilla;GLP;241
2024-10;Murcia, Región de;Murcia;BIODIESEL;971
2024-10;Murcia, Región de;Murcia;GASÓLEO A;76873
2024-10;Murcia, Región de;Murcia;GASÓLEO B;12423
2024-10;Murcia, Región de;Murcia;GASÓLEO C;1080
2024-10;Murcia, Región de;Murcia;OTROS GASOLEOS;1321
2024-10;Murcia, Región de;Murcia;BIOETANOL;0
2024-10;Murcia, Región de;Murcia;GASOLINA  AUTO. S/PB 95 I.O.;14538
2024-10;Murcia, Región de;Murcia;GASOLINA  AUTO. S/PB 98 I.O.;682
2024-10;Murcia, Región de;Murcia;OTRAS GASOLINAS;2
2024-10;Murcia, Región de;Murcia;FUELÓLEO  BIA;302
2024-10;Murcia, Región de;Murcia;OTROS FUELÓLEOS;200
2024-10;Murcia, Región de;Murcia;QUEROSENO AVIACIÓN;1638
2024-10;Murcia, Región de;Murcia;OTROS QUEROSENOS;0
2024-10;Murcia, Región de;Murcia;GLP;3660
2024-10;Navarra, Comunidad Foral de;Navarra;BIODIESEL;401
2024-10;Navarra, Comunidad Foral de;Navarra;GASÓLEO A;56484
2024-10;Navarra, Comunidad Foral de;Navarra;GASÓLEO B;8849
2024-10;Navarra, Comunidad Foral de;Navarra;GASÓLEO C;825
2024-10;Navarra, Comunidad Foral de;Navarra;OTROS GASOLEOS;0
2024-10;Navarra, Comunidad Foral de;Navarra;BIOETANOL;0
2024-10;Navarra, Comunidad Foral de;Navarra;GASOLINA  AUTO. S/PB 95 I.O.;7379
2024-10;Navarra, Comunidad Foral de;Navarra;GASOLINA  AUTO. S/PB 98 I.O.;286
2024-10;Navarra, Comunidad Foral de;Navarra;OTRAS GASOLINAS;2
2024-10;Navarra, Comunidad Foral de;Navarra;FUELÓLEO  BIA;216
2024-10;Navarra, Comunidad Foral de;Navarra;OTROS FUELÓLEOS;0
2024-10;Navarra, Comunidad Foral de;Navarra;QUEROSENO AVIACIÓN;142
2024-10;Navarra, Comunidad Foral de;Navarra;OTROS QUEROSENOS;0
2024-10;Navarra, Comunidad Foral de;Navarra;GLP;1261
2024-10;País Vasco;Araba/Álava;BIODIESEL;106
2024-10;País Vasco;Araba/Álava;GASÓLEO A;48531
2024-10;País Vasco;Araba/Álava;GASÓLEO B;4245
2024-10;País Vasco;Araba/Álava;GASÓLEO C;1159
2024-10;País Vasco;Araba/Álava;OTROS GASOLEOS;0
2024-10;País Vasco;Araba/Álava;BIOETANOL;0
2024-10;País Vasco;Araba/Álava;GASOLINA  AUTO. S/PB 95 I.O.;3068
2024-10;País Vasco;Araba/Álava;GASOLINA  AUTO. S/PB 98 I.O.;165
2024-10;País Vasco;Araba/Álava;OTRAS GASOLINAS;0
2024-10;País Vasco;Araba/Álava;FUELÓLEO  BIA;166
2024-10;País Vasco;Araba/Álava;OTROS FUELÓLEOS;0
2024-10;País Vasco;Araba/Álava;QUEROSENO AVIACIÓN;1171
2024-10;País Vasco;Araba/Álava;OTROS QUEROSENOS;0
2024-10;País Vasco;Araba/Álava;GLP;402
2024-10;País Vasco;Bizkaia;BIODIESEL;717
2024-10;País Vasco;Bizkaia;GASÓLEO A;34084
2024-10;País Vasco;Bizkaia;GASÓLEO B;7766
2024-10;País Vasco;Bizkaia;GASÓLEO C;2446
2024-10;País Vasco;Bizkaia;OTROS GASOLEOS;1282
2024-10;País Vasco;Bizkaia;BIOETANOL;0
2024-10;País Vasco;Bizkaia;GASOLINA  AUTO. S/PB 95 I.O.;9797
2024-10;País Vasco;Bizkaia;GASOLINA  AUTO. S/PB 98 I.O.;451
2024-10;País Vasco;Bizkaia;OTRAS GASOLINAS;1
2024-10;País Vasco;Bizkaia;FUELÓLEO  BIA;499
2024-10;País Vasco;Bizkaia;OTROS FUELÓLEOS;0
2024-10;País Vasco;Bizkaia;QUEROSENO AVIACIÓN;7293
2024-10;País Vasco;Bizkaia;OTROS QUEROSENOS;2
2024-10;País Vasco;Bizkaia;GLP;1076
2024-10;País Vasco;Gipuzkoa;BIODIESEL;183
2024-10;País Vasco;Gipuzkoa;GASÓLEO A;63024
2024-10;País Vasco;Gipuzkoa;GASÓLEO B;1498
2024-10;País Vasco;Gipuzkoa;GASÓLEO C;145
2024-10;País Vasco;Gipuzkoa;OTROS GASOLEOS;564
2024-10;País Vasco;Gipuzkoa;BIOETANOL;0
2024-10;País Vasco;Gipuzkoa;GASOLINA  AUTO. S/PB 95 I.O.;7517
2024-10;País Vasco;Gipuzkoa;GASOLINA  AUTO. S/PB 98 I.O.;413
2024-10;País Vasco;Gipuzkoa;OTRAS GASOLINAS;1
2024-10;País Vasco;Gipuzkoa;FUELÓLEO  BIA;77
2024-10;País Vasco;Gipuzkoa;OTROS FUELÓLEOS;0
2024-10;País Vasco;Gipuzkoa;QUEROSENO AVIACIÓN;533
2024-10;País Vasco;Gipuzkoa;OTROS QUEROSENOS;0
2024-10;País Vasco;Gipuzkoa;GLP;1111
2024-10;Rioja, La;Rioja, La;BIODIESEL;79
2024-10;Rioja, La;Rioja, La;GASÓLEO A;13536
2024-10;Rioja, La;Rioja, La;GASÓLEO B;3984
2024-10;Rioja, La;Rioja, La;GASÓLEO C;1606
2024-10;Rioja, La;Rioja, La;OTROS GASOLEOS;0
2024-10;Rioja, La;Rioja, La;BIOETANOL;0
2024-10;Rioja, La;Rioja, La;GASOLINA  AUTO. S/PB 95 I.O.;2916
2024-10;Rioja, La;Rioja, La;GASOLINA  AUTO. S/PB 98 I.O.;98
2024-10;Rioja, La;Rioja, La;OTRAS GASOLINAS;5
2024-10;Rioja, La;Rioja, La;FUELÓLEO  BIA;51
2024-10;Rioja, La;Rioja, La;OTROS FUELÓLEOS;0
2024-10;Rioja, La;Rioja, La;QUEROSENO AVIACIÓN;12
2024-10;Rioja, La;Rioja, La;OTROS QUEROSENOS;0
2024-10;Rioja, La;Rioja, La;GLP;509
2024-11;Andalucía;Almería;BIODIESEL;182
2024-11;Andalucía;Almería;GASÓLEO A;33207
2024-11;Andalucía;Almería;GASÓLEO B;5393
2024-11;Andalucía;Almería;GASÓLEO C;240
2024-11;Andalucía;Almería;OTROS GASOLEOS;1385
2024-11;Andalucía;Almería;BIOETANOL;0
2024-11;Andalucía;Almería;GASOLINA  AUTO. S/PB 95 I.O.;5846
2024-11;Andalucía;Almería;GASOLINA  AUTO. S/PB 98 I.O.;255
2024-11;Andalucía;Almería;OTRAS GASOLINAS;1
2024-11;Andalucía;Almería;FUELÓLEO  BIA;186
2024-11;Andalucía;Almería;OTROS FUELÓLEOS;1640
2024-11;Andalucía;Almería;QUEROSENO AVIACIÓN;418
2024-11;Andalucía;Almería;OTROS QUEROSENOS;0
2024-11;Andalucía;Almería;GLP;1921
2024-11;Andalucía;Cádiz;BIODIESEL;77
2024-11;Andalucía;Cádiz;GASÓLEO A;30246
2024-11;Andalucía;Cádiz;GASÓLEO B;7213
2024-11;Andalucía;Cádiz;GASÓLEO C;542
2024-11;Andalucía;Cádiz;OTROS GASOLEOS;34216
2024-11;Andalucía;Cádiz;BIOETANOL;0
2024-11;Andalucía;Cádiz;GASOLINA  AUTO. S/PB 95 I.O.;10764
2024-11;Andalucía;Cádiz;GASOLINA  AUTO. S/PB 98 I.O.;356
2024-11;Andalucía;Cádiz;OTRAS GASOLINAS;41
2024-11;Andalucía;Cádiz;FUELÓLEO  BIA;17999
2024-11;Andalucía;Cádiz;OTROS FUELÓLEOS;255482
2024-11;Andalucía;Cádiz;QUEROSENO AVIACIÓN;906
2024-11;Andalucía;Cádiz;OTROS QUEROSENOS;0
2024-11;Andalucía;Cádiz;GLP;2997
2024-11;Andalucía;Córdoba;BIODIESEL;25
2024-11;Andalucía;Córdoba;GASÓLEO A;30449
2024-11;Andalucía;Córdoba;GASÓLEO B;9692
2024-11;Andalucía;Córdoba;GASÓLEO C;637
2024-11;Andalucía;Córdoba;OTROS GASOLEOS;0
2024-11;Andalucía;Córdoba;BIOETANOL;0
2024-11;Andalucía;Córdoba;GASOLINA  AUTO. S/PB 95 I.O.;5352
2024-11;Andalucía;Córdoba;GASOLINA  AUTO. S/PB 98 I.O.;153
2024-11;Andalucía;Córdoba;OTRAS GASOLINAS;8
2024-11;Andalucía;Córdoba;FUELÓLEO  BIA;25
2024-11;Andalucía;Córdoba;OTROS FUELÓLEOS;0
2024-11;Andalucía;Córdoba;QUEROSENO AVIACIÓN;38
2024-11;Andalucía;Córdoba;OTROS QUEROSENOS;0
2024-11;Andalucía;Córdoba;GLP;1812
2024-11;Andalucía;Granada;BIODIESEL;54
2024-11;Andalucía;Granada;GASÓLEO A;31956
2024-11;Andalucía;Granada;GASÓLEO B;5945
2024-11;Andalucía;Granada;GASÓLEO C;2255
2024-11;Andalucía;Granada;OTROS GASOLEOS;206
2024-11;Andalucía;Granada;BIOETANOL;0
2024-11;Andalucía;Granada;GASOLINA  AUTO. S/PB 95 I.O.;7796
2024-11;Andalucía;Granada;GASOLINA  AUTO. S/PB 98 I.O.;377
2024-11;Andalucía;Granada;OTRAS GASOLINAS;4
2024-11;Andalucía;Granada;FUELÓLEO  BIA;126
2024-11;Andalucía;Granada;OTROS FUELÓLEOS;511
2024-11;Andalucía;Granada;QUEROSENO AVIACIÓN;1126
2024-11;Andalucía;Granada;OTROS QUEROSENOS;0
2024-11;Andalucía;Granada;GLP;2906
2024-11;Andalucía;Huelva;BIODIESEL;50
2024-11;Andalucía;Huelva;GASÓLEO A;23361
2024-11;Andalucía;Huelva;GASÓLEO B;8564
2024-11;Andalucía;Huelva;GASÓLEO C;173
2024-11;Andalucía;Huelva;OTROS GASOLEOS;4358
2024-11;Andalucía;Huelva;BIOETANOL;0
2024-11;Andalucía;Huelva;GASOLINA  AUTO. S/PB 95 I.O.;4785
2024-11;Andalucía;Huelva;GASOLINA  AUTO. S/PB 98 I.O.;124
2024-11;Andalucía;Huelva;OTRAS GASOLINAS;0
2024-11;Andalucía;Huelva;FUELÓLEO  BIA;578
2024-11;Andalucía;Huelva;OTROS FUELÓLEOS;11650
2024-11;Andalucía;Huelva;QUEROSENO AVIACIÓN;0
2024-11;Andalucía;Huelva;OTROS QUEROSENOS;0
2024-11;Andalucía;Huelva;GLP;2102
2024-11;Andalucía;Jaén;BIODIESEL;99
2024-11;Andalucía;Jaén;GASÓLEO A;30297
2024-11;Andalucía;Jaén;GASÓLEO B;5095
2024-11;Andalucía;Jaén;GASÓLEO C;1028
2024-11;Andalucía;Jaén;OTROS GASOLEOS;0
2024-11;Andalucía;Jaén;BIOETANOL;0
2024-11;Andalucía;Jaén;GASOLINA  AUTO. S/PB 95 I.O.;4793
2024-11;Andalucía;Jaén;GASOLINA  AUTO. S/PB 98 I.O.;138
2024-11;Andalucía;Jaén;OTRAS GASOLINAS;0
2024-11;Andalucía;Jaén;FUELÓLEO  BIA;0
2024-11;Andalucía;Jaén;OTROS FUELÓLEOS;0
2024-11;Andalucía;Jaén;QUEROSENO AVIACIÓN;0
2024-11;Andalucía;Jaén;OTROS QUEROSENOS;0
2024-11;Andalucía;Jaén;GLP;1675
2024-11;Andalucía;Málaga;BIODIESEL;79
2024-11;Andalucía;Málaga;GASÓLEO A;44966
2024-11;Andalucía;Málaga;GASÓLEO B;4605
2024-11;Andalucía;Málaga;GASÓLEO C;330
2024-11;Andalucía;Málaga;OTROS GASOLEOS;1176
2024-11;Andalucía;Málaga;BIOETANOL;0
2024-11;Andalucía;Málaga;GASOLINA  AUTO. S/PB 95 I.O.;18088
2024-11;Andalucía;Málaga;GASOLINA  AUTO. S/PB 98 I.O.;1121
2024-11;Andalucía;Málaga;OTRAS GASOLINAS;13
2024-11;Andalucía;Málaga;FUELÓLEO  BIA;26
2024-11;Andalucía;Málaga;OTROS FUELÓLEOS;1023
2024-11;Andalucía;Málaga;QUEROSENO AVIACIÓN;32826
2024-11;Andalucía;Málaga;OTROS QUEROSENOS;0
2024-11;Andalucía;Málaga;GLP;4578
2024-11;Andalucía;Sevilla;BIODIESEL;42
2024-11;Andalucía;Sevilla;GASÓLEO A;56278
2024-11;Andalucía;Sevilla;GASÓLEO B;9704
2024-11;Andalucía;Sevilla;GASÓLEO C;416
2024-11;Andalucía;Sevilla;OTROS GASOLEOS;1064
2024-11;Andalucía;Sevilla;BIOETANOL;0
2024-11;Andalucía;Sevilla;GASOLINA  AUTO. S/PB 95 I.O.;15913
2024-11;Andalucía;Sevilla;GASOLINA  AUTO. S/PB 98 I.O.;407
2024-11;Andalucía;Sevilla;OTRAS GASOLINAS;11
2024-11;Andalucía;Sevilla;FUELÓLEO  BIA;350
2024-11;Andalucía;Sevilla;OTROS FUELÓLEOS;129
2024-11;Andalucía;Sevilla;QUEROSENO AVIACIÓN;13472
2024-11;Andalucía;Sevilla;OTROS QUEROSENOS;0
2024-11;Andalucía;Sevilla;GLP;5087
2024-11;Aragón;Huesca;BIODIESEL;89
2024-11;Aragón;Huesca;GASÓLEO A;13294
2024-11;Aragón;Huesca;GASÓLEO B;6612
2024-11;Aragón;Huesca;GASÓLEO C;975
2024-11;Aragón;Huesca;OTROS GASOLEOS;0
2024-11;Aragón;Huesca;BIOETANOL;0
2024-11;Aragón;Huesca;GASOLINA  AUTO. S/PB 95 I.O.;2835
2024-11;Aragón;Huesca;GASOLINA  AUTO. S/PB 98 I.O.;141
2024-11;Aragón;Huesca;OTRAS GASOLINAS;0
2024-11;Aragón;Huesca;FUELÓLEO  BIA;0
2024-11;Aragón;Huesca;OTROS FUELÓLEOS;0
2024-11;Aragón;Huesca;QUEROSENO AVIACIÓN;14
2024-11;Aragón;Huesca;OTROS QUEROSENOS;0
2024-11;Aragón;Huesca;GLP;1844
2024-11;Aragón;Teruel;BIODIESEL;25
2024-11;Aragón;Teruel;GASÓLEO A;9377
2024-11;Aragón;Teruel;GASÓLEO B;4157
2024-11;Aragón;Teruel;GASÓLEO C;1261
2024-11;Aragón;Teruel;OTROS GASOLEOS;0
2024-11;Aragón;Teruel;BIOETANOL;0
2024-11;Aragón;Teruel;GASOLINA  AUTO. S/PB 95 I.O.;1560
2024-11;Aragón;Teruel;GASOLINA  AUTO. S/PB 98 I.O.;64
2024-11;Aragón;Teruel;OTRAS GASOLINAS;2
2024-11;Aragón;Teruel;FUELÓLEO  BIA;51
2024-11;Aragón;Teruel;OTROS FUELÓLEOS;0
2024-11;Aragón;Teruel;QUEROSENO AVIACIÓN;135
2024-11;Aragón;Teruel;OTROS QUEROSENOS;1
2024-11;Aragón;Teruel;GLP;616
2024-11;Aragón;Zaragoza;BIODIESEL;901
2024-11;Aragón;Zaragoza;GASÓLEO A;47057
2024-11;Aragón;Zaragoza;GASÓLEO B;11960
2024-11;Aragón;Zaragoza;GASÓLEO C;5401
2024-11;Aragón;Zaragoza;OTROS GASOLEOS;18
2024-11;Aragón;Zaragoza;BIOETANOL;0
2024-11;Aragón;Zaragoza;GASOLINA  AUTO. S/PB 95 I.O.;8886
2024-11;Aragón;Zaragoza;GASOLINA  AUTO. S/PB 98 I.O.;304
2024-11;Aragón;Zaragoza;OTRAS GASOLINAS;1
2024-11;Aragón;Zaragoza;FUELÓLEO  BIA;51
2024-11;Aragón;Zaragoza;OTROS FUELÓLEOS;0
2024-11;Aragón;Zaragoza;QUEROSENO AVIACIÓN;12140
2024-11;Aragón;Zaragoza;OTROS QUEROSENOS;0
2024-11;Aragón;Zaragoza;GLP;1942
2024-11;Asturias, Principado de;Asturias;BIODIESEL;48
2024-11;Asturias, Principado de;Asturias;GASÓLEO A;32415
2024-11;Asturias, Principado de;Asturias;GASÓLEO B;5842
2024-11;Asturias, Principado de;Asturias;GASÓLEO C;2476
2024-11;Asturias, Principado de;Asturias;OTROS GASOLEOS;3423
2024-11;Asturias, Principado de;Asturias;BIOETANOL;0
2024-11;Asturias, Principado de;Asturias;GASOLINA  AUTO. S/PB 95 I.O.;8398
2024-11;Asturias, Principado de;Asturias;GASOLINA  AUTO. S/PB 98 I.O.;448
2024-11;Asturias, Principado de;Asturias;OTRAS GASOLINAS;3
2024-11;Asturias, Principado de;Asturias;FUELÓLEO  BIA;442
2024-11;Asturias, Principado de;Asturias;OTROS FUELÓLEOS;760
2024-11;Asturias, Principado de;Asturias;QUEROSENO AVIACIÓN;1412
2024-11;Asturias, Principado de;Asturias;OTROS QUEROSENOS;0
2024-11;Asturias, Principado de;Asturias;GLP;2274
2024-11;Balears, Illes;Balears, Illes;BIODIESEL;0
2024-11;Balears, Illes;Balears, Illes;GASÓLEO A;23621
2024-11;Balears, Illes;Balears, Illes;GASÓLEO B;3073
2024-11;Balears, Illes;Balears, Illes;GASÓLEO C;8247
2024-11;Balears, Illes;Balears, Illes;OTROS GASOLEOS;2372
2024-11;Balears, Illes;Balears, Illes;BIOETANOL;0
2024-11;Balears, Illes;Balears, Illes;GASOLINA  AUTO. S/PB 95 I.O.;16571
2024-11;Balears, Illes;Balears, Illes;GASOLINA  AUTO. S/PB 98 I.O.;824
2024-11;Balears, Illes;Balears, Illes;OTRAS GASOLINAS;18
2024-11;Balears, Illes;Balears, Illes;FUELÓLEO  BIA;0
2024-11;Balears, Illes;Balears, Illes;OTROS FUELÓLEOS;0
2024-11;Balears, Illes;Balears, Illes;QUEROSENO AVIACIÓN;19766
2024-11;Balears, Illes;Balears, Illes;OTROS QUEROSENOS;0
2024-11;Balears, Illes;Balears, Illes;GLP;3246
2024-11;Canarias;Palmas, Las;BIODIESEL;56
2024-11;Canarias;Palmas, Las;GASÓLEO A;27430
2024-11;Canarias;Palmas, Las;GASÓLEO B;0
2024-11;Canarias;Palmas, Las;GASÓLEO C;0
2024-11;Canarias;Palmas, Las;OTROS GASOLEOS;109101
2024-11;Canarias;Palmas, Las;BIOETANOL;0
2024-11;Canarias;Palmas, Las;GASOLINA  AUTO. S/PB 95 I.O.;18779
2024-11;Canarias;Palmas, Las;GASOLINA  AUTO. S/PB 98 I.O.;3442
2024-11;Canarias;Palmas, Las;OTRAS GASOLINAS;3
2024-11;Canarias;Palmas, Las;FUELÓLEO  BIA;119578
2024-11;Canarias;Palmas, Las;OTROS FUELÓLEOS;92788
2024-11;Canarias;Palmas, Las;QUEROSENO AVIACIÓN;63706
2024-11;Canarias;Palmas, Las;OTROS QUEROSENOS;0
2024-11;Canarias;Palmas, Las;GLP;3026
2024-11;Canarias;Santa Cruz de Tenerife;BIODIESEL;0
2024-11;Canarias;Santa Cruz de Tenerife;GASÓLEO A;27481
2024-11;Canarias;Santa Cruz de Tenerife;GASÓLEO B;0
2024-11;Canarias;Santa Cruz de Tenerife;GASÓLEO C;0
2024-11;Canarias;Santa Cruz de Tenerife;OTROS GASOLEOS;59897
2024-11;Canarias;Santa Cruz de Tenerife;BIOETANOL;0
2024-11;Canarias;Santa Cruz de Tenerife;GASOLINA  AUTO. S/PB 95 I.O.;18035
2024-11;Canarias;Santa Cruz de Tenerife;GASOLINA  AUTO. S/PB 98 I.O.;4867
2024-11;Canarias;Santa Cruz de Tenerife;OTRAS GASOLINAS;2
2024-11;Canarias;Santa Cruz de Tenerife;FUELÓLEO  BIA;19709
2024-11;Canarias;Santa Cruz de Tenerife;OTROS FUELÓLEOS;30780
2024-11;Canarias;Santa Cruz de Tenerife;QUEROSENO AVIACIÓN;57445
2024-11;Canarias;Santa Cruz de Tenerife;OTROS QUEROSENOS;0
2024-11;Canarias;Santa Cruz de Tenerife;GLP;3532
2024-11;Cantabria;Cantabria;BIODIESEL;522
2024-11;Cantabria;Cantabria;GASÓLEO A;25091
2024-11;Cantabria;Cantabria;GASÓLEO B;4070
2024-11;Cantabria;Cantabria;GASÓLEO C;192
2024-11;Cantabria;Cantabria;OTROS GASOLEOS;756
2024-11;Cantabria;Cantabria;BIOETANOL;0
2024-11;Cantabria;Cantabria;GASOLINA  AUTO. S/PB 95 I.O.;6468
2024-11;Cantabria;Cantabria;GASOLINA  AUTO. S/PB 98 I.O.;241
2024-11;Cantabria;Cantabria;OTRAS GASOLINAS;1
2024-11;Cantabria;Cantabria;FUELÓLEO  BIA;300
2024-11;Cantabria;Cantabria;OTROS FUELÓLEOS;76
2024-11;Cantabria;Cantabria;QUEROSENO AVIACIÓN;580
2024-11;Cantabria;Cantabria;OTROS QUEROSENOS;0
2024-11;Cantabria;Cantabria;GLP;1418
2024-11;Castilla - La Mancha;Albacete;BIODIESEL;88
2024-11;Castilla - La Mancha;Albacete;GASÓLEO A;17972
2024-11;Castilla - La Mancha;Albacete;GASÓLEO B;6164
2024-11;Castilla - La Mancha;Albacete;GASÓLEO C;1681
2024-11;Castilla - La Mancha;Albacete;OTROS GASOLEOS;0
2024-11;Castilla - La Mancha;Albacete;BIOETANOL;0
2024-11;Castilla - La Mancha;Albacete;GASOLINA  AUTO. S/PB 95 I.O.;3193
2024-11;Castilla - La Mancha;Albacete;GASOLINA  AUTO. S/PB 98 I.O.;123
2024-11;Castilla - La Mancha;Albacete;OTRAS GASOLINAS;0
2024-11;Castilla - La Mancha;Albacete;FUELÓLEO  BIA;75
2024-11;Castilla - La Mancha;Albacete;OTROS FUELÓLEOS;0
2024-11;Castilla - La Mancha;Albacete;QUEROSENO AVIACIÓN;64
2024-11;Castilla - La Mancha;Albacete;OTROS QUEROSENOS;0
2024-11;Castilla - La Mancha;Albacete;GLP;953
2024-11;Castilla - La Mancha;Ciudad Real;BIODIESEL;117
2024-11;Castilla - La Mancha;Ciudad Real;GASÓLEO A;26354
2024-11;Castilla - La Mancha;Ciudad Real;GASÓLEO B;8615
2024-11;Castilla - La Mancha;Ciudad Real;GASÓLEO C;2042
2024-11;Castilla - La Mancha;Ciudad Real;OTROS GASOLEOS;0
2024-11;Castilla - La Mancha;Ciudad Real;BIOETANOL;0
2024-11;Castilla - La Mancha;Ciudad Real;GASOLINA  AUTO. S/PB 95 I.O.;4074
2024-11;Castilla - La Mancha;Ciudad Real;GASOLINA  AUTO. S/PB 98 I.O.;116
2024-11;Castilla - La Mancha;Ciudad Real;OTRAS GASOLINAS;0
2024-11;Castilla - La Mancha;Ciudad Real;FUELÓLEO  BIA;123
2024-11;Castilla - La Mancha;Ciudad Real;OTROS FUELÓLEOS;0
2024-11;Castilla - La Mancha;Ciudad Real;QUEROSENO AVIACIÓN;26
2024-11;Castilla - La Mancha;Ciudad Real;OTROS QUEROSENOS;0
2024-11;Castilla - La Mancha;Ciudad Real;GLP;1154
2024-11;Castilla - La Mancha;Cuenca;BIODIESEL;62
2024-11;Castilla - La Mancha;Cuenca;GASÓLEO A;15367
2024-11;Castilla - La Mancha;Cuenca;GASÓLEO B;8871
2024-11;Castilla - La Mancha;Cuenca;GASÓLEO C;990
2024-11;Castilla - La Mancha;Cuenca;OTROS GASOLEOS;0
2024-11;Castilla - La Mancha;Cuenca;BIOETANOL;0
2024-11;Castilla - La Mancha;Cuenca;GASOLINA  AUTO. S/PB 95 I.O.;2306
2024-11;Castilla - La Mancha;Cuenca;GASOLINA  AUTO. S/PB 98 I.O.;78
2024-11;Castilla - La Mancha;Cuenca;OTRAS GASOLINAS;0
2024-11;Castilla - La Mancha;Cuenca;FUELÓLEO  BIA;0
2024-11;Castilla - La Mancha;Cuenca;OTROS FUELÓLEOS;0
2024-11;Castilla - La Mancha;Cuenca;QUEROSENO AVIACIÓN;0
2024-11;Castilla - La Mancha;Cuenca;OTROS QUEROSENOS;0
2024-11;Castilla - La Mancha;Cuenca;GLP;676
2024-11;Castilla - La Mancha;Guadalajara;BIODIESEL;184
2024-11;Castilla - La Mancha;Guadalajara;GASÓLEO A;13012
2024-11;Castilla - La Mancha;Guadalajara;GASÓLEO B;4496
2024-11;Castilla - La Mancha;Guadalajara;GASÓLEO C;1813
2024-11;Castilla - La Mancha;Guadalajara;OTROS GASOLEOS;0
2024-11;Castilla - La Mancha;Guadalajara;BIOETANOL;0
2024-11;Castilla - La Mancha;Guadalajara;GASOLINA  AUTO. S/PB 95 I.O.;3319
2024-11;Castilla - La Mancha;Guadalajara;GASOLINA  AUTO. S/PB 98 I.O.;108
2024-11;Castilla - La Mancha;Guadalajara;OTRAS GASOLINAS;0
2024-11;Castilla - La Mancha;Guadalajara;FUELÓLEO  BIA;27
2024-11;Castilla - La Mancha;Guadalajara;OTROS FUELÓLEOS;0
2024-11;Castilla - La Mancha;Guadalajara;QUEROSENO AVIACIÓN;0
2024-11;Castilla - La Mancha;Guadalajara;OTROS QUEROSENOS;0
2024-11;Castilla - La Mancha;Guadalajara;GLP;586
2024-11;Castilla - La Mancha;Toledo;BIODIESEL;239
2024-11;Castilla - La Mancha;Toledo;GASÓLEO A;35921
2024-11;Castilla - La Mancha;Toledo;GASÓLEO B;12542
2024-11;Castilla - La Mancha;Toledo;GASÓLEO C;4268
2024-11;Castilla - La Mancha;Toledo;OTROS GASOLEOS;0
2024-11;Castilla - La Mancha;Toledo;BIOETANOL;0
2024-11;Castilla - La Mancha;Toledo;GASOLINA  AUTO. S/PB 95 I.O.;7577
2024-11;Castilla - La Mancha;Toledo;GASOLINA  AUTO. S/PB 98 I.O.;294
2024-11;Castilla - La Mancha;Toledo;OTRAS GASOLINAS;4
2024-11;Castilla - La Mancha;Toledo;FUELÓLEO  BIA;117
2024-11;Castilla - La Mancha;Toledo;OTROS FUELÓLEOS;0
2024-11;Castilla - La Mancha;Toledo;QUEROSENO AVIACIÓN;17
2024-11;Castilla - La Mancha;Toledo;OTROS QUEROSENOS;0
2024-11;Castilla - La Mancha;Toledo;GLP;1890
2024-11;Castilla y León;Ávila;BIODIESEL;39
2024-11;Castilla y León;Ávila;GASÓLEO A;7217
2024-11;Castilla y León;Ávila;GASÓLEO B;3216
2024-11;Castilla y León;Ávila;GASÓLEO C;701
2024-11;Castilla y León;Ávila;OTROS GASOLEOS;0
2024-11;Castilla y León;Ávila;BIOETANOL;0
2024-11;Castilla y León;Ávila;GASOLINA  AUTO. S/PB 95 I.O.;1872
2024-11;Castilla y León;Ávila;GASOLINA  AUTO. S/PB 98 I.O.;66
2024-11;Castilla y León;Ávila;OTRAS GASOLINAS;0
2024-11;Castilla y León;Ávila;FUELÓLEO  BIA;0
2024-11;Castilla y León;Ávila;OTROS FUELÓLEOS;0
2024-11;Castilla y León;Ávila;QUEROSENO AVIACIÓN;0
2024-11;Castilla y León;Ávila;OTROS QUEROSENOS;0
2024-11;Castilla y León;Ávila;GLP;701
2024-11;Castilla y León;Burgos;BIODIESEL;92
2024-11;Castilla y León;Burgos;GASÓLEO A;22481
2024-11;Castilla y León;Burgos;GASÓLEO B;8393
2024-11;Castilla y León;Burgos;GASÓLEO C;876
2024-11;Castilla y León;Burgos;OTROS GASOLEOS;0
2024-11;Castilla y León;Burgos;BIOETANOL;0
2024-11;Castilla y León;Burgos;GASOLINA  AUTO. S/PB 95 I.O.;4374
2024-11;Castilla y León;Burgos;GASOLINA  AUTO. S/PB 98 I.O.;217
2024-11;Castilla y León;Burgos;OTRAS GASOLINAS;21
2024-11;Castilla y León;Burgos;FUELÓLEO  BIA;131
2024-11;Castilla y León;Burgos;OTROS FUELÓLEOS;0
2024-11;Castilla y León;Burgos;QUEROSENO AVIACIÓN;6
2024-11;Castilla y León;Burgos;OTROS QUEROSENOS;0
2024-11;Castilla y León;Burgos;GLP;799
2024-11;Castilla y León;León;BIODIESEL;40
2024-11;Castilla y León;León;GASÓLEO A;21751
2024-11;Castilla y León;León;GASÓLEO B;9143
2024-11;Castilla y León;León;GASÓLEO C;3497
2024-11;Castilla y León;León;OTROS GASOLEOS;0
2024-11;Castilla y León;León;BIOETANOL;0
2024-11;Castilla y León;León;GASOLINA  AUTO. S/PB 95 I.O.;4514
2024-11;Castilla y León;León;GASOLINA  AUTO. S/PB 98 I.O.;207
2024-11;Castilla y León;León;OTRAS GASOLINAS;0
2024-11;Castilla y León;León;FUELÓLEO  BIA;256
2024-11;Castilla y León;León;OTROS FUELÓLEOS;0
2024-11;Castilla y León;León;QUEROSENO AVIACIÓN;43
2024-11;Castilla y León;León;OTROS QUEROSENOS;0
2024-11;Castilla y León;León;GLP;2367
2024-11;Castilla y León;Palencia;BIODIESEL;55
2024-11;Castilla y León;Palencia;GASÓLEO A;9092
2024-11;Castilla y León;Palencia;GASÓLEO B;7615
2024-11;Castilla y León;Palencia;GASÓLEO C;560
2024-11;Castilla y León;Palencia;OTROS GASOLEOS;0
2024-11;Castilla y León;Palencia;BIOETANOL;0
2024-11;Castilla y León;Palencia;GASOLINA  AUTO. S/PB 95 I.O.;1612
2024-11;Castilla y León;Palencia;GASOLINA  AUTO. S/PB 98 I.O.;75
2024-11;Castilla y León;Palencia;OTRAS GASOLINAS;0
2024-11;Castilla y León;Palencia;FUELÓLEO  BIA;108
2024-11;Castilla y León;Palencia;OTROS FUELÓLEOS;0
2024-11;Castilla y León;Palencia;QUEROSENO AVIACIÓN;0
2024-11;Castilla y León;Palencia;OTROS QUEROSENOS;0
2024-11;Castilla y León;Palencia;GLP;463
2024-11;Castilla y León;Salamanca;BIODIESEL;20
2024-11;Castilla y León;Salamanca;GASÓLEO A;20313
2024-11;Castilla y León;Salamanca;GASÓLEO B;5551
2024-11;Castilla y León;Salamanca;GASÓLEO C;2375
2024-11;Castilla y León;Salamanca;OTROS GASOLEOS;0
2024-11;Castilla y León;Salamanca;BIOETANOL;0
2024-11;Castilla y León;Salamanca;GASOLINA  AUTO. S/PB 95 I.O.;2917
2024-11;Castilla y León;Salamanca;GASOLINA  AUTO. S/PB 98 I.O.;112
2024-11;Castilla y León;Salamanca;OTRAS GASOLINAS;8
2024-11;Castilla y León;Salamanca;FUELÓLEO  BIA;0
2024-11;Castilla y León;Salamanca;OTROS FUELÓLEOS;0
2024-11;Castilla y León;Salamanca;QUEROSENO AVIACIÓN;13
2024-11;Castilla y León;Salamanca;OTROS QUEROSENOS;0
2024-11;Castilla y León;Salamanca;GLP;1043
2024-11;Castilla y León;Segovia;BIODIESEL;85
2024-11;Castilla y León;Segovia;GASÓLEO A;9291
2024-11;Castilla y León;Segovia;GASÓLEO B;4691
2024-11;Castilla y León;Segovia;GASÓLEO C;1477
2024-11;Castilla y León;Segovia;OTROS GASOLEOS;0
2024-11;Castilla y León;Segovia;BIOETANOL;0
2024-11;Castilla y León;Segovia;GASOLINA  AUTO. S/PB 95 I.O.;2202
2024-11;Castilla y León;Segovia;GASOLINA  AUTO. S/PB 98 I.O.;81
2024-11;Castilla y León;Segovia;OTRAS GASOLINAS;7
2024-11;Castilla y León;Segovia;FUELÓLEO  BIA;26
2024-11;Castilla y León;Segovia;OTROS FUELÓLEOS;0
2024-11;Castilla y León;Segovia;QUEROSENO AVIACIÓN;0
2024-11;Castilla y León;Segovia;OTROS QUEROSENOS;0
2024-11;Castilla y León;Segovia;GLP;773
2024-11;Castilla y León;Soria;BIODIESEL;23
2024-11;Castilla y León;Soria;GASÓLEO A;5558
2024-11;Castilla y León;Soria;GASÓLEO B;3901
2024-11;Castilla y León;Soria;GASÓLEO C;597
2024-11;Castilla y León;Soria;OTROS GASOLEOS;0
2024-11;Castilla y León;Soria;BIOETANOL;0
2024-11;Castilla y León;Soria;GASOLINA  AUTO. S/PB 95 I.O.;1153
2024-11;Castilla y León;Soria;GASOLINA  AUTO. S/PB 98 I.O.;61
2024-11;Castilla y León;Soria;OTRAS GASOLINAS;8
2024-11;Castilla y León;Soria;FUELÓLEO  BIA;0
2024-11;Castilla y León;Soria;OTROS FUELÓLEOS;0
2024-11;Castilla y León;Soria;QUEROSENO AVIACIÓN;0
2024-11;Castilla y León;Soria;OTROS QUEROSENOS;0
2024-11;Castilla y León;Soria;GLP;275
2024-11;Castilla y León;Valladolid;BIODIESEL;55
2024-11;Castilla y León;Valladolid;GASÓLEO A;21186
2024-11;Castilla y León;Valladolid;GASÓLEO B;6706
2024-11;Castilla y León;Valladolid;GASÓLEO C;1651
2024-11;Castilla y León;Valladolid;OTROS GASOLEOS;0
2024-11;Castilla y León;Valladolid;BIOETANOL;0
2024-11;Castilla y León;Valladolid;GASOLINA  AUTO. S/PB 95 I.O.;4975
2024-11;Castilla y León;Valladolid;GASOLINA  AUTO. S/PB 98 I.O.;207
2024-11;Castilla y León;Valladolid;OTRAS GASOLINAS;3
2024-11;Castilla y León;Valladolid;FUELÓLEO  BIA;153
2024-11;Castilla y León;Valladolid;OTROS FUELÓLEOS;0
2024-11;Castilla y León;Valladolid;QUEROSENO AVIACIÓN;145
2024-11;Castilla y León;Valladolid;OTROS QUEROSENOS;0
2024-11;Castilla y León;Valladolid;GLP;955
2024-11;Castilla y León;Zamora;BIODIESEL;23
2024-11;Castilla y León;Zamora;GASÓLEO A;16553
2024-11;Castilla y León;Zamora;GASÓLEO B;6238
2024-11;Castilla y León;Zamora;GASÓLEO C;519
2024-11;Castilla y León;Zamora;OTROS GASOLEOS;39
2024-11;Castilla y León;Zamora;BIOETANOL;0
2024-11;Castilla y León;Zamora;GASOLINA  AUTO. S/PB 95 I.O.;1791
2024-11;Castilla y León;Zamora;GASOLINA  AUTO. S/PB 98 I.O.;93
2024-11;Castilla y León;Zamora;OTRAS GASOLINAS;0
2024-11;Castilla y León;Zamora;FUELÓLEO  BIA;0
2024-11;Castilla y León;Zamora;OTROS FUELÓLEOS;0
2024-11;Castilla y León;Zamora;QUEROSENO AVIACIÓN;0
2024-11;Castilla y León;Zamora;OTROS QUEROSENOS;0
2024-11;Castilla y León;Zamora;GLP;641
2024-11;Cataluña;Barcelona;BIODIESEL;1139
2024-11;Cataluña;Barcelona;GASÓLEO A;116031
2024-11;Cataluña;Barcelona;GASÓLEO B;17537
2024-11;Cataluña;Barcelona;GASÓLEO C;4078
2024-11;Cataluña;Barcelona;OTROS GASOLEOS;22140
2024-11;Cataluña;Barcelona;BIOETANOL;0
2024-11;Cataluña;Barcelona;GASOLINA  AUTO. S/PB 95 I.O.;56551
2024-11;Cataluña;Barcelona;GASOLINA  AUTO. S/PB 98 I.O.;2453
2024-11;Cataluña;Barcelona;OTRAS GASOLINAS;83
2024-11;Cataluña;Barcelona;FUELÓLEO  BIA;15171
2024-11;Cataluña;Barcelona;OTROS FUELÓLEOS;97457
2024-11;Cataluña;Barcelona;QUEROSENO AVIACIÓN;91092
2024-11;Cataluña;Barcelona;OTROS QUEROSENOS;0
2024-11;Cataluña;Barcelona;GLP;5520
2024-11;Cataluña;Girona;BIODIESEL;607
2024-11;Cataluña;Girona;GASÓLEO A;106583
2024-11;Cataluña;Girona;GASÓLEO B;5972
2024-11;Cataluña;Girona;GASÓLEO C;2466
2024-11;Cataluña;Girona;OTROS GASOLEOS;467
2024-11;Cataluña;Girona;BIOETANOL;0
2024-11;Cataluña;Girona;GASOLINA  AUTO. S/PB 95 I.O.;12664
2024-11;Cataluña;Girona;GASOLINA  AUTO. S/PB 98 I.O.;621
2024-11;Cataluña;Girona;OTRAS GASOLINAS;2
2024-11;Cataluña;Girona;FUELÓLEO  BIA;84
2024-11;Cataluña;Girona;OTROS FUELÓLEOS;75
2024-11;Cataluña;Girona;QUEROSENO AVIACIÓN;929
2024-11;Cataluña;Girona;OTROS QUEROSENOS;0
2024-11;Cataluña;Girona;GLP;2814
2024-11;Cataluña;Lleida;BIODIESEL;50
2024-11;Cataluña;Lleida;GASÓLEO A;24733
2024-11;Cataluña;Lleida;GASÓLEO B;7290
2024-11;Cataluña;Lleida;GASÓLEO C;1231
2024-11;Cataluña;Lleida;OTROS GASOLEOS;0
2024-11;Cataluña;Lleida;BIOETANOL;0
2024-11;Cataluña;Lleida;GASOLINA  AUTO. S/PB 95 I.O.;5227
2024-11;Cataluña;Lleida;GASOLINA  AUTO. S/PB 98 I.O.;236
2024-11;Cataluña;Lleida;OTRAS GASOLINAS;9
2024-11;Cataluña;Lleida;FUELÓLEO  BIA;100
2024-11;Cataluña;Lleida;OTROS FUELÓLEOS;0
2024-11;Cataluña;Lleida;QUEROSENO AVIACIÓN;71
2024-11;Cataluña;Lleida;OTROS QUEROSENOS;0
2024-11;Cataluña;Lleida;GLP;2418
2024-11;Cataluña;Tarragona;BIODIESEL;47
2024-11;Cataluña;Tarragona;GASÓLEO A;30777
2024-11;Cataluña;Tarragona;GASÓLEO B;4565
2024-11;Cataluña;Tarragona;GASÓLEO C;619
2024-11;Cataluña;Tarragona;OTROS GASOLEOS;2032
2024-11;Cataluña;Tarragona;BIOETANOL;0
2024-11;Cataluña;Tarragona;GASOLINA  AUTO. S/PB 95 I.O.;10174
2024-11;Cataluña;Tarragona;GASOLINA  AUTO. S/PB 98 I.O.;377
2024-11;Cataluña;Tarragona;OTRAS GASOLINAS;8
2024-11;Cataluña;Tarragona;FUELÓLEO  BIA;0
2024-11;Cataluña;Tarragona;OTROS FUELÓLEOS;171
2024-11;Cataluña;Tarragona;QUEROSENO AVIACIÓN;131
2024-11;Cataluña;Tarragona;OTROS QUEROSENOS;0
2024-11;Cataluña;Tarragona;GLP;1751
2024-11;Ceuta;Ceuta;BIODIESEL;0
2024-11;Ceuta;Ceuta;GASÓLEO A;833
2024-11;Ceuta;Ceuta;GASÓLEO B;0
2024-11;Ceuta;Ceuta;GASÓLEO C;54
2024-11;Ceuta;Ceuta;OTROS GASOLEOS;6815
2024-11;Ceuta;Ceuta;BIOETANOL;0
2024-11;Ceuta;Ceuta;GASOLINA  AUTO. S/PB 95 I.O.;467
2024-11;Ceuta;Ceuta;GASOLINA  AUTO. S/PB 98 I.O.;53
2024-11;Ceuta;Ceuta;OTRAS GASOLINAS;0
2024-11;Ceuta;Ceuta;FUELÓLEO  BIA;2300
2024-11;Ceuta;Ceuta;OTROS FUELÓLEOS;8623
2024-11;Ceuta;Ceuta;QUEROSENO AVIACIÓN;54
2024-11;Ceuta;Ceuta;OTROS QUEROSENOS;0
2024-11;Ceuta;Ceuta;GLP;200
2024-11;Comunitat Valenciana;Alicante/Alacant;BIODIESEL;254
2024-11;Comunitat Valenciana;Alicante/Alacant;GASÓLEO A;50203
2024-11;Comunitat Valenciana;Alicante/Alacant;GASÓLEO B;4305
2024-11;Comunitat Valenciana;Alicante/Alacant;GASÓLEO C;1817
2024-11;Comunitat Valenciana;Alicante/Alacant;OTROS GASOLEOS;1728
2024-11;Comunitat Valenciana;Alicante/Alacant;BIOETANOL;0
2024-11;Comunitat Valenciana;Alicante/Alacant;GASOLINA  AUTO. S/PB 95 I.O.;21894
2024-11;Comunitat Valenciana;Alicante/Alacant;GASOLINA  AUTO. S/PB 98 I.O.;931
2024-11;Comunitat Valenciana;Alicante/Alacant;OTRAS GASOLINAS;12
2024-11;Comunitat Valenciana;Alicante/Alacant;FUELÓLEO  BIA;187
2024-11;Comunitat Valenciana;Alicante/Alacant;OTROS FUELÓLEOS;0
2024-11;Comunitat Valenciana;Alicante/Alacant;QUEROSENO AVIACIÓN;24168
2024-11;Comunitat Valenciana;Alicante/Alacant;OTROS QUEROSENOS;14
2024-11;Comunitat Valenciana;Alicante/Alacant;GLP;5398
2024-11;Comunitat Valenciana;Castellón/Castelló;BIODIESEL;12
2024-11;Comunitat Valenciana;Castellón/Castelló;GASÓLEO A;20058
2024-11;Comunitat Valenciana;Castellón/Castelló;GASÓLEO B;1467
2024-11;Comunitat Valenciana;Castellón/Castelló;GASÓLEO C;573
2024-11;Comunitat Valenciana;Castellón/Castelló;OTROS GASOLEOS;8585
2024-11;Comunitat Valenciana;Castellón/Castelló;BIOETANOL;0
2024-11;Comunitat Valenciana;Castellón/Castelló;GASOLINA  AUTO. S/PB 95 I.O.;6191
2024-11;Comunitat Valenciana;Castellón/Castelló;GASOLINA  AUTO. S/PB 98 I.O.;282
2024-11;Comunitat Valenciana;Castellón/Castelló;OTRAS GASOLINAS;0
2024-11;Comunitat Valenciana;Castellón/Castelló;FUELÓLEO  BIA;0
2024-11;Comunitat Valenciana;Castellón/Castelló;OTROS FUELÓLEOS;0
2024-11;Comunitat Valenciana;Castellón/Castelló;QUEROSENO AVIACIÓN;235
2024-11;Comunitat Valenciana;Castellón/Castelló;OTROS QUEROSENOS;0
2024-11;Comunitat Valenciana;Castellón/Castelló;GLP;1516
2024-11;Comunitat Valenciana;Valencia/València;BIODIESEL;169
2024-11;Comunitat Valenciana;Valencia/València;GASÓLEO A;87333
2024-11;Comunitat Valenciana;Valencia/València;GASÓLEO B;11095
2024-11;Comunitat Valenciana;Valencia/València;GASÓLEO C;1481
2024-11;Comunitat Valenciana;Valencia/València;OTROS GASOLEOS;2216
2024-11;Comunitat Valenciana;Valencia/València;BIOETANOL;0
2024-11;Comunitat Valenciana;Valencia/València;GASOLINA  AUTO. S/PB 95 I.O.;23829
2024-11;Comunitat Valenciana;Valencia/València;GASOLINA  AUTO. S/PB 98 I.O.;854
2024-11;Comunitat Valenciana;Valencia/València;OTRAS GASOLINAS;1
2024-11;Comunitat Valenciana;Valencia/València;FUELÓLEO  BIA;138
2024-11;Comunitat Valenciana;Valencia/València;OTROS FUELÓLEOS;1584
2024-11;Comunitat Valenciana;Valencia/València;QUEROSENO AVIACIÓN;12166
2024-11;Comunitat Valenciana;Valencia/València;OTROS QUEROSENOS;0
2024-11;Comunitat Valenciana;Valencia/València;GLP;4618
2024-11;Extremadura;Badajoz;BIODIESEL;76
2024-11;Extremadura;Badajoz;GASÓLEO A;38224
2024-11;Extremadura;Badajoz;GASÓLEO B;9698
2024-11;Extremadura;Badajoz;GASÓLEO C;634
2024-11;Extremadura;Badajoz;OTROS GASOLEOS;0
2024-11;Extremadura;Badajoz;BIOETANOL;0
2024-11;Extremadura;Badajoz;GASOLINA  AUTO. S/PB 95 I.O.;5147
2024-11;Extremadura;Badajoz;GASOLINA  AUTO. S/PB 98 I.O.;156
2024-11;Extremadura;Badajoz;OTRAS GASOLINAS;1
2024-11;Extremadura;Badajoz;FUELÓLEO  BIA;78
2024-11;Extremadura;Badajoz;OTROS FUELÓLEOS;0
2024-11;Extremadura;Badajoz;QUEROSENO AVIACIÓN;35
2024-11;Extremadura;Badajoz;OTROS QUEROSENOS;0
2024-11;Extremadura;Badajoz;GLP;2860
2024-11;Extremadura;Cáceres;BIODIESEL;19
2024-11;Extremadura;Cáceres;GASÓLEO A;17781
2024-11;Extremadura;Cáceres;GASÓLEO B;3164
2024-11;Extremadura;Cáceres;GASÓLEO C;744
2024-11;Extremadura;Cáceres;OTROS GASOLEOS;0
2024-11;Extremadura;Cáceres;BIOETANOL;0
2024-11;Extremadura;Cáceres;GASOLINA  AUTO. S/PB 95 I.O.;3670
2024-11;Extremadura;Cáceres;GASOLINA  AUTO. S/PB 98 I.O.;100
2024-11;Extremadura;Cáceres;OTRAS GASOLINAS;0
2024-11;Extremadura;Cáceres;FUELÓLEO  BIA;133
2024-11;Extremadura;Cáceres;OTROS FUELÓLEOS;0
2024-11;Extremadura;Cáceres;QUEROSENO AVIACIÓN;0
2024-11;Extremadura;Cáceres;OTROS QUEROSENOS;0
2024-11;Extremadura;Cáceres;GLP;1595
2024-11;Galicia;Coruña, A;BIODIESEL;99
2024-11;Galicia;Coruña, A;GASÓLEO A;40549
2024-11;Galicia;Coruña, A;GASÓLEO B;7728
2024-11;Galicia;Coruña, A;GASÓLEO C;3522
2024-11;Galicia;Coruña, A;OTROS GASOLEOS;3802
2024-11;Galicia;Coruña, A;BIOETANOL;0
2024-11;Galicia;Coruña, A;GASOLINA  AUTO. S/PB 95 I.O.;9771
2024-11;Galicia;Coruña, A;GASOLINA  AUTO. S/PB 98 I.O.;452
2024-11;Galicia;Coruña, A;OTRAS GASOLINAS;5
2024-11;Galicia;Coruña, A;FUELÓLEO  BIA;8498
2024-11;Galicia;Coruña, A;OTROS FUELÓLEOS;411
2024-11;Galicia;Coruña, A;QUEROSENO AVIACIÓN;4401
2024-11;Galicia;Coruña, A;OTROS QUEROSENOS;0
2024-11;Galicia;Coruña, A;GLP;3042
2024-11;Galicia;Lugo;BIODIESEL;12
2024-11;Galicia;Lugo;GASÓLEO A;17308
2024-11;Galicia;Lugo;GASÓLEO B;4722
2024-11;Galicia;Lugo;GASÓLEO C;2448
2024-11;Galicia;Lugo;OTROS GASOLEOS;1355
2024-11;Galicia;Lugo;BIOETANOL;0
2024-11;Galicia;Lugo;GASOLINA  AUTO. S/PB 95 I.O.;2728
2024-11;Galicia;Lugo;GASOLINA  AUTO. S/PB 98 I.O.;144
2024-11;Galicia;Lugo;OTRAS GASOLINAS;0
2024-11;Galicia;Lugo;FUELÓLEO  BIA;62
2024-11;Galicia;Lugo;OTROS FUELÓLEOS;0
2024-11;Galicia;Lugo;QUEROSENO AVIACIÓN;0
2024-11;Galicia;Lugo;OTROS QUEROSENOS;0
2024-11;Galicia;Lugo;GLP;1420
2024-11;Galicia;Ourense;BIODIESEL;0
2024-11;Galicia;Ourense;GASÓLEO A;13542
2024-11;Galicia;Ourense;GASÓLEO B;2323
2024-11;Galicia;Ourense;GASÓLEO C;2907
2024-11;Galicia;Ourense;OTROS GASOLEOS;27
2024-11;Galicia;Ourense;BIOETANOL;0
2024-11;Galicia;Ourense;GASOLINA  AUTO. S/PB 95 I.O.;2559
2024-11;Galicia;Ourense;GASOLINA  AUTO. S/PB 98 I.O.;171
2024-11;Galicia;Ourense;OTRAS GASOLINAS;0
2024-11;Galicia;Ourense;FUELÓLEO  BIA;134
2024-11;Galicia;Ourense;OTROS FUELÓLEOS;0
2024-11;Galicia;Ourense;QUEROSENO AVIACIÓN;0
2024-11;Galicia;Ourense;OTROS QUEROSENOS;0
2024-11;Galicia;Ourense;GLP;1257
2024-11;Galicia;Pontevedra;BIODIESEL;45
2024-11;Galicia;Pontevedra;GASÓLEO A;35908
2024-11;Galicia;Pontevedra;GASÓLEO B;4348
2024-11;Galicia;Pontevedra;GASÓLEO C;3751
2024-11;Galicia;Pontevedra;OTROS GASOLEOS;4284
2024-11;Galicia;Pontevedra;BIOETANOL;0
2024-11;Galicia;Pontevedra;GASOLINA  AUTO. S/PB 95 I.O.;8075
2024-11;Galicia;Pontevedra;GASOLINA  AUTO. S/PB 98 I.O.;425
2024-11;Galicia;Pontevedra;OTRAS GASOLINAS;2
2024-11;Galicia;Pontevedra;FUELÓLEO  BIA;658
2024-11;Galicia;Pontevedra;OTROS FUELÓLEOS;499
2024-11;Galicia;Pontevedra;QUEROSENO AVIACIÓN;498
2024-11;Galicia;Pontevedra;OTROS QUEROSENOS;0
2024-11;Galicia;Pontevedra;GLP;2759
2024-11;Madrid, Comunidad de;Madrid;BIODIESEL;1635
2024-11;Madrid, Comunidad de;Madrid;GASÓLEO A;144854
2024-11;Madrid, Comunidad de;Madrid;GASÓLEO B;10251
2024-11;Madrid, Comunidad de;Madrid;GASÓLEO C;15022
2024-11;Madrid, Comunidad de;Madrid;OTROS GASOLEOS;14
2024-11;Madrid, Comunidad de;Madrid;BIOETANOL;0
2024-11;Madrid, Comunidad de;Madrid;GASOLINA  AUTO. S/PB 95 I.O.;68178
2024-11;Madrid, Comunidad de;Madrid;GASOLINA  AUTO. S/PB 98 I.O.;2457
2024-11;Madrid, Comunidad de;Madrid;OTRAS GASOLINAS;57
2024-11;Madrid, Comunidad de;Madrid;FUELÓLEO  BIA;425
2024-11;Madrid, Comunidad de;Madrid;OTROS FUELÓLEOS;0
2024-11;Madrid, Comunidad de;Madrid;QUEROSENO AVIACIÓN;222323
2024-11;Madrid, Comunidad de;Madrid;OTROS QUEROSENOS;1
2024-11;Madrid, Comunidad de;Madrid;GLP;9540
2024-11;Melilla;Melilla;BIODIESEL;0
2024-11;Melilla;Melilla;GASÓLEO A;972
2024-11;Melilla;Melilla;GASÓLEO B;0
2024-11;Melilla;Melilla;GASÓLEO C;0
2024-11;Melilla;Melilla;OTROS GASOLEOS;0
2024-11;Melilla;Melilla;BIOETANOL;0
2024-11;Melilla;Melilla;GASOLINA  AUTO. S/PB 95 I.O.;538
2024-11;Melilla;Melilla;GASOLINA  AUTO. S/PB 98 I.O.;0
2024-11;Melilla;Melilla;OTRAS GASOLINAS;0
2024-11;Melilla;Melilla;FUELÓLEO  BIA;2598
2024-11;Melilla;Melilla;OTROS FUELÓLEOS;0
2024-11;Melilla;Melilla;QUEROSENO AVIACIÓN;162
2024-11;Melilla;Melilla;OTROS QUEROSENOS;0
2024-11;Melilla;Melilla;GLP;114
2024-11;Murcia, Región de;Murcia;BIODIESEL;1149
2024-11;Murcia, Región de;Murcia;GASÓLEO A;74503
2024-11;Murcia, Región de;Murcia;GASÓLEO B;10727
2024-11;Murcia, Región de;Murcia;GASÓLEO C;865
2024-11;Murcia, Región de;Murcia;OTROS GASOLEOS;1542
2024-11;Murcia, Región de;Murcia;BIOETANOL;0
2024-11;Murcia, Región de;Murcia;GASOLINA  AUTO. S/PB 95 I.O.;12780
2024-11;Murcia, Región de;Murcia;GASOLINA  AUTO. S/PB 98 I.O.;539
2024-11;Murcia, Región de;Murcia;OTRAS GASOLINAS;0
2024-11;Murcia, Región de;Murcia;FUELÓLEO  BIA;232
2024-11;Murcia, Región de;Murcia;OTROS FUELÓLEOS;0
2024-11;Murcia, Región de;Murcia;QUEROSENO AVIACIÓN;619
2024-11;Murcia, Región de;Murcia;OTROS QUEROSENOS;0
2024-11;Murcia, Región de;Murcia;GLP;3615
2024-11;Navarra, Comunidad Foral de;Navarra;BIODIESEL;528
2024-11;Navarra, Comunidad Foral de;Navarra;GASÓLEO A;62112
2024-11;Navarra, Comunidad Foral de;Navarra;GASÓLEO B;8057
2024-11;Navarra, Comunidad Foral de;Navarra;GASÓLEO C;957
2024-11;Navarra, Comunidad Foral de;Navarra;OTROS GASOLEOS;0
2024-11;Navarra, Comunidad Foral de;Navarra;BIOETANOL;0
2024-11;Navarra, Comunidad Foral de;Navarra;GASOLINA  AUTO. S/PB 95 I.O.;7230
2024-11;Navarra, Comunidad Foral de;Navarra;GASOLINA  AUTO. S/PB 98 I.O.;249
2024-11;Navarra, Comunidad Foral de;Navarra;OTRAS GASOLINAS;2
2024-11;Navarra, Comunidad Foral de;Navarra;FUELÓLEO  BIA;163
2024-11;Navarra, Comunidad Foral de;Navarra;OTROS FUELÓLEOS;0
2024-11;Navarra, Comunidad Foral de;Navarra;QUEROSENO AVIACIÓN;107
2024-11;Navarra, Comunidad Foral de;Navarra;OTROS QUEROSENOS;0
2024-11;Navarra, Comunidad Foral de;Navarra;GLP;1323
2024-11;País Vasco;Araba/Álava;BIODIESEL;121
2024-11;País Vasco;Araba/Álava;GASÓLEO A;54099
2024-11;País Vasco;Araba/Álava;GASÓLEO B;3503
2024-11;País Vasco;Araba/Álava;GASÓLEO C;1281
2024-11;País Vasco;Araba/Álava;OTROS GASOLEOS;0
2024-11;País Vasco;Araba/Álava;BIOETANOL;0
2024-11;País Vasco;Araba/Álava;GASOLINA  AUTO. S/PB 95 I.O.;2864
2024-11;País Vasco;Araba/Álava;GASOLINA  AUTO. S/PB 98 I.O.;129
2024-11;País Vasco;Araba/Álava;OTRAS GASOLINAS;0
2024-11;País Vasco;Araba/Álava;FUELÓLEO  BIA;107
2024-11;País Vasco;Araba/Álava;OTROS FUELÓLEOS;0
2024-11;País Vasco;Araba/Álava;QUEROSENO AVIACIÓN;1134
2024-11;País Vasco;Araba/Álava;OTROS QUEROSENOS;0
2024-11;País Vasco;Araba/Álava;GLP;635
2024-11;País Vasco;Bizkaia;BIODIESEL;777
2024-11;País Vasco;Bizkaia;GASÓLEO A;30699
2024-11;País Vasco;Bizkaia;GASÓLEO B;6981
2024-11;País Vasco;Bizkaia;GASÓLEO C;2977
2024-11;País Vasco;Bizkaia;OTROS GASOLEOS;1228
2024-11;País Vasco;Bizkaia;BIOETANOL;0
2024-11;País Vasco;Bizkaia;GASOLINA  AUTO. S/PB 95 I.O.;9243
2024-11;País Vasco;Bizkaia;GASOLINA  AUTO. S/PB 98 I.O.;409
2024-11;País Vasco;Bizkaia;OTRAS GASOLINAS;2
2024-11;País Vasco;Bizkaia;FUELÓLEO  BIA;290
2024-11;País Vasco;Bizkaia;OTROS FUELÓLEOS;0
2024-11;País Vasco;Bizkaia;QUEROSENO AVIACIÓN;5856
2024-11;País Vasco;Bizkaia;OTROS QUEROSENOS;0
2024-11;País Vasco;Bizkaia;GLP;1220
2024-11;País Vasco;Gipuzkoa;BIODIESEL;170
2024-11;País Vasco;Gipuzkoa;GASÓLEO A;63109
2024-11;País Vasco;Gipuzkoa;GASÓLEO B;1739
2024-11;País Vasco;Gipuzkoa;GASÓLEO C;299
2024-11;País Vasco;Gipuzkoa;OTROS GASOLEOS;804
2024-11;País Vasco;Gipuzkoa;BIOETANOL;0
2024-11;País Vasco;Gipuzkoa;GASOLINA  AUTO. S/PB 95 I.O.;6969
2024-11;País Vasco;Gipuzkoa;GASOLINA  AUTO. S/PB 98 I.O.;339
2024-11;País Vasco;Gipuzkoa;OTRAS GASOLINAS;1
2024-11;País Vasco;Gipuzkoa;FUELÓLEO  BIA;50
2024-11;País Vasco;Gipuzkoa;OTROS FUELÓLEOS;104
2024-11;País Vasco;Gipuzkoa;QUEROSENO AVIACIÓN;470
2024-11;País Vasco;Gipuzkoa;OTROS QUEROSENOS;0
2024-11;País Vasco;Gipuzkoa;GLP;1280
2024-11;Rioja, La;Rioja, La;BIODIESEL;128
2024-11;Rioja, La;Rioja, La;GASÓLEO A;12807
2024-11;Rioja, La;Rioja, La;GASÓLEO B;4127
2024-11;Rioja, La;Rioja, La;GASÓLEO C;1398
2024-11;Rioja, La;Rioja, La;OTROS GASOLEOS;0
2024-11;Rioja, La;Rioja, La;BIOETANOL;0
2024-11;Rioja, La;Rioja, La;GASOLINA  AUTO. S/PB 95 I.O.;2616
2024-11;Rioja, La;Rioja, La;GASOLINA  AUTO. S/PB 98 I.O.;113
2024-11;Rioja, La;Rioja, La;OTRAS GASOLINAS;6
2024-11;Rioja, La;Rioja, La;FUELÓLEO  BIA;35
2024-11;Rioja, La;Rioja, La;OTROS FUELÓLEOS;0
2024-11;Rioja, La;Rioja, La;QUEROSENO AVIACIÓN;36
2024-11;Rioja, La;Rioja, La;OTROS QUEROSENOS;0
2024-11;Rioja, La;Rioja, La;GLP;582
2024-12;Andalucía;Almería;BIODIESEL;281
2024-12;Andalucía;Almería;GASÓLEO A;33259
2024-12;Andalucía;Almería;GASÓLEO B;5954
2024-12;Andalucía;Almería;GASÓLEO C;442
2024-12;Andalucía;Almería;OTROS GASOLEOS;1016
2024-12;Andalucía;Almería;BIOETANOL;0
2024-12;Andalucía;Almería;GASOLINA  AUTO. S/PB 95 I.O.;6168
2024-12;Andalucía;Almería;GASOLINA  AUTO. S/PB 98 I.O.;322
2024-12;Andalucía;Almería;OTRAS GASOLINAS;2
2024-12;Andalucía;Almería;FUELÓLEO  BIA;147
2024-12;Andalucía;Almería;OTROS FUELÓLEOS;2191
2024-12;Andalucía;Almería;QUEROSENO AVIACIÓN;266
2024-12;Andalucía;Almería;OTROS QUEROSENOS;0
2024-12;Andalucía;Almería;GLP;2614
2024-12;Andalucía;Cádiz;BIODIESEL;77
2024-12;Andalucía;Cádiz;GASÓLEO A;31464
2024-12;Andalucía;Cádiz;GASÓLEO B;7662
2024-12;Andalucía;Cádiz;GASÓLEO C;595
2024-12;Andalucía;Cádiz;OTROS GASOLEOS;29338
2024-12;Andalucía;Cádiz;BIOETANOL;0
2024-12;Andalucía;Cádiz;GASOLINA  AUTO. S/PB 95 I.O.;11290
2024-12;Andalucía;Cádiz;GASOLINA  AUTO. S/PB 98 I.O.;408
2024-12;Andalucía;Cádiz;OTRAS GASOLINAS;29
2024-12;Andalucía;Cádiz;FUELÓLEO  BIA;19720
2024-12;Andalucía;Cádiz;OTROS FUELÓLEOS;268446
2024-12;Andalucía;Cádiz;QUEROSENO AVIACIÓN;541
2024-12;Andalucía;Cádiz;OTROS QUEROSENOS;0
2024-12;Andalucía;Cádiz;GLP;4026
2024-12;Andalucía;Córdoba;BIODIESEL;28
2024-12;Andalucía;Córdoba;GASÓLEO A;32615
2024-12;Andalucía;Córdoba;GASÓLEO B;11019
2024-12;Andalucía;Córdoba;GASÓLEO C;902
2024-12;Andalucía;Córdoba;OTROS GASOLEOS;0
2024-12;Andalucía;Córdoba;BIOETANOL;0
2024-12;Andalucía;Córdoba;GASOLINA  AUTO. S/PB 95 I.O.;6146
2024-12;Andalucía;Córdoba;GASOLINA  AUTO. S/PB 98 I.O.;129
2024-12;Andalucía;Córdoba;OTRAS GASOLINAS;7
2024-12;Andalucía;Córdoba;FUELÓLEO  BIA;35
2024-12;Andalucía;Córdoba;OTROS FUELÓLEOS;0
2024-12;Andalucía;Córdoba;QUEROSENO AVIACIÓN;13
2024-12;Andalucía;Córdoba;OTROS QUEROSENOS;0
2024-12;Andalucía;Córdoba;GLP;2364
2024-12;Andalucía;Granada;BIODIESEL;20
2024-12;Andalucía;Granada;GASÓLEO A;34317
2024-12;Andalucía;Granada;GASÓLEO B;7224
2024-12;Andalucía;Granada;GASÓLEO C;4033
2024-12;Andalucía;Granada;OTROS GASOLEOS;318
2024-12;Andalucía;Granada;BIOETANOL;0
2024-12;Andalucía;Granada;GASOLINA  AUTO. S/PB 95 I.O.;9188
2024-12;Andalucía;Granada;GASOLINA  AUTO. S/PB 98 I.O.;442
2024-12;Andalucía;Granada;OTRAS GASOLINAS;3
2024-12;Andalucía;Granada;FUELÓLEO  BIA;103
2024-12;Andalucía;Granada;OTROS FUELÓLEOS;638
2024-12;Andalucía;Granada;QUEROSENO AVIACIÓN;831
2024-12;Andalucía;Granada;OTROS QUEROSENOS;0
2024-12;Andalucía;Granada;GLP;3752
2024-12;Andalucía;Huelva;BIODIESEL;46
2024-12;Andalucía;Huelva;GASÓLEO A;24137
2024-12;Andalucía;Huelva;GASÓLEO B;8661
2024-12;Andalucía;Huelva;GASÓLEO C;120
2024-12;Andalucía;Huelva;OTROS GASOLEOS;3201
2024-12;Andalucía;Huelva;BIOETANOL;0
2024-12;Andalucía;Huelva;GASOLINA  AUTO. S/PB 95 I.O.;5071
2024-12;Andalucía;Huelva;GASOLINA  AUTO. S/PB 98 I.O.;192
2024-12;Andalucía;Huelva;OTRAS GASOLINAS;0
2024-12;Andalucía;Huelva;FUELÓLEO  BIA;866
2024-12;Andalucía;Huelva;OTROS FUELÓLEOS;9272
2024-12;Andalucía;Huelva;QUEROSENO AVIACIÓN;0
2024-12;Andalucía;Huelva;OTROS QUEROSENOS;0
2024-12;Andalucía;Huelva;GLP;2790
2024-12;Andalucía;Jaén;BIODIESEL;54
2024-12;Andalucía;Jaén;GASÓLEO A;30814
2024-12;Andalucía;Jaén;GASÓLEO B;6942
2024-12;Andalucía;Jaén;GASÓLEO C;1732
2024-12;Andalucía;Jaén;OTROS GASOLEOS;0
2024-12;Andalucía;Jaén;BIOETANOL;0
2024-12;Andalucía;Jaén;GASOLINA  AUTO. S/PB 95 I.O.;6202
2024-12;Andalucía;Jaén;GASOLINA  AUTO. S/PB 98 I.O.;156
2024-12;Andalucía;Jaén;OTRAS GASOLINAS;0
2024-12;Andalucía;Jaén;FUELÓLEO  BIA;0
2024-12;Andalucía;Jaén;OTROS FUELÓLEOS;0
2024-12;Andalucía;Jaén;QUEROSENO AVIACIÓN;0
2024-12;Andalucía;Jaén;OTROS QUEROSENOS;0
2024-12;Andalucía;Jaén;GLP;1756
2024-12;Andalucía;Málaga;BIODIESEL;133
2024-12;Andalucía;Málaga;GASÓLEO A;47453
2024-12;Andalucía;Málaga;GASÓLEO B;4995
2024-12;Andalucía;Málaga;GASÓLEO C;425
2024-12;Andalucía;Málaga;OTROS GASOLEOS;761
2024-12;Andalucía;Málaga;BIOETANOL;0
2024-12;Andalucía;Málaga;GASOLINA  AUTO. S/PB 95 I.O.;18784
2024-12;Andalucía;Málaga;GASOLINA  AUTO. S/PB 98 I.O.;1187
2024-12;Andalucía;Málaga;OTRAS GASOLINAS;13
2024-12;Andalucía;Málaga;FUELÓLEO  BIA;102
2024-12;Andalucía;Málaga;OTROS FUELÓLEOS;989
2024-12;Andalucía;Málaga;QUEROSENO AVIACIÓN;31835
2024-12;Andalucía;Málaga;OTROS QUEROSENOS;0
2024-12;Andalucía;Málaga;GLP;5738
2024-12;Andalucía;Sevilla;BIODIESEL;45
2024-12;Andalucía;Sevilla;GASÓLEO A;56815
2024-12;Andalucía;Sevilla;GASÓLEO B;10420
2024-12;Andalucía;Sevilla;GASÓLEO C;673
2024-12;Andalucía;Sevilla;OTROS GASOLEOS;634
2024-12;Andalucía;Sevilla;BIOETANOL;0
2024-12;Andalucía;Sevilla;GASOLINA  AUTO. S/PB 95 I.O.;16761
2024-12;Andalucía;Sevilla;GASOLINA  AUTO. S/PB 98 I.O.;427
2024-12;Andalucía;Sevilla;OTRAS GASOLINAS;7
2024-12;Andalucía;Sevilla;FUELÓLEO  BIA;494
2024-12;Andalucía;Sevilla;OTROS FUELÓLEOS;160
2024-12;Andalucía;Sevilla;QUEROSENO AVIACIÓN;12644
2024-12;Andalucía;Sevilla;OTROS QUEROSENOS;0
2024-12;Andalucía;Sevilla;GLP;6093
2024-12;Aragón;Huesca;BIODIESEL;169
2024-12;Aragón;Huesca;GASÓLEO A;13894
2024-12;Aragón;Huesca;GASÓLEO B;10384
2024-12;Aragón;Huesca;GASÓLEO C;2157
2024-12;Aragón;Huesca;OTROS GASOLEOS;0
2024-12;Aragón;Huesca;BIOETANOL;0
2024-12;Aragón;Huesca;GASOLINA  AUTO. S/PB 95 I.O.;3273
2024-12;Aragón;Huesca;GASOLINA  AUTO. S/PB 98 I.O.;161
2024-12;Aragón;Huesca;OTRAS GASOLINAS;1
2024-12;Aragón;Huesca;FUELÓLEO  BIA;25
2024-12;Aragón;Huesca;OTROS FUELÓLEOS;0
2024-12;Aragón;Huesca;QUEROSENO AVIACIÓN;14
2024-12;Aragón;Huesca;OTROS QUEROSENOS;0
2024-12;Aragón;Huesca;GLP;2965
2024-12;Aragón;Teruel;BIODIESEL;84
2024-12;Aragón;Teruel;GASÓLEO A;9016
2024-12;Aragón;Teruel;GASÓLEO B;4604
2024-12;Aragón;Teruel;GASÓLEO C;2607
2024-12;Aragón;Teruel;OTROS GASOLEOS;0
2024-12;Aragón;Teruel;BIOETANOL;0
2024-12;Aragón;Teruel;GASOLINA  AUTO. S/PB 95 I.O.;1632
2024-12;Aragón;Teruel;GASOLINA  AUTO. S/PB 98 I.O.;68
2024-12;Aragón;Teruel;OTRAS GASOLINAS;0
2024-12;Aragón;Teruel;FUELÓLEO  BIA;70
2024-12;Aragón;Teruel;OTROS FUELÓLEOS;0
2024-12;Aragón;Teruel;QUEROSENO AVIACIÓN;252
2024-12;Aragón;Teruel;OTROS QUEROSENOS;0
2024-12;Aragón;Teruel;GLP;768
2024-12;Aragón;Zaragoza;BIODIESEL;1050
2024-12;Aragón;Zaragoza;GASÓLEO A;45926
2024-12;Aragón;Zaragoza;GASÓLEO B;12089
2024-12;Aragón;Zaragoza;GASÓLEO C;9272
2024-12;Aragón;Zaragoza;OTROS GASOLEOS;0
2024-12;Aragón;Zaragoza;BIOETANOL;0
2024-12;Aragón;Zaragoza;GASOLINA  AUTO. S/PB 95 I.O.;9768
2024-12;Aragón;Zaragoza;GASOLINA  AUTO. S/PB 98 I.O.;385
2024-12;Aragón;Zaragoza;OTRAS GASOLINAS;1
2024-12;Aragón;Zaragoza;FUELÓLEO  BIA;31
2024-12;Aragón;Zaragoza;OTROS FUELÓLEOS;0
2024-12;Aragón;Zaragoza;QUEROSENO AVIACIÓN;8777
2024-12;Aragón;Zaragoza;OTROS QUEROSENOS;0
2024-12;Aragón;Zaragoza;GLP;2684
2024-12;Asturias, Principado de;Asturias;BIODIESEL;161
2024-12;Asturias, Principado de;Asturias;GASÓLEO A;31725
2024-12;Asturias, Principado de;Asturias;GASÓLEO B;7121
2024-12;Asturias, Principado de;Asturias;GASÓLEO C;4116
2024-12;Asturias, Principado de;Asturias;OTROS GASOLEOS;2987
2024-12;Asturias, Principado de;Asturias;BIOETANOL;0
2024-12;Asturias, Principado de;Asturias;GASOLINA  AUTO. S/PB 95 I.O.;8729
2024-12;Asturias, Principado de;Asturias;GASOLINA  AUTO. S/PB 98 I.O.;519
2024-12;Asturias, Principado de;Asturias;OTRAS GASOLINAS;1
2024-12;Asturias, Principado de;Asturias;FUELÓLEO  BIA;1499
2024-12;Asturias, Principado de;Asturias;OTROS FUELÓLEOS;261
2024-12;Asturias, Principado de;Asturias;QUEROSENO AVIACIÓN;1266
2024-12;Asturias, Principado de;Asturias;OTROS QUEROSENOS;0
2024-12;Asturias, Principado de;Asturias;GLP;2967
2024-12;Balears, Illes;Balears, Illes;BIODIESEL;0
2024-12;Balears, Illes;Balears, Illes;GASÓLEO A;22304
2024-12;Balears, Illes;Balears, Illes;GASÓLEO B;3713
2024-12;Balears, Illes;Balears, Illes;GASÓLEO C;12282
2024-12;Balears, Illes;Balears, Illes;OTROS GASOLEOS;1690
2024-12;Balears, Illes;Balears, Illes;BIOETANOL;0
2024-12;Balears, Illes;Balears, Illes;GASOLINA  AUTO. S/PB 95 I.O.;15662
2024-12;Balears, Illes;Balears, Illes;GASOLINA  AUTO. S/PB 98 I.O.;856
2024-12;Balears, Illes;Balears, Illes;OTRAS GASOLINAS;22
2024-12;Balears, Illes;Balears, Illes;FUELÓLEO  BIA;0
2024-12;Balears, Illes;Balears, Illes;OTROS FUELÓLEOS;0
2024-12;Balears, Illes;Balears, Illes;QUEROSENO AVIACIÓN;16069
2024-12;Balears, Illes;Balears, Illes;OTROS QUEROSENOS;0
2024-12;Balears, Illes;Balears, Illes;GLP;4232
2024-12;Canarias;Palmas, Las;BIODIESEL;111
2024-12;Canarias;Palmas, Las;GASÓLEO A;27599
2024-12;Canarias;Palmas, Las;GASÓLEO B;0
2024-12;Canarias;Palmas, Las;GASÓLEO C;0
2024-12;Canarias;Palmas, Las;OTROS GASOLEOS;93031
2024-12;Canarias;Palmas, Las;BIOETANOL;0
2024-12;Canarias;Palmas, Las;GASOLINA  AUTO. S/PB 95 I.O.;19716
2024-12;Canarias;Palmas, Las;GASOLINA  AUTO. S/PB 98 I.O.;3742
2024-12;Canarias;Palmas, Las;OTRAS GASOLINAS;1
2024-12;Canarias;Palmas, Las;FUELÓLEO  BIA;138534
2024-12;Canarias;Palmas, Las;OTROS FUELÓLEOS;63372
2024-12;Canarias;Palmas, Las;QUEROSENO AVIACIÓN;63987
2024-12;Canarias;Palmas, Las;OTROS QUEROSENOS;0
2024-12;Canarias;Palmas, Las;GLP;3408
2024-12;Canarias;Santa Cruz de Tenerife;BIODIESEL;0
2024-12;Canarias;Santa Cruz de Tenerife;GASÓLEO A;26934
2024-12;Canarias;Santa Cruz de Tenerife;GASÓLEO B;0
2024-12;Canarias;Santa Cruz de Tenerife;GASÓLEO C;0
2024-12;Canarias;Santa Cruz de Tenerife;OTROS GASOLEOS;58418
2024-12;Canarias;Santa Cruz de Tenerife;BIOETANOL;0
2024-12;Canarias;Santa Cruz de Tenerife;GASOLINA  AUTO. S/PB 95 I.O.;18606
2024-12;Canarias;Santa Cruz de Tenerife;GASOLINA  AUTO. S/PB 98 I.O.;5196
2024-12;Canarias;Santa Cruz de Tenerife;OTRAS GASOLINAS;1
2024-12;Canarias;Santa Cruz de Tenerife;FUELÓLEO  BIA;22342
2024-12;Canarias;Santa Cruz de Tenerife;OTROS FUELÓLEOS;21802
2024-12;Canarias;Santa Cruz de Tenerife;QUEROSENO AVIACIÓN;59184
2024-12;Canarias;Santa Cruz de Tenerife;OTROS QUEROSENOS;0
2024-12;Canarias;Santa Cruz de Tenerife;GLP;4097
2024-12;Cantabria;Cantabria;BIODIESEL;718
2024-12;Cantabria;Cantabria;GASÓLEO A;23191
2024-12;Cantabria;Cantabria;GASÓLEO B;5170
2024-12;Cantabria;Cantabria;GASÓLEO C;329
2024-12;Cantabria;Cantabria;OTROS GASOLEOS;590
2024-12;Cantabria;Cantabria;BIOETANOL;0
2024-12;Cantabria;Cantabria;GASOLINA  AUTO. S/PB 95 I.O.;6753
2024-12;Cantabria;Cantabria;GASOLINA  AUTO. S/PB 98 I.O.;282
2024-12;Cantabria;Cantabria;OTRAS GASOLINAS;0
2024-12;Cantabria;Cantabria;FUELÓLEO  BIA;162
2024-12;Cantabria;Cantabria;OTROS FUELÓLEOS;77
2024-12;Cantabria;Cantabria;QUEROSENO AVIACIÓN;568
2024-12;Cantabria;Cantabria;OTROS QUEROSENOS;0
2024-12;Cantabria;Cantabria;GLP;2182
2024-12;Castilla - La Mancha;Albacete;BIODIESEL;148
2024-12;Castilla - La Mancha;Albacete;GASÓLEO A;19359
2024-12;Castilla - La Mancha;Albacete;GASÓLEO B;6236
2024-12;Castilla - La Mancha;Albacete;GASÓLEO C;2898
2024-12;Castilla - La Mancha;Albacete;OTROS GASOLEOS;0
2024-12;Castilla - La Mancha;Albacete;BIOETANOL;0
2024-12;Castilla - La Mancha;Albacete;GASOLINA  AUTO. S/PB 95 I.O.;3643
2024-12;Castilla - La Mancha;Albacete;GASOLINA  AUTO. S/PB 98 I.O.;176
2024-12;Castilla - La Mancha;Albacete;OTRAS GASOLINAS;0
2024-12;Castilla - La Mancha;Albacete;FUELÓLEO  BIA;49
2024-12;Castilla - La Mancha;Albacete;OTROS FUELÓLEOS;0
2024-12;Castilla - La Mancha;Albacete;QUEROSENO AVIACIÓN;49
2024-12;Castilla - La Mancha;Albacete;OTROS QUEROSENOS;0
2024-12;Castilla - La Mancha;Albacete;GLP;1453
2024-12;Castilla - La Mancha;Ciudad Real;BIODIESEL;205
2024-12;Castilla - La Mancha;Ciudad Real;GASÓLEO A;27583
2024-12;Castilla - La Mancha;Ciudad Real;GASÓLEO B;9858
2024-12;Castilla - La Mancha;Ciudad Real;GASÓLEO C;3738
2024-12;Castilla - La Mancha;Ciudad Real;OTROS GASOLEOS;0
2024-12;Castilla - La Mancha;Ciudad Real;BIOETANOL;0
2024-12;Castilla - La Mancha;Ciudad Real;GASOLINA  AUTO. S/PB 95 I.O.;4630
2024-12;Castilla - La Mancha;Ciudad Real;GASOLINA  AUTO. S/PB 98 I.O.;159
2024-12;Castilla - La Mancha;Ciudad Real;OTRAS GASOLINAS;0
2024-12;Castilla - La Mancha;Ciudad Real;FUELÓLEO  BIA;35
2024-12;Castilla - La Mancha;Ciudad Real;OTROS FUELÓLEOS;0
2024-12;Castilla - La Mancha;Ciudad Real;QUEROSENO AVIACIÓN;0
2024-12;Castilla - La Mancha;Ciudad Real;OTROS QUEROSENOS;0
2024-12;Castilla - La Mancha;Ciudad Real;GLP;1550
2024-12;Castilla - La Mancha;Cuenca;BIODIESEL;121
2024-12;Castilla - La Mancha;Cuenca;GASÓLEO A;15100
2024-12;Castilla - La Mancha;Cuenca;GASÓLEO B;9801
2024-12;Castilla - La Mancha;Cuenca;GASÓLEO C;1931
2024-12;Castilla - La Mancha;Cuenca;OTROS GASOLEOS;0
2024-12;Castilla - La Mancha;Cuenca;BIOETANOL;0
2024-12;Castilla - La Mancha;Cuenca;GASOLINA  AUTO. S/PB 95 I.O.;2683
2024-12;Castilla - La Mancha;Cuenca;GASOLINA  AUTO. S/PB 98 I.O.;103
2024-12;Castilla - La Mancha;Cuenca;OTRAS GASOLINAS;0
2024-12;Castilla - La Mancha;Cuenca;FUELÓLEO  BIA;0
2024-12;Castilla - La Mancha;Cuenca;OTROS FUELÓLEOS;0
2024-12;Castilla - La Mancha;Cuenca;QUEROSENO AVIACIÓN;10
2024-12;Castilla - La Mancha;Cuenca;OTROS QUEROSENOS;0
2024-12;Castilla - La Mancha;Cuenca;GLP;1084
2024-12;Castilla - La Mancha;Guadalajara;BIODIESEL;264
2024-12;Castilla - La Mancha;Guadalajara;GASÓLEO A;13135
2024-12;Castilla - La Mancha;Guadalajara;GASÓLEO B;5176
2024-12;Castilla - La Mancha;Guadalajara;GASÓLEO C;3153
2024-12;Castilla - La Mancha;Guadalajara;OTROS GASOLEOS;0
2024-12;Castilla - La Mancha;Guadalajara;BIOETANOL;0
2024-12;Castilla - La Mancha;Guadalajara;GASOLINA  AUTO. S/PB 95 I.O.;3586
2024-12;Castilla - La Mancha;Guadalajara;GASOLINA  AUTO. S/PB 98 I.O.;123
2024-12;Castilla - La Mancha;Guadalajara;OTRAS GASOLINAS;0
2024-12;Castilla - La Mancha;Guadalajara;FUELÓLEO  BIA;27
2024-12;Castilla - La Mancha;Guadalajara;OTROS FUELÓLEOS;0
2024-12;Castilla - La Mancha;Guadalajara;QUEROSENO AVIACIÓN;0
2024-12;Castilla - La Mancha;Guadalajara;OTROS QUEROSENOS;0
2024-12;Castilla - La Mancha;Guadalajara;GLP;798
2024-12;Castilla - La Mancha;Toledo;BIODIESEL;423
2024-12;Castilla - La Mancha;Toledo;GASÓLEO A;36723
2024-12;Castilla - La Mancha;Toledo;GASÓLEO B;16014
2024-12;Castilla - La Mancha;Toledo;GASÓLEO C;7339
2024-12;Castilla - La Mancha;Toledo;OTROS GASOLEOS;0
2024-12;Castilla - La Mancha;Toledo;BIOETANOL;0
2024-12;Castilla - La Mancha;Toledo;GASOLINA  AUTO. S/PB 95 I.O.;8650
2024-12;Castilla - La Mancha;Toledo;GASOLINA  AUTO. S/PB 98 I.O.;318
2024-12;Castilla - La Mancha;Toledo;OTRAS GASOLINAS;12
2024-12;Castilla - La Mancha;Toledo;FUELÓLEO  BIA;168
2024-12;Castilla - La Mancha;Toledo;OTROS FUELÓLEOS;0
2024-12;Castilla - La Mancha;Toledo;QUEROSENO AVIACIÓN;10
2024-12;Castilla - La Mancha;Toledo;OTROS QUEROSENOS;0
2024-12;Castilla - La Mancha;Toledo;GLP;2810
2024-12;Castilla y León;Ávila;BIODIESEL;50
2024-12;Castilla y León;Ávila;GASÓLEO A;7203
2024-12;Castilla y León;Ávila;GASÓLEO B;3750
2024-12;Castilla y León;Ávila;GASÓLEO C;1740
2024-12;Castilla y León;Ávila;OTROS GASOLEOS;0
2024-12;Castilla y León;Ávila;BIOETANOL;0
2024-12;Castilla y León;Ávila;GASOLINA  AUTO. S/PB 95 I.O.;1987
2024-12;Castilla y León;Ávila;GASOLINA  AUTO. S/PB 98 I.O.;81
2024-12;Castilla y León;Ávila;OTRAS GASOLINAS;0
2024-12;Castilla y León;Ávila;FUELÓLEO  BIA;0
2024-12;Castilla y León;Ávila;OTROS FUELÓLEOS;0
2024-12;Castilla y León;Ávila;QUEROSENO AVIACIÓN;0
2024-12;Castilla y León;Ávila;OTROS QUEROSENOS;0
2024-12;Castilla y León;Ávila;GLP;965
2024-12;Castilla y León;Burgos;BIODIESEL;86
2024-12;Castilla y León;Burgos;GASÓLEO A;20934
2024-12;Castilla y León;Burgos;GASÓLEO B;8904
2024-12;Castilla y León;Burgos;GASÓLEO C;1639
2024-12;Castilla y León;Burgos;OTROS GASOLEOS;0
2024-12;Castilla y León;Burgos;BIOETANOL;0
2024-12;Castilla y León;Burgos;GASOLINA  AUTO. S/PB 95 I.O.;4969
2024-12;Castilla y León;Burgos;GASOLINA  AUTO. S/PB 98 I.O.;285
2024-12;Castilla y León;Burgos;OTRAS GASOLINAS;9
2024-12;Castilla y León;Burgos;FUELÓLEO  BIA;24
2024-12;Castilla y León;Burgos;OTROS FUELÓLEOS;0
2024-12;Castilla y León;Burgos;QUEROSENO AVIACIÓN;2
2024-12;Castilla y León;Burgos;OTROS QUEROSENOS;0
2024-12;Castilla y León;Burgos;GLP;1103
2024-12;Castilla y León;León;BIODIESEL;29
2024-12;Castilla y León;León;GASÓLEO A;23137
2024-12;Castilla y León;León;GASÓLEO B;11195
2024-12;Castilla y León;León;GASÓLEO C;6827
2024-12;Castilla y León;León;OTROS GASOLEOS;0
2024-12;Castilla y León;León;BIOETANOL;0
2024-12;Castilla y León;León;GASOLINA  AUTO. S/PB 95 I.O.;5167
2024-12;Castilla y León;León;GASOLINA  AUTO. S/PB 98 I.O.;276
2024-12;Castilla y León;León;OTRAS GASOLINAS;0
2024-12;Castilla y León;León;FUELÓLEO  BIA;135
2024-12;Castilla y León;León;OTROS FUELÓLEOS;0
2024-12;Castilla y León;León;QUEROSENO AVIACIÓN;17
2024-12;Castilla y León;León;OTROS QUEROSENOS;0
2024-12;Castilla y León;León;GLP;3168
2024-12;Castilla y León;Palencia;BIODIESEL;67
2024-12;Castilla y León;Palencia;GASÓLEO A;8979
2024-12;Castilla y León;Palencia;GASÓLEO B;6554
2024-12;Castilla y León;Palencia;GASÓLEO C;1169
2024-12;Castilla y León;Palencia;OTROS GASOLEOS;0
2024-12;Castilla y León;Palencia;BIOETANOL;0
2024-12;Castilla y León;Palencia;GASOLINA  AUTO. S/PB 95 I.O.;1671
2024-12;Castilla y León;Palencia;GASOLINA  AUTO. S/PB 98 I.O.;88
2024-12;Castilla y León;Palencia;OTRAS GASOLINAS;0
2024-12;Castilla y León;Palencia;FUELÓLEO  BIA;0
2024-12;Castilla y León;Palencia;OTROS FUELÓLEOS;0
2024-12;Castilla y León;Palencia;QUEROSENO AVIACIÓN;0
2024-12;Castilla y León;Palencia;OTROS QUEROSENOS;0
2024-12;Castilla y León;Palencia;GLP;599
2024-12;Castilla y León;Salamanca;BIODIESEL;44
2024-12;Castilla y León;Salamanca;GASÓLEO A;20062
2024-12;Castilla y León;Salamanca;GASÓLEO B;6081
2024-12;Castilla y León;Salamanca;GASÓLEO C;4348
2024-12;Castilla y León;Salamanca;OTROS GASOLEOS;0
2024-12;Castilla y León;Salamanca;BIOETANOL;0
2024-12;Castilla y León;Salamanca;GASOLINA  AUTO. S/PB 95 I.O.;3335
2024-12;Castilla y León;Salamanca;GASOLINA  AUTO. S/PB 98 I.O.;167
2024-12;Castilla y León;Salamanca;OTRAS GASOLINAS;10
2024-12;Castilla y León;Salamanca;FUELÓLEO  BIA;0
2024-12;Castilla y León;Salamanca;OTROS FUELÓLEOS;0
2024-12;Castilla y León;Salamanca;QUEROSENO AVIACIÓN;24
2024-12;Castilla y León;Salamanca;OTROS QUEROSENOS;0
2024-12;Castilla y León;Salamanca;GLP;1350
2024-12;Castilla y León;Segovia;BIODIESEL;94
2024-12;Castilla y León;Segovia;GASÓLEO A;9419
2024-12;Castilla y León;Segovia;GASÓLEO B;4846
2024-12;Castilla y León;Segovia;GASÓLEO C;2883
2024-12;Castilla y León;Segovia;OTROS GASOLEOS;0
2024-12;Castilla y León;Segovia;BIOETANOL;0
2024-12;Castilla y León;Segovia;GASOLINA  AUTO. S/PB 95 I.O.;2406
2024-12;Castilla y León;Segovia;GASOLINA  AUTO. S/PB 98 I.O.;102
2024-12;Castilla y León;Segovia;OTRAS GASOLINAS;0
2024-12;Castilla y León;Segovia;FUELÓLEO  BIA;25
2024-12;Castilla y León;Segovia;OTROS FUELÓLEOS;0
2024-12;Castilla y León;Segovia;QUEROSENO AVIACIÓN;0
2024-12;Castilla y León;Segovia;OTROS QUEROSENOS;0
2024-12;Castilla y León;Segovia;GLP;990
2024-12;Castilla y León;Soria;BIODIESEL;46
2024-12;Castilla y León;Soria;GASÓLEO A;5289
2024-12;Castilla y León;Soria;GASÓLEO B;3319
2024-12;Castilla y León;Soria;GASÓLEO C;1222
2024-12;Castilla y León;Soria;OTROS GASOLEOS;0
2024-12;Castilla y León;Soria;BIOETANOL;0
2024-12;Castilla y León;Soria;GASOLINA  AUTO. S/PB 95 I.O.;1234
2024-12;Castilla y León;Soria;GASOLINA  AUTO. S/PB 98 I.O.;72
2024-12;Castilla y León;Soria;OTRAS GASOLINAS;17
2024-12;Castilla y León;Soria;FUELÓLEO  BIA;0
2024-12;Castilla y León;Soria;OTROS FUELÓLEOS;0
2024-12;Castilla y León;Soria;QUEROSENO AVIACIÓN;0
2024-12;Castilla y León;Soria;OTROS QUEROSENOS;0
2024-12;Castilla y León;Soria;GLP;331
2024-12;Castilla y León;Valladolid;BIODIESEL;104
2024-12;Castilla y León;Valladolid;GASÓLEO A;20690
2024-12;Castilla y León;Valladolid;GASÓLEO B;7482
2024-12;Castilla y León;Valladolid;GASÓLEO C;3395
2024-12;Castilla y León;Valladolid;OTROS GASOLEOS;0
2024-12;Castilla y León;Valladolid;BIOETANOL;0
2024-12;Castilla y León;Valladolid;GASOLINA  AUTO. S/PB 95 I.O.;5455
2024-12;Castilla y León;Valladolid;GASOLINA  AUTO. S/PB 98 I.O.;258
2024-12;Castilla y León;Valladolid;OTRAS GASOLINAS;2
2024-12;Castilla y León;Valladolid;FUELÓLEO  BIA;72
2024-12;Castilla y León;Valladolid;OTROS FUELÓLEOS;0
2024-12;Castilla y León;Valladolid;QUEROSENO AVIACIÓN;144
2024-12;Castilla y León;Valladolid;OTROS QUEROSENOS;0
2024-12;Castilla y León;Valladolid;GLP;1151
2024-12;Castilla y León;Zamora;BIODIESEL;13
2024-12;Castilla y León;Zamora;GASÓLEO A;16341
2024-12;Castilla y León;Zamora;GASÓLEO B;6642
2024-12;Castilla y León;Zamora;GASÓLEO C;1129
2024-12;Castilla y León;Zamora;OTROS GASOLEOS;0
2024-12;Castilla y León;Zamora;BIOETANOL;0
2024-12;Castilla y León;Zamora;GASOLINA  AUTO. S/PB 95 I.O.;2101
2024-12;Castilla y León;Zamora;GASOLINA  AUTO. S/PB 98 I.O.;141
2024-12;Castilla y León;Zamora;OTRAS GASOLINAS;0
2024-12;Castilla y León;Zamora;FUELÓLEO  BIA;0
2024-12;Castilla y León;Zamora;OTROS FUELÓLEOS;0
2024-12;Castilla y León;Zamora;QUEROSENO AVIACIÓN;0
2024-12;Castilla y León;Zamora;OTROS QUEROSENOS;0
2024-12;Castilla y León;Zamora;GLP;880
2024-12;Cataluña;Barcelona;BIODIESEL;1347
2024-12;Cataluña;Barcelona;GASÓLEO A;120657
2024-12;Cataluña;Barcelona;GASÓLEO B;23497
2024-12;Cataluña;Barcelona;GASÓLEO C;5963
2024-12;Cataluña;Barcelona;OTROS GASOLEOS;15864
2024-12;Cataluña;Barcelona;BIOETANOL;0
2024-12;Cataluña;Barcelona;GASOLINA  AUTO. S/PB 95 I.O.;61225
2024-12;Cataluña;Barcelona;GASOLINA  AUTO. S/PB 98 I.O.;2848
2024-12;Cataluña;Barcelona;OTRAS GASOLINAS;61
2024-12;Cataluña;Barcelona;FUELÓLEO  BIA;21313
2024-12;Cataluña;Barcelona;OTROS FUELÓLEOS;73219
2024-12;Cataluña;Barcelona;QUEROSENO AVIACIÓN;97866
2024-12;Cataluña;Barcelona;OTROS QUEROSENOS;0
2024-12;Cataluña;Barcelona;GLP;8075
2024-12;Cataluña;Girona;BIODIESEL;700
2024-12;Cataluña;Girona;GASÓLEO A;108192
2024-12;Cataluña;Girona;GASÓLEO B;7595
2024-12;Cataluña;Girona;GASÓLEO C;4217
2024-12;Cataluña;Girona;OTROS GASOLEOS;289
2024-12;Cataluña;Girona;BIOETANOL;0
2024-12;Cataluña;Girona;GASOLINA  AUTO. S/PB 95 I.O.;14134
2024-12;Cataluña;Girona;GASOLINA  AUTO. S/PB 98 I.O.;745
2024-12;Cataluña;Girona;OTRAS GASOLINAS;3
2024-12;Cataluña;Girona;FUELÓLEO  BIA;79
2024-12;Cataluña;Girona;OTROS FUELÓLEOS;0
2024-12;Cataluña;Girona;QUEROSENO AVIACIÓN;901
2024-12;Cataluña;Girona;OTROS QUEROSENOS;0
2024-12;Cataluña;Girona;GLP;4176
2024-12;Cataluña;Lleida;BIODIESEL;49
2024-12;Cataluña;Lleida;GASÓLEO A;25293
2024-12;Cataluña;Lleida;GASÓLEO B;10928
2024-12;Cataluña;Lleida;GASÓLEO C;1925
2024-12;Cataluña;Lleida;OTROS GASOLEOS;0
2024-12;Cataluña;Lleida;BIOETANOL;0
2024-12;Cataluña;Lleida;GASOLINA  AUTO. S/PB 95 I.O.;5717
2024-12;Cataluña;Lleida;GASOLINA  AUTO. S/PB 98 I.O.;318
2024-12;Cataluña;Lleida;OTRAS GASOLINAS;9
2024-12;Cataluña;Lleida;FUELÓLEO  BIA;93
2024-12;Cataluña;Lleida;OTROS FUELÓLEOS;0
2024-12;Cataluña;Lleida;QUEROSENO AVIACIÓN;38
2024-12;Cataluña;Lleida;OTROS QUEROSENOS;0
2024-12;Cataluña;Lleida;GLP;4012
2024-12;Cataluña;Tarragona;BIODIESEL;80
2024-12;Cataluña;Tarragona;GASÓLEO A;32803
2024-12;Cataluña;Tarragona;GASÓLEO B;6390
2024-12;Cataluña;Tarragona;GASÓLEO C;869
2024-12;Cataluña;Tarragona;OTROS GASOLEOS;2217
2024-12;Cataluña;Tarragona;BIOETANOL;0
2024-12;Cataluña;Tarragona;GASOLINA  AUTO. S/PB 95 I.O.;11654
2024-12;Cataluña;Tarragona;GASOLINA  AUTO. S/PB 98 I.O.;477
2024-12;Cataluña;Tarragona;OTRAS GASOLINAS;7
2024-12;Cataluña;Tarragona;FUELÓLEO  BIA;0
2024-12;Cataluña;Tarragona;OTROS FUELÓLEOS;25
2024-12;Cataluña;Tarragona;QUEROSENO AVIACIÓN;93
2024-12;Cataluña;Tarragona;OTROS QUEROSENOS;0
2024-12;Cataluña;Tarragona;GLP;12126
2024-12;Ceuta;Ceuta;BIODIESEL;0
2024-12;Ceuta;Ceuta;GASÓLEO A;1113
2024-12;Ceuta;Ceuta;GASÓLEO B;0
2024-12;Ceuta;Ceuta;GASÓLEO C;27
2024-12;Ceuta;Ceuta;OTROS GASOLEOS;9116
2024-12;Ceuta;Ceuta;BIOETANOL;0
2024-12;Ceuta;Ceuta;GASOLINA  AUTO. S/PB 95 I.O.;541
2024-12;Ceuta;Ceuta;GASOLINA  AUTO. S/PB 98 I.O.;57
2024-12;Ceuta;Ceuta;OTRAS GASOLINAS;0
2024-12;Ceuta;Ceuta;FUELÓLEO  BIA;2396
2024-12;Ceuta;Ceuta;OTROS FUELÓLEOS;10804
2024-12;Ceuta;Ceuta;QUEROSENO AVIACIÓN;27
2024-12;Ceuta;Ceuta;OTROS QUEROSENOS;0
2024-12;Ceuta;Ceuta;GLP;224
2024-12;Comunitat Valenciana;Alicante/Alacant;BIODIESEL;314
2024-12;Comunitat Valenciana;Alicante/Alacant;GASÓLEO A;51462
2024-12;Comunitat Valenciana;Alicante/Alacant;GASÓLEO B;4811
2024-12;Comunitat Valenciana;Alicante/Alacant;GASÓLEO C;2986
2024-12;Comunitat Valenciana;Alicante/Alacant;OTROS GASOLEOS;1559
2024-12;Comunitat Valenciana;Alicante/Alacant;BIOETANOL;0
2024-12;Comunitat Valenciana;Alicante/Alacant;GASOLINA  AUTO. S/PB 95 I.O.;23037
2024-12;Comunitat Valenciana;Alicante/Alacant;GASOLINA  AUTO. S/PB 98 I.O.;1030
2024-12;Comunitat Valenciana;Alicante/Alacant;OTRAS GASOLINAS;0
2024-12;Comunitat Valenciana;Alicante/Alacant;FUELÓLEO  BIA;114
2024-12;Comunitat Valenciana;Alicante/Alacant;OTROS FUELÓLEOS;78
2024-12;Comunitat Valenciana;Alicante/Alacant;QUEROSENO AVIACIÓN;23558
2024-12;Comunitat Valenciana;Alicante/Alacant;OTROS QUEROSENOS;0
2024-12;Comunitat Valenciana;Alicante/Alacant;GLP;7843
2024-12;Comunitat Valenciana;Castellón/Castelló;BIODIESEL;25
2024-12;Comunitat Valenciana;Castellón/Castelló;GASÓLEO A;21406
2024-12;Comunitat Valenciana;Castellón/Castelló;GASÓLEO B;1824
2024-12;Comunitat Valenciana;Castellón/Castelló;GASÓLEO C;962
2024-12;Comunitat Valenciana;Castellón/Castelló;OTROS GASOLEOS;9717
2024-12;Comunitat Valenciana;Castellón/Castelló;BIOETANOL;0
2024-12;Comunitat Valenciana;Castellón/Castelló;GASOLINA  AUTO. S/PB 95 I.O.;7251
2024-12;Comunitat Valenciana;Castellón/Castelló;GASOLINA  AUTO. S/PB 98 I.O.;320
2024-12;Comunitat Valenciana;Castellón/Castelló;OTRAS GASOLINAS;12
2024-12;Comunitat Valenciana;Castellón/Castelló;FUELÓLEO  BIA;133
2024-12;Comunitat Valenciana;Castellón/Castelló;OTROS FUELÓLEOS;150
2024-12;Comunitat Valenciana;Castellón/Castelló;QUEROSENO AVIACIÓN;187
2024-12;Comunitat Valenciana;Castellón/Castelló;OTROS QUEROSENOS;0
2024-12;Comunitat Valenciana;Castellón/Castelló;GLP;2236
2024-12;Comunitat Valenciana;Valencia/València;BIODIESEL;210
2024-12;Comunitat Valenciana;Valencia/València;GASÓLEO A;92728
2024-12;Comunitat Valenciana;Valencia/València;GASÓLEO B;11570
2024-12;Comunitat Valenciana;Valencia/València;GASÓLEO C;1989
2024-12;Comunitat Valenciana;Valencia/València;OTROS GASOLEOS;2167
2024-12;Comunitat Valenciana;Valencia/València;BIOETANOL;0
2024-12;Comunitat Valenciana;Valencia/València;GASOLINA  AUTO. S/PB 95 I.O.;27869
2024-12;Comunitat Valenciana;Valencia/València;GASOLINA  AUTO. S/PB 98 I.O.;1073
2024-12;Comunitat Valenciana;Valencia/València;OTRAS GASOLINAS;0
2024-12;Comunitat Valenciana;Valencia/València;FUELÓLEO  BIA;49
2024-12;Comunitat Valenciana;Valencia/València;OTROS FUELÓLEOS;3111
2024-12;Comunitat Valenciana;Valencia/València;QUEROSENO AVIACIÓN;12861
2024-12;Comunitat Valenciana;Valencia/València;OTROS QUEROSENOS;0
2024-12;Comunitat Valenciana;Valencia/València;GLP;6695
2024-12;Extremadura;Badajoz;BIODIESEL;86
2024-12;Extremadura;Badajoz;GASÓLEO A;36829
2024-12;Extremadura;Badajoz;GASÓLEO B;8991
2024-12;Extremadura;Badajoz;GASÓLEO C;898
2024-12;Extremadura;Badajoz;OTROS GASOLEOS;0
2024-12;Extremadura;Badajoz;BIOETANOL;0
2024-12;Extremadura;Badajoz;GASOLINA  AUTO. S/PB 95 I.O.;5871
2024-12;Extremadura;Badajoz;GASOLINA  AUTO. S/PB 98 I.O.;194
2024-12;Extremadura;Badajoz;OTRAS GASOLINAS;1
2024-12;Extremadura;Badajoz;FUELÓLEO  BIA;105
2024-12;Extremadura;Badajoz;OTROS FUELÓLEOS;0
2024-12;Extremadura;Badajoz;QUEROSENO AVIACIÓN;59
2024-12;Extremadura;Badajoz;OTROS QUEROSENOS;0
2024-12;Extremadura;Badajoz;GLP;3493
2024-12;Extremadura;Cáceres;BIODIESEL;23
2024-12;Extremadura;Cáceres;GASÓLEO A;17715
2024-12;Extremadura;Cáceres;GASÓLEO B;3811
2024-12;Extremadura;Cáceres;GASÓLEO C;1145
2024-12;Extremadura;Cáceres;OTROS GASOLEOS;0
2024-12;Extremadura;Cáceres;BIOETANOL;0
2024-12;Extremadura;Cáceres;GASOLINA  AUTO. S/PB 95 I.O.;3919
2024-12;Extremadura;Cáceres;GASOLINA  AUTO. S/PB 98 I.O.;127
2024-12;Extremadura;Cáceres;OTRAS GASOLINAS;0
2024-12;Extremadura;Cáceres;FUELÓLEO  BIA;161
2024-12;Extremadura;Cáceres;OTROS FUELÓLEOS;0
2024-12;Extremadura;Cáceres;QUEROSENO AVIACIÓN;5
2024-12;Extremadura;Cáceres;OTROS QUEROSENOS;0
2024-12;Extremadura;Cáceres;GLP;2027
2024-12;Galicia;Coruña, A;BIODIESEL;107
2024-12;Galicia;Coruña, A;GASÓLEO A;41974
2024-12;Galicia;Coruña, A;GASÓLEO B;8005
2024-12;Galicia;Coruña, A;GASÓLEO C;6393
2024-12;Galicia;Coruña, A;OTROS GASOLEOS;3665
2024-12;Galicia;Coruña, A;BIOETANOL;0
2024-12;Galicia;Coruña, A;GASOLINA  AUTO. S/PB 95 I.O.;10663
2024-12;Galicia;Coruña, A;GASOLINA  AUTO. S/PB 98 I.O.;483
2024-12;Galicia;Coruña, A;OTRAS GASOLINAS;4
2024-12;Galicia;Coruña, A;FUELÓLEO  BIA;5926
2024-12;Galicia;Coruña, A;OTROS FUELÓLEOS;621
2024-12;Galicia;Coruña, A;QUEROSENO AVIACIÓN;3629
2024-12;Galicia;Coruña, A;OTROS QUEROSENOS;0
2024-12;Galicia;Coruña, A;GLP;4637
2024-12;Galicia;Lugo;BIODIESEL;24
2024-12;Galicia;Lugo;GASÓLEO A;17318
2024-12;Galicia;Lugo;GASÓLEO B;4544
2024-12;Galicia;Lugo;GASÓLEO C;4567
2024-12;Galicia;Lugo;OTROS GASOLEOS;1446
2024-12;Galicia;Lugo;BIOETANOL;0
2024-12;Galicia;Lugo;GASOLINA  AUTO. S/PB 95 I.O.;2897
2024-12;Galicia;Lugo;GASOLINA  AUTO. S/PB 98 I.O.;126
2024-12;Galicia;Lugo;OTRAS GASOLINAS;0
2024-12;Galicia;Lugo;FUELÓLEO  BIA;0
2024-12;Galicia;Lugo;OTROS FUELÓLEOS;0
2024-12;Galicia;Lugo;QUEROSENO AVIACIÓN;0
2024-12;Galicia;Lugo;OTROS QUEROSENOS;0
2024-12;Galicia;Lugo;GLP;2192
2024-12;Galicia;Ourense;BIODIESEL;0
2024-12;Galicia;Ourense;GASÓLEO A;13896
2024-12;Galicia;Ourense;GASÓLEO B;1989
2024-12;Galicia;Ourense;GASÓLEO C;6043
2024-12;Galicia;Ourense;OTROS GASOLEOS;28
2024-12;Galicia;Ourense;BIOETANOL;0
2024-12;Galicia;Ourense;GASOLINA  AUTO. S/PB 95 I.O.;2895
2024-12;Galicia;Ourense;GASOLINA  AUTO. S/PB 98 I.O.;223
2024-12;Galicia;Ourense;OTRAS GASOLINAS;0
2024-12;Galicia;Ourense;FUELÓLEO  BIA;80
2024-12;Galicia;Ourense;OTROS FUELÓLEOS;0
2024-12;Galicia;Ourense;QUEROSENO AVIACIÓN;7
2024-12;Galicia;Ourense;OTROS QUEROSENOS;0
2024-12;Galicia;Ourense;GLP;1936
2024-12;Galicia;Pontevedra;BIODIESEL;29
2024-12;Galicia;Pontevedra;GASÓLEO A;37576
2024-12;Galicia;Pontevedra;GASÓLEO B;6350
2024-12;Galicia;Pontevedra;GASÓLEO C;6862
2024-12;Galicia;Pontevedra;OTROS GASOLEOS;8281
2024-12;Galicia;Pontevedra;BIOETANOL;0
2024-12;Galicia;Pontevedra;GASOLINA  AUTO. S/PB 95 I.O.;8842
2024-12;Galicia;Pontevedra;GASOLINA  AUTO. S/PB 98 I.O.;506
2024-12;Galicia;Pontevedra;OTRAS GASOLINAS;1
2024-12;Galicia;Pontevedra;FUELÓLEO  BIA;372
2024-12;Galicia;Pontevedra;OTROS FUELÓLEOS;407
2024-12;Galicia;Pontevedra;QUEROSENO AVIACIÓN;431
2024-12;Galicia;Pontevedra;OTROS QUEROSENOS;0
2024-12;Galicia;Pontevedra;GLP;3980
2024-12;Madrid, Comunidad de;Madrid;BIODIESEL;2067
2024-12;Madrid, Comunidad de;Madrid;GASÓLEO A;144663
2024-12;Madrid, Comunidad de;Madrid;GASÓLEO B;13971
2024-12;Madrid, Comunidad de;Madrid;GASÓLEO C;26906
2024-12;Madrid, Comunidad de;Madrid;OTROS GASOLEOS;0
2024-12;Madrid, Comunidad de;Madrid;BIOETANOL;0
2024-12;Madrid, Comunidad de;Madrid;GASOLINA  AUTO. S/PB 95 I.O.;72212
2024-12;Madrid, Comunidad de;Madrid;GASOLINA  AUTO. S/PB 98 I.O.;2857
2024-12;Madrid, Comunidad de;Madrid;OTRAS GASOLINAS;50
2024-12;Madrid, Comunidad de;Madrid;FUELÓLEO  BIA;167
2024-12;Madrid, Comunidad de;Madrid;OTROS FUELÓLEOS;0
2024-12;Madrid, Comunidad de;Madrid;QUEROSENO AVIACIÓN;230651
2024-12;Madrid, Comunidad de;Madrid;OTROS QUEROSENOS;0
2024-12;Madrid, Comunidad de;Madrid;GLP;12817
2024-12;Melilla;Melilla;BIODIESEL;0
2024-12;Melilla;Melilla;GASÓLEO A;1170
2024-12;Melilla;Melilla;GASÓLEO B;0
2024-12;Melilla;Melilla;GASÓLEO C;0
2024-12;Melilla;Melilla;OTROS GASOLEOS;0
2024-12;Melilla;Melilla;BIOETANOL;0
2024-12;Melilla;Melilla;GASOLINA  AUTO. S/PB 95 I.O.;606
2024-12;Melilla;Melilla;GASOLINA  AUTO. S/PB 98 I.O.;0
2024-12;Melilla;Melilla;OTRAS GASOLINAS;0
2024-12;Melilla;Melilla;FUELÓLEO  BIA;2600
2024-12;Melilla;Melilla;OTROS FUELÓLEOS;0
2024-12;Melilla;Melilla;QUEROSENO AVIACIÓN;180
2024-12;Melilla;Melilla;OTROS QUEROSENOS;0
2024-12;Melilla;Melilla;GLP;178
2024-12;Murcia, Región de;Murcia;BIODIESEL;1455
2024-12;Murcia, Región de;Murcia;GASÓLEO A;76402
2024-12;Murcia, Región de;Murcia;GASÓLEO B;12422
2024-12;Murcia, Región de;Murcia;GASÓLEO C;1265
2024-12;Murcia, Región de;Murcia;OTROS GASOLEOS;1411
2024-12;Murcia, Región de;Murcia;BIOETANOL;0
2024-12;Murcia, Región de;Murcia;GASOLINA  AUTO. S/PB 95 I.O.;13848
2024-12;Murcia, Región de;Murcia;GASOLINA  AUTO. S/PB 98 I.O.;616
2024-12;Murcia, Región de;Murcia;OTRAS GASOLINAS;3
2024-12;Murcia, Región de;Murcia;FUELÓLEO  BIA;179
2024-12;Murcia, Región de;Murcia;OTROS FUELÓLEOS;0
2024-12;Murcia, Región de;Murcia;QUEROSENO AVIACIÓN;550
2024-12;Murcia, Región de;Murcia;OTROS QUEROSENOS;0
2024-12;Murcia, Región de;Murcia;GLP;5068
2024-12;Navarra, Comunidad Foral de;Navarra;BIODIESEL;871
2024-12;Navarra, Comunidad Foral de;Navarra;GASÓLEO A;57112
2024-12;Navarra, Comunidad Foral de;Navarra;GASÓLEO B;8833
2024-12;Navarra, Comunidad Foral de;Navarra;GASÓLEO C;1657
2024-12;Navarra, Comunidad Foral de;Navarra;OTROS GASOLEOS;0
2024-12;Navarra, Comunidad Foral de;Navarra;BIOETANOL;0
2024-12;Navarra, Comunidad Foral de;Navarra;GASOLINA  AUTO. S/PB 95 I.O.;7313
2024-12;Navarra, Comunidad Foral de;Navarra;GASOLINA  AUTO. S/PB 98 I.O.;236
2024-12;Navarra, Comunidad Foral de;Navarra;OTRAS GASOLINAS;1
2024-12;Navarra, Comunidad Foral de;Navarra;FUELÓLEO  BIA;213
2024-12;Navarra, Comunidad Foral de;Navarra;OTROS FUELÓLEOS;0
2024-12;Navarra, Comunidad Foral de;Navarra;QUEROSENO AVIACIÓN;97
2024-12;Navarra, Comunidad Foral de;Navarra;OTROS QUEROSENOS;0
2024-12;Navarra, Comunidad Foral de;Navarra;GLP;2708
2024-12;País Vasco;Araba/Álava;BIODIESEL;111
2024-12;País Vasco;Araba/Álava;GASÓLEO A;43891
2024-12;País Vasco;Araba/Álava;GASÓLEO B;2893
2024-12;País Vasco;Araba/Álava;GASÓLEO C;1493
2024-12;País Vasco;Araba/Álava;OTROS GASOLEOS;0
2024-12;País Vasco;Araba/Álava;BIOETANOL;0
2024-12;País Vasco;Araba/Álava;GASOLINA  AUTO. S/PB 95 I.O.;2944
2024-12;País Vasco;Araba/Álava;GASOLINA  AUTO. S/PB 98 I.O.;191
2024-12;País Vasco;Araba/Álava;OTRAS GASOLINAS;0
2024-12;País Vasco;Araba/Álava;FUELÓLEO  BIA;52
2024-12;País Vasco;Araba/Álava;OTROS FUELÓLEOS;0
2024-12;País Vasco;Araba/Álava;QUEROSENO AVIACIÓN;984
2024-12;País Vasco;Araba/Álava;OTROS QUEROSENOS;0
2024-12;País Vasco;Araba/Álava;GLP;2050
2024-12;País Vasco;Bizkaia;BIODIESEL;828
2024-12;País Vasco;Bizkaia;GASÓLEO A;31535
2024-12;País Vasco;Bizkaia;GASÓLEO B;7765
2024-12;País Vasco;Bizkaia;GASÓLEO C;5996
2024-12;País Vasco;Bizkaia;OTROS GASOLEOS;698
2024-12;País Vasco;Bizkaia;BIOETANOL;0
2024-12;País Vasco;Bizkaia;GASOLINA  AUTO. S/PB 95 I.O.;9438
2024-12;País Vasco;Bizkaia;GASOLINA  AUTO. S/PB 98 I.O.;421
2024-12;País Vasco;Bizkaia;OTRAS GASOLINAS;1
2024-12;País Vasco;Bizkaia;FUELÓLEO  BIA;294
2024-12;País Vasco;Bizkaia;OTROS FUELÓLEOS;0
2024-12;País Vasco;Bizkaia;QUEROSENO AVIACIÓN;5638
2024-12;País Vasco;Bizkaia;OTROS QUEROSENOS;2
2024-12;País Vasco;Bizkaia;GLP;1872
2024-12;País Vasco;Gipuzkoa;BIODIESEL;281
2024-12;País Vasco;Gipuzkoa;GASÓLEO A;54261
2024-12;País Vasco;Gipuzkoa;GASÓLEO B;1791
2024-12;País Vasco;Gipuzkoa;GASÓLEO C;328
2024-12;País Vasco;Gipuzkoa;OTROS GASOLEOS;546
2024-12;País Vasco;Gipuzkoa;BIOETANOL;0
2024-12;País Vasco;Gipuzkoa;GASOLINA  AUTO. S/PB 95 I.O.;7273
2024-12;País Vasco;Gipuzkoa;GASOLINA  AUTO. S/PB 98 I.O.;444
2024-12;País Vasco;Gipuzkoa;OTRAS GASOLINAS;1
2024-12;País Vasco;Gipuzkoa;FUELÓLEO  BIA;25
2024-12;País Vasco;Gipuzkoa;OTROS FUELÓLEOS;0
2024-12;País Vasco;Gipuzkoa;QUEROSENO AVIACIÓN;334
2024-12;País Vasco;Gipuzkoa;OTROS QUEROSENOS;0
2024-12;País Vasco;Gipuzkoa;GLP;2199
2024-12;Rioja, La;Rioja, La;BIODIESEL;163
2024-12;Rioja, La;Rioja, La;GASÓLEO A;12362
2024-12;Rioja, La;Rioja, La;GASÓLEO B;4467
2024-12;Rioja, La;Rioja, La;GASÓLEO C;2840
2024-12;Rioja, La;Rioja, La;OTROS GASOLEOS;0
2024-12;Rioja, La;Rioja, La;BIOETANOL;0
2024-12;Rioja, La;Rioja, La;GASOLINA  AUTO. S/PB 95 I.O.;2873
2024-12;Rioja, La;Rioja, La;GASOLINA  AUTO. S/PB 98 I.O.;115
2024-12;Rioja, La;Rioja, La;OTRAS GASOLINAS;3
2024-12;Rioja, La;Rioja, La;FUELÓLEO  BIA;27
2024-12;Rioja, La;Rioja, La;OTROS FUELÓLEOS;0
2024-12;Rioja, La;Rioja, La;QUEROSENO AVIACIÓN;4
2024-12;Rioja, La;Rioja, La;OTROS QUEROSENOS;0
2024-12;Rioja, La;Rioja, La;GLP;827
