Fecha;CCAA;Provincia;Tipo Producto;Consumo Tm
2023-01;Andalucía;Almería;BIODIESEL;0
2023-01;Andalucía;Almería;GASÓLEO A;27269
2023-01;Andalucía;Almería;GASÓLEO B;5780
2023-01;Andalucía;Almería;GASÓLEO C;773
2023-01;Andalucía;Almería;OTROS GASOLEOS;1274
2023-01;Andalucía;Almería;BIOETANOL;0
2023-01;Andalucía;Almería;GASOLINA  AUTO. S/PB 95 I.O.;4345
2023-01;Andalucía;Almería;GASOLINA  AUTO. S/PB 98 I.O.;232
2023-01;Andalucía;Almería;OTRAS GASOLINAS;0
2023-01;Andalucía;Almería;FUELÓLEO  BIA;372
2023-01;Andalucía;Almería;OTROS FUELÓLEOS;2036
2023-01;Andalucía;Almería;QUEROSENO AVIACIÓN;152
2023-01;Andalucía;Almería;OTROS QUEROSENOS;0
2023-01;Andalucía;Almería;GLP;2522
2023-01;Andalucía;Cádiz;BIODIESEL;0
2023-01;Andalucía;Cádiz;GASÓLEO A;27535
2023-01;Andalucía;Cádiz;GASÓLEO B;5529
2023-01;Andalucía;Cádiz;GASÓLEO C;781
2023-01;Andalucía;Cádiz;OTROS GASOLEOS;65769
2023-01;Andalucía;Cádiz;BIOETANOL;0
2023-01;Andalucía;Cádiz;GASOLINA  AUTO. S/PB 95 I.O.;8258
2023-01;Andalucía;Cádiz;GASOLINA  AUTO. S/PB 98 I.O.;263
2023-01;Andalucía;Cádiz;OTRAS GASOLINAS;30
2023-01;Andalucía;Cádiz;FUELÓLEO  BIA;632
2023-01;Andalucía;Cádiz;OTROS FUELÓLEOS;237382
2023-01;Andalucía;Cádiz;QUEROSENO AVIACIÓN;619
2023-01;Andalucía;Cádiz;OTROS QUEROSENOS;0
2023-01;Andalucía;Cádiz;GLP;4177
2023-01;Andalucía;Córdoba;BIODIESEL;0
2023-01;Andalucía;Córdoba;GASÓLEO A;24722
2023-01;Andalucía;Córdoba;GASÓLEO B;7876
2023-01;Andalucía;Córdoba;GASÓLEO C;750
2023-01;Andalucía;Córdoba;OTROS GASOLEOS;0
2023-01;Andalucía;Córdoba;BIOETANOL;0
2023-01;Andalucía;Córdoba;GASOLINA  AUTO. S/PB 95 I.O.;4494
2023-01;Andalucía;Córdoba;GASOLINA  AUTO. S/PB 98 I.O.;99
2023-01;Andalucía;Córdoba;OTRAS GASOLINAS;12
2023-01;Andalucía;Córdoba;FUELÓLEO  BIA;85
2023-01;Andalucía;Córdoba;OTROS FUELÓLEOS;0
2023-01;Andalucía;Córdoba;QUEROSENO AVIACIÓN;13
2023-01;Andalucía;Córdoba;OTROS QUEROSENOS;0
2023-01;Andalucía;Córdoba;GLP;2786
2023-01;Andalucía;Granada;BIODIESEL;0
2023-01;Andalucía;Granada;GASÓLEO A;28469
2023-01;Andalucía;Granada;GASÓLEO B;7230
2023-01;Andalucía;Granada;GASÓLEO C;2426
2023-01;Andalucía;Granada;OTROS GASOLEOS;140
2023-01;Andalucía;Granada;BIOETANOL;0
2023-01;Andalucía;Granada;GASOLINA  AUTO. S/PB 95 I.O.;6548
2023-01;Andalucía;Granada;GASOLINA  AUTO. S/PB 98 I.O.;290
2023-01;Andalucía;Granada;OTRAS GASOLINAS;0
2023-01;Andalucía;Granada;FUELÓLEO  BIA;317
2023-01;Andalucía;Granada;OTROS FUELÓLEOS;503
2023-01;Andalucía;Granada;QUEROSENO AVIACIÓN;476
2023-01;Andalucía;Granada;OTROS QUEROSENOS;0
2023-01;Andalucía;Granada;GLP;4180
2023-01;Andalucía;Huelva;BIODIESEL;0
2023-01;Andalucía;Huelva;GASÓLEO A;21101
2023-01;Andalucía;Huelva;GASÓLEO B;7245
2023-01;Andalucía;Huelva;GASÓLEO C;127
2023-01;Andalucía;Huelva;OTROS GASOLEOS;2837
2023-01;Andalucía;Huelva;BIOETANOL;0
2023-01;Andalucía;Huelva;GASOLINA  AUTO. S/PB 95 I.O.;3705
2023-01;Andalucía;Huelva;GASOLINA  AUTO. S/PB 98 I.O.;116
2023-01;Andalucía;Huelva;OTRAS GASOLINAS;0
2023-01;Andalucía;Huelva;FUELÓLEO  BIA;607
2023-01;Andalucía;Huelva;OTROS FUELÓLEOS;9736
2023-01;Andalucía;Huelva;QUEROSENO AVIACIÓN;0
2023-01;Andalucía;Huelva;OTROS QUEROSENOS;0
2023-01;Andalucía;Huelva;GLP;2866
2023-01;Andalucía;Jaén;BIODIESEL;0
2023-01;Andalucía;Jaén;GASÓLEO A;26937
2023-01;Andalucía;Jaén;GASÓLEO B;5109
2023-01;Andalucía;Jaén;GASÓLEO C;818
2023-01;Andalucía;Jaén;OTROS GASOLEOS;0
2023-01;Andalucía;Jaén;BIOETANOL;0
2023-01;Andalucía;Jaén;GASOLINA  AUTO. S/PB 95 I.O.;4595
2023-01;Andalucía;Jaén;GASOLINA  AUTO. S/PB 98 I.O.;96
2023-01;Andalucía;Jaén;OTRAS GASOLINAS;1
2023-01;Andalucía;Jaén;FUELÓLEO  BIA;1194
2023-01;Andalucía;Jaén;OTROS FUELÓLEOS;0
2023-01;Andalucía;Jaén;QUEROSENO AVIACIÓN;0
2023-01;Andalucía;Jaén;OTROS QUEROSENOS;0
2023-01;Andalucía;Jaén;GLP;1911
2023-01;Andalucía;Málaga;BIODIESEL;0
2023-01;Andalucía;Málaga;GASÓLEO A;41304
2023-01;Andalucía;Málaga;GASÓLEO B;4474
2023-01;Andalucía;Málaga;GASÓLEO C;495
2023-01;Andalucía;Málaga;OTROS GASOLEOS;443
2023-01;Andalucía;Málaga;BIOETANOL;0
2023-01;Andalucía;Málaga;GASOLINA  AUTO. S/PB 95 I.O.;14138
2023-01;Andalucía;Málaga;GASOLINA  AUTO. S/PB 98 I.O.;877
2023-01;Andalucía;Málaga;OTRAS GASOLINAS;13
2023-01;Andalucía;Málaga;FUELÓLEO  BIA;76
2023-01;Andalucía;Málaga;OTROS FUELÓLEOS;1875
2023-01;Andalucía;Málaga;QUEROSENO AVIACIÓN;24391
2023-01;Andalucía;Málaga;OTROS QUEROSENOS;0
2023-01;Andalucía;Málaga;GLP;6090
2023-01;Andalucía;Sevilla;BIODIESEL;0
2023-01;Andalucía;Sevilla;GASÓLEO A;48755
2023-01;Andalucía;Sevilla;GASÓLEO B;7394
2023-01;Andalucía;Sevilla;GASÓLEO C;776
2023-01;Andalucía;Sevilla;OTROS GASOLEOS;770
2023-01;Andalucía;Sevilla;BIOETANOL;0
2023-01;Andalucía;Sevilla;GASOLINA  AUTO. S/PB 95 I.O.;12405
2023-01;Andalucía;Sevilla;GASOLINA  AUTO. S/PB 98 I.O.;267
2023-01;Andalucía;Sevilla;OTRAS GASOLINAS;8
2023-01;Andalucía;Sevilla;FUELÓLEO  BIA;816
2023-01;Andalucía;Sevilla;OTROS FUELÓLEOS;233
2023-01;Andalucía;Sevilla;QUEROSENO AVIACIÓN;9281
2023-01;Andalucía;Sevilla;OTROS QUEROSENOS;0
2023-01;Andalucía;Sevilla;GLP;5720
2023-01;Aragón;Huesca;BIODIESEL;0
2023-01;Aragón;Huesca;GASÓLEO A;12963
2023-01;Aragón;Huesca;GASÓLEO B;7440
2023-01;Aragón;Huesca;GASÓLEO C;1348
2023-01;Aragón;Huesca;OTROS GASOLEOS;0
2023-01;Aragón;Huesca;BIOETANOL;0
2023-01;Aragón;Huesca;GASOLINA  AUTO. S/PB 95 I.O.;2409
2023-01;Aragón;Huesca;GASOLINA  AUTO. S/PB 98 I.O.;126
2023-01;Aragón;Huesca;OTRAS GASOLINAS;1
2023-01;Aragón;Huesca;FUELÓLEO  BIA;30
2023-01;Aragón;Huesca;OTROS FUELÓLEOS;0
2023-01;Aragón;Huesca;QUEROSENO AVIACIÓN;0
2023-01;Aragón;Huesca;OTROS QUEROSENOS;0
2023-01;Aragón;Huesca;GLP;2857
2023-01;Aragón;Teruel;BIODIESEL;0
2023-01;Aragón;Teruel;GASÓLEO A;7581
2023-01;Aragón;Teruel;GASÓLEO B;4542
2023-01;Aragón;Teruel;GASÓLEO C;1112
2023-01;Aragón;Teruel;OTROS GASOLEOS;0
2023-01;Aragón;Teruel;BIOETANOL;0
2023-01;Aragón;Teruel;GASOLINA  AUTO. S/PB 95 I.O.;1074
2023-01;Aragón;Teruel;GASOLINA  AUTO. S/PB 98 I.O.;40
2023-01;Aragón;Teruel;OTRAS GASOLINAS;0
2023-01;Aragón;Teruel;FUELÓLEO  BIA;87
2023-01;Aragón;Teruel;OTROS FUELÓLEOS;0
2023-01;Aragón;Teruel;QUEROSENO AVIACIÓN;27
2023-01;Aragón;Teruel;OTROS QUEROSENOS;1
2023-01;Aragón;Teruel;GLP;804
2023-01;Aragón;Zaragoza;BIODIESEL;0
2023-01;Aragón;Zaragoza;GASÓLEO A;37136
2023-01;Aragón;Zaragoza;GASÓLEO B;9411
2023-01;Aragón;Zaragoza;GASÓLEO C;8169
2023-01;Aragón;Zaragoza;OTROS GASOLEOS;17
2023-01;Aragón;Zaragoza;BIOETANOL;0
2023-01;Aragón;Zaragoza;GASOLINA  AUTO. S/PB 95 I.O.;6749
2023-01;Aragón;Zaragoza;GASOLINA  AUTO. S/PB 98 I.O.;168
2023-01;Aragón;Zaragoza;OTRAS GASOLINAS;1
2023-01;Aragón;Zaragoza;FUELÓLEO  BIA;401
2023-01;Aragón;Zaragoza;OTROS FUELÓLEOS;0
2023-01;Aragón;Zaragoza;QUEROSENO AVIACIÓN;5228
2023-01;Aragón;Zaragoza;OTROS QUEROSENOS;0
2023-01;Aragón;Zaragoza;GLP;2847
2023-01;Asturias, Principado de;Asturias;BIODIESEL;0
2023-01;Asturias, Principado de;Asturias;GASÓLEO A;28805
2023-01;Asturias, Principado de;Asturias;GASÓLEO B;6562
2023-01;Asturias, Principado de;Asturias;GASÓLEO C;3702
2023-01;Asturias, Principado de;Asturias;OTROS GASOLEOS;3926
2023-01;Asturias, Principado de;Asturias;BIOETANOL;0
2023-01;Asturias, Principado de;Asturias;GASOLINA  AUTO. S/PB 95 I.O.;6378
2023-01;Asturias, Principado de;Asturias;GASOLINA  AUTO. S/PB 98 I.O.;330
2023-01;Asturias, Principado de;Asturias;OTRAS GASOLINAS;3
2023-01;Asturias, Principado de;Asturias;FUELÓLEO  BIA;7370
2023-01;Asturias, Principado de;Asturias;OTROS FUELÓLEOS;481
2023-01;Asturias, Principado de;Asturias;QUEROSENO AVIACIÓN;1133
2023-01;Asturias, Principado de;Asturias;OTROS QUEROSENOS;0
2023-01;Asturias, Principado de;Asturias;GLP;3208
2023-01;Balears, Illes;Balears, Illes;BIODIESEL;0
2023-01;Balears, Illes;Balears, Illes;GASÓLEO A;19729
2023-01;Balears, Illes;Balears, Illes;GASÓLEO B;4459
2023-01;Balears, Illes;Balears, Illes;GASÓLEO C;19160
2023-01;Balears, Illes;Balears, Illes;OTROS GASOLEOS;1844
2023-01;Balears, Illes;Balears, Illes;BIOETANOL;0
2023-01;Balears, Illes;Balears, Illes;GASOLINA  AUTO. S/PB 95 I.O.;12625
2023-01;Balears, Illes;Balears, Illes;GASOLINA  AUTO. S/PB 98 I.O.;547
2023-01;Balears, Illes;Balears, Illes;OTRAS GASOLINAS;13
2023-01;Balears, Illes;Balears, Illes;FUELÓLEO  BIA;25
2023-01;Balears, Illes;Balears, Illes;OTROS FUELÓLEOS;0
2023-01;Balears, Illes;Balears, Illes;QUEROSENO AVIACIÓN;12237
2023-01;Balears, Illes;Balears, Illes;OTROS QUEROSENOS;0
2023-01;Balears, Illes;Balears, Illes;GLP;4545
2023-01;Canarias;Palmas, Las;BIODIESEL;0
2023-01;Canarias;Palmas, Las;GASÓLEO A;25352
2023-01;Canarias;Palmas, Las;GASÓLEO B;0
2023-01;Canarias;Palmas, Las;GASÓLEO C;0
2023-01;Canarias;Palmas, Las;OTROS GASOLEOS;92105
2023-01;Canarias;Palmas, Las;BIOETANOL;0
2023-01;Canarias;Palmas, Las;GASOLINA  AUTO. S/PB 95 I.O.;17725
2023-01;Canarias;Palmas, Las;GASOLINA  AUTO. S/PB 98 I.O.;2982
2023-01;Canarias;Palmas, Las;OTRAS GASOLINAS;6
2023-01;Canarias;Palmas, Las;FUELÓLEO  BIA;40376
2023-01;Canarias;Palmas, Las;OTROS FUELÓLEOS;74185
2023-01;Canarias;Palmas, Las;QUEROSENO AVIACIÓN;53856
2023-01;Canarias;Palmas, Las;OTROS QUEROSENOS;0
2023-01;Canarias;Palmas, Las;GLP;3439
2023-01;Canarias;Santa Cruz de Tenerife;BIODIESEL;0
2023-01;Canarias;Santa Cruz de Tenerife;GASÓLEO A;24584
2023-01;Canarias;Santa Cruz de Tenerife;GASÓLEO B;0
2023-01;Canarias;Santa Cruz de Tenerife;GASÓLEO C;0
2023-01;Canarias;Santa Cruz de Tenerife;OTROS GASOLEOS;41676
2023-01;Canarias;Santa Cruz de Tenerife;BIOETANOL;0
2023-01;Canarias;Santa Cruz de Tenerife;GASOLINA  AUTO. S/PB 95 I.O.;16271
2023-01;Canarias;Santa Cruz de Tenerife;GASOLINA  AUTO. S/PB 98 I.O.;4367
2023-01;Canarias;Santa Cruz de Tenerife;OTRAS GASOLINAS;0
2023-01;Canarias;Santa Cruz de Tenerife;FUELÓLEO  BIA;23071
2023-01;Canarias;Santa Cruz de Tenerife;OTROS FUELÓLEOS;25937
2023-01;Canarias;Santa Cruz de Tenerife;QUEROSENO AVIACIÓN;52481
2023-01;Canarias;Santa Cruz de Tenerife;OTROS QUEROSENOS;1
2023-01;Canarias;Santa Cruz de Tenerife;GLP;4014
2023-01;Cantabria;Cantabria;BIODIESEL;0
2023-01;Cantabria;Cantabria;GASÓLEO A;20423
2023-01;Cantabria;Cantabria;GASÓLEO B;4306
2023-01;Cantabria;Cantabria;GASÓLEO C;289
2023-01;Cantabria;Cantabria;OTROS GASOLEOS;286
2023-01;Cantabria;Cantabria;BIOETANOL;0
2023-01;Cantabria;Cantabria;GASOLINA  AUTO. S/PB 95 I.O.;4390
2023-01;Cantabria;Cantabria;GASOLINA  AUTO. S/PB 98 I.O.;146
2023-01;Cantabria;Cantabria;OTRAS GASOLINAS;1
2023-01;Cantabria;Cantabria;FUELÓLEO  BIA;524
2023-01;Cantabria;Cantabria;OTROS FUELÓLEOS;0
2023-01;Cantabria;Cantabria;QUEROSENO AVIACIÓN;782
2023-01;Cantabria;Cantabria;OTROS QUEROSENOS;0
2023-01;Cantabria;Cantabria;GLP;2352
2023-01;Castilla - La Mancha;Albacete;BIODIESEL;0
2023-01;Castilla - La Mancha;Albacete;GASÓLEO A;14906
2023-01;Castilla - La Mancha;Albacete;GASÓLEO B;6990
2023-01;Castilla - La Mancha;Albacete;GASÓLEO C;2213
2023-01;Castilla - La Mancha;Albacete;OTROS GASOLEOS;0
2023-01;Castilla - La Mancha;Albacete;BIOETANOL;0
2023-01;Castilla - La Mancha;Albacete;GASOLINA  AUTO. S/PB 95 I.O.;2308
2023-01;Castilla - La Mancha;Albacete;GASOLINA  AUTO. S/PB 98 I.O.;88
2023-01;Castilla - La Mancha;Albacete;OTRAS GASOLINAS;0
2023-01;Castilla - La Mancha;Albacete;FUELÓLEO  BIA;647
2023-01;Castilla - La Mancha;Albacete;OTROS FUELÓLEOS;0
2023-01;Castilla - La Mancha;Albacete;QUEROSENO AVIACIÓN;42
2023-01;Castilla - La Mancha;Albacete;OTROS QUEROSENOS;0
2023-01;Castilla - La Mancha;Albacete;GLP;1475
2023-01;Castilla - La Mancha;Ciudad Real;BIODIESEL;0
2023-01;Castilla - La Mancha;Ciudad Real;GASÓLEO A;21671
2023-01;Castilla - La Mancha;Ciudad Real;GASÓLEO B;7283
2023-01;Castilla - La Mancha;Ciudad Real;GASÓLEO C;2667
2023-01;Castilla - La Mancha;Ciudad Real;OTROS GASOLEOS;0
2023-01;Castilla - La Mancha;Ciudad Real;BIOETANOL;0
2023-01;Castilla - La Mancha;Ciudad Real;GASOLINA  AUTO. S/PB 95 I.O.;3072
2023-01;Castilla - La Mancha;Ciudad Real;GASOLINA  AUTO. S/PB 98 I.O.;93
2023-01;Castilla - La Mancha;Ciudad Real;OTRAS GASOLINAS;0
2023-01;Castilla - La Mancha;Ciudad Real;FUELÓLEO  BIA;467
2023-01;Castilla - La Mancha;Ciudad Real;OTROS FUELÓLEOS;0
2023-01;Castilla - La Mancha;Ciudad Real;QUEROSENO AVIACIÓN;41
2023-01;Castilla - La Mancha;Ciudad Real;OTROS QUEROSENOS;0
2023-01;Castilla - La Mancha;Ciudad Real;GLP;1488
2023-01;Castilla - La Mancha;Cuenca;BIODIESEL;0
2023-01;Castilla - La Mancha;Cuenca;GASÓLEO A;12894
2023-01;Castilla - La Mancha;Cuenca;GASÓLEO B;8741
2023-01;Castilla - La Mancha;Cuenca;GASÓLEO C;1176
2023-01;Castilla - La Mancha;Cuenca;OTROS GASOLEOS;0
2023-01;Castilla - La Mancha;Cuenca;BIOETANOL;0
2023-01;Castilla - La Mancha;Cuenca;GASOLINA  AUTO. S/PB 95 I.O.;1697
2023-01;Castilla - La Mancha;Cuenca;GASOLINA  AUTO. S/PB 98 I.O.;54
2023-01;Castilla - La Mancha;Cuenca;OTRAS GASOLINAS;3
2023-01;Castilla - La Mancha;Cuenca;FUELÓLEO  BIA;1328
2023-01;Castilla - La Mancha;Cuenca;OTROS FUELÓLEOS;0
2023-01;Castilla - La Mancha;Cuenca;QUEROSENO AVIACIÓN;28
2023-01;Castilla - La Mancha;Cuenca;OTROS QUEROSENOS;0
2023-01;Castilla - La Mancha;Cuenca;GLP;1051
2023-01;Castilla - La Mancha;Guadalajara;BIODIESEL;0
2023-01;Castilla - La Mancha;Guadalajara;GASÓLEO A;12848
2023-01;Castilla - La Mancha;Guadalajara;GASÓLEO B;6502
2023-01;Castilla - La Mancha;Guadalajara;GASÓLEO C;2085
2023-01;Castilla - La Mancha;Guadalajara;OTROS GASOLEOS;0
2023-01;Castilla - La Mancha;Guadalajara;BIOETANOL;0
2023-01;Castilla - La Mancha;Guadalajara;GASOLINA  AUTO. S/PB 95 I.O.;2506
2023-01;Castilla - La Mancha;Guadalajara;GASOLINA  AUTO. S/PB 98 I.O.;74
2023-01;Castilla - La Mancha;Guadalajara;OTRAS GASOLINAS;0
2023-01;Castilla - La Mancha;Guadalajara;FUELÓLEO  BIA;0
2023-01;Castilla - La Mancha;Guadalajara;OTROS FUELÓLEOS;0
2023-01;Castilla - La Mancha;Guadalajara;QUEROSENO AVIACIÓN;0
2023-01;Castilla - La Mancha;Guadalajara;OTROS QUEROSENOS;0
2023-01;Castilla - La Mancha;Guadalajara;GLP;805
2023-01;Castilla - La Mancha;Toledo;BIODIESEL;0
2023-01;Castilla - La Mancha;Toledo;GASÓLEO A;29976
2023-01;Castilla - La Mancha;Toledo;GASÓLEO B;14722
2023-01;Castilla - La Mancha;Toledo;GASÓLEO C;6466
2023-01;Castilla - La Mancha;Toledo;OTROS GASOLEOS;0
2023-01;Castilla - La Mancha;Toledo;BIOETANOL;0
2023-01;Castilla - La Mancha;Toledo;GASOLINA  AUTO. S/PB 95 I.O.;5361
2023-01;Castilla - La Mancha;Toledo;GASOLINA  AUTO. S/PB 98 I.O.;194
2023-01;Castilla - La Mancha;Toledo;OTRAS GASOLINAS;24
2023-01;Castilla - La Mancha;Toledo;FUELÓLEO  BIA;90
2023-01;Castilla - La Mancha;Toledo;OTROS FUELÓLEOS;0
2023-01;Castilla - La Mancha;Toledo;QUEROSENO AVIACIÓN;33
2023-01;Castilla - La Mancha;Toledo;OTROS QUEROSENOS;0
2023-01;Castilla - La Mancha;Toledo;GLP;3147
2023-01;Castilla y León;Ávila;BIODIESEL;0
2023-01;Castilla y León;Ávila;GASÓLEO A;5676
2023-01;Castilla y León;Ávila;GASÓLEO B;3261
2023-01;Castilla y León;Ávila;GASÓLEO C;953
2023-01;Castilla y León;Ávila;OTROS GASOLEOS;0
2023-01;Castilla y León;Ávila;BIOETANOL;0
2023-01;Castilla y León;Ávila;GASOLINA  AUTO. S/PB 95 I.O.;1194
2023-01;Castilla y León;Ávila;GASOLINA  AUTO. S/PB 98 I.O.;41
2023-01;Castilla y León;Ávila;OTRAS GASOLINAS;0
2023-01;Castilla y León;Ávila;FUELÓLEO  BIA;0
2023-01;Castilla y León;Ávila;OTROS FUELÓLEOS;0
2023-01;Castilla y León;Ávila;QUEROSENO AVIACIÓN;9
2023-01;Castilla y León;Ávila;OTROS QUEROSENOS;0
2023-01;Castilla y León;Ávila;GLP;1011
2023-01;Castilla y León;Burgos;BIODIESEL;0
2023-01;Castilla y León;Burgos;GASÓLEO A;19251
2023-01;Castilla y León;Burgos;GASÓLEO B;5993
2023-01;Castilla y León;Burgos;GASÓLEO C;1441
2023-01;Castilla y León;Burgos;OTROS GASOLEOS;0
2023-01;Castilla y León;Burgos;BIOETANOL;0
2023-01;Castilla y León;Burgos;GASOLINA  AUTO. S/PB 95 I.O.;2922
2023-01;Castilla y León;Burgos;GASOLINA  AUTO. S/PB 98 I.O.;133
2023-01;Castilla y León;Burgos;OTRAS GASOLINAS;7
2023-01;Castilla y León;Burgos;FUELÓLEO  BIA;746
2023-01;Castilla y León;Burgos;OTROS FUELÓLEOS;0
2023-01;Castilla y León;Burgos;QUEROSENO AVIACIÓN;1
2023-01;Castilla y León;Burgos;OTROS QUEROSENOS;0
2023-01;Castilla y León;Burgos;GLP;1133
2023-01;Castilla y León;León;BIODIESEL;0
2023-01;Castilla y León;León;GASÓLEO A;18680
2023-01;Castilla y León;León;GASÓLEO B;6496
2023-01;Castilla y León;León;GASÓLEO C;6658
2023-01;Castilla y León;León;OTROS GASOLEOS;0
2023-01;Castilla y León;León;BIOETANOL;0
2023-01;Castilla y León;León;GASOLINA  AUTO. S/PB 95 I.O.;3312
2023-01;Castilla y León;León;GASOLINA  AUTO. S/PB 98 I.O.;130
2023-01;Castilla y León;León;OTRAS GASOLINAS;0
2023-01;Castilla y León;León;FUELÓLEO  BIA;124
2023-01;Castilla y León;León;OTROS FUELÓLEOS;0
2023-01;Castilla y León;León;QUEROSENO AVIACIÓN;35
2023-01;Castilla y León;León;OTROS QUEROSENOS;0
2023-01;Castilla y León;León;GLP;1839
2023-01;Castilla y León;Palencia;BIODIESEL;0
2023-01;Castilla y León;Palencia;GASÓLEO A;10671
2023-01;Castilla y León;Palencia;GASÓLEO B;2856
2023-01;Castilla y León;Palencia;GASÓLEO C;886
2023-01;Castilla y León;Palencia;OTROS GASOLEOS;0
2023-01;Castilla y León;Palencia;BIOETANOL;0
2023-01;Castilla y León;Palencia;GASOLINA  AUTO. S/PB 95 I.O.;1035
2023-01;Castilla y León;Palencia;GASOLINA  AUTO. S/PB 98 I.O.;46
2023-01;Castilla y León;Palencia;OTRAS GASOLINAS;0
2023-01;Castilla y León;Palencia;FUELÓLEO  BIA;26
2023-01;Castilla y León;Palencia;OTROS FUELÓLEOS;0
2023-01;Castilla y León;Palencia;QUEROSENO AVIACIÓN;0
2023-01;Castilla y León;Palencia;OTROS QUEROSENOS;0
2023-01;Castilla y León;Palencia;GLP;524
2023-01;Castilla y León;Salamanca;BIODIESEL;0
2023-01;Castilla y León;Salamanca;GASÓLEO A;16513
2023-01;Castilla y León;Salamanca;GASÓLEO B;4246
2023-01;Castilla y León;Salamanca;GASÓLEO C;3221
2023-01;Castilla y León;Salamanca;OTROS GASOLEOS;0
2023-01;Castilla y León;Salamanca;BIOETANOL;0
2023-01;Castilla y León;Salamanca;GASOLINA  AUTO. S/PB 95 I.O.;2235
2023-01;Castilla y León;Salamanca;GASOLINA  AUTO. S/PB 98 I.O.;83
2023-01;Castilla y León;Salamanca;OTRAS GASOLINAS;9
2023-01;Castilla y León;Salamanca;FUELÓLEO  BIA;298
2023-01;Castilla y León;Salamanca;OTROS FUELÓLEOS;0
2023-01;Castilla y León;Salamanca;QUEROSENO AVIACIÓN;6
2023-01;Castilla y León;Salamanca;OTROS QUEROSENOS;0
2023-01;Castilla y León;Salamanca;GLP;1201
2023-01;Castilla y León;Segovia;BIODIESEL;0
2023-01;Castilla y León;Segovia;GASÓLEO A;7400
2023-01;Castilla y León;Segovia;GASÓLEO B;4311
2023-01;Castilla y León;Segovia;GASÓLEO C;1154
2023-01;Castilla y León;Segovia;OTROS GASOLEOS;0
2023-01;Castilla y León;Segovia;BIOETANOL;0
2023-01;Castilla y León;Segovia;GASOLINA  AUTO. S/PB 95 I.O.;1573
2023-01;Castilla y León;Segovia;GASOLINA  AUTO. S/PB 98 I.O.;65
2023-01;Castilla y León;Segovia;OTRAS GASOLINAS;0
2023-01;Castilla y León;Segovia;FUELÓLEO  BIA;0
2023-01;Castilla y León;Segovia;OTROS FUELÓLEOS;0
2023-01;Castilla y León;Segovia;QUEROSENO AVIACIÓN;0
2023-01;Castilla y León;Segovia;OTROS QUEROSENOS;0
2023-01;Castilla y León;Segovia;GLP;1005
2023-01;Castilla y León;Soria;BIODIESEL;0
2023-01;Castilla y León;Soria;GASÓLEO A;4965
2023-01;Castilla y León;Soria;GASÓLEO B;2266
2023-01;Castilla y León;Soria;GASÓLEO C;1118
2023-01;Castilla y León;Soria;OTROS GASOLEOS;0
2023-01;Castilla y León;Soria;BIOETANOL;0
2023-01;Castilla y León;Soria;GASOLINA  AUTO. S/PB 95 I.O.;737
2023-01;Castilla y León;Soria;GASOLINA  AUTO. S/PB 98 I.O.;34
2023-01;Castilla y León;Soria;OTRAS GASOLINAS;0
2023-01;Castilla y León;Soria;FUELÓLEO  BIA;0
2023-01;Castilla y León;Soria;OTROS FUELÓLEOS;0
2023-01;Castilla y León;Soria;QUEROSENO AVIACIÓN;0
2023-01;Castilla y León;Soria;OTROS QUEROSENOS;0
2023-01;Castilla y León;Soria;GLP;336
2023-01;Castilla y León;Valladolid;BIODIESEL;0
2023-01;Castilla y León;Valladolid;GASÓLEO A;17989
2023-01;Castilla y León;Valladolid;GASÓLEO B;5696
2023-01;Castilla y León;Valladolid;GASÓLEO C;2184
2023-01;Castilla y León;Valladolid;OTROS GASOLEOS;0
2023-01;Castilla y León;Valladolid;BIOETANOL;0
2023-01;Castilla y León;Valladolid;GASOLINA  AUTO. S/PB 95 I.O.;3730
2023-01;Castilla y León;Valladolid;GASOLINA  AUTO. S/PB 98 I.O.;137
2023-01;Castilla y León;Valladolid;OTRAS GASOLINAS;2
2023-01;Castilla y León;Valladolid;FUELÓLEO  BIA;21
2023-01;Castilla y León;Valladolid;OTROS FUELÓLEOS;0
2023-01;Castilla y León;Valladolid;QUEROSENO AVIACIÓN;102
2023-01;Castilla y León;Valladolid;OTROS QUEROSENOS;0
2023-01;Castilla y León;Valladolid;GLP;1382
2023-01;Castilla y León;Zamora;BIODIESEL;0
2023-01;Castilla y León;Zamora;GASÓLEO A;12925
2023-01;Castilla y León;Zamora;GASÓLEO B;4724
2023-01;Castilla y León;Zamora;GASÓLEO C;643
2023-01;Castilla y León;Zamora;OTROS GASOLEOS;0
2023-01;Castilla y León;Zamora;BIOETANOL;0
2023-01;Castilla y León;Zamora;GASOLINA  AUTO. S/PB 95 I.O.;1313
2023-01;Castilla y León;Zamora;GASOLINA  AUTO. S/PB 98 I.O.;77
2023-01;Castilla y León;Zamora;OTRAS GASOLINAS;0
2023-01;Castilla y León;Zamora;FUELÓLEO  BIA;40
2023-01;Castilla y León;Zamora;OTROS FUELÓLEOS;0
2023-01;Castilla y León;Zamora;QUEROSENO AVIACIÓN;0
2023-01;Castilla y León;Zamora;OTROS QUEROSENOS;0
2023-01;Castilla y León;Zamora;GLP;657
2023-01;Cataluña;Barcelona;BIODIESEL;85
2023-01;Cataluña;Barcelona;GASÓLEO A;132894
2023-01;Cataluña;Barcelona;GASÓLEO B;20720
2023-01;Cataluña;Barcelona;GASÓLEO C;5548
2023-01;Cataluña;Barcelona;OTROS GASOLEOS;39987
2023-01;Cataluña;Barcelona;BIOETANOL;0
2023-01;Cataluña;Barcelona;GASOLINA  AUTO. S/PB 95 I.O.;44168
2023-01;Cataluña;Barcelona;GASOLINA  AUTO. S/PB 98 I.O.;1905
2023-01;Cataluña;Barcelona;OTRAS GASOLINAS;40
2023-01;Cataluña;Barcelona;FUELÓLEO  BIA;186
2023-01;Cataluña;Barcelona;OTROS FUELÓLEOS;65379
2023-01;Cataluña;Barcelona;QUEROSENO AVIACIÓN;69024
2023-01;Cataluña;Barcelona;OTROS QUEROSENOS;3
2023-01;Cataluña;Barcelona;GLP;8315
2023-01;Cataluña;Girona;BIODIESEL;0
2023-01;Cataluña;Girona;GASÓLEO A;89689
2023-01;Cataluña;Girona;GASÓLEO B;6199
2023-01;Cataluña;Girona;GASÓLEO C;2906
2023-01;Cataluña;Girona;OTROS GASOLEOS;228
2023-01;Cataluña;Girona;BIOETANOL;0
2023-01;Cataluña;Girona;GASOLINA  AUTO. S/PB 95 I.O.;10412
2023-01;Cataluña;Girona;GASOLINA  AUTO. S/PB 98 I.O.;497
2023-01;Cataluña;Girona;OTRAS GASOLINAS;2
2023-01;Cataluña;Girona;FUELÓLEO  BIA;430
2023-01;Cataluña;Girona;OTROS FUELÓLEOS;0
2023-01;Cataluña;Girona;QUEROSENO AVIACIÓN;304
2023-01;Cataluña;Girona;OTROS QUEROSENOS;0
2023-01;Cataluña;Girona;GLP;4797
2023-01;Cataluña;Lleida;BIODIESEL;0
2023-01;Cataluña;Lleida;GASÓLEO A;21912
2023-01;Cataluña;Lleida;GASÓLEO B;8545
2023-01;Cataluña;Lleida;GASÓLEO C;1547
2023-01;Cataluña;Lleida;OTROS GASOLEOS;0
2023-01;Cataluña;Lleida;BIOETANOL;0
2023-01;Cataluña;Lleida;GASOLINA  AUTO. S/PB 95 I.O.;4097
2023-01;Cataluña;Lleida;GASOLINA  AUTO. S/PB 98 I.O.;178
2023-01;Cataluña;Lleida;OTRAS GASOLINAS;0
2023-01;Cataluña;Lleida;FUELÓLEO  BIA;530
2023-01;Cataluña;Lleida;OTROS FUELÓLEOS;0
2023-01;Cataluña;Lleida;QUEROSENO AVIACIÓN;89
2023-01;Cataluña;Lleida;OTROS QUEROSENOS;0
2023-01;Cataluña;Lleida;GLP;3885
2023-01;Cataluña;Tarragona;BIODIESEL;0
2023-01;Cataluña;Tarragona;GASÓLEO A;28459
2023-01;Cataluña;Tarragona;GASÓLEO B;6406
2023-01;Cataluña;Tarragona;GASÓLEO C;905
2023-01;Cataluña;Tarragona;OTROS GASOLEOS;2411
2023-01;Cataluña;Tarragona;BIOETANOL;0
2023-01;Cataluña;Tarragona;GASOLINA  AUTO. S/PB 95 I.O.;8831
2023-01;Cataluña;Tarragona;GASOLINA  AUTO. S/PB 98 I.O.;349
2023-01;Cataluña;Tarragona;OTRAS GASOLINAS;10
2023-01;Cataluña;Tarragona;FUELÓLEO  BIA;239
2023-01;Cataluña;Tarragona;OTROS FUELÓLEOS;1935
2023-01;Cataluña;Tarragona;QUEROSENO AVIACIÓN;63
2023-01;Cataluña;Tarragona;OTROS QUEROSENOS;0
2023-01;Cataluña;Tarragona;GLP;8205
2023-01;Ceuta;Ceuta;BIODIESEL;0
2023-01;Ceuta;Ceuta;GASÓLEO A;1009
2023-01;Ceuta;Ceuta;GASÓLEO B;0
2023-01;Ceuta;Ceuta;GASÓLEO C;1281
2023-01;Ceuta;Ceuta;OTROS GASOLEOS;4504
2023-01;Ceuta;Ceuta;BIOETANOL;0
2023-01;Ceuta;Ceuta;GASOLINA  AUTO. S/PB 95 I.O.;446
2023-01;Ceuta;Ceuta;GASOLINA  AUTO. S/PB 98 I.O.;44
2023-01;Ceuta;Ceuta;OTRAS GASOLINAS;0
2023-01;Ceuta;Ceuta;FUELÓLEO  BIA;2500
2023-01;Ceuta;Ceuta;OTROS FUELÓLEOS;7127
2023-01;Ceuta;Ceuta;QUEROSENO AVIACIÓN;54
2023-01;Ceuta;Ceuta;OTROS QUEROSENOS;0
2023-01;Ceuta;Ceuta;GLP;245
2023-01;Comunitat Valenciana;Alicante/Alacant;BIODIESEL;0
2023-01;Comunitat Valenciana;Alicante/Alacant;GASÓLEO A;42856
2023-01;Comunitat Valenciana;Alicante/Alacant;GASÓLEO B;5757
2023-01;Comunitat Valenciana;Alicante/Alacant;GASÓLEO C;1732
2023-01;Comunitat Valenciana;Alicante/Alacant;OTROS GASOLEOS;2114
2023-01;Comunitat Valenciana;Alicante/Alacant;BIOETANOL;0
2023-01;Comunitat Valenciana;Alicante/Alacant;GASOLINA  AUTO. S/PB 95 I.O.;16580
2023-01;Comunitat Valenciana;Alicante/Alacant;GASOLINA  AUTO. S/PB 98 I.O.;624
2023-01;Comunitat Valenciana;Alicante/Alacant;OTRAS GASOLINAS;13
2023-01;Comunitat Valenciana;Alicante/Alacant;FUELÓLEO  BIA;137
2023-01;Comunitat Valenciana;Alicante/Alacant;OTROS FUELÓLEOS;77
2023-01;Comunitat Valenciana;Alicante/Alacant;QUEROSENO AVIACIÓN;15863
2023-01;Comunitat Valenciana;Alicante/Alacant;OTROS QUEROSENOS;0
2023-01;Comunitat Valenciana;Alicante/Alacant;GLP;8621
2023-01;Comunitat Valenciana;Castellón/Castelló;BIODIESEL;0
2023-01;Comunitat Valenciana;Castellón/Castelló;GASÓLEO A;18848
2023-01;Comunitat Valenciana;Castellón/Castelló;GASÓLEO B;2606
2023-01;Comunitat Valenciana;Castellón/Castelló;GASÓLEO C;278
2023-01;Comunitat Valenciana;Castellón/Castelló;OTROS GASOLEOS;11338
2023-01;Comunitat Valenciana;Castellón/Castelló;BIOETANOL;0
2023-01;Comunitat Valenciana;Castellón/Castelló;GASOLINA  AUTO. S/PB 95 I.O.;5071
2023-01;Comunitat Valenciana;Castellón/Castelló;GASOLINA  AUTO. S/PB 98 I.O.;251
2023-01;Comunitat Valenciana;Castellón/Castelló;OTRAS GASOLINAS;8
2023-01;Comunitat Valenciana;Castellón/Castelló;FUELÓLEO  BIA;53
2023-01;Comunitat Valenciana;Castellón/Castelló;OTROS FUELÓLEOS;404
2023-01;Comunitat Valenciana;Castellón/Castelló;QUEROSENO AVIACIÓN;195
2023-01;Comunitat Valenciana;Castellón/Castelló;OTROS QUEROSENOS;0
2023-01;Comunitat Valenciana;Castellón/Castelló;GLP;2335
2023-01;Comunitat Valenciana;Valencia/València;BIODIESEL;52
2023-01;Comunitat Valenciana;Valencia/València;GASÓLEO A;82882
2023-01;Comunitat Valenciana;Valencia/València;GASÓLEO B;10675
2023-01;Comunitat Valenciana;Valencia/València;GASÓLEO C;1419
2023-01;Comunitat Valenciana;Valencia/València;OTROS GASOLEOS;4750
2023-01;Comunitat Valenciana;Valencia/València;BIOETANOL;0
2023-01;Comunitat Valenciana;Valencia/València;GASOLINA  AUTO. S/PB 95 I.O.;20612
2023-01;Comunitat Valenciana;Valencia/València;GASOLINA  AUTO. S/PB 98 I.O.;673
2023-01;Comunitat Valenciana;Valencia/València;OTRAS GASOLINAS;23
2023-01;Comunitat Valenciana;Valencia/València;FUELÓLEO  BIA;131
2023-01;Comunitat Valenciana;Valencia/València;OTROS FUELÓLEOS;21425
2023-01;Comunitat Valenciana;Valencia/València;QUEROSENO AVIACIÓN;9584
2023-01;Comunitat Valenciana;Valencia/València;OTROS QUEROSENOS;0
2023-01;Comunitat Valenciana;Valencia/València;GLP;7224
2023-01;Extremadura;Badajoz;BIODIESEL;0
2023-01;Extremadura;Badajoz;GASÓLEO A;32299
2023-01;Extremadura;Badajoz;GASÓLEO B;5684
2023-01;Extremadura;Badajoz;GASÓLEO C;1136
2023-01;Extremadura;Badajoz;OTROS GASOLEOS;0
2023-01;Extremadura;Badajoz;BIOETANOL;0
2023-01;Extremadura;Badajoz;GASOLINA  AUTO. S/PB 95 I.O.;4154
2023-01;Extremadura;Badajoz;GASOLINA  AUTO. S/PB 98 I.O.;119
2023-01;Extremadura;Badajoz;OTRAS GASOLINAS;1
2023-01;Extremadura;Badajoz;FUELÓLEO  BIA;273
2023-01;Extremadura;Badajoz;OTROS FUELÓLEOS;0
2023-01;Extremadura;Badajoz;QUEROSENO AVIACIÓN;49
2023-01;Extremadura;Badajoz;OTROS QUEROSENOS;0
2023-01;Extremadura;Badajoz;GLP;3625
2023-01;Extremadura;Cáceres;BIODIESEL;0
2023-01;Extremadura;Cáceres;GASÓLEO A;14774
2023-01;Extremadura;Cáceres;GASÓLEO B;3247
2023-01;Extremadura;Cáceres;GASÓLEO C;994
2023-01;Extremadura;Cáceres;OTROS GASOLEOS;0
2023-01;Extremadura;Cáceres;BIOETANOL;0
2023-01;Extremadura;Cáceres;GASOLINA  AUTO. S/PB 95 I.O.;2637
2023-01;Extremadura;Cáceres;GASOLINA  AUTO. S/PB 98 I.O.;68
2023-01;Extremadura;Cáceres;OTRAS GASOLINAS;0
2023-01;Extremadura;Cáceres;FUELÓLEO  BIA;129
2023-01;Extremadura;Cáceres;OTROS FUELÓLEOS;0
2023-01;Extremadura;Cáceres;QUEROSENO AVIACIÓN;0
2023-01;Extremadura;Cáceres;OTROS QUEROSENOS;0
2023-01;Extremadura;Cáceres;GLP;2772
2023-01;Galicia;Coruña, A;BIODIESEL;0
2023-01;Galicia;Coruña, A;GASÓLEO A;36466
2023-01;Galicia;Coruña, A;GASÓLEO B;6992
2023-01;Galicia;Coruña, A;GASÓLEO C;6030
2023-01;Galicia;Coruña, A;OTROS GASOLEOS;2974
2023-01;Galicia;Coruña, A;BIOETANOL;0
2023-01;Galicia;Coruña, A;GASOLINA  AUTO. S/PB 95 I.O.;7406
2023-01;Galicia;Coruña, A;GASOLINA  AUTO. S/PB 98 I.O.;310
2023-01;Galicia;Coruña, A;OTRAS GASOLINAS;3
2023-01;Galicia;Coruña, A;FUELÓLEO  BIA;9910
2023-01;Galicia;Coruña, A;OTROS FUELÓLEOS;2603
2023-01;Galicia;Coruña, A;QUEROSENO AVIACIÓN;3756
2023-01;Galicia;Coruña, A;OTROS QUEROSENOS;0
2023-01;Galicia;Coruña, A;GLP;4575
2023-01;Galicia;Lugo;BIODIESEL;0
2023-01;Galicia;Lugo;GASÓLEO A;15283
2023-01;Galicia;Lugo;GASÓLEO B;4072
2023-01;Galicia;Lugo;GASÓLEO C;3974
2023-01;Galicia;Lugo;OTROS GASOLEOS;1400
2023-01;Galicia;Lugo;BIOETANOL;0
2023-01;Galicia;Lugo;GASOLINA  AUTO. S/PB 95 I.O.;1965
2023-01;Galicia;Lugo;GASOLINA  AUTO. S/PB 98 I.O.;80
2023-01;Galicia;Lugo;OTRAS GASOLINAS;0
2023-01;Galicia;Lugo;FUELÓLEO  BIA;693
2023-01;Galicia;Lugo;OTROS FUELÓLEOS;0
2023-01;Galicia;Lugo;QUEROSENO AVIACIÓN;0
2023-01;Galicia;Lugo;OTROS QUEROSENOS;0
2023-01;Galicia;Lugo;GLP;2034
2023-01;Galicia;Ourense;BIODIESEL;0
2023-01;Galicia;Ourense;GASÓLEO A;11803
2023-01;Galicia;Ourense;GASÓLEO B;2627
2023-01;Galicia;Ourense;GASÓLEO C;5574
2023-01;Galicia;Ourense;OTROS GASOLEOS;0
2023-01;Galicia;Ourense;BIOETANOL;0
2023-01;Galicia;Ourense;GASOLINA  AUTO. S/PB 95 I.O.;1866
2023-01;Galicia;Ourense;GASOLINA  AUTO. S/PB 98 I.O.;109
2023-01;Galicia;Ourense;OTRAS GASOLINAS;0
2023-01;Galicia;Ourense;FUELÓLEO  BIA;1624
2023-01;Galicia;Ourense;OTROS FUELÓLEOS;0
2023-01;Galicia;Ourense;QUEROSENO AVIACIÓN;0
2023-01;Galicia;Ourense;OTROS QUEROSENOS;0
2023-01;Galicia;Ourense;GLP;1868
2023-01;Galicia;Pontevedra;BIODIESEL;0
2023-01;Galicia;Pontevedra;GASÓLEO A;30974
2023-01;Galicia;Pontevedra;GASÓLEO B;5050
2023-01;Galicia;Pontevedra;GASÓLEO C;5476
2023-01;Galicia;Pontevedra;OTROS GASOLEOS;7162
2023-01;Galicia;Pontevedra;BIOETANOL;0
2023-01;Galicia;Pontevedra;GASOLINA  AUTO. S/PB 95 I.O.;6126
2023-01;Galicia;Pontevedra;GASOLINA  AUTO. S/PB 98 I.O.;235
2023-01;Galicia;Pontevedra;OTRAS GASOLINAS;1
2023-01;Galicia;Pontevedra;FUELÓLEO  BIA;1502
2023-01;Galicia;Pontevedra;OTROS FUELÓLEOS;0
2023-01;Galicia;Pontevedra;QUEROSENO AVIACIÓN;604
2023-01;Galicia;Pontevedra;OTROS QUEROSENOS;0
2023-01;Galicia;Pontevedra;GLP;4456
2023-01;Madrid, Comunidad de;Madrid;BIODIESEL;26
2023-01;Madrid, Comunidad de;Madrid;GASÓLEO A;135631
2023-01;Madrid, Comunidad de;Madrid;GASÓLEO B;20336
2023-01;Madrid, Comunidad de;Madrid;GASÓLEO C;17571
2023-01;Madrid, Comunidad de;Madrid;OTROS GASOLEOS;0
2023-01;Madrid, Comunidad de;Madrid;BIOETANOL;0
2023-01;Madrid, Comunidad de;Madrid;GASOLINA  AUTO. S/PB 95 I.O.;53184
2023-01;Madrid, Comunidad de;Madrid;GASOLINA  AUTO. S/PB 98 I.O.;1731
2023-01;Madrid, Comunidad de;Madrid;OTRAS GASOLINAS;50
2023-01;Madrid, Comunidad de;Madrid;FUELÓLEO  BIA;230
2023-01;Madrid, Comunidad de;Madrid;OTROS FUELÓLEOS;38
2023-01;Madrid, Comunidad de;Madrid;QUEROSENO AVIACIÓN;176030
2023-01;Madrid, Comunidad de;Madrid;OTROS QUEROSENOS;0
2023-01;Madrid, Comunidad de;Madrid;GLP;13985
2023-01;Melilla;Melilla;BIODIESEL;0
2023-01;Melilla;Melilla;GASÓLEO A;1042
2023-01;Melilla;Melilla;GASÓLEO B;0
2023-01;Melilla;Melilla;GASÓLEO C;0
2023-01;Melilla;Melilla;OTROS GASOLEOS;0
2023-01;Melilla;Melilla;BIOETANOL;0
2023-01;Melilla;Melilla;GASOLINA  AUTO. S/PB 95 I.O.;474
2023-01;Melilla;Melilla;GASOLINA  AUTO. S/PB 98 I.O.;0
2023-01;Melilla;Melilla;OTRAS GASOLINAS;0
2023-01;Melilla;Melilla;FUELÓLEO  BIA;2330
2023-01;Melilla;Melilla;OTROS FUELÓLEOS;0
2023-01;Melilla;Melilla;QUEROSENO AVIACIÓN;133
2023-01;Melilla;Melilla;OTROS QUEROSENOS;0
2023-01;Melilla;Melilla;GLP;227
2023-01;Murcia, Región de;Murcia;BIODIESEL;0
2023-01;Murcia, Región de;Murcia;GASÓLEO A;65694
2023-01;Murcia, Región de;Murcia;GASÓLEO B;11571
2023-01;Murcia, Región de;Murcia;GASÓLEO C;910
2023-01;Murcia, Región de;Murcia;OTROS GASOLEOS;1116
2023-01;Murcia, Región de;Murcia;BIOETANOL;0
2023-01;Murcia, Región de;Murcia;GASOLINA  AUTO. S/PB 95 I.O.;10265
2023-01;Murcia, Región de;Murcia;GASOLINA  AUTO. S/PB 98 I.O.;388
2023-01;Murcia, Región de;Murcia;OTRAS GASOLINAS;0
2023-01;Murcia, Región de;Murcia;FUELÓLEO  BIA;421
2023-01;Murcia, Región de;Murcia;OTROS FUELÓLEOS;204
2023-01;Murcia, Región de;Murcia;QUEROSENO AVIACIÓN;415
2023-01;Murcia, Región de;Murcia;OTROS QUEROSENOS;0
2023-01;Murcia, Región de;Murcia;GLP;5330
2023-01;Navarra, Comunidad Foral de;Navarra;BIODIESEL;0
2023-01;Navarra, Comunidad Foral de;Navarra;GASÓLEO A;47704
2023-01;Navarra, Comunidad Foral de;Navarra;GASÓLEO B;7874
2023-01;Navarra, Comunidad Foral de;Navarra;GASÓLEO C;908
2023-01;Navarra, Comunidad Foral de;Navarra;OTROS GASOLEOS;0
2023-01;Navarra, Comunidad Foral de;Navarra;BIOETANOL;0
2023-01;Navarra, Comunidad Foral de;Navarra;GASOLINA  AUTO. S/PB 95 I.O.;4797
2023-01;Navarra, Comunidad Foral de;Navarra;GASOLINA  AUTO. S/PB 98 I.O.;133
2023-01;Navarra, Comunidad Foral de;Navarra;OTRAS GASOLINAS;1
2023-01;Navarra, Comunidad Foral de;Navarra;FUELÓLEO  BIA;227
2023-01;Navarra, Comunidad Foral de;Navarra;OTROS FUELÓLEOS;0
2023-01;Navarra, Comunidad Foral de;Navarra;QUEROSENO AVIACIÓN;63
2023-01;Navarra, Comunidad Foral de;Navarra;OTROS QUEROSENOS;0
2023-01;Navarra, Comunidad Foral de;Navarra;GLP;3720
2023-01;País Vasco;Araba/Álava;BIODIESEL;0
2023-01;País Vasco;Araba/Álava;GASÓLEO A;31228
2023-01;País Vasco;Araba/Álava;GASÓLEO B;3442
2023-01;País Vasco;Araba/Álava;GASÓLEO C;1059
2023-01;País Vasco;Araba/Álava;OTROS GASOLEOS;0
2023-01;País Vasco;Araba/Álava;BIOETANOL;0
2023-01;País Vasco;Araba/Álava;GASOLINA  AUTO. S/PB 95 I.O.;2098
2023-01;País Vasco;Araba/Álava;GASOLINA  AUTO. S/PB 98 I.O.;93
2023-01;País Vasco;Araba/Álava;OTRAS GASOLINAS;0
2023-01;País Vasco;Araba/Álava;FUELÓLEO  BIA;371
2023-01;País Vasco;Araba/Álava;OTROS FUELÓLEOS;0
2023-01;País Vasco;Araba/Álava;QUEROSENO AVIACIÓN;1062
2023-01;País Vasco;Araba/Álava;OTROS QUEROSENOS;0
2023-01;País Vasco;Araba/Álava;GLP;2871
2023-01;País Vasco;Bizkaia;BIODIESEL;4
2023-01;País Vasco;Bizkaia;GASÓLEO A;28252
2023-01;País Vasco;Bizkaia;GASÓLEO B;9165
2023-01;País Vasco;Bizkaia;GASÓLEO C;5882
2023-01;País Vasco;Bizkaia;OTROS GASOLEOS;809
2023-01;País Vasco;Bizkaia;BIOETANOL;0
2023-01;País Vasco;Bizkaia;GASOLINA  AUTO. S/PB 95 I.O.;6776
2023-01;País Vasco;Bizkaia;GASOLINA  AUTO. S/PB 98 I.O.;291
2023-01;País Vasco;Bizkaia;OTRAS GASOLINAS;1
2023-01;País Vasco;Bizkaia;FUELÓLEO  BIA;261
2023-01;País Vasco;Bizkaia;OTROS FUELÓLEOS;0
2023-01;País Vasco;Bizkaia;QUEROSENO AVIACIÓN;4403
2023-01;País Vasco;Bizkaia;OTROS QUEROSENOS;4
2023-01;País Vasco;Bizkaia;GLP;2012
2023-01;País Vasco;Gipuzkoa;BIODIESEL;0
2023-01;País Vasco;Gipuzkoa;GASÓLEO A;60272
2023-01;País Vasco;Gipuzkoa;GASÓLEO B;1995
2023-01;País Vasco;Gipuzkoa;GASÓLEO C;558
2023-01;País Vasco;Gipuzkoa;OTROS GASOLEOS;512
2023-01;País Vasco;Gipuzkoa;BIOETANOL;0
2023-01;País Vasco;Gipuzkoa;GASOLINA  AUTO. S/PB 95 I.O.;4785
2023-01;País Vasco;Gipuzkoa;GASOLINA  AUTO. S/PB 98 I.O.;233
2023-01;País Vasco;Gipuzkoa;OTRAS GASOLINAS;0
2023-01;País Vasco;Gipuzkoa;FUELÓLEO  BIA;101
2023-01;País Vasco;Gipuzkoa;OTROS FUELÓLEOS;0
2023-01;País Vasco;Gipuzkoa;QUEROSENO AVIACIÓN;345
2023-01;País Vasco;Gipuzkoa;OTROS QUEROSENOS;0
2023-01;País Vasco;Gipuzkoa;GLP;2161
2023-01;Rioja, La;Rioja, La;BIODIESEL;0
2023-01;Rioja, La;Rioja, La;GASÓLEO A;10234
2023-01;Rioja, La;Rioja, La;GASÓLEO B;3261
2023-01;Rioja, La;Rioja, La;GASÓLEO C;1896
2023-01;Rioja, La;Rioja, La;OTROS GASOLEOS;0
2023-01;Rioja, La;Rioja, La;BIOETANOL;0
2023-01;Rioja, La;Rioja, La;GASOLINA  AUTO. S/PB 95 I.O.;1690
2023-01;Rioja, La;Rioja, La;GASOLINA  AUTO. S/PB 98 I.O.;59
2023-01;Rioja, La;Rioja, La;OTRAS GASOLINAS;0
2023-01;Rioja, La;Rioja, La;FUELÓLEO  BIA;81
2023-01;Rioja, La;Rioja, La;OTROS FUELÓLEOS;0
2023-01;Rioja, La;Rioja, La;QUEROSENO AVIACIÓN;1
2023-01;Rioja, La;Rioja, La;OTROS QUEROSENOS;0
2023-01;Rioja, La;Rioja, La;GLP;711
2023-02;Andalucía;Almería;BIODIESEL;0
2023-02;Andalucía;Almería;GASÓLEO A;27292
2023-02;Andalucía;Almería;GASÓLEO B;5705
2023-02;Andalucía;Almería;GASÓLEO C;495
2023-02;Andalucía;Almería;OTROS GASOLEOS;1083
2023-02;Andalucía;Almería;BIOETANOL;0
2023-02;Andalucía;Almería;GASOLINA  AUTO. S/PB 95 I.O.;4428
2023-02;Andalucía;Almería;GASOLINA  AUTO. S/PB 98 I.O.;253
2023-02;Andalucía;Almería;OTRAS GASOLINAS;0
2023-02;Andalucía;Almería;FUELÓLEO  BIA;181
2023-02;Andalucía;Almería;OTROS FUELÓLEOS;1544
2023-02;Andalucía;Almería;QUEROSENO AVIACIÓN;262
2023-02;Andalucía;Almería;OTROS QUEROSENOS;0
2023-02;Andalucía;Almería;GLP;2650
2023-02;Andalucía;Cádiz;BIODIESEL;0
2023-02;Andalucía;Cádiz;GASÓLEO A;29234
2023-02;Andalucía;Cádiz;GASÓLEO B;7144
2023-02;Andalucía;Cádiz;GASÓLEO C;674
2023-02;Andalucía;Cádiz;OTROS GASOLEOS;42332
2023-02;Andalucía;Cádiz;BIOETANOL;0
2023-02;Andalucía;Cádiz;GASOLINA  AUTO. S/PB 95 I.O.;8636
2023-02;Andalucía;Cádiz;GASOLINA  AUTO. S/PB 98 I.O.;307
2023-02;Andalucía;Cádiz;OTRAS GASOLINAS;31
2023-02;Andalucía;Cádiz;FUELÓLEO  BIA;0
2023-02;Andalucía;Cádiz;OTROS FUELÓLEOS;198196
2023-02;Andalucía;Cádiz;QUEROSENO AVIACIÓN;519
2023-02;Andalucía;Cádiz;OTROS QUEROSENOS;0
2023-02;Andalucía;Cádiz;GLP;3846
2023-02;Andalucía;Córdoba;BIODIESEL;0
2023-02;Andalucía;Córdoba;GASÓLEO A;27954
2023-02;Andalucía;Córdoba;GASÓLEO B;8067
2023-02;Andalucía;Córdoba;GASÓLEO C;811
2023-02;Andalucía;Córdoba;OTROS GASOLEOS;0
2023-02;Andalucía;Córdoba;BIOETANOL;0
2023-02;Andalucía;Córdoba;GASOLINA  AUTO. S/PB 95 I.O.;4555
2023-02;Andalucía;Córdoba;GASOLINA  AUTO. S/PB 98 I.O.;87
2023-02;Andalucía;Córdoba;OTRAS GASOLINAS;8
2023-02;Andalucía;Córdoba;FUELÓLEO  BIA;25
2023-02;Andalucía;Córdoba;OTROS FUELÓLEOS;0
2023-02;Andalucía;Córdoba;QUEROSENO AVIACIÓN;14
2023-02;Andalucía;Córdoba;OTROS QUEROSENOS;0
2023-02;Andalucía;Córdoba;GLP;2566
2023-02;Andalucía;Granada;BIODIESEL;0
2023-02;Andalucía;Granada;GASÓLEO A;31352
2023-02;Andalucía;Granada;GASÓLEO B;7454
2023-02;Andalucía;Granada;GASÓLEO C;3374
2023-02;Andalucía;Granada;OTROS GASOLEOS;739
2023-02;Andalucía;Granada;BIOETANOL;0
2023-02;Andalucía;Granada;GASOLINA  AUTO. S/PB 95 I.O.;6721
2023-02;Andalucía;Granada;GASOLINA  AUTO. S/PB 98 I.O.;324
2023-02;Andalucía;Granada;OTRAS GASOLINAS;4
2023-02;Andalucía;Granada;FUELÓLEO  BIA;229
2023-02;Andalucía;Granada;OTROS FUELÓLEOS;567
2023-02;Andalucía;Granada;QUEROSENO AVIACIÓN;652
2023-02;Andalucía;Granada;OTROS QUEROSENOS;0
2023-02;Andalucía;Granada;GLP;3952
2023-02;Andalucía;Huelva;BIODIESEL;0
2023-02;Andalucía;Huelva;GASÓLEO A;22609
2023-02;Andalucía;Huelva;GASÓLEO B;7801
2023-02;Andalucía;Huelva;GASÓLEO C;139
2023-02;Andalucía;Huelva;OTROS GASOLEOS;1321
2023-02;Andalucía;Huelva;BIOETANOL;0
2023-02;Andalucía;Huelva;GASOLINA  AUTO. S/PB 95 I.O.;3898
2023-02;Andalucía;Huelva;GASOLINA  AUTO. S/PB 98 I.O.;121
2023-02;Andalucía;Huelva;OTRAS GASOLINAS;0
2023-02;Andalucía;Huelva;FUELÓLEO  BIA;419
2023-02;Andalucía;Huelva;OTROS FUELÓLEOS;2678
2023-02;Andalucía;Huelva;QUEROSENO AVIACIÓN;0
2023-02;Andalucía;Huelva;OTROS QUEROSENOS;0
2023-02;Andalucía;Huelva;GLP;2722
2023-02;Andalucía;Jaén;BIODIESEL;0
2023-02;Andalucía;Jaén;GASÓLEO A;27120
2023-02;Andalucía;Jaén;GASÓLEO B;4979
2023-02;Andalucía;Jaén;GASÓLEO C;1232
2023-02;Andalucía;Jaén;OTROS GASOLEOS;0
2023-02;Andalucía;Jaén;BIOETANOL;0
2023-02;Andalucía;Jaén;GASOLINA  AUTO. S/PB 95 I.O.;3677
2023-02;Andalucía;Jaén;GASOLINA  AUTO. S/PB 98 I.O.;81
2023-02;Andalucía;Jaén;OTRAS GASOLINAS;0
2023-02;Andalucía;Jaén;FUELÓLEO  BIA;0
2023-02;Andalucía;Jaén;OTROS FUELÓLEOS;0
2023-02;Andalucía;Jaén;QUEROSENO AVIACIÓN;0
2023-02;Andalucía;Jaén;OTROS QUEROSENOS;0
2023-02;Andalucía;Jaén;GLP;1720
2023-02;Andalucía;Málaga;BIODIESEL;0
2023-02;Andalucía;Málaga;GASÓLEO A;43721
2023-02;Andalucía;Málaga;GASÓLEO B;4892
2023-02;Andalucía;Málaga;GASÓLEO C;569
2023-02;Andalucía;Málaga;OTROS GASOLEOS;496
2023-02;Andalucía;Málaga;BIOETANOL;0
2023-02;Andalucía;Málaga;GASOLINA  AUTO. S/PB 95 I.O.;14746
2023-02;Andalucía;Málaga;GASOLINA  AUTO. S/PB 98 I.O.;917
2023-02;Andalucía;Málaga;OTRAS GASOLINAS;27
2023-02;Andalucía;Málaga;FUELÓLEO  BIA;51
2023-02;Andalucía;Málaga;OTROS FUELÓLEOS;1456
2023-02;Andalucía;Málaga;QUEROSENO AVIACIÓN;22722
2023-02;Andalucía;Málaga;OTROS QUEROSENOS;0
2023-02;Andalucía;Málaga;GLP;6004
2023-02;Andalucía;Sevilla;BIODIESEL;0
2023-02;Andalucía;Sevilla;GASÓLEO A;52393
2023-02;Andalucía;Sevilla;GASÓLEO B;8869
2023-02;Andalucía;Sevilla;GASÓLEO C;728
2023-02;Andalucía;Sevilla;OTROS GASOLEOS;995
2023-02;Andalucía;Sevilla;BIOETANOL;0
2023-02;Andalucía;Sevilla;GASOLINA  AUTO. S/PB 95 I.O.;13598
2023-02;Andalucía;Sevilla;GASOLINA  AUTO. S/PB 98 I.O.;272
2023-02;Andalucía;Sevilla;OTRAS GASOLINAS;7
2023-02;Andalucía;Sevilla;FUELÓLEO  BIA;1199
2023-02;Andalucía;Sevilla;OTROS FUELÓLEOS;348
2023-02;Andalucía;Sevilla;QUEROSENO AVIACIÓN;8454
2023-02;Andalucía;Sevilla;OTROS QUEROSENOS;0
2023-02;Andalucía;Sevilla;GLP;5074
2023-02;Aragón;Huesca;BIODIESEL;0
2023-02;Aragón;Huesca;GASÓLEO A;14174
2023-02;Aragón;Huesca;GASÓLEO B;8156
2023-02;Aragón;Huesca;GASÓLEO C;2470
2023-02;Aragón;Huesca;OTROS GASOLEOS;0
2023-02;Aragón;Huesca;BIOETANOL;0
2023-02;Aragón;Huesca;GASOLINA  AUTO. S/PB 95 I.O.;2618
2023-02;Aragón;Huesca;GASOLINA  AUTO. S/PB 98 I.O.;116
2023-02;Aragón;Huesca;OTRAS GASOLINAS;0
2023-02;Aragón;Huesca;FUELÓLEO  BIA;79
2023-02;Aragón;Huesca;OTROS FUELÓLEOS;0
2023-02;Aragón;Huesca;QUEROSENO AVIACIÓN;14
2023-02;Aragón;Huesca;OTROS QUEROSENOS;0
2023-02;Aragón;Huesca;GLP;3145
2023-02;Aragón;Teruel;BIODIESEL;0
2023-02;Aragón;Teruel;GASÓLEO A;8358
2023-02;Aragón;Teruel;GASÓLEO B;5181
2023-02;Aragón;Teruel;GASÓLEO C;2292
2023-02;Aragón;Teruel;OTROS GASOLEOS;0
2023-02;Aragón;Teruel;BIOETANOL;0
2023-02;Aragón;Teruel;GASOLINA  AUTO. S/PB 95 I.O.;1057
2023-02;Aragón;Teruel;GASOLINA  AUTO. S/PB 98 I.O.;34
2023-02;Aragón;Teruel;OTRAS GASOLINAS;0
2023-02;Aragón;Teruel;FUELÓLEO  BIA;75
2023-02;Aragón;Teruel;OTROS FUELÓLEOS;0
2023-02;Aragón;Teruel;QUEROSENO AVIACIÓN;109
2023-02;Aragón;Teruel;OTROS QUEROSENOS;0
2023-02;Aragón;Teruel;GLP;762
2023-02;Aragón;Zaragoza;BIODIESEL;0
2023-02;Aragón;Zaragoza;GASÓLEO A;40764
2023-02;Aragón;Zaragoza;GASÓLEO B;11692
2023-02;Aragón;Zaragoza;GASÓLEO C;10034
2023-02;Aragón;Zaragoza;OTROS GASOLEOS;17
2023-02;Aragón;Zaragoza;BIOETANOL;0
2023-02;Aragón;Zaragoza;GASOLINA  AUTO. S/PB 95 I.O.;7610
2023-02;Aragón;Zaragoza;GASOLINA  AUTO. S/PB 98 I.O.;218
2023-02;Aragón;Zaragoza;OTRAS GASOLINAS;2
2023-02;Aragón;Zaragoza;FUELÓLEO  BIA;349
2023-02;Aragón;Zaragoza;OTROS FUELÓLEOS;0
2023-02;Aragón;Zaragoza;QUEROSENO AVIACIÓN;4980
2023-02;Aragón;Zaragoza;OTROS QUEROSENOS;0
2023-02;Aragón;Zaragoza;GLP;3140
2023-02;Asturias, Principado de;Asturias;BIODIESEL;0
2023-02;Asturias, Principado de;Asturias;GASÓLEO A;31707
2023-02;Asturias, Principado de;Asturias;GASÓLEO B;8094
2023-02;Asturias, Principado de;Asturias;GASÓLEO C;4833
2023-02;Asturias, Principado de;Asturias;OTROS GASOLEOS;2734
2023-02;Asturias, Principado de;Asturias;BIOETANOL;0
2023-02;Asturias, Principado de;Asturias;GASOLINA  AUTO. S/PB 95 I.O.;7149
2023-02;Asturias, Principado de;Asturias;GASOLINA  AUTO. S/PB 98 I.O.;374
2023-02;Asturias, Principado de;Asturias;OTRAS GASOLINAS;2
2023-02;Asturias, Principado de;Asturias;FUELÓLEO  BIA;6203
2023-02;Asturias, Principado de;Asturias;OTROS FUELÓLEOS;533
2023-02;Asturias, Principado de;Asturias;QUEROSENO AVIACIÓN;1115
2023-02;Asturias, Principado de;Asturias;OTROS QUEROSENOS;0
2023-02;Asturias, Principado de;Asturias;GLP;3539
2023-02;Balears, Illes;Balears, Illes;BIODIESEL;0
2023-02;Balears, Illes;Balears, Illes;GASÓLEO A;23260
2023-02;Balears, Illes;Balears, Illes;GASÓLEO B;4461
2023-02;Balears, Illes;Balears, Illes;GASÓLEO C;14556
2023-02;Balears, Illes;Balears, Illes;OTROS GASOLEOS;1531
2023-02;Balears, Illes;Balears, Illes;BIOETANOL;0
2023-02;Balears, Illes;Balears, Illes;GASOLINA  AUTO. S/PB 95 I.O.;14371
2023-02;Balears, Illes;Balears, Illes;GASOLINA  AUTO. S/PB 98 I.O.;625
2023-02;Balears, Illes;Balears, Illes;OTRAS GASOLINAS;11
2023-02;Balears, Illes;Balears, Illes;FUELÓLEO  BIA;50
2023-02;Balears, Illes;Balears, Illes;OTROS FUELÓLEOS;0
2023-02;Balears, Illes;Balears, Illes;QUEROSENO AVIACIÓN;11871
2023-02;Balears, Illes;Balears, Illes;OTROS QUEROSENOS;0
2023-02;Balears, Illes;Balears, Illes;GLP;5025
2023-02;Canarias;Palmas, Las;BIODIESEL;0
2023-02;Canarias;Palmas, Las;GASÓLEO A;25939
2023-02;Canarias;Palmas, Las;GASÓLEO B;0
2023-02;Canarias;Palmas, Las;GASÓLEO C;0
2023-02;Canarias;Palmas, Las;OTROS GASOLEOS;116399
2023-02;Canarias;Palmas, Las;BIOETANOL;0
2023-02;Canarias;Palmas, Las;GASOLINA  AUTO. S/PB 95 I.O.;16923
2023-02;Canarias;Palmas, Las;GASOLINA  AUTO. S/PB 98 I.O.;2851
2023-02;Canarias;Palmas, Las;OTRAS GASOLINAS;5
2023-02;Canarias;Palmas, Las;FUELÓLEO  BIA;30270
2023-02;Canarias;Palmas, Las;OTROS FUELÓLEOS;76725
2023-02;Canarias;Palmas, Las;QUEROSENO AVIACIÓN;48559
2023-02;Canarias;Palmas, Las;OTROS QUEROSENOS;0
2023-02;Canarias;Palmas, Las;GLP;3228
2023-02;Canarias;Santa Cruz de Tenerife;BIODIESEL;0
2023-02;Canarias;Santa Cruz de Tenerife;GASÓLEO A;24943
2023-02;Canarias;Santa Cruz de Tenerife;GASÓLEO B;0
2023-02;Canarias;Santa Cruz de Tenerife;GASÓLEO C;0
2023-02;Canarias;Santa Cruz de Tenerife;OTROS GASOLEOS;50281
2023-02;Canarias;Santa Cruz de Tenerife;BIOETANOL;0
2023-02;Canarias;Santa Cruz de Tenerife;GASOLINA  AUTO. S/PB 95 I.O.;15438
2023-02;Canarias;Santa Cruz de Tenerife;GASOLINA  AUTO. S/PB 98 I.O.;4235
2023-02;Canarias;Santa Cruz de Tenerife;OTRAS GASOLINAS;0
2023-02;Canarias;Santa Cruz de Tenerife;FUELÓLEO  BIA;19717
2023-02;Canarias;Santa Cruz de Tenerife;OTROS FUELÓLEOS;24976
2023-02;Canarias;Santa Cruz de Tenerife;QUEROSENO AVIACIÓN;46996
2023-02;Canarias;Santa Cruz de Tenerife;OTROS QUEROSENOS;6
2023-02;Canarias;Santa Cruz de Tenerife;GLP;4054
2023-02;Cantabria;Cantabria;BIODIESEL;0
2023-02;Cantabria;Cantabria;GASÓLEO A;22830
2023-02;Cantabria;Cantabria;GASÓLEO B;5808
2023-02;Cantabria;Cantabria;GASÓLEO C;361
2023-02;Cantabria;Cantabria;OTROS GASOLEOS;382
2023-02;Cantabria;Cantabria;BIOETANOL;0
2023-02;Cantabria;Cantabria;GASOLINA  AUTO. S/PB 95 I.O.;4946
2023-02;Cantabria;Cantabria;GASOLINA  AUTO. S/PB 98 I.O.;214
2023-02;Cantabria;Cantabria;OTRAS GASOLINAS;1
2023-02;Cantabria;Cantabria;FUELÓLEO  BIA;485
2023-02;Cantabria;Cantabria;OTROS FUELÓLEOS;0
2023-02;Cantabria;Cantabria;QUEROSENO AVIACIÓN;664
2023-02;Cantabria;Cantabria;OTROS QUEROSENOS;0
2023-02;Cantabria;Cantabria;GLP;2983
2023-02;Castilla - La Mancha;Albacete;BIODIESEL;0
2023-02;Castilla - La Mancha;Albacete;GASÓLEO A;16145
2023-02;Castilla - La Mancha;Albacete;GASÓLEO B;6469
2023-02;Castilla - La Mancha;Albacete;GASÓLEO C;3314
2023-02;Castilla - La Mancha;Albacete;OTROS GASOLEOS;0
2023-02;Castilla - La Mancha;Albacete;BIOETANOL;0
2023-02;Castilla - La Mancha;Albacete;GASOLINA  AUTO. S/PB 95 I.O.;2451
2023-02;Castilla - La Mancha;Albacete;GASOLINA  AUTO. S/PB 98 I.O.;93
2023-02;Castilla - La Mancha;Albacete;OTRAS GASOLINAS;0
2023-02;Castilla - La Mancha;Albacete;FUELÓLEO  BIA;70
2023-02;Castilla - La Mancha;Albacete;OTROS FUELÓLEOS;0
2023-02;Castilla - La Mancha;Albacete;QUEROSENO AVIACIÓN;48
2023-02;Castilla - La Mancha;Albacete;OTROS QUEROSENOS;0
2023-02;Castilla - La Mancha;Albacete;GLP;1620
2023-02;Castilla - La Mancha;Ciudad Real;BIODIESEL;0
2023-02;Castilla - La Mancha;Ciudad Real;GASÓLEO A;23275
2023-02;Castilla - La Mancha;Ciudad Real;GASÓLEO B;9291
2023-02;Castilla - La Mancha;Ciudad Real;GASÓLEO C;3647
2023-02;Castilla - La Mancha;Ciudad Real;OTROS GASOLEOS;0
2023-02;Castilla - La Mancha;Ciudad Real;BIOETANOL;0
2023-02;Castilla - La Mancha;Ciudad Real;GASOLINA  AUTO. S/PB 95 I.O.;3262
2023-02;Castilla - La Mancha;Ciudad Real;GASOLINA  AUTO. S/PB 98 I.O.;106
2023-02;Castilla - La Mancha;Ciudad Real;OTRAS GASOLINAS;0
2023-02;Castilla - La Mancha;Ciudad Real;FUELÓLEO  BIA;276
2023-02;Castilla - La Mancha;Ciudad Real;OTROS FUELÓLEOS;0
2023-02;Castilla - La Mancha;Ciudad Real;QUEROSENO AVIACIÓN;44
2023-02;Castilla - La Mancha;Ciudad Real;OTROS QUEROSENOS;0
2023-02;Castilla - La Mancha;Ciudad Real;GLP;1543
2023-02;Castilla - La Mancha;Cuenca;BIODIESEL;0
2023-02;Castilla - La Mancha;Cuenca;GASÓLEO A;14087
2023-02;Castilla - La Mancha;Cuenca;GASÓLEO B;10555
2023-02;Castilla - La Mancha;Cuenca;GASÓLEO C;1703
2023-02;Castilla - La Mancha;Cuenca;OTROS GASOLEOS;0
2023-02;Castilla - La Mancha;Cuenca;BIOETANOL;0
2023-02;Castilla - La Mancha;Cuenca;GASOLINA  AUTO. S/PB 95 I.O.;1794
2023-02;Castilla - La Mancha;Cuenca;GASOLINA  AUTO. S/PB 98 I.O.;59
2023-02;Castilla - La Mancha;Cuenca;OTRAS GASOLINAS;3
2023-02;Castilla - La Mancha;Cuenca;FUELÓLEO  BIA;0
2023-02;Castilla - La Mancha;Cuenca;OTROS FUELÓLEOS;0
2023-02;Castilla - La Mancha;Cuenca;QUEROSENO AVIACIÓN;30
2023-02;Castilla - La Mancha;Cuenca;OTROS QUEROSENOS;0
2023-02;Castilla - La Mancha;Cuenca;GLP;1025
2023-02;Castilla - La Mancha;Guadalajara;BIODIESEL;0
2023-02;Castilla - La Mancha;Guadalajara;GASÓLEO A;12043
2023-02;Castilla - La Mancha;Guadalajara;GASÓLEO B;5895
2023-02;Castilla - La Mancha;Guadalajara;GASÓLEO C;3735
2023-02;Castilla - La Mancha;Guadalajara;OTROS GASOLEOS;0
2023-02;Castilla - La Mancha;Guadalajara;BIOETANOL;0
2023-02;Castilla - La Mancha;Guadalajara;GASOLINA  AUTO. S/PB 95 I.O.;2633
2023-02;Castilla - La Mancha;Guadalajara;GASOLINA  AUTO. S/PB 98 I.O.;73
2023-02;Castilla - La Mancha;Guadalajara;OTRAS GASOLINAS;0
2023-02;Castilla - La Mancha;Guadalajara;FUELÓLEO  BIA;26
2023-02;Castilla - La Mancha;Guadalajara;OTROS FUELÓLEOS;0
2023-02;Castilla - La Mancha;Guadalajara;QUEROSENO AVIACIÓN;10
2023-02;Castilla - La Mancha;Guadalajara;OTROS QUEROSENOS;0
2023-02;Castilla - La Mancha;Guadalajara;GLP;756
2023-02;Castilla - La Mancha;Toledo;BIODIESEL;0
2023-02;Castilla - La Mancha;Toledo;GASÓLEO A;32417
2023-02;Castilla - La Mancha;Toledo;GASÓLEO B;16080
2023-02;Castilla - La Mancha;Toledo;GASÓLEO C;8822
2023-02;Castilla - La Mancha;Toledo;OTROS GASOLEOS;0
2023-02;Castilla - La Mancha;Toledo;BIOETANOL;0
2023-02;Castilla - La Mancha;Toledo;GASOLINA  AUTO. S/PB 95 I.O.;5716
2023-02;Castilla - La Mancha;Toledo;GASOLINA  AUTO. S/PB 98 I.O.;213
2023-02;Castilla - La Mancha;Toledo;OTRAS GASOLINAS;0
2023-02;Castilla - La Mancha;Toledo;FUELÓLEO  BIA;33
2023-02;Castilla - La Mancha;Toledo;OTROS FUELÓLEOS;0
2023-02;Castilla - La Mancha;Toledo;QUEROSENO AVIACIÓN;17
2023-02;Castilla - La Mancha;Toledo;OTROS QUEROSENOS;0
2023-02;Castilla - La Mancha;Toledo;GLP;2864
2023-02;Castilla y León;Ávila;BIODIESEL;0
2023-02;Castilla y León;Ávila;GASÓLEO A;6271
2023-02;Castilla y León;Ávila;GASÓLEO B;4136
2023-02;Castilla y León;Ávila;GASÓLEO C;1281
2023-02;Castilla y León;Ávila;OTROS GASOLEOS;0
2023-02;Castilla y León;Ávila;BIOETANOL;0
2023-02;Castilla y León;Ávila;GASOLINA  AUTO. S/PB 95 I.O.;1379
2023-02;Castilla y León;Ávila;GASOLINA  AUTO. S/PB 98 I.O.;48
2023-02;Castilla y León;Ávila;OTRAS GASOLINAS;0
2023-02;Castilla y León;Ávila;FUELÓLEO  BIA;0
2023-02;Castilla y León;Ávila;OTROS FUELÓLEOS;0
2023-02;Castilla y León;Ávila;QUEROSENO AVIACIÓN;0
2023-02;Castilla y León;Ávila;OTROS QUEROSENOS;0
2023-02;Castilla y León;Ávila;GLP;1053
2023-02;Castilla y León;Burgos;BIODIESEL;0
2023-02;Castilla y León;Burgos;GASÓLEO A;20013
2023-02;Castilla y León;Burgos;GASÓLEO B;9400
2023-02;Castilla y León;Burgos;GASÓLEO C;2224
2023-02;Castilla y León;Burgos;OTROS GASOLEOS;0
2023-02;Castilla y León;Burgos;BIOETANOL;0
2023-02;Castilla y León;Burgos;GASOLINA  AUTO. S/PB 95 I.O.;3207
2023-02;Castilla y León;Burgos;GASOLINA  AUTO. S/PB 98 I.O.;147
2023-02;Castilla y León;Burgos;OTRAS GASOLINAS;14
2023-02;Castilla y León;Burgos;FUELÓLEO  BIA;632
2023-02;Castilla y León;Burgos;OTROS FUELÓLEOS;0
2023-02;Castilla y León;Burgos;QUEROSENO AVIACIÓN;9
2023-02;Castilla y León;Burgos;OTROS QUEROSENOS;0
2023-02;Castilla y León;Burgos;GLP;1126
2023-02;Castilla y León;León;BIODIESEL;0
2023-02;Castilla y León;León;GASÓLEO A;21853
2023-02;Castilla y León;León;GASÓLEO B;10033
2023-02;Castilla y León;León;GASÓLEO C;7349
2023-02;Castilla y León;León;OTROS GASOLEOS;0
2023-02;Castilla y León;León;BIOETANOL;0
2023-02;Castilla y León;León;GASOLINA  AUTO. S/PB 95 I.O.;3751
2023-02;Castilla y León;León;GASOLINA  AUTO. S/PB 98 I.O.;150
2023-02;Castilla y León;León;OTRAS GASOLINAS;0
2023-02;Castilla y León;León;FUELÓLEO  BIA;1768
2023-02;Castilla y León;León;OTROS FUELÓLEOS;0
2023-02;Castilla y León;León;QUEROSENO AVIACIÓN;41
2023-02;Castilla y León;León;OTROS QUEROSENOS;0
2023-02;Castilla y León;León;GLP;1671
2023-02;Castilla y León;Palencia;BIODIESEL;0
2023-02;Castilla y León;Palencia;GASÓLEO A;14109
2023-02;Castilla y León;Palencia;GASÓLEO B;5153
2023-02;Castilla y León;Palencia;GASÓLEO C;1238
2023-02;Castilla y León;Palencia;OTROS GASOLEOS;0
2023-02;Castilla y León;Palencia;BIOETANOL;0
2023-02;Castilla y León;Palencia;GASOLINA  AUTO. S/PB 95 I.O.;1137
2023-02;Castilla y León;Palencia;GASOLINA  AUTO. S/PB 98 I.O.;53
2023-02;Castilla y León;Palencia;OTRAS GASOLINAS;0
2023-02;Castilla y León;Palencia;FUELÓLEO  BIA;52
2023-02;Castilla y León;Palencia;OTROS FUELÓLEOS;0
2023-02;Castilla y León;Palencia;QUEROSENO AVIACIÓN;0
2023-02;Castilla y León;Palencia;OTROS QUEROSENOS;0
2023-02;Castilla y León;Palencia;GLP;593
2023-02;Castilla y León;Salamanca;BIODIESEL;0
2023-02;Castilla y León;Salamanca;GASÓLEO A;16991
2023-02;Castilla y León;Salamanca;GASÓLEO B;6203
2023-02;Castilla y León;Salamanca;GASÓLEO C;4633
2023-02;Castilla y León;Salamanca;OTROS GASOLEOS;0
2023-02;Castilla y León;Salamanca;BIOETANOL;0
2023-02;Castilla y León;Salamanca;GASOLINA  AUTO. S/PB 95 I.O.;2691
2023-02;Castilla y León;Salamanca;GASOLINA  AUTO. S/PB 98 I.O.;107
2023-02;Castilla y León;Salamanca;OTRAS GASOLINAS;18
2023-02;Castilla y León;Salamanca;FUELÓLEO  BIA;270
2023-02;Castilla y León;Salamanca;OTROS FUELÓLEOS;0
2023-02;Castilla y León;Salamanca;QUEROSENO AVIACIÓN;20
2023-02;Castilla y León;Salamanca;OTROS QUEROSENOS;0
2023-02;Castilla y León;Salamanca;GLP;1169
2023-02;Castilla y León;Segovia;BIODIESEL;0
2023-02;Castilla y León;Segovia;GASÓLEO A;8228
2023-02;Castilla y León;Segovia;GASÓLEO B;6010
2023-02;Castilla y León;Segovia;GASÓLEO C;1687
2023-02;Castilla y León;Segovia;OTROS GASOLEOS;0
2023-02;Castilla y León;Segovia;BIOETANOL;0
2023-02;Castilla y León;Segovia;GASOLINA  AUTO. S/PB 95 I.O.;1599
2023-02;Castilla y León;Segovia;GASOLINA  AUTO. S/PB 98 I.O.;62
2023-02;Castilla y León;Segovia;OTRAS GASOLINAS;0
2023-02;Castilla y León;Segovia;FUELÓLEO  BIA;26
2023-02;Castilla y León;Segovia;OTROS FUELÓLEOS;0
2023-02;Castilla y León;Segovia;QUEROSENO AVIACIÓN;0
2023-02;Castilla y León;Segovia;OTROS QUEROSENOS;0
2023-02;Castilla y León;Segovia;GLP;1136
2023-02;Castilla y León;Soria;BIODIESEL;0
2023-02;Castilla y León;Soria;GASÓLEO A;5579
2023-02;Castilla y León;Soria;GASÓLEO B;2815
2023-02;Castilla y León;Soria;GASÓLEO C;1345
2023-02;Castilla y León;Soria;OTROS GASOLEOS;0
2023-02;Castilla y León;Soria;BIOETANOL;0
2023-02;Castilla y León;Soria;GASOLINA  AUTO. S/PB 95 I.O.;739
2023-02;Castilla y León;Soria;GASOLINA  AUTO. S/PB 98 I.O.;32
2023-02;Castilla y León;Soria;OTRAS GASOLINAS;0
2023-02;Castilla y León;Soria;FUELÓLEO  BIA;0
2023-02;Castilla y León;Soria;OTROS FUELÓLEOS;0
2023-02;Castilla y León;Soria;QUEROSENO AVIACIÓN;0
2023-02;Castilla y León;Soria;OTROS QUEROSENOS;0
2023-02;Castilla y León;Soria;GLP;377
2023-02;Castilla y León;Valladolid;BIODIESEL;0
2023-02;Castilla y León;Valladolid;GASÓLEO A;19964
2023-02;Castilla y León;Valladolid;GASÓLEO B;8985
2023-02;Castilla y León;Valladolid;GASÓLEO C;3983
2023-02;Castilla y León;Valladolid;OTROS GASOLEOS;0
2023-02;Castilla y León;Valladolid;BIOETANOL;0
2023-02;Castilla y León;Valladolid;GASOLINA  AUTO. S/PB 95 I.O.;3898
2023-02;Castilla y León;Valladolid;GASOLINA  AUTO. S/PB 98 I.O.;147
2023-02;Castilla y León;Valladolid;OTRAS GASOLINAS;3
2023-02;Castilla y León;Valladolid;FUELÓLEO  BIA;50
2023-02;Castilla y León;Valladolid;OTROS FUELÓLEOS;0
2023-02;Castilla y León;Valladolid;QUEROSENO AVIACIÓN;82
2023-02;Castilla y León;Valladolid;OTROS QUEROSENOS;0
2023-02;Castilla y León;Valladolid;GLP;1267
2023-02;Castilla y León;Zamora;BIODIESEL;0
2023-02;Castilla y León;Zamora;GASÓLEO A;13874
2023-02;Castilla y León;Zamora;GASÓLEO B;6671
2023-02;Castilla y León;Zamora;GASÓLEO C;1013
2023-02;Castilla y León;Zamora;OTROS GASOLEOS;0
2023-02;Castilla y León;Zamora;BIOETANOL;0
2023-02;Castilla y León;Zamora;GASOLINA  AUTO. S/PB 95 I.O.;1324
2023-02;Castilla y León;Zamora;GASOLINA  AUTO. S/PB 98 I.O.;71
2023-02;Castilla y León;Zamora;OTRAS GASOLINAS;0
2023-02;Castilla y León;Zamora;FUELÓLEO  BIA;22
2023-02;Castilla y León;Zamora;OTROS FUELÓLEOS;0
2023-02;Castilla y León;Zamora;QUEROSENO AVIACIÓN;0
2023-02;Castilla y León;Zamora;OTROS QUEROSENOS;0
2023-02;Castilla y León;Zamora;GLP;740
2023-02;Cataluña;Barcelona;BIODIESEL;79
2023-02;Cataluña;Barcelona;GASÓLEO A;147604
2023-02;Cataluña;Barcelona;GASÓLEO B;26598
2023-02;Cataluña;Barcelona;GASÓLEO C;6578
2023-02;Cataluña;Barcelona;OTROS GASOLEOS;39825
2023-02;Cataluña;Barcelona;BIOETANOL;0
2023-02;Cataluña;Barcelona;GASOLINA  AUTO. S/PB 95 I.O.;47555
2023-02;Cataluña;Barcelona;GASOLINA  AUTO. S/PB 98 I.O.;2085
2023-02;Cataluña;Barcelona;OTRAS GASOLINAS;248
2023-02;Cataluña;Barcelona;FUELÓLEO  BIA;291
2023-02;Cataluña;Barcelona;OTROS FUELÓLEOS;58749
2023-02;Cataluña;Barcelona;QUEROSENO AVIACIÓN;66922
2023-02;Cataluña;Barcelona;OTROS QUEROSENOS;0
2023-02;Cataluña;Barcelona;GLP;8358
2023-02;Cataluña;Girona;BIODIESEL;0
2023-02;Cataluña;Girona;GASÓLEO A;87528
2023-02;Cataluña;Girona;GASÓLEO B;7398
2023-02;Cataluña;Girona;GASÓLEO C;3640
2023-02;Cataluña;Girona;OTROS GASOLEOS;99
2023-02;Cataluña;Girona;BIOETANOL;0
2023-02;Cataluña;Girona;GASOLINA  AUTO. S/PB 95 I.O.;10711
2023-02;Cataluña;Girona;GASOLINA  AUTO. S/PB 98 I.O.;488
2023-02;Cataluña;Girona;OTRAS GASOLINAS;2
2023-02;Cataluña;Girona;FUELÓLEO  BIA;448
2023-02;Cataluña;Girona;OTROS FUELÓLEOS;0
2023-02;Cataluña;Girona;QUEROSENO AVIACIÓN;326
2023-02;Cataluña;Girona;OTROS QUEROSENOS;4
2023-02;Cataluña;Girona;GLP;4819
2023-02;Cataluña;Lleida;BIODIESEL;3
2023-02;Cataluña;Lleida;GASÓLEO A;23566
2023-02;Cataluña;Lleida;GASÓLEO B;9917
2023-02;Cataluña;Lleida;GASÓLEO C;1778
2023-02;Cataluña;Lleida;OTROS GASOLEOS;0
2023-02;Cataluña;Lleida;BIOETANOL;0
2023-02;Cataluña;Lleida;GASOLINA  AUTO. S/PB 95 I.O.;4385
2023-02;Cataluña;Lleida;GASOLINA  AUTO. S/PB 98 I.O.;216
2023-02;Cataluña;Lleida;OTRAS GASOLINAS;12
2023-02;Cataluña;Lleida;FUELÓLEO  BIA;426
2023-02;Cataluña;Lleida;OTROS FUELÓLEOS;0
2023-02;Cataluña;Lleida;QUEROSENO AVIACIÓN;75
2023-02;Cataluña;Lleida;OTROS QUEROSENOS;1
2023-02;Cataluña;Lleida;GLP;3690
2023-02;Cataluña;Tarragona;BIODIESEL;0
2023-02;Cataluña;Tarragona;GASÓLEO A;61407
2023-02;Cataluña;Tarragona;GASÓLEO B;7308
2023-02;Cataluña;Tarragona;GASÓLEO C;1115
2023-02;Cataluña;Tarragona;OTROS GASOLEOS;1645
2023-02;Cataluña;Tarragona;BIOETANOL;0
2023-02;Cataluña;Tarragona;GASOLINA  AUTO. S/PB 95 I.O.;9465
2023-02;Cataluña;Tarragona;GASOLINA  AUTO. S/PB 98 I.O.;404
2023-02;Cataluña;Tarragona;OTRAS GASOLINAS;11
2023-02;Cataluña;Tarragona;FUELÓLEO  BIA;182
2023-02;Cataluña;Tarragona;OTROS FUELÓLEOS;2068
2023-02;Cataluña;Tarragona;QUEROSENO AVIACIÓN;77
2023-02;Cataluña;Tarragona;OTROS QUEROSENOS;0
2023-02;Cataluña;Tarragona;GLP;5992
2023-02;Ceuta;Ceuta;BIODIESEL;0
2023-02;Ceuta;Ceuta;GASÓLEO A;975
2023-02;Ceuta;Ceuta;GASÓLEO B;0
2023-02;Ceuta;Ceuta;GASÓLEO C;172
2023-02;Ceuta;Ceuta;OTROS GASOLEOS;5791
2023-02;Ceuta;Ceuta;BIOETANOL;0
2023-02;Ceuta;Ceuta;GASOLINA  AUTO. S/PB 95 I.O.;401
2023-02;Ceuta;Ceuta;GASOLINA  AUTO. S/PB 98 I.O.;32
2023-02;Ceuta;Ceuta;OTRAS GASOLINAS;0
2023-02;Ceuta;Ceuta;FUELÓLEO  BIA;3802
2023-02;Ceuta;Ceuta;OTROS FUELÓLEOS;9398
2023-02;Ceuta;Ceuta;QUEROSENO AVIACIÓN;55
2023-02;Ceuta;Ceuta;OTROS QUEROSENOS;0
2023-02;Ceuta;Ceuta;GLP;250
2023-02;Comunitat Valenciana;Alicante/Alacant;BIODIESEL;0
2023-02;Comunitat Valenciana;Alicante/Alacant;GASÓLEO A;47585
2023-02;Comunitat Valenciana;Alicante/Alacant;GASÓLEO B;6499
2023-02;Comunitat Valenciana;Alicante/Alacant;GASÓLEO C;3058
2023-02;Comunitat Valenciana;Alicante/Alacant;OTROS GASOLEOS;2112
2023-02;Comunitat Valenciana;Alicante/Alacant;BIOETANOL;0
2023-02;Comunitat Valenciana;Alicante/Alacant;GASOLINA  AUTO. S/PB 95 I.O.;17759
2023-02;Comunitat Valenciana;Alicante/Alacant;GASOLINA  AUTO. S/PB 98 I.O.;683
2023-02;Comunitat Valenciana;Alicante/Alacant;OTRAS GASOLINAS;0
2023-02;Comunitat Valenciana;Alicante/Alacant;FUELÓLEO  BIA;593
2023-02;Comunitat Valenciana;Alicante/Alacant;OTROS FUELÓLEOS;0
2023-02;Comunitat Valenciana;Alicante/Alacant;QUEROSENO AVIACIÓN;14466
2023-02;Comunitat Valenciana;Alicante/Alacant;OTROS QUEROSENOS;0
2023-02;Comunitat Valenciana;Alicante/Alacant;GLP;9716
2023-02;Comunitat Valenciana;Castellón/Castelló;BIODIESEL;0
2023-02;Comunitat Valenciana;Castellón/Castelló;GASÓLEO A;20458
2023-02;Comunitat Valenciana;Castellón/Castelló;GASÓLEO B;2518
2023-02;Comunitat Valenciana;Castellón/Castelló;GASÓLEO C;963
2023-02;Comunitat Valenciana;Castellón/Castelló;OTROS GASOLEOS;21517
2023-02;Comunitat Valenciana;Castellón/Castelló;BIOETANOL;0
2023-02;Comunitat Valenciana;Castellón/Castelló;GASOLINA  AUTO. S/PB 95 I.O.;5451
2023-02;Comunitat Valenciana;Castellón/Castelló;GASOLINA  AUTO. S/PB 98 I.O.;224
2023-02;Comunitat Valenciana;Castellón/Castelló;OTRAS GASOLINAS;0
2023-02;Comunitat Valenciana;Castellón/Castelló;FUELÓLEO  BIA;27
2023-02;Comunitat Valenciana;Castellón/Castelló;OTROS FUELÓLEOS;204
2023-02;Comunitat Valenciana;Castellón/Castelló;QUEROSENO AVIACIÓN;191
2023-02;Comunitat Valenciana;Castellón/Castelló;OTROS QUEROSENOS;0
2023-02;Comunitat Valenciana;Castellón/Castelló;GLP;2384
2023-02;Comunitat Valenciana;Valencia/València;BIODIESEL;50
2023-02;Comunitat Valenciana;Valencia/València;GASÓLEO A;87538
2023-02;Comunitat Valenciana;Valencia/València;GASÓLEO B;12316
2023-02;Comunitat Valenciana;Valencia/València;GASÓLEO C;1716
2023-02;Comunitat Valenciana;Valencia/València;OTROS GASOLEOS;3672
2023-02;Comunitat Valenciana;Valencia/València;BIOETANOL;0
2023-02;Comunitat Valenciana;Valencia/València;GASOLINA  AUTO. S/PB 95 I.O.;22609
2023-02;Comunitat Valenciana;Valencia/València;GASOLINA  AUTO. S/PB 98 I.O.;734
2023-02;Comunitat Valenciana;Valencia/València;OTRAS GASOLINAS;15
2023-02;Comunitat Valenciana;Valencia/València;FUELÓLEO  BIA;336
2023-02;Comunitat Valenciana;Valencia/València;OTROS FUELÓLEOS;24264
2023-02;Comunitat Valenciana;Valencia/València;QUEROSENO AVIACIÓN;8658
2023-02;Comunitat Valenciana;Valencia/València;OTROS QUEROSENOS;0
2023-02;Comunitat Valenciana;Valencia/València;GLP;7794
2023-02;Extremadura;Badajoz;BIODIESEL;0
2023-02;Extremadura;Badajoz;GASÓLEO A;33045
2023-02;Extremadura;Badajoz;GASÓLEO B;8491
2023-02;Extremadura;Badajoz;GASÓLEO C;1154
2023-02;Extremadura;Badajoz;OTROS GASOLEOS;0
2023-02;Extremadura;Badajoz;BIOETANOL;0
2023-02;Extremadura;Badajoz;GASOLINA  AUTO. S/PB 95 I.O.;4509
2023-02;Extremadura;Badajoz;GASOLINA  AUTO. S/PB 98 I.O.;105
2023-02;Extremadura;Badajoz;OTRAS GASOLINAS;1
2023-02;Extremadura;Badajoz;FUELÓLEO  BIA;206
2023-02;Extremadura;Badajoz;OTROS FUELÓLEOS;0
2023-02;Extremadura;Badajoz;QUEROSENO AVIACIÓN;88
2023-02;Extremadura;Badajoz;OTROS QUEROSENOS;0
2023-02;Extremadura;Badajoz;GLP;3259
2023-02;Extremadura;Cáceres;BIODIESEL;0
2023-02;Extremadura;Cáceres;GASÓLEO A;15103
2023-02;Extremadura;Cáceres;GASÓLEO B;4327
2023-02;Extremadura;Cáceres;GASÓLEO C;1167
2023-02;Extremadura;Cáceres;OTROS GASOLEOS;0
2023-02;Extremadura;Cáceres;BIOETANOL;0
2023-02;Extremadura;Cáceres;GASOLINA  AUTO. S/PB 95 I.O.;2683
2023-02;Extremadura;Cáceres;GASOLINA  AUTO. S/PB 98 I.O.;89
2023-02;Extremadura;Cáceres;OTRAS GASOLINAS;0
2023-02;Extremadura;Cáceres;FUELÓLEO  BIA;258
2023-02;Extremadura;Cáceres;OTROS FUELÓLEOS;0
2023-02;Extremadura;Cáceres;QUEROSENO AVIACIÓN;5
2023-02;Extremadura;Cáceres;OTROS QUEROSENOS;0
2023-02;Extremadura;Cáceres;GLP;2499
2023-02;Galicia;Coruña, A;BIODIESEL;0
2023-02;Galicia;Coruña, A;GASÓLEO A;38786
2023-02;Galicia;Coruña, A;GASÓLEO B;9846
2023-02;Galicia;Coruña, A;GASÓLEO C;7314
2023-02;Galicia;Coruña, A;OTROS GASOLEOS;4093
2023-02;Galicia;Coruña, A;BIOETANOL;0
2023-02;Galicia;Coruña, A;GASOLINA  AUTO. S/PB 95 I.O.;8339
2023-02;Galicia;Coruña, A;GASOLINA  AUTO. S/PB 98 I.O.;344
2023-02;Galicia;Coruña, A;OTRAS GASOLINAS;5
2023-02;Galicia;Coruña, A;FUELÓLEO  BIA;10005
2023-02;Galicia;Coruña, A;OTROS FUELÓLEOS;2350
2023-02;Galicia;Coruña, A;QUEROSENO AVIACIÓN;3435
2023-02;Galicia;Coruña, A;OTROS QUEROSENOS;0
2023-02;Galicia;Coruña, A;GLP;4579
2023-02;Galicia;Lugo;BIODIESEL;0
2023-02;Galicia;Lugo;GASÓLEO A;16312
2023-02;Galicia;Lugo;GASÓLEO B;5324
2023-02;Galicia;Lugo;GASÓLEO C;5247
2023-02;Galicia;Lugo;OTROS GASOLEOS;1465
2023-02;Galicia;Lugo;BIOETANOL;0
2023-02;Galicia;Lugo;GASOLINA  AUTO. S/PB 95 I.O.;2118
2023-02;Galicia;Lugo;GASOLINA  AUTO. S/PB 98 I.O.;97
2023-02;Galicia;Lugo;OTRAS GASOLINAS;0
2023-02;Galicia;Lugo;FUELÓLEO  BIA;754
2023-02;Galicia;Lugo;OTROS FUELÓLEOS;99
2023-02;Galicia;Lugo;QUEROSENO AVIACIÓN;0
2023-02;Galicia;Lugo;OTROS QUEROSENOS;0
2023-02;Galicia;Lugo;GLP;1931
2023-02;Galicia;Ourense;BIODIESEL;0
2023-02;Galicia;Ourense;GASÓLEO A;12389
2023-02;Galicia;Ourense;GASÓLEO B;3417
2023-02;Galicia;Ourense;GASÓLEO C;7335
2023-02;Galicia;Ourense;OTROS GASOLEOS;0
2023-02;Galicia;Ourense;BIOETANOL;0
2023-02;Galicia;Ourense;GASOLINA  AUTO. S/PB 95 I.O.;2026
2023-02;Galicia;Ourense;GASOLINA  AUTO. S/PB 98 I.O.;119
2023-02;Galicia;Ourense;OTRAS GASOLINAS;0
2023-02;Galicia;Ourense;FUELÓLEO  BIA;1627
2023-02;Galicia;Ourense;OTROS FUELÓLEOS;0
2023-02;Galicia;Ourense;QUEROSENO AVIACIÓN;13
2023-02;Galicia;Ourense;OTROS QUEROSENOS;0
2023-02;Galicia;Ourense;GLP;1838
2023-02;Galicia;Pontevedra;BIODIESEL;0
2023-02;Galicia;Pontevedra;GASÓLEO A;33339
2023-02;Galicia;Pontevedra;GASÓLEO B;5783
2023-02;Galicia;Pontevedra;GASÓLEO C;6780
2023-02;Galicia;Pontevedra;OTROS GASOLEOS;6282
2023-02;Galicia;Pontevedra;BIOETANOL;0
2023-02;Galicia;Pontevedra;GASOLINA  AUTO. S/PB 95 I.O.;6810
2023-02;Galicia;Pontevedra;GASOLINA  AUTO. S/PB 98 I.O.;322
2023-02;Galicia;Pontevedra;OTRAS GASOLINAS;1
2023-02;Galicia;Pontevedra;FUELÓLEO  BIA;996
2023-02;Galicia;Pontevedra;OTROS FUELÓLEOS;227
2023-02;Galicia;Pontevedra;QUEROSENO AVIACIÓN;494
2023-02;Galicia;Pontevedra;OTROS QUEROSENOS;0
2023-02;Galicia;Pontevedra;GLP;4070
2023-02;Madrid, Comunidad de;Madrid;BIODIESEL;26
2023-02;Madrid, Comunidad de;Madrid;GASÓLEO A;143849
2023-02;Madrid, Comunidad de;Madrid;GASÓLEO B;17785
2023-02;Madrid, Comunidad de;Madrid;GASÓLEO C;24149
2023-02;Madrid, Comunidad de;Madrid;OTROS GASOLEOS;0
2023-02;Madrid, Comunidad de;Madrid;BIOETANOL;0
2023-02;Madrid, Comunidad de;Madrid;GASOLINA  AUTO. S/PB 95 I.O.;56544
2023-02;Madrid, Comunidad de;Madrid;GASOLINA  AUTO. S/PB 98 I.O.;2071
2023-02;Madrid, Comunidad de;Madrid;OTRAS GASOLINAS;68
2023-02;Madrid, Comunidad de;Madrid;FUELÓLEO  BIA;257
2023-02;Madrid, Comunidad de;Madrid;OTROS FUELÓLEOS;36
2023-02;Madrid, Comunidad de;Madrid;QUEROSENO AVIACIÓN;162230
2023-02;Madrid, Comunidad de;Madrid;OTROS QUEROSENOS;0
2023-02;Madrid, Comunidad de;Madrid;GLP;13320
2023-02;Melilla;Melilla;BIODIESEL;0
2023-02;Melilla;Melilla;GASÓLEO A;1050
2023-02;Melilla;Melilla;GASÓLEO B;0
2023-02;Melilla;Melilla;GASÓLEO C;0
2023-02;Melilla;Melilla;OTROS GASOLEOS;0
2023-02;Melilla;Melilla;BIOETANOL;0
2023-02;Melilla;Melilla;GASOLINA  AUTO. S/PB 95 I.O.;499
2023-02;Melilla;Melilla;GASOLINA  AUTO. S/PB 98 I.O.;0
2023-02;Melilla;Melilla;OTRAS GASOLINAS;0
2023-02;Melilla;Melilla;FUELÓLEO  BIA;3698
2023-02;Melilla;Melilla;OTROS FUELÓLEOS;0
2023-02;Melilla;Melilla;QUEROSENO AVIACIÓN;122
2023-02;Melilla;Melilla;OTROS QUEROSENOS;0
2023-02;Melilla;Melilla;GLP;207
2023-02;Murcia, Región de;Murcia;BIODIESEL;0
2023-02;Murcia, Región de;Murcia;GASÓLEO A;72698
2023-02;Murcia, Región de;Murcia;GASÓLEO B;12932
2023-02;Murcia, Región de;Murcia;GASÓLEO C;1333
2023-02;Murcia, Región de;Murcia;OTROS GASOLEOS;816
2023-02;Murcia, Región de;Murcia;BIOETANOL;0
2023-02;Murcia, Región de;Murcia;GASOLINA  AUTO. S/PB 95 I.O.;11483
2023-02;Murcia, Región de;Murcia;GASOLINA  AUTO. S/PB 98 I.O.;466
2023-02;Murcia, Región de;Murcia;OTRAS GASOLINAS;0
2023-02;Murcia, Región de;Murcia;FUELÓLEO  BIA;314
2023-02;Murcia, Región de;Murcia;OTROS FUELÓLEOS;0
2023-02;Murcia, Región de;Murcia;QUEROSENO AVIACIÓN;403
2023-02;Murcia, Región de;Murcia;OTROS QUEROSENOS;0
2023-02;Murcia, Región de;Murcia;GLP;5669
2023-02;Navarra, Comunidad Foral de;Navarra;BIODIESEL;0
2023-02;Navarra, Comunidad Foral de;Navarra;GASÓLEO A;50361
2023-02;Navarra, Comunidad Foral de;Navarra;GASÓLEO B;10410
2023-02;Navarra, Comunidad Foral de;Navarra;GASÓLEO C;1571
2023-02;Navarra, Comunidad Foral de;Navarra;OTROS GASOLEOS;0
2023-02;Navarra, Comunidad Foral de;Navarra;BIOETANOL;0
2023-02;Navarra, Comunidad Foral de;Navarra;GASOLINA  AUTO. S/PB 95 I.O.;5544
2023-02;Navarra, Comunidad Foral de;Navarra;GASOLINA  AUTO. S/PB 98 I.O.;178
2023-02;Navarra, Comunidad Foral de;Navarra;OTRAS GASOLINAS;1
2023-02;Navarra, Comunidad Foral de;Navarra;FUELÓLEO  BIA;208
2023-02;Navarra, Comunidad Foral de;Navarra;OTROS FUELÓLEOS;0
2023-02;Navarra, Comunidad Foral de;Navarra;QUEROSENO AVIACIÓN;115
2023-02;Navarra, Comunidad Foral de;Navarra;OTROS QUEROSENOS;0
2023-02;Navarra, Comunidad Foral de;Navarra;GLP;2242
2023-02;País Vasco;Araba/Álava;BIODIESEL;0
2023-02;País Vasco;Araba/Álava;GASÓLEO A;29487
2023-02;País Vasco;Araba/Álava;GASÓLEO B;3347
2023-02;País Vasco;Araba/Álava;GASÓLEO C;1179
2023-02;País Vasco;Araba/Álava;OTROS GASOLEOS;0
2023-02;País Vasco;Araba/Álava;BIOETANOL;0
2023-02;País Vasco;Araba/Álava;GASOLINA  AUTO. S/PB 95 I.O.;2314
2023-02;País Vasco;Araba/Álava;GASOLINA  AUTO. S/PB 98 I.O.;117
2023-02;País Vasco;Araba/Álava;OTRAS GASOLINAS;0
2023-02;País Vasco;Araba/Álava;FUELÓLEO  BIA;315
2023-02;País Vasco;Araba/Álava;OTROS FUELÓLEOS;0
2023-02;País Vasco;Araba/Álava;QUEROSENO AVIACIÓN;966
2023-02;País Vasco;Araba/Álava;OTROS QUEROSENOS;0
2023-02;País Vasco;Araba/Álava;GLP;2895
2023-02;País Vasco;Bizkaia;BIODIESEL;4
2023-02;País Vasco;Bizkaia;GASÓLEO A;33392
2023-02;País Vasco;Bizkaia;GASÓLEO B;11001
2023-02;País Vasco;Bizkaia;GASÓLEO C;9709
2023-02;País Vasco;Bizkaia;OTROS GASOLEOS;854
2023-02;País Vasco;Bizkaia;BIOETANOL;0
2023-02;País Vasco;Bizkaia;GASOLINA  AUTO. S/PB 95 I.O.;7374
2023-02;País Vasco;Bizkaia;GASOLINA  AUTO. S/PB 98 I.O.;340
2023-02;País Vasco;Bizkaia;OTRAS GASOLINAS;1
2023-02;País Vasco;Bizkaia;FUELÓLEO  BIA;25
2023-02;País Vasco;Bizkaia;OTROS FUELÓLEOS;0
2023-02;País Vasco;Bizkaia;QUEROSENO AVIACIÓN;3970
2023-02;País Vasco;Bizkaia;OTROS QUEROSENOS;0
2023-02;País Vasco;Bizkaia;GLP;2164
2023-02;País Vasco;Gipuzkoa;BIODIESEL;0
2023-02;País Vasco;Gipuzkoa;GASÓLEO A;62935
2023-02;País Vasco;Gipuzkoa;GASÓLEO B;2727
2023-02;País Vasco;Gipuzkoa;GASÓLEO C;860
2023-02;País Vasco;Gipuzkoa;OTROS GASOLEOS;459
2023-02;País Vasco;Gipuzkoa;BIOETANOL;0
2023-02;País Vasco;Gipuzkoa;GASOLINA  AUTO. S/PB 95 I.O.;5380
2023-02;País Vasco;Gipuzkoa;GASOLINA  AUTO. S/PB 98 I.O.;231
2023-02;País Vasco;Gipuzkoa;OTRAS GASOLINAS;1
2023-02;País Vasco;Gipuzkoa;FUELÓLEO  BIA;126
2023-02;País Vasco;Gipuzkoa;OTROS FUELÓLEOS;0
2023-02;País Vasco;Gipuzkoa;QUEROSENO AVIACIÓN;311
2023-02;País Vasco;Gipuzkoa;OTROS QUEROSENOS;0
2023-02;País Vasco;Gipuzkoa;GLP;2623
2023-02;Rioja, La;Rioja, La;BIODIESEL;0
2023-02;Rioja, La;Rioja, La;GASÓLEO A;12203
2023-02;Rioja, La;Rioja, La;GASÓLEO B;4612
2023-02;Rioja, La;Rioja, La;GASÓLEO C;2933
2023-02;Rioja, La;Rioja, La;OTROS GASOLEOS;0
2023-02;Rioja, La;Rioja, La;BIOETANOL;0
2023-02;Rioja, La;Rioja, La;GASOLINA  AUTO. S/PB 95 I.O.;1813
2023-02;Rioja, La;Rioja, La;GASOLINA  AUTO. S/PB 98 I.O.;74
2023-02;Rioja, La;Rioja, La;OTRAS GASOLINAS;0
2023-02;Rioja, La;Rioja, La;FUELÓLEO  BIA;145
2023-02;Rioja, La;Rioja, La;OTROS FUELÓLEOS;0
2023-02;Rioja, La;Rioja, La;QUEROSENO AVIACIÓN;3
2023-02;Rioja, La;Rioja, La;OTROS QUEROSENOS;0
2023-02;Rioja, La;Rioja, La;GLP;631
2023-03;Andalucía;Almería;BIODIESEL;0
2023-03;Andalucía;Almería;GASÓLEO A;31476
2023-03;Andalucía;Almería;GASÓLEO B;6003
2023-03;Andalucía;Almería;GASÓLEO C;264
2023-03;Andalucía;Almería;OTROS GASOLEOS;1608
2023-03;Andalucía;Almería;BIOETANOL;0
2023-03;Andalucía;Almería;GASOLINA  AUTO. S/PB 95 I.O.;5309
2023-03;Andalucía;Almería;GASOLINA  AUTO. S/PB 98 I.O.;296
2023-03;Andalucía;Almería;OTRAS GASOLINAS;1
2023-03;Andalucía;Almería;FUELÓLEO  BIA;264
2023-03;Andalucía;Almería;OTROS FUELÓLEOS;2232
2023-03;Andalucía;Almería;QUEROSENO AVIACIÓN;408
2023-03;Andalucía;Almería;OTROS QUEROSENOS;0
2023-03;Andalucía;Almería;GLP;2113
2023-03;Andalucía;Cádiz;BIODIESEL;0
2023-03;Andalucía;Cádiz;GASÓLEO A;34803
2023-03;Andalucía;Cádiz;GASÓLEO B;7216
2023-03;Andalucía;Cádiz;GASÓLEO C;581
2023-03;Andalucía;Cádiz;OTROS GASOLEOS;64872
2023-03;Andalucía;Cádiz;BIOETANOL;0
2023-03;Andalucía;Cádiz;GASOLINA  AUTO. S/PB 95 I.O.;11210
2023-03;Andalucía;Cádiz;GASOLINA  AUTO. S/PB 98 I.O.;343
2023-03;Andalucía;Cádiz;OTRAS GASOLINAS;38
2023-03;Andalucía;Cádiz;FUELÓLEO  BIA;0
2023-03;Andalucía;Cádiz;OTROS FUELÓLEOS;301338
2023-03;Andalucía;Cádiz;QUEROSENO AVIACIÓN;999
2023-03;Andalucía;Cádiz;OTROS QUEROSENOS;0
2023-03;Andalucía;Cádiz;GLP;4133
2023-03;Andalucía;Córdoba;BIODIESEL;0
2023-03;Andalucía;Córdoba;GASÓLEO A;34529
2023-03;Andalucía;Córdoba;GASÓLEO B;8503
2023-03;Andalucía;Córdoba;GASÓLEO C;667
2023-03;Andalucía;Córdoba;OTROS GASOLEOS;0
2023-03;Andalucía;Córdoba;BIOETANOL;0
2023-03;Andalucía;Córdoba;GASOLINA  AUTO. S/PB 95 I.O.;4972
2023-03;Andalucía;Córdoba;GASOLINA  AUTO. S/PB 98 I.O.;123
2023-03;Andalucía;Córdoba;OTRAS GASOLINAS;7
2023-03;Andalucía;Córdoba;FUELÓLEO  BIA;35
2023-03;Andalucía;Córdoba;OTROS FUELÓLEOS;0
2023-03;Andalucía;Córdoba;QUEROSENO AVIACIÓN;175
2023-03;Andalucía;Córdoba;OTROS QUEROSENOS;0
2023-03;Andalucía;Córdoba;GLP;2617
2023-03;Andalucía;Granada;BIODIESEL;0
2023-03;Andalucía;Granada;GASÓLEO A;36630
2023-03;Andalucía;Granada;GASÓLEO B;6780
2023-03;Andalucía;Granada;GASÓLEO C;2231
2023-03;Andalucía;Granada;OTROS GASOLEOS;419
2023-03;Andalucía;Granada;BIOETANOL;0
2023-03;Andalucía;Granada;GASOLINA  AUTO. S/PB 95 I.O.;8180
2023-03;Andalucía;Granada;GASOLINA  AUTO. S/PB 98 I.O.;347
2023-03;Andalucía;Granada;OTRAS GASOLINAS;1
2023-03;Andalucía;Granada;FUELÓLEO  BIA;281
2023-03;Andalucía;Granada;OTROS FUELÓLEOS;351
2023-03;Andalucía;Granada;QUEROSENO AVIACIÓN;1176
2023-03;Andalucía;Granada;OTROS QUEROSENOS;0
2023-03;Andalucía;Granada;GLP;3848
2023-03;Andalucía;Huelva;BIODIESEL;0
2023-03;Andalucía;Huelva;GASÓLEO A;27039
2023-03;Andalucía;Huelva;GASÓLEO B;9625
2023-03;Andalucía;Huelva;GASÓLEO C;164
2023-03;Andalucía;Huelva;OTROS GASOLEOS;3283
2023-03;Andalucía;Huelva;BIOETANOL;0
2023-03;Andalucía;Huelva;GASOLINA  AUTO. S/PB 95 I.O.;4588
2023-03;Andalucía;Huelva;GASOLINA  AUTO. S/PB 98 I.O.;143
2023-03;Andalucía;Huelva;OTRAS GASOLINAS;0
2023-03;Andalucía;Huelva;FUELÓLEO  BIA;674
2023-03;Andalucía;Huelva;OTROS FUELÓLEOS;9810
2023-03;Andalucía;Huelva;QUEROSENO AVIACIÓN;2
2023-03;Andalucía;Huelva;OTROS QUEROSENOS;0
2023-03;Andalucía;Huelva;GLP;2929
2023-03;Andalucía;Jaén;BIODIESEL;0
2023-03;Andalucía;Jaén;GASÓLEO A;30525
2023-03;Andalucía;Jaén;GASÓLEO B;4783
2023-03;Andalucía;Jaén;GASÓLEO C;804
2023-03;Andalucía;Jaén;OTROS GASOLEOS;0
2023-03;Andalucía;Jaén;BIOETANOL;0
2023-03;Andalucía;Jaén;GASOLINA  AUTO. S/PB 95 I.O.;4065
2023-03;Andalucía;Jaén;GASOLINA  AUTO. S/PB 98 I.O.;147
2023-03;Andalucía;Jaén;OTRAS GASOLINAS;0
2023-03;Andalucía;Jaén;FUELÓLEO  BIA;0
2023-03;Andalucía;Jaén;OTROS FUELÓLEOS;0
2023-03;Andalucía;Jaén;QUEROSENO AVIACIÓN;0
2023-03;Andalucía;Jaén;OTROS QUEROSENOS;0
2023-03;Andalucía;Jaén;GLP;1859
2023-03;Andalucía;Málaga;BIODIESEL;0
2023-03;Andalucía;Málaga;GASÓLEO A;49993
2023-03;Andalucía;Málaga;GASÓLEO B;5506
2023-03;Andalucía;Málaga;GASÓLEO C;474
2023-03;Andalucía;Málaga;OTROS GASOLEOS;1115
2023-03;Andalucía;Málaga;BIOETANOL;0
2023-03;Andalucía;Málaga;GASOLINA  AUTO. S/PB 95 I.O.;17843
2023-03;Andalucía;Málaga;GASOLINA  AUTO. S/PB 98 I.O.;1131
2023-03;Andalucía;Málaga;OTRAS GASOLINAS;27
2023-03;Andalucía;Málaga;FUELÓLEO  BIA;27
2023-03;Andalucía;Málaga;OTROS FUELÓLEOS;1798
2023-03;Andalucía;Málaga;QUEROSENO AVIACIÓN;30105
2023-03;Andalucía;Málaga;OTROS QUEROSENOS;0
2023-03;Andalucía;Málaga;GLP;5960
2023-03;Andalucía;Sevilla;BIODIESEL;0
2023-03;Andalucía;Sevilla;GASÓLEO A;57387
2023-03;Andalucía;Sevilla;GASÓLEO B;9023
2023-03;Andalucía;Sevilla;GASÓLEO C;852
2023-03;Andalucía;Sevilla;OTROS GASOLEOS;794
2023-03;Andalucía;Sevilla;BIOETANOL;0
2023-03;Andalucía;Sevilla;GASOLINA  AUTO. S/PB 95 I.O.;15460
2023-03;Andalucía;Sevilla;GASOLINA  AUTO. S/PB 98 I.O.;363
2023-03;Andalucía;Sevilla;OTRAS GASOLINAS;11
2023-03;Andalucía;Sevilla;FUELÓLEO  BIA;877
2023-03;Andalucía;Sevilla;OTROS FUELÓLEOS;54
2023-03;Andalucía;Sevilla;QUEROSENO AVIACIÓN;11192
2023-03;Andalucía;Sevilla;OTROS QUEROSENOS;0
2023-03;Andalucía;Sevilla;GLP;5289
2023-03;Aragón;Huesca;BIODIESEL;0
2023-03;Aragón;Huesca;GASÓLEO A;15456
2023-03;Aragón;Huesca;GASÓLEO B;6886
2023-03;Aragón;Huesca;GASÓLEO C;1669
2023-03;Aragón;Huesca;OTROS GASOLEOS;0
2023-03;Aragón;Huesca;BIOETANOL;0
2023-03;Aragón;Huesca;GASOLINA  AUTO. S/PB 95 I.O.;2837
2023-03;Aragón;Huesca;GASOLINA  AUTO. S/PB 98 I.O.;154
2023-03;Aragón;Huesca;OTRAS GASOLINAS;6
2023-03;Aragón;Huesca;FUELÓLEO  BIA;42
2023-03;Aragón;Huesca;OTROS FUELÓLEOS;0
2023-03;Aragón;Huesca;QUEROSENO AVIACIÓN;29
2023-03;Aragón;Huesca;OTROS QUEROSENOS;0
2023-03;Aragón;Huesca;GLP;2025
2023-03;Aragón;Teruel;BIODIESEL;0
2023-03;Aragón;Teruel;GASÓLEO A;9642
2023-03;Aragón;Teruel;GASÓLEO B;5370
2023-03;Aragón;Teruel;GASÓLEO C;1408
2023-03;Aragón;Teruel;OTROS GASOLEOS;0
2023-03;Aragón;Teruel;BIOETANOL;0
2023-03;Aragón;Teruel;GASOLINA  AUTO. S/PB 95 I.O.;1408
2023-03;Aragón;Teruel;GASOLINA  AUTO. S/PB 98 I.O.;91
2023-03;Aragón;Teruel;OTRAS GASOLINAS;0
2023-03;Aragón;Teruel;FUELÓLEO  BIA;80
2023-03;Aragón;Teruel;OTROS FUELÓLEOS;0
2023-03;Aragón;Teruel;QUEROSENO AVIACIÓN;118
2023-03;Aragón;Teruel;OTROS QUEROSENOS;0
2023-03;Aragón;Teruel;GLP;708
2023-03;Aragón;Zaragoza;BIODIESEL;28
2023-03;Aragón;Zaragoza;GASÓLEO A;44526
2023-03;Aragón;Zaragoza;GASÓLEO B;9843
2023-03;Aragón;Zaragoza;GASÓLEO C;6209
2023-03;Aragón;Zaragoza;OTROS GASOLEOS;17
2023-03;Aragón;Zaragoza;BIOETANOL;0
2023-03;Aragón;Zaragoza;GASOLINA  AUTO. S/PB 95 I.O.;8625
2023-03;Aragón;Zaragoza;GASOLINA  AUTO. S/PB 98 I.O.;322
2023-03;Aragón;Zaragoza;OTRAS GASOLINAS;2
2023-03;Aragón;Zaragoza;FUELÓLEO  BIA;509
2023-03;Aragón;Zaragoza;OTROS FUELÓLEOS;0
2023-03;Aragón;Zaragoza;QUEROSENO AVIACIÓN;6901
2023-03;Aragón;Zaragoza;OTROS QUEROSENOS;0
2023-03;Aragón;Zaragoza;GLP;2387
2023-03;Asturias, Principado de;Asturias;BIODIESEL;0
2023-03;Asturias, Principado de;Asturias;GASÓLEO A;35776
2023-03;Asturias, Principado de;Asturias;GASÓLEO B;6804
2023-03;Asturias, Principado de;Asturias;GASÓLEO C;3565
2023-03;Asturias, Principado de;Asturias;OTROS GASOLEOS;4389
2023-03;Asturias, Principado de;Asturias;BIOETANOL;0
2023-03;Asturias, Principado de;Asturias;GASOLINA  AUTO. S/PB 95 I.O.;8137
2023-03;Asturias, Principado de;Asturias;GASOLINA  AUTO. S/PB 98 I.O.;471
2023-03;Asturias, Principado de;Asturias;OTRAS GASOLINAS;3
2023-03;Asturias, Principado de;Asturias;FUELÓLEO  BIA;5869
2023-03;Asturias, Principado de;Asturias;OTROS FUELÓLEOS;456
2023-03;Asturias, Principado de;Asturias;QUEROSENO AVIACIÓN;1348
2023-03;Asturias, Principado de;Asturias;OTROS QUEROSENOS;0
2023-03;Asturias, Principado de;Asturias;GLP;2956
2023-03;Balears, Illes;Balears, Illes;BIODIESEL;0
2023-03;Balears, Illes;Balears, Illes;GASÓLEO A;27515
2023-03;Balears, Illes;Balears, Illes;GASÓLEO B;4246
2023-03;Balears, Illes;Balears, Illes;GASÓLEO C;17270
2023-03;Balears, Illes;Balears, Illes;OTROS GASOLEOS;1976
2023-03;Balears, Illes;Balears, Illes;BIOETANOL;0
2023-03;Balears, Illes;Balears, Illes;GASOLINA  AUTO. S/PB 95 I.O.;17261
2023-03;Balears, Illes;Balears, Illes;GASOLINA  AUTO. S/PB 98 I.O.;858
2023-03;Balears, Illes;Balears, Illes;OTRAS GASOLINAS;17
2023-03;Balears, Illes;Balears, Illes;FUELÓLEO  BIA;0
2023-03;Balears, Illes;Balears, Illes;OTROS FUELÓLEOS;0
2023-03;Balears, Illes;Balears, Illes;QUEROSENO AVIACIÓN;21153
2023-03;Balears, Illes;Balears, Illes;OTROS QUEROSENOS;0
2023-03;Balears, Illes;Balears, Illes;GLP;4620
2023-03;Canarias;Palmas, Las;BIODIESEL;0
2023-03;Canarias;Palmas, Las;GASÓLEO A;30092
2023-03;Canarias;Palmas, Las;GASÓLEO B;0
2023-03;Canarias;Palmas, Las;GASÓLEO C;0
2023-03;Canarias;Palmas, Las;OTROS GASOLEOS;122466
2023-03;Canarias;Palmas, Las;BIOETANOL;0
2023-03;Canarias;Palmas, Las;GASOLINA  AUTO. S/PB 95 I.O.;19864
2023-03;Canarias;Palmas, Las;GASOLINA  AUTO. S/PB 98 I.O.;3582
2023-03;Canarias;Palmas, Las;OTRAS GASOLINAS;5
2023-03;Canarias;Palmas, Las;FUELÓLEO  BIA;57910
2023-03;Canarias;Palmas, Las;OTROS FUELÓLEOS;54622
2023-03;Canarias;Palmas, Las;QUEROSENO AVIACIÓN;53918
2023-03;Canarias;Palmas, Las;OTROS QUEROSENOS;0
2023-03;Canarias;Palmas, Las;GLP;3451
2023-03;Canarias;Santa Cruz de Tenerife;BIODIESEL;0
2023-03;Canarias;Santa Cruz de Tenerife;GASÓLEO A;29862
2023-03;Canarias;Santa Cruz de Tenerife;GASÓLEO B;0
2023-03;Canarias;Santa Cruz de Tenerife;GASÓLEO C;0
2023-03;Canarias;Santa Cruz de Tenerife;OTROS GASOLEOS;53344
2023-03;Canarias;Santa Cruz de Tenerife;BIOETANOL;0
2023-03;Canarias;Santa Cruz de Tenerife;GASOLINA  AUTO. S/PB 95 I.O.;18216
2023-03;Canarias;Santa Cruz de Tenerife;GASOLINA  AUTO. S/PB 98 I.O.;5150
2023-03;Canarias;Santa Cruz de Tenerife;OTRAS GASOLINAS;1
2023-03;Canarias;Santa Cruz de Tenerife;FUELÓLEO  BIA;21862
2023-03;Canarias;Santa Cruz de Tenerife;OTROS FUELÓLEOS;32618
2023-03;Canarias;Santa Cruz de Tenerife;QUEROSENO AVIACIÓN;52742
2023-03;Canarias;Santa Cruz de Tenerife;OTROS QUEROSENOS;4
2023-03;Canarias;Santa Cruz de Tenerife;GLP;4216
2023-03;Cantabria;Cantabria;BIODIESEL;0
2023-03;Cantabria;Cantabria;GASÓLEO A;25866
2023-03;Cantabria;Cantabria;GASÓLEO B;5029
2023-03;Cantabria;Cantabria;GASÓLEO C;280
2023-03;Cantabria;Cantabria;OTROS GASOLEOS;1055
2023-03;Cantabria;Cantabria;BIOETANOL;0
2023-03;Cantabria;Cantabria;GASOLINA  AUTO. S/PB 95 I.O.;5908
2023-03;Cantabria;Cantabria;GASOLINA  AUTO. S/PB 98 I.O.;207
2023-03;Cantabria;Cantabria;OTRAS GASOLINAS;1
2023-03;Cantabria;Cantabria;FUELÓLEO  BIA;344
2023-03;Cantabria;Cantabria;OTROS FUELÓLEOS;80
2023-03;Cantabria;Cantabria;QUEROSENO AVIACIÓN;842
2023-03;Cantabria;Cantabria;OTROS QUEROSENOS;0
2023-03;Cantabria;Cantabria;GLP;2060
2023-03;Castilla - La Mancha;Albacete;BIODIESEL;0
2023-03;Castilla - La Mancha;Albacete;GASÓLEO A;18213
2023-03;Castilla - La Mancha;Albacete;GASÓLEO B;4935
2023-03;Castilla - La Mancha;Albacete;GASÓLEO C;1951
2023-03;Castilla - La Mancha;Albacete;OTROS GASOLEOS;0
2023-03;Castilla - La Mancha;Albacete;BIOETANOL;0
2023-03;Castilla - La Mancha;Albacete;GASOLINA  AUTO. S/PB 95 I.O.;2968
2023-03;Castilla - La Mancha;Albacete;GASOLINA  AUTO. S/PB 98 I.O.;137
2023-03;Castilla - La Mancha;Albacete;OTRAS GASOLINAS;0
2023-03;Castilla - La Mancha;Albacete;FUELÓLEO  BIA;64
2023-03;Castilla - La Mancha;Albacete;OTROS FUELÓLEOS;0
2023-03;Castilla - La Mancha;Albacete;QUEROSENO AVIACIÓN;56
2023-03;Castilla - La Mancha;Albacete;OTROS QUEROSENOS;0
2023-03;Castilla - La Mancha;Albacete;GLP;1184
2023-03;Castilla - La Mancha;Ciudad Real;BIODIESEL;0
2023-03;Castilla - La Mancha;Ciudad Real;GASÓLEO A;26754
2023-03;Castilla - La Mancha;Ciudad Real;GASÓLEO B;8050
2023-03;Castilla - La Mancha;Ciudad Real;GASÓLEO C;1973
2023-03;Castilla - La Mancha;Ciudad Real;OTROS GASOLEOS;0
2023-03;Castilla - La Mancha;Ciudad Real;BIOETANOL;0
2023-03;Castilla - La Mancha;Ciudad Real;GASOLINA  AUTO. S/PB 95 I.O.;3867
2023-03;Castilla - La Mancha;Ciudad Real;GASOLINA  AUTO. S/PB 98 I.O.;112
2023-03;Castilla - La Mancha;Ciudad Real;OTRAS GASOLINAS;0
2023-03;Castilla - La Mancha;Ciudad Real;FUELÓLEO  BIA;384
2023-03;Castilla - La Mancha;Ciudad Real;OTROS FUELÓLEOS;0
2023-03;Castilla - La Mancha;Ciudad Real;QUEROSENO AVIACIÓN;1445
2023-03;Castilla - La Mancha;Ciudad Real;OTROS QUEROSENOS;0
2023-03;Castilla - La Mancha;Ciudad Real;GLP;1393
2023-03;Castilla - La Mancha;Cuenca;BIODIESEL;0
2023-03;Castilla - La Mancha;Cuenca;GASÓLEO A;14811
2023-03;Castilla - La Mancha;Cuenca;GASÓLEO B;7579
2023-03;Castilla - La Mancha;Cuenca;GASÓLEO C;1384
2023-03;Castilla - La Mancha;Cuenca;OTROS GASOLEOS;0
2023-03;Castilla - La Mancha;Cuenca;BIOETANOL;0
2023-03;Castilla - La Mancha;Cuenca;GASOLINA  AUTO. S/PB 95 I.O.;2292
2023-03;Castilla - La Mancha;Cuenca;GASOLINA  AUTO. S/PB 98 I.O.;98
2023-03;Castilla - La Mancha;Cuenca;OTRAS GASOLINAS;0
2023-03;Castilla - La Mancha;Cuenca;FUELÓLEO  BIA;21
2023-03;Castilla - La Mancha;Cuenca;OTROS FUELÓLEOS;0
2023-03;Castilla - La Mancha;Cuenca;QUEROSENO AVIACIÓN;13
2023-03;Castilla - La Mancha;Cuenca;OTROS QUEROSENOS;0
2023-03;Castilla - La Mancha;Cuenca;GLP;878
2023-03;Castilla - La Mancha;Guadalajara;BIODIESEL;0
2023-03;Castilla - La Mancha;Guadalajara;GASÓLEO A;13057
2023-03;Castilla - La Mancha;Guadalajara;GASÓLEO B;4353
2023-03;Castilla - La Mancha;Guadalajara;GASÓLEO C;2901
2023-03;Castilla - La Mancha;Guadalajara;OTROS GASOLEOS;0
2023-03;Castilla - La Mancha;Guadalajara;BIOETANOL;0
2023-03;Castilla - La Mancha;Guadalajara;GASOLINA  AUTO. S/PB 95 I.O.;3238
2023-03;Castilla - La Mancha;Guadalajara;GASOLINA  AUTO. S/PB 98 I.O.;93
2023-03;Castilla - La Mancha;Guadalajara;OTRAS GASOLINAS;1
2023-03;Castilla - La Mancha;Guadalajara;FUELÓLEO  BIA;52
2023-03;Castilla - La Mancha;Guadalajara;OTROS FUELÓLEOS;0
2023-03;Castilla - La Mancha;Guadalajara;QUEROSENO AVIACIÓN;53
2023-03;Castilla - La Mancha;Guadalajara;OTROS QUEROSENOS;0
2023-03;Castilla - La Mancha;Guadalajara;GLP;607
2023-03;Castilla - La Mancha;Toledo;BIODIESEL;0
2023-03;Castilla - La Mancha;Toledo;GASÓLEO A;36751
2023-03;Castilla - La Mancha;Toledo;GASÓLEO B;10429
2023-03;Castilla - La Mancha;Toledo;GASÓLEO C;5889
2023-03;Castilla - La Mancha;Toledo;OTROS GASOLEOS;0
2023-03;Castilla - La Mancha;Toledo;BIOETANOL;0
2023-03;Castilla - La Mancha;Toledo;GASOLINA  AUTO. S/PB 95 I.O.;6711
2023-03;Castilla - La Mancha;Toledo;GASOLINA  AUTO. S/PB 98 I.O.;255
2023-03;Castilla - La Mancha;Toledo;OTRAS GASOLINAS;0
2023-03;Castilla - La Mancha;Toledo;FUELÓLEO  BIA;228
2023-03;Castilla - La Mancha;Toledo;OTROS FUELÓLEOS;0
2023-03;Castilla - La Mancha;Toledo;QUEROSENO AVIACIÓN;42
2023-03;Castilla - La Mancha;Toledo;OTROS QUEROSENOS;0
2023-03;Castilla - La Mancha;Toledo;GLP;2354
2023-03;Castilla y León;Ávila;BIODIESEL;0
2023-03;Castilla y León;Ávila;GASÓLEO A;7096
2023-03;Castilla y León;Ávila;GASÓLEO B;3442
2023-03;Castilla y León;Ávila;GASÓLEO C;1109
2023-03;Castilla y León;Ávila;OTROS GASOLEOS;0
2023-03;Castilla y León;Ávila;BIOETANOL;0
2023-03;Castilla y León;Ávila;GASOLINA  AUTO. S/PB 95 I.O.;1638
2023-03;Castilla y León;Ávila;GASOLINA  AUTO. S/PB 98 I.O.;67
2023-03;Castilla y León;Ávila;OTRAS GASOLINAS;0
2023-03;Castilla y León;Ávila;FUELÓLEO  BIA;0
2023-03;Castilla y León;Ávila;OTROS FUELÓLEOS;0
2023-03;Castilla y León;Ávila;QUEROSENO AVIACIÓN;0
2023-03;Castilla y León;Ávila;OTROS QUEROSENOS;0
2023-03;Castilla y León;Ávila;GLP;975
2023-03;Castilla y León;Burgos;BIODIESEL;0
2023-03;Castilla y León;Burgos;GASÓLEO A;27044
2023-03;Castilla y León;Burgos;GASÓLEO B;7261
2023-03;Castilla y León;Burgos;GASÓLEO C;1912
2023-03;Castilla y León;Burgos;OTROS GASOLEOS;0
2023-03;Castilla y León;Burgos;BIOETANOL;0
2023-03;Castilla y León;Burgos;GASOLINA  AUTO. S/PB 95 I.O.;3895
2023-03;Castilla y León;Burgos;GASOLINA  AUTO. S/PB 98 I.O.;189
2023-03;Castilla y León;Burgos;OTRAS GASOLINAS;19
2023-03;Castilla y León;Burgos;FUELÓLEO  BIA;788
2023-03;Castilla y León;Burgos;OTROS FUELÓLEOS;0
2023-03;Castilla y León;Burgos;QUEROSENO AVIACIÓN;12
2023-03;Castilla y León;Burgos;OTROS QUEROSENOS;0
2023-03;Castilla y León;Burgos;GLP;993
2023-03;Castilla y León;León;BIODIESEL;0
2023-03;Castilla y León;León;GASÓLEO A;23119
2023-03;Castilla y León;León;GASÓLEO B;10479
2023-03;Castilla y León;León;GASÓLEO C;5476
2023-03;Castilla y León;León;OTROS GASOLEOS;0
2023-03;Castilla y León;León;BIOETANOL;0
2023-03;Castilla y León;León;GASOLINA  AUTO. S/PB 95 I.O.;4287
2023-03;Castilla y León;León;GASOLINA  AUTO. S/PB 98 I.O.;198
2023-03;Castilla y León;León;OTRAS GASOLINAS;0
2023-03;Castilla y León;León;FUELÓLEO  BIA;200
2023-03;Castilla y León;León;OTROS FUELÓLEOS;0
2023-03;Castilla y León;León;QUEROSENO AVIACIÓN;26
2023-03;Castilla y León;León;OTROS QUEROSENOS;0
2023-03;Castilla y León;León;GLP;1409
2023-03;Castilla y León;Palencia;BIODIESEL;0
2023-03;Castilla y León;Palencia;GASÓLEO A;12913
2023-03;Castilla y León;Palencia;GASÓLEO B;4138
2023-03;Castilla y León;Palencia;GASÓLEO C;1128
2023-03;Castilla y León;Palencia;OTROS GASOLEOS;0
2023-03;Castilla y León;Palencia;BIOETANOL;0
2023-03;Castilla y León;Palencia;GASOLINA  AUTO. S/PB 95 I.O.;1592
2023-03;Castilla y León;Palencia;GASOLINA  AUTO. S/PB 98 I.O.;56
2023-03;Castilla y León;Palencia;OTRAS GASOLINAS;0
2023-03;Castilla y León;Palencia;FUELÓLEO  BIA;128
2023-03;Castilla y León;Palencia;OTROS FUELÓLEOS;0
2023-03;Castilla y León;Palencia;QUEROSENO AVIACIÓN;0
2023-03;Castilla y León;Palencia;OTROS QUEROSENOS;0
2023-03;Castilla y León;Palencia;GLP;504
2023-03;Castilla y León;Salamanca;BIODIESEL;0
2023-03;Castilla y León;Salamanca;GASÓLEO A;17561
2023-03;Castilla y León;Salamanca;GASÓLEO B;5842
2023-03;Castilla y León;Salamanca;GASÓLEO C;3692
2023-03;Castilla y León;Salamanca;OTROS GASOLEOS;0
2023-03;Castilla y León;Salamanca;BIOETANOL;0
2023-03;Castilla y León;Salamanca;GASOLINA  AUTO. S/PB 95 I.O.;2851
2023-03;Castilla y León;Salamanca;GASOLINA  AUTO. S/PB 98 I.O.;121
2023-03;Castilla y León;Salamanca;OTRAS GASOLINAS;14
2023-03;Castilla y León;Salamanca;FUELÓLEO  BIA;49
2023-03;Castilla y León;Salamanca;OTROS FUELÓLEOS;0
2023-03;Castilla y León;Salamanca;QUEROSENO AVIACIÓN;195
2023-03;Castilla y León;Salamanca;OTROS QUEROSENOS;0
2023-03;Castilla y León;Salamanca;GLP;1001
2023-03;Castilla y León;Segovia;BIODIESEL;0
2023-03;Castilla y León;Segovia;GASÓLEO A;8547
2023-03;Castilla y León;Segovia;GASÓLEO B;4590
2023-03;Castilla y León;Segovia;GASÓLEO C;1890
2023-03;Castilla y León;Segovia;OTROS GASOLEOS;0
2023-03;Castilla y León;Segovia;BIOETANOL;0
2023-03;Castilla y León;Segovia;GASOLINA  AUTO. S/PB 95 I.O.;1865
2023-03;Castilla y León;Segovia;GASOLINA  AUTO. S/PB 98 I.O.;100
2023-03;Castilla y León;Segovia;OTRAS GASOLINAS;0
2023-03;Castilla y León;Segovia;FUELÓLEO  BIA;26
2023-03;Castilla y León;Segovia;OTROS FUELÓLEOS;0
2023-03;Castilla y León;Segovia;QUEROSENO AVIACIÓN;0
2023-03;Castilla y León;Segovia;OTROS QUEROSENOS;0
2023-03;Castilla y León;Segovia;GLP;968
2023-03;Castilla y León;Soria;BIODIESEL;0
2023-03;Castilla y León;Soria;GASÓLEO A;5969
2023-03;Castilla y León;Soria;GASÓLEO B;2555
2023-03;Castilla y León;Soria;GASÓLEO C;1038
2023-03;Castilla y León;Soria;OTROS GASOLEOS;0
2023-03;Castilla y León;Soria;BIOETANOL;0
2023-03;Castilla y León;Soria;GASOLINA  AUTO. S/PB 95 I.O.;894
2023-03;Castilla y León;Soria;GASOLINA  AUTO. S/PB 98 I.O.;69
2023-03;Castilla y León;Soria;OTRAS GASOLINAS;11
2023-03;Castilla y León;Soria;FUELÓLEO  BIA;54
2023-03;Castilla y León;Soria;OTROS FUELÓLEOS;0
2023-03;Castilla y León;Soria;QUEROSENO AVIACIÓN;0
2023-03;Castilla y León;Soria;OTROS QUEROSENOS;0
2023-03;Castilla y León;Soria;GLP;362
2023-03;Castilla y León;Valladolid;BIODIESEL;0
2023-03;Castilla y León;Valladolid;GASÓLEO A;24943
2023-03;Castilla y León;Valladolid;GASÓLEO B;7244
2023-03;Castilla y León;Valladolid;GASÓLEO C;2837
2023-03;Castilla y León;Valladolid;OTROS GASOLEOS;0
2023-03;Castilla y León;Valladolid;BIOETANOL;0
2023-03;Castilla y León;Valladolid;GASOLINA  AUTO. S/PB 95 I.O.;4309
2023-03;Castilla y León;Valladolid;GASOLINA  AUTO. S/PB 98 I.O.;224
2023-03;Castilla y León;Valladolid;OTRAS GASOLINAS;5
2023-03;Castilla y León;Valladolid;FUELÓLEO  BIA;74
2023-03;Castilla y León;Valladolid;OTROS FUELÓLEOS;0
2023-03;Castilla y León;Valladolid;QUEROSENO AVIACIÓN;311
2023-03;Castilla y León;Valladolid;OTROS QUEROSENOS;0
2023-03;Castilla y León;Valladolid;GLP;1155
2023-03;Castilla y León;Zamora;BIODIESEL;0
2023-03;Castilla y León;Zamora;GASÓLEO A;15509
2023-03;Castilla y León;Zamora;GASÓLEO B;5844
2023-03;Castilla y León;Zamora;GASÓLEO C;830
2023-03;Castilla y León;Zamora;OTROS GASOLEOS;0
2023-03;Castilla y León;Zamora;BIOETANOL;0
2023-03;Castilla y León;Zamora;GASOLINA  AUTO. S/PB 95 I.O.;1613
2023-03;Castilla y León;Zamora;GASOLINA  AUTO. S/PB 98 I.O.;76
2023-03;Castilla y León;Zamora;OTRAS GASOLINAS;0
2023-03;Castilla y León;Zamora;FUELÓLEO  BIA;73
2023-03;Castilla y León;Zamora;OTROS FUELÓLEOS;0
2023-03;Castilla y León;Zamora;QUEROSENO AVIACIÓN;0
2023-03;Castilla y León;Zamora;OTROS QUEROSENOS;0
2023-03;Castilla y León;Zamora;GLP;629
2023-03;Cataluña;Barcelona;BIODIESEL;119
2023-03;Cataluña;Barcelona;GASÓLEO A;146948
2023-03;Cataluña;Barcelona;GASÓLEO B;19945
2023-03;Cataluña;Barcelona;GASÓLEO C;3863
2023-03;Cataluña;Barcelona;OTROS GASOLEOS;33699
2023-03;Cataluña;Barcelona;BIOETANOL;11
2023-03;Cataluña;Barcelona;GASOLINA  AUTO. S/PB 95 I.O.;54928
2023-03;Cataluña;Barcelona;GASOLINA  AUTO. S/PB 98 I.O.;2597
2023-03;Cataluña;Barcelona;OTRAS GASOLINAS;50
2023-03;Cataluña;Barcelona;FUELÓLEO  BIA;437
2023-03;Cataluña;Barcelona;OTROS FUELÓLEOS;63475
2023-03;Cataluña;Barcelona;QUEROSENO AVIACIÓN;74006
2023-03;Cataluña;Barcelona;OTROS QUEROSENOS;0
2023-03;Cataluña;Barcelona;GLP;6878
2023-03;Cataluña;Girona;BIODIESEL;0
2023-03;Cataluña;Girona;GASÓLEO A;103730
2023-03;Cataluña;Girona;GASÓLEO B;6250
2023-03;Cataluña;Girona;GASÓLEO C;2193
2023-03;Cataluña;Girona;OTROS GASOLEOS;292
2023-03;Cataluña;Girona;BIOETANOL;0
2023-03;Cataluña;Girona;GASOLINA  AUTO. S/PB 95 I.O.;13012
2023-03;Cataluña;Girona;GASOLINA  AUTO. S/PB 98 I.O.;690
2023-03;Cataluña;Girona;OTRAS GASOLINAS;2
2023-03;Cataluña;Girona;FUELÓLEO  BIA;278
2023-03;Cataluña;Girona;OTROS FUELÓLEOS;0
2023-03;Cataluña;Girona;QUEROSENO AVIACIÓN;500
2023-03;Cataluña;Girona;OTROS QUEROSENOS;0
2023-03;Cataluña;Girona;GLP;3865
2023-03;Cataluña;Lleida;BIODIESEL;0
2023-03;Cataluña;Lleida;GASÓLEO A;26051
2023-03;Cataluña;Lleida;GASÓLEO B;7306
2023-03;Cataluña;Lleida;GASÓLEO C;1198
2023-03;Cataluña;Lleida;OTROS GASOLEOS;0
2023-03;Cataluña;Lleida;BIOETANOL;0
2023-03;Cataluña;Lleida;GASOLINA  AUTO. S/PB 95 I.O.;4951
2023-03;Cataluña;Lleida;GASOLINA  AUTO. S/PB 98 I.O.;236
2023-03;Cataluña;Lleida;OTRAS GASOLINAS;11
2023-03;Cataluña;Lleida;FUELÓLEO  BIA;0
2023-03;Cataluña;Lleida;OTROS FUELÓLEOS;0
2023-03;Cataluña;Lleida;QUEROSENO AVIACIÓN;180
2023-03;Cataluña;Lleida;OTROS QUEROSENOS;0
2023-03;Cataluña;Lleida;GLP;2620
2023-03;Cataluña;Tarragona;BIODIESEL;0
2023-03;Cataluña;Tarragona;GASÓLEO A;34100
2023-03;Cataluña;Tarragona;GASÓLEO B;7116
2023-03;Cataluña;Tarragona;GASÓLEO C;799
2023-03;Cataluña;Tarragona;OTROS GASOLEOS;1875
2023-03;Cataluña;Tarragona;BIOETANOL;0
2023-03;Cataluña;Tarragona;GASOLINA  AUTO. S/PB 95 I.O.;11384
2023-03;Cataluña;Tarragona;GASOLINA  AUTO. S/PB 98 I.O.;479
2023-03;Cataluña;Tarragona;OTRAS GASOLINAS;13
2023-03;Cataluña;Tarragona;FUELÓLEO  BIA;235
2023-03;Cataluña;Tarragona;OTROS FUELÓLEOS;100
2023-03;Cataluña;Tarragona;QUEROSENO AVIACIÓN;258
2023-03;Cataluña;Tarragona;OTROS QUEROSENOS;0
2023-03;Cataluña;Tarragona;GLP;2659
2023-03;Ceuta;Ceuta;BIODIESEL;0
2023-03;Ceuta;Ceuta;GASÓLEO A;1130
2023-03;Ceuta;Ceuta;GASÓLEO B;0
2023-03;Ceuta;Ceuta;GASÓLEO C;55
2023-03;Ceuta;Ceuta;OTROS GASOLEOS;9244
2023-03;Ceuta;Ceuta;BIOETANOL;0
2023-03;Ceuta;Ceuta;GASOLINA  AUTO. S/PB 95 I.O.;510
2023-03;Ceuta;Ceuta;GASOLINA  AUTO. S/PB 98 I.O.;66
2023-03;Ceuta;Ceuta;OTRAS GASOLINAS;0
2023-03;Ceuta;Ceuta;FUELÓLEO  BIA;2595
2023-03;Ceuta;Ceuta;OTROS FUELÓLEOS;7842
2023-03;Ceuta;Ceuta;QUEROSENO AVIACIÓN;54
2023-03;Ceuta;Ceuta;OTROS QUEROSENOS;0
2023-03;Ceuta;Ceuta;GLP;232
2023-03;Comunitat Valenciana;Alicante/Alacant;BIODIESEL;0
2023-03;Comunitat Valenciana;Alicante/Alacant;GASÓLEO A;55142
2023-03;Comunitat Valenciana;Alicante/Alacant;GASÓLEO B;5846
2023-03;Comunitat Valenciana;Alicante/Alacant;GASÓLEO C;1968
2023-03;Comunitat Valenciana;Alicante/Alacant;OTROS GASOLEOS;1400
2023-03;Comunitat Valenciana;Alicante/Alacant;BIOETANOL;0
2023-03;Comunitat Valenciana;Alicante/Alacant;GASOLINA  AUTO. S/PB 95 I.O.;20690
2023-03;Comunitat Valenciana;Alicante/Alacant;GASOLINA  AUTO. S/PB 98 I.O.;908
2023-03;Comunitat Valenciana;Alicante/Alacant;OTRAS GASOLINAS;1
2023-03;Comunitat Valenciana;Alicante/Alacant;FUELÓLEO  BIA;149
2023-03;Comunitat Valenciana;Alicante/Alacant;OTROS FUELÓLEOS;76
2023-03;Comunitat Valenciana;Alicante/Alacant;QUEROSENO AVIACIÓN;19990
2023-03;Comunitat Valenciana;Alicante/Alacant;OTROS QUEROSENOS;6
2023-03;Comunitat Valenciana;Alicante/Alacant;GLP;7154
2023-03;Comunitat Valenciana;Castellón/Castelló;BIODIESEL;0
2023-03;Comunitat Valenciana;Castellón/Castelló;GASÓLEO A;22489
2023-03;Comunitat Valenciana;Castellón/Castelló;GASÓLEO B;2451
2023-03;Comunitat Valenciana;Castellón/Castelló;GASÓLEO C;520
2023-03;Comunitat Valenciana;Castellón/Castelló;OTROS GASOLEOS;17021
2023-03;Comunitat Valenciana;Castellón/Castelló;BIOETANOL;0
2023-03;Comunitat Valenciana;Castellón/Castelló;GASOLINA  AUTO. S/PB 95 I.O.;6279
2023-03;Comunitat Valenciana;Castellón/Castelló;GASOLINA  AUTO. S/PB 98 I.O.;265
2023-03;Comunitat Valenciana;Castellón/Castelló;OTRAS GASOLINAS;16
2023-03;Comunitat Valenciana;Castellón/Castelló;FUELÓLEO  BIA;0
2023-03;Comunitat Valenciana;Castellón/Castelló;OTROS FUELÓLEOS;126
2023-03;Comunitat Valenciana;Castellón/Castelló;QUEROSENO AVIACIÓN;308
2023-03;Comunitat Valenciana;Castellón/Castelló;OTROS QUEROSENOS;0
2023-03;Comunitat Valenciana;Castellón/Castelló;GLP;2022
2023-03;Comunitat Valenciana;Valencia/València;BIODIESEL;25
2023-03;Comunitat Valenciana;Valencia/València;GASÓLEO A;98878
2023-03;Comunitat Valenciana;Valencia/València;GASÓLEO B;11500
2023-03;Comunitat Valenciana;Valencia/València;GASÓLEO C;1223
2023-03;Comunitat Valenciana;Valencia/València;OTROS GASOLEOS;3343
2023-03;Comunitat Valenciana;Valencia/València;BIOETANOL;0
2023-03;Comunitat Valenciana;Valencia/València;GASOLINA  AUTO. S/PB 95 I.O.;25346
2023-03;Comunitat Valenciana;Valencia/València;GASOLINA  AUTO. S/PB 98 I.O.;980
2023-03;Comunitat Valenciana;Valencia/València;OTRAS GASOLINAS;7
2023-03;Comunitat Valenciana;Valencia/València;FUELÓLEO  BIA;428
2023-03;Comunitat Valenciana;Valencia/València;OTROS FUELÓLEOS;33142
2023-03;Comunitat Valenciana;Valencia/València;QUEROSENO AVIACIÓN;11439
2023-03;Comunitat Valenciana;Valencia/València;OTROS QUEROSENOS;1
2023-03;Comunitat Valenciana;Valencia/València;GLP;5628
2023-03;Extremadura;Badajoz;BIODIESEL;0
2023-03;Extremadura;Badajoz;GASÓLEO A;38376
2023-03;Extremadura;Badajoz;GASÓLEO B;9062
2023-03;Extremadura;Badajoz;GASÓLEO C;770
2023-03;Extremadura;Badajoz;OTROS GASOLEOS;0
2023-03;Extremadura;Badajoz;BIOETANOL;0
2023-03;Extremadura;Badajoz;GASOLINA  AUTO. S/PB 95 I.O.;5120
2023-03;Extremadura;Badajoz;GASOLINA  AUTO. S/PB 98 I.O.;148
2023-03;Extremadura;Badajoz;OTRAS GASOLINAS;1
2023-03;Extremadura;Badajoz;FUELÓLEO  BIA;233
2023-03;Extremadura;Badajoz;OTROS FUELÓLEOS;0
2023-03;Extremadura;Badajoz;QUEROSENO AVIACIÓN;55
2023-03;Extremadura;Badajoz;OTROS QUEROSENOS;0
2023-03;Extremadura;Badajoz;GLP;3203
2023-03;Extremadura;Cáceres;BIODIESEL;0
2023-03;Extremadura;Cáceres;GASÓLEO A;17440
2023-03;Extremadura;Cáceres;GASÓLEO B;3725
2023-03;Extremadura;Cáceres;GASÓLEO C;959
2023-03;Extremadura;Cáceres;OTROS GASOLEOS;0
2023-03;Extremadura;Cáceres;BIOETANOL;0
2023-03;Extremadura;Cáceres;GASOLINA  AUTO. S/PB 95 I.O.;3244
2023-03;Extremadura;Cáceres;GASOLINA  AUTO. S/PB 98 I.O.;84
2023-03;Extremadura;Cáceres;OTRAS GASOLINAS;0
2023-03;Extremadura;Cáceres;FUELÓLEO  BIA;154
2023-03;Extremadura;Cáceres;OTROS FUELÓLEOS;0
2023-03;Extremadura;Cáceres;QUEROSENO AVIACIÓN;6
2023-03;Extremadura;Cáceres;OTROS QUEROSENOS;0
2023-03;Extremadura;Cáceres;GLP;2186
2023-03;Galicia;Coruña, A;BIODIESEL;0
2023-03;Galicia;Coruña, A;GASÓLEO A;49579
2023-03;Galicia;Coruña, A;GASÓLEO B;8950
2023-03;Galicia;Coruña, A;GASÓLEO C;5877
2023-03;Galicia;Coruña, A;OTROS GASOLEOS;4405
2023-03;Galicia;Coruña, A;BIOETANOL;0
2023-03;Galicia;Coruña, A;GASOLINA  AUTO. S/PB 95 I.O.;9467
2023-03;Galicia;Coruña, A;GASOLINA  AUTO. S/PB 98 I.O.;388
2023-03;Galicia;Coruña, A;OTRAS GASOLINAS;4
2023-03;Galicia;Coruña, A;FUELÓLEO  BIA;9797
2023-03;Galicia;Coruña, A;OTROS FUELÓLEOS;4607
2023-03;Galicia;Coruña, A;QUEROSENO AVIACIÓN;4122
2023-03;Galicia;Coruña, A;OTROS QUEROSENOS;0
2023-03;Galicia;Coruña, A;GLP;4535
2023-03;Galicia;Lugo;BIODIESEL;0
2023-03;Galicia;Lugo;GASÓLEO A;18044
2023-03;Galicia;Lugo;GASÓLEO B;5229
2023-03;Galicia;Lugo;GASÓLEO C;3827
2023-03;Galicia;Lugo;OTROS GASOLEOS;1565
2023-03;Galicia;Lugo;BIOETANOL;0
2023-03;Galicia;Lugo;GASOLINA  AUTO. S/PB 95 I.O.;2470
2023-03;Galicia;Lugo;GASOLINA  AUTO. S/PB 98 I.O.;111
2023-03;Galicia;Lugo;OTRAS GASOLINAS;0
2023-03;Galicia;Lugo;FUELÓLEO  BIA;808
2023-03;Galicia;Lugo;OTROS FUELÓLEOS;0
2023-03;Galicia;Lugo;QUEROSENO AVIACIÓN;25
2023-03;Galicia;Lugo;OTROS QUEROSENOS;0
2023-03;Galicia;Lugo;GLP;1802
2023-03;Galicia;Ourense;BIODIESEL;0
2023-03;Galicia;Ourense;GASÓLEO A;13439
2023-03;Galicia;Ourense;GASÓLEO B;3132
2023-03;Galicia;Ourense;GASÓLEO C;4731
2023-03;Galicia;Ourense;OTROS GASOLEOS;0
2023-03;Galicia;Ourense;BIOETANOL;0
2023-03;Galicia;Ourense;GASOLINA  AUTO. S/PB 95 I.O.;2242
2023-03;Galicia;Ourense;GASOLINA  AUTO. S/PB 98 I.O.;153
2023-03;Galicia;Ourense;OTRAS GASOLINAS;0
2023-03;Galicia;Ourense;FUELÓLEO  BIA;1737
2023-03;Galicia;Ourense;OTROS FUELÓLEOS;0
2023-03;Galicia;Ourense;QUEROSENO AVIACIÓN;22
2023-03;Galicia;Ourense;OTROS QUEROSENOS;0
2023-03;Galicia;Ourense;GLP;1627
2023-03;Galicia;Pontevedra;BIODIESEL;0
2023-03;Galicia;Pontevedra;GASÓLEO A;33968
2023-03;Galicia;Pontevedra;GASÓLEO B;6059
2023-03;Galicia;Pontevedra;GASÓLEO C;5050
2023-03;Galicia;Pontevedra;OTROS GASOLEOS;4984
2023-03;Galicia;Pontevedra;BIOETANOL;0
2023-03;Galicia;Pontevedra;GASOLINA  AUTO. S/PB 95 I.O.;7401
2023-03;Galicia;Pontevedra;GASOLINA  AUTO. S/PB 98 I.O.;367
2023-03;Galicia;Pontevedra;OTRAS GASOLINAS;2
2023-03;Galicia;Pontevedra;FUELÓLEO  BIA;1505
2023-03;Galicia;Pontevedra;OTROS FUELÓLEOS;429
2023-03;Galicia;Pontevedra;QUEROSENO AVIACIÓN;408
2023-03;Galicia;Pontevedra;OTROS QUEROSENOS;0
2023-03;Galicia;Pontevedra;GLP;4043
2023-03;Madrid, Comunidad de;Madrid;BIODIESEL;25
2023-03;Madrid, Comunidad de;Madrid;GASÓLEO A;164028
2023-03;Madrid, Comunidad de;Madrid;GASÓLEO B;13971
2023-03;Madrid, Comunidad de;Madrid;GASÓLEO C;18743
2023-03;Madrid, Comunidad de;Madrid;OTROS GASOLEOS;17
2023-03;Madrid, Comunidad de;Madrid;BIOETANOL;0
2023-03;Madrid, Comunidad de;Madrid;GASOLINA  AUTO. S/PB 95 I.O.;64315
2023-03;Madrid, Comunidad de;Madrid;GASOLINA  AUTO. S/PB 98 I.O.;2365
2023-03;Madrid, Comunidad de;Madrid;OTRAS GASOLINAS;65
2023-03;Madrid, Comunidad de;Madrid;FUELÓLEO  BIA;441
2023-03;Madrid, Comunidad de;Madrid;OTROS FUELÓLEOS;39
2023-03;Madrid, Comunidad de;Madrid;QUEROSENO AVIACIÓN;189799
2023-03;Madrid, Comunidad de;Madrid;OTROS QUEROSENOS;0
2023-03;Madrid, Comunidad de;Madrid;GLP;11239
2023-03;Melilla;Melilla;BIODIESEL;0
2023-03;Melilla;Melilla;GASÓLEO A;1165
2023-03;Melilla;Melilla;GASÓLEO B;0
2023-03;Melilla;Melilla;GASÓLEO C;0
2023-03;Melilla;Melilla;OTROS GASOLEOS;0
2023-03;Melilla;Melilla;BIOETANOL;0
2023-03;Melilla;Melilla;GASOLINA  AUTO. S/PB 95 I.O.;540
2023-03;Melilla;Melilla;GASOLINA  AUTO. S/PB 98 I.O.;0
2023-03;Melilla;Melilla;OTRAS GASOLINAS;0
2023-03;Melilla;Melilla;FUELÓLEO  BIA;2391
2023-03;Melilla;Melilla;OTROS FUELÓLEOS;0
2023-03;Melilla;Melilla;QUEROSENO AVIACIÓN;125
2023-03;Melilla;Melilla;OTROS QUEROSENOS;0
2023-03;Melilla;Melilla;GLP;222
2023-03;Murcia, Región de;Murcia;BIODIESEL;0
2023-03;Murcia, Región de;Murcia;GASÓLEO A;84527
2023-03;Murcia, Región de;Murcia;GASÓLEO B;13112
2023-03;Murcia, Región de;Murcia;GASÓLEO C;737
2023-03;Murcia, Región de;Murcia;OTROS GASOLEOS;1311
2023-03;Murcia, Región de;Murcia;BIOETANOL;6
2023-03;Murcia, Región de;Murcia;GASOLINA  AUTO. S/PB 95 I.O.;13356
2023-03;Murcia, Región de;Murcia;GASOLINA  AUTO. S/PB 98 I.O.;554
2023-03;Murcia, Región de;Murcia;OTRAS GASOLINAS;26
2023-03;Murcia, Región de;Murcia;FUELÓLEO  BIA;461
2023-03;Murcia, Región de;Murcia;OTROS FUELÓLEOS;76
2023-03;Murcia, Región de;Murcia;QUEROSENO AVIACIÓN;623
2023-03;Murcia, Región de;Murcia;OTROS QUEROSENOS;0
2023-03;Murcia, Región de;Murcia;GLP;4800
2023-03;Navarra, Comunidad Foral de;Navarra;BIODIESEL;0
2023-03;Navarra, Comunidad Foral de;Navarra;GASÓLEO A;57972
2023-03;Navarra, Comunidad Foral de;Navarra;GASÓLEO B;7954
2023-03;Navarra, Comunidad Foral de;Navarra;GASÓLEO C;1271
2023-03;Navarra, Comunidad Foral de;Navarra;OTROS GASOLEOS;0
2023-03;Navarra, Comunidad Foral de;Navarra;BIOETANOL;0
2023-03;Navarra, Comunidad Foral de;Navarra;GASOLINA  AUTO. S/PB 95 I.O.;6515
2023-03;Navarra, Comunidad Foral de;Navarra;GASOLINA  AUTO. S/PB 98 I.O.;212
2023-03;Navarra, Comunidad Foral de;Navarra;OTRAS GASOLINAS;2
2023-03;Navarra, Comunidad Foral de;Navarra;FUELÓLEO  BIA;271
2023-03;Navarra, Comunidad Foral de;Navarra;OTROS FUELÓLEOS;0
2023-03;Navarra, Comunidad Foral de;Navarra;QUEROSENO AVIACIÓN;98
2023-03;Navarra, Comunidad Foral de;Navarra;OTROS QUEROSENOS;0
2023-03;Navarra, Comunidad Foral de;Navarra;GLP;1428
2023-03;País Vasco;Araba/Álava;BIODIESEL;0
2023-03;País Vasco;Araba/Álava;GASÓLEO A;35914
2023-03;País Vasco;Araba/Álava;GASÓLEO B;2951
2023-03;País Vasco;Araba/Álava;GASÓLEO C;897
2023-03;País Vasco;Araba/Álava;OTROS GASOLEOS;0
2023-03;País Vasco;Araba/Álava;BIOETANOL;0
2023-03;País Vasco;Araba/Álava;GASOLINA  AUTO. S/PB 95 I.O.;2811
2023-03;País Vasco;Araba/Álava;GASOLINA  AUTO. S/PB 98 I.O.;127
2023-03;País Vasco;Araba/Álava;OTRAS GASOLINAS;0
2023-03;País Vasco;Araba/Álava;FUELÓLEO  BIA;324
2023-03;País Vasco;Araba/Álava;OTROS FUELÓLEOS;0
2023-03;País Vasco;Araba/Álava;QUEROSENO AVIACIÓN;1237
2023-03;País Vasco;Araba/Álava;OTROS QUEROSENOS;0
2023-03;País Vasco;Araba/Álava;GLP;2072
2023-03;País Vasco;Bizkaia;BIODIESEL;8
2023-03;País Vasco;Bizkaia;GASÓLEO A;38934
2023-03;País Vasco;Bizkaia;GASÓLEO B;12747
2023-03;País Vasco;Bizkaia;GASÓLEO C;6112
2023-03;País Vasco;Bizkaia;OTROS GASOLEOS;1296
2023-03;País Vasco;Bizkaia;BIOETANOL;0
2023-03;País Vasco;Bizkaia;GASOLINA  AUTO. S/PB 95 I.O.;8481
2023-03;País Vasco;Bizkaia;GASOLINA  AUTO. S/PB 98 I.O.;346
2023-03;País Vasco;Bizkaia;OTRAS GASOLINAS;1
2023-03;País Vasco;Bizkaia;FUELÓLEO  BIA;80
2023-03;País Vasco;Bizkaia;OTROS FUELÓLEOS;0
2023-03;País Vasco;Bizkaia;QUEROSENO AVIACIÓN;4790
2023-03;País Vasco;Bizkaia;OTROS QUEROSENOS;2
2023-03;País Vasco;Bizkaia;GLP;1831
2023-03;País Vasco;Gipuzkoa;BIODIESEL;0
2023-03;País Vasco;Gipuzkoa;GASÓLEO A;70430
2023-03;País Vasco;Gipuzkoa;GASÓLEO B;2192
2023-03;País Vasco;Gipuzkoa;GASÓLEO C;638
2023-03;País Vasco;Gipuzkoa;OTROS GASOLEOS;979
2023-03;País Vasco;Gipuzkoa;BIOETANOL;0
2023-03;País Vasco;Gipuzkoa;GASOLINA  AUTO. S/PB 95 I.O.;6125
2023-03;País Vasco;Gipuzkoa;GASOLINA  AUTO. S/PB 98 I.O.;305
2023-03;País Vasco;Gipuzkoa;OTRAS GASOLINAS;1
2023-03;País Vasco;Gipuzkoa;FUELÓLEO  BIA;0
2023-03;País Vasco;Gipuzkoa;OTROS FUELÓLEOS;0
2023-03;País Vasco;Gipuzkoa;QUEROSENO AVIACIÓN;378
2023-03;País Vasco;Gipuzkoa;OTROS QUEROSENOS;0
2023-03;País Vasco;Gipuzkoa;GLP;1929
2023-03;Rioja, La;Rioja, La;BIODIESEL;0
2023-03;Rioja, La;Rioja, La;GASÓLEO A;12978
2023-03;Rioja, La;Rioja, La;GASÓLEO B;3947
2023-03;Rioja, La;Rioja, La;GASÓLEO C;1999
2023-03;Rioja, La;Rioja, La;OTROS GASOLEOS;0
2023-03;Rioja, La;Rioja, La;BIOETANOL;0
2023-03;Rioja, La;Rioja, La;GASOLINA  AUTO. S/PB 95 I.O.;2152
2023-03;Rioja, La;Rioja, La;GASOLINA  AUTO. S/PB 98 I.O.;94
2023-03;Rioja, La;Rioja, La;OTRAS GASOLINAS;0
2023-03;Rioja, La;Rioja, La;FUELÓLEO  BIA;107
2023-03;Rioja, La;Rioja, La;OTROS FUELÓLEOS;0
2023-03;Rioja, La;Rioja, La;QUEROSENO AVIACIÓN;30
2023-03;Rioja, La;Rioja, La;OTROS QUEROSENOS;0
2023-03;Rioja, La;Rioja, La;GLP;704
2023-04;Andalucía;Almería;BIODIESEL;0
2023-04;Andalucía;Almería;GASÓLEO A;31396
2023-04;Andalucía;Almería;GASÓLEO B;5150
2023-04;Andalucía;Almería;GASÓLEO C;82
2023-04;Andalucía;Almería;OTROS GASOLEOS;1322
2023-04;Andalucía;Almería;BIOETANOL;0
2023-04;Andalucía;Almería;GASOLINA  AUTO. S/PB 95 I.O.;5558
2023-04;Andalucía;Almería;GASOLINA  AUTO. S/PB 98 I.O.;263
2023-04;Andalucía;Almería;OTRAS GASOLINAS;2
2023-04;Andalucía;Almería;FUELÓLEO  BIA;237
2023-04;Andalucía;Almería;OTROS FUELÓLEOS;1640
2023-04;Andalucía;Almería;QUEROSENO AVIACIÓN;939
2023-04;Andalucía;Almería;OTROS QUEROSENOS;0
2023-04;Andalucía;Almería;GLP;1710
2023-04;Andalucía;Cádiz;BIODIESEL;0
2023-04;Andalucía;Cádiz;GASÓLEO A;32924
2023-04;Andalucía;Cádiz;GASÓLEO B;6577
2023-04;Andalucía;Cádiz;GASÓLEO C;216
2023-04;Andalucía;Cádiz;OTROS GASOLEOS;62286
2023-04;Andalucía;Cádiz;BIOETANOL;0
2023-04;Andalucía;Cádiz;GASOLINA  AUTO. S/PB 95 I.O.;11230
2023-04;Andalucía;Cádiz;GASOLINA  AUTO. S/PB 98 I.O.;410
2023-04;Andalucía;Cádiz;OTRAS GASOLINAS;46
2023-04;Andalucía;Cádiz;FUELÓLEO  BIA;0
2023-04;Andalucía;Cádiz;OTROS FUELÓLEOS;256812
2023-04;Andalucía;Cádiz;QUEROSENO AVIACIÓN;1657
2023-04;Andalucía;Cádiz;OTROS QUEROSENOS;0
2023-04;Andalucía;Cádiz;GLP;3212
2023-04;Andalucía;Córdoba;BIODIESEL;46
2023-04;Andalucía;Córdoba;GASÓLEO A;27515
2023-04;Andalucía;Córdoba;GASÓLEO B;7007
2023-04;Andalucía;Córdoba;GASÓLEO C;353
2023-04;Andalucía;Córdoba;OTROS GASOLEOS;0
2023-04;Andalucía;Córdoba;BIOETANOL;0
2023-04;Andalucía;Córdoba;GASOLINA  AUTO. S/PB 95 I.O.;5041
2023-04;Andalucía;Córdoba;GASOLINA  AUTO. S/PB 98 I.O.;132
2023-04;Andalucía;Córdoba;OTRAS GASOLINAS;18
2023-04;Andalucía;Córdoba;FUELÓLEO  BIA;27
2023-04;Andalucía;Córdoba;OTROS FUELÓLEOS;0
2023-04;Andalucía;Córdoba;QUEROSENO AVIACIÓN;12
2023-04;Andalucía;Córdoba;OTROS QUEROSENOS;0
2023-04;Andalucía;Córdoba;GLP;1765
2023-04;Andalucía;Granada;BIODIESEL;0
2023-04;Andalucía;Granada;GASÓLEO A;32485
2023-04;Andalucía;Granada;GASÓLEO B;5102
2023-04;Andalucía;Granada;GASÓLEO C;676
2023-04;Andalucía;Granada;OTROS GASOLEOS;1206
2023-04;Andalucía;Granada;BIOETANOL;0
2023-04;Andalucía;Granada;GASOLINA  AUTO. S/PB 95 I.O.;7992
2023-04;Andalucía;Granada;GASOLINA  AUTO. S/PB 98 I.O.;375
2023-04;Andalucía;Granada;OTRAS GASOLINAS;4
2023-04;Andalucía;Granada;FUELÓLEO  BIA;153
2023-04;Andalucía;Granada;OTROS FUELÓLEOS;185
2023-04;Andalucía;Granada;QUEROSENO AVIACIÓN;1036
2023-04;Andalucía;Granada;OTROS QUEROSENOS;0
2023-04;Andalucía;Granada;GLP;2536
2023-04;Andalucía;Huelva;BIODIESEL;0
2023-04;Andalucía;Huelva;GASÓLEO A;24923
2023-04;Andalucía;Huelva;GASÓLEO B;8029
2023-04;Andalucía;Huelva;GASÓLEO C;334
2023-04;Andalucía;Huelva;OTROS GASOLEOS;2463
2023-04;Andalucía;Huelva;BIOETANOL;0
2023-04;Andalucía;Huelva;GASOLINA  AUTO. S/PB 95 I.O.;4729
2023-04;Andalucía;Huelva;GASOLINA  AUTO. S/PB 98 I.O.;178
2023-04;Andalucía;Huelva;OTRAS GASOLINAS;0
2023-04;Andalucía;Huelva;FUELÓLEO  BIA;464
2023-04;Andalucía;Huelva;OTROS FUELÓLEOS;9809
2023-04;Andalucía;Huelva;QUEROSENO AVIACIÓN;16
2023-04;Andalucía;Huelva;OTROS QUEROSENOS;0
2023-04;Andalucía;Huelva;GLP;2068
2023-04;Andalucía;Jaén;BIODIESEL;0
2023-04;Andalucía;Jaén;GASÓLEO A;27639
2023-04;Andalucía;Jaén;GASÓLEO B;4186
2023-04;Andalucía;Jaén;GASÓLEO C;199
2023-04;Andalucía;Jaén;OTROS GASOLEOS;0
2023-04;Andalucía;Jaén;BIOETANOL;0
2023-04;Andalucía;Jaén;GASOLINA  AUTO. S/PB 95 I.O.;4269
2023-04;Andalucía;Jaén;GASOLINA  AUTO. S/PB 98 I.O.;136
2023-04;Andalucía;Jaén;OTRAS GASOLINAS;0
2023-04;Andalucía;Jaén;FUELÓLEO  BIA;0
2023-04;Andalucía;Jaén;OTROS FUELÓLEOS;0
2023-04;Andalucía;Jaén;QUEROSENO AVIACIÓN;5
2023-04;Andalucía;Jaén;OTROS QUEROSENOS;0
2023-04;Andalucía;Jaén;GLP;1251
2023-04;Andalucía;Málaga;BIODIESEL;0
2023-04;Andalucía;Málaga;GASÓLEO A;46707
2023-04;Andalucía;Málaga;GASÓLEO B;4746
2023-04;Andalucía;Málaga;GASÓLEO C;370
2023-04;Andalucía;Málaga;OTROS GASOLEOS;2080
2023-04;Andalucía;Málaga;BIOETANOL;0
2023-04;Andalucía;Málaga;GASOLINA  AUTO. S/PB 95 I.O.;17861
2023-04;Andalucía;Málaga;GASOLINA  AUTO. S/PB 98 I.O.;1049
2023-04;Andalucía;Málaga;OTRAS GASOLINAS;14
2023-04;Andalucía;Málaga;FUELÓLEO  BIA;27
2023-04;Andalucía;Málaga;OTROS FUELÓLEOS;1470
2023-04;Andalucía;Málaga;QUEROSENO AVIACIÓN;42579
2023-04;Andalucía;Málaga;OTROS QUEROSENOS;0
2023-04;Andalucía;Málaga;GLP;4335
2023-04;Andalucía;Sevilla;BIODIESEL;0
2023-04;Andalucía;Sevilla;GASÓLEO A;57684
2023-04;Andalucía;Sevilla;GASÓLEO B;8187
2023-04;Andalucía;Sevilla;GASÓLEO C;413
2023-04;Andalucía;Sevilla;OTROS GASOLEOS;1303
2023-04;Andalucía;Sevilla;BIOETANOL;0
2023-04;Andalucía;Sevilla;GASOLINA  AUTO. S/PB 95 I.O.;14664
2023-04;Andalucía;Sevilla;GASOLINA  AUTO. S/PB 98 I.O.;383
2023-04;Andalucía;Sevilla;OTRAS GASOLINAS;8
2023-04;Andalucía;Sevilla;FUELÓLEO  BIA;596
2023-04;Andalucía;Sevilla;OTROS FUELÓLEOS;104
2023-04;Andalucía;Sevilla;QUEROSENO AVIACIÓN;12661
2023-04;Andalucía;Sevilla;OTROS QUEROSENOS;0
2023-04;Andalucía;Sevilla;GLP;3881
2023-04;Aragón;Huesca;BIODIESEL;0
2023-04;Aragón;Huesca;GASÓLEO A;14176
2023-04;Aragón;Huesca;GASÓLEO B;4307
2023-04;Aragón;Huesca;GASÓLEO C;699
2023-04;Aragón;Huesca;OTROS GASOLEOS;0
2023-04;Aragón;Huesca;BIOETANOL;0
2023-04;Aragón;Huesca;GASOLINA  AUTO. S/PB 95 I.O.;3108
2023-04;Aragón;Huesca;GASOLINA  AUTO. S/PB 98 I.O.;185
2023-04;Aragón;Huesca;OTRAS GASOLINAS;4
2023-04;Aragón;Huesca;FUELÓLEO  BIA;50
2023-04;Aragón;Huesca;OTROS FUELÓLEOS;0
2023-04;Aragón;Huesca;QUEROSENO AVIACIÓN;0
2023-04;Aragón;Huesca;OTROS QUEROSENOS;0
2023-04;Aragón;Huesca;GLP;1002
2023-04;Aragón;Teruel;BIODIESEL;0
2023-04;Aragón;Teruel;GASÓLEO A;8724
2023-04;Aragón;Teruel;GASÓLEO B;3338
2023-04;Aragón;Teruel;GASÓLEO C;527
2023-04;Aragón;Teruel;OTROS GASOLEOS;0
2023-04;Aragón;Teruel;BIOETANOL;0
2023-04;Aragón;Teruel;GASOLINA  AUTO. S/PB 95 I.O.;1700
2023-04;Aragón;Teruel;GASOLINA  AUTO. S/PB 98 I.O.;90
2023-04;Aragón;Teruel;OTRAS GASOLINAS;0
2023-04;Aragón;Teruel;FUELÓLEO  BIA;72
2023-04;Aragón;Teruel;OTROS FUELÓLEOS;0
2023-04;Aragón;Teruel;QUEROSENO AVIACIÓN;89
2023-04;Aragón;Teruel;OTROS QUEROSENOS;0
2023-04;Aragón;Teruel;GLP;427
2023-04;Aragón;Zaragoza;BIODIESEL;56
2023-04;Aragón;Zaragoza;GASÓLEO A;39543
2023-04;Aragón;Zaragoza;GASÓLEO B;7124
2023-04;Aragón;Zaragoza;GASÓLEO C;2002
2023-04;Aragón;Zaragoza;OTROS GASOLEOS;17
2023-04;Aragón;Zaragoza;BIOETANOL;0
2023-04;Aragón;Zaragoza;GASOLINA  AUTO. S/PB 95 I.O.;8680
2023-04;Aragón;Zaragoza;GASOLINA  AUTO. S/PB 98 I.O.;314
2023-04;Aragón;Zaragoza;OTRAS GASOLINAS;2
2023-04;Aragón;Zaragoza;FUELÓLEO  BIA;585
2023-04;Aragón;Zaragoza;OTROS FUELÓLEOS;0
2023-04;Aragón;Zaragoza;QUEROSENO AVIACIÓN;6604
2023-04;Aragón;Zaragoza;OTROS QUEROSENOS;0
2023-04;Aragón;Zaragoza;GLP;1384
2023-04;Asturias, Principado de;Asturias;BIODIESEL;0
2023-04;Asturias, Principado de;Asturias;GASÓLEO A;32528
2023-04;Asturias, Principado de;Asturias;GASÓLEO B;4868
2023-04;Asturias, Principado de;Asturias;GASÓLEO C;2267
2023-04;Asturias, Principado de;Asturias;OTROS GASOLEOS;3358
2023-04;Asturias, Principado de;Asturias;BIOETANOL;9
2023-04;Asturias, Principado de;Asturias;GASOLINA  AUTO. S/PB 95 I.O.;8253
2023-04;Asturias, Principado de;Asturias;GASOLINA  AUTO. S/PB 98 I.O.;499
2023-04;Asturias, Principado de;Asturias;OTRAS GASOLINAS;1
2023-04;Asturias, Principado de;Asturias;FUELÓLEO  BIA;3212
2023-04;Asturias, Principado de;Asturias;OTROS FUELÓLEOS;771
2023-04;Asturias, Principado de;Asturias;QUEROSENO AVIACIÓN;1585
2023-04;Asturias, Principado de;Asturias;OTROS QUEROSENOS;0
2023-04;Asturias, Principado de;Asturias;GLP;1802
2023-04;Balears, Illes;Balears, Illes;BIODIESEL;0
2023-04;Balears, Illes;Balears, Illes;GASÓLEO A;28219
2023-04;Balears, Illes;Balears, Illes;GASÓLEO B;3413
2023-04;Balears, Illes;Balears, Illes;GASÓLEO C;9966
2023-04;Balears, Illes;Balears, Illes;OTROS GASOLEOS;2237
2023-04;Balears, Illes;Balears, Illes;BIOETANOL;0
2023-04;Balears, Illes;Balears, Illes;GASOLINA  AUTO. S/PB 95 I.O.;19561
2023-04;Balears, Illes;Balears, Illes;GASOLINA  AUTO. S/PB 98 I.O.;852
2023-04;Balears, Illes;Balears, Illes;OTRAS GASOLINAS;19
2023-04;Balears, Illes;Balears, Illes;FUELÓLEO  BIA;0
2023-04;Balears, Illes;Balears, Illes;OTROS FUELÓLEOS;0
2023-04;Balears, Illes;Balears, Illes;QUEROSENO AVIACIÓN;49250
2023-04;Balears, Illes;Balears, Illes;OTROS QUEROSENOS;0
2023-04;Balears, Illes;Balears, Illes;GLP;3676
2023-04;Canarias;Palmas, Las;BIODIESEL;0
2023-04;Canarias;Palmas, Las;GASÓLEO A;26001
2023-04;Canarias;Palmas, Las;GASÓLEO B;0
2023-04;Canarias;Palmas, Las;GASÓLEO C;0
2023-04;Canarias;Palmas, Las;OTROS GASOLEOS;98634
2023-04;Canarias;Palmas, Las;BIOETANOL;0
2023-04;Canarias;Palmas, Las;GASOLINA  AUTO. S/PB 95 I.O.;17443
2023-04;Canarias;Palmas, Las;GASOLINA  AUTO. S/PB 98 I.O.;3031
2023-04;Canarias;Palmas, Las;OTRAS GASOLINAS;0
2023-04;Canarias;Palmas, Las;FUELÓLEO  BIA;32695
2023-04;Canarias;Palmas, Las;OTROS FUELÓLEOS;73731
2023-04;Canarias;Palmas, Las;QUEROSENO AVIACIÓN;47622
2023-04;Canarias;Palmas, Las;OTROS QUEROSENOS;0
2023-04;Canarias;Palmas, Las;GLP;2767
2023-04;Canarias;Santa Cruz de Tenerife;BIODIESEL;0
2023-04;Canarias;Santa Cruz de Tenerife;GASÓLEO A;25642
2023-04;Canarias;Santa Cruz de Tenerife;GASÓLEO B;0
2023-04;Canarias;Santa Cruz de Tenerife;GASÓLEO C;0
2023-04;Canarias;Santa Cruz de Tenerife;OTROS GASOLEOS;45886
2023-04;Canarias;Santa Cruz de Tenerife;BIOETANOL;0
2023-04;Canarias;Santa Cruz de Tenerife;GASOLINA  AUTO. S/PB 95 I.O.;15742
2023-04;Canarias;Santa Cruz de Tenerife;GASOLINA  AUTO. S/PB 98 I.O.;4483
2023-04;Canarias;Santa Cruz de Tenerife;OTRAS GASOLINAS;1
2023-04;Canarias;Santa Cruz de Tenerife;FUELÓLEO  BIA;18203
2023-04;Canarias;Santa Cruz de Tenerife;OTROS FUELÓLEOS;31368
2023-04;Canarias;Santa Cruz de Tenerife;QUEROSENO AVIACIÓN;46775
2023-04;Canarias;Santa Cruz de Tenerife;OTROS QUEROSENOS;2
2023-04;Canarias;Santa Cruz de Tenerife;GLP;3402
2023-04;Cantabria;Cantabria;BIODIESEL;0
2023-04;Cantabria;Cantabria;GASÓLEO A;25171
2023-04;Cantabria;Cantabria;GASÓLEO B;4007
2023-04;Cantabria;Cantabria;GASÓLEO C;124
2023-04;Cantabria;Cantabria;OTROS GASOLEOS;1357
2023-04;Cantabria;Cantabria;BIOETANOL;0
2023-04;Cantabria;Cantabria;GASOLINA  AUTO. S/PB 95 I.O.;6294
2023-04;Cantabria;Cantabria;GASOLINA  AUTO. S/PB 98 I.O.;271
2023-04;Cantabria;Cantabria;OTRAS GASOLINAS;1
2023-04;Cantabria;Cantabria;FUELÓLEO  BIA;253
2023-04;Cantabria;Cantabria;OTROS FUELÓLEOS;0
2023-04;Cantabria;Cantabria;QUEROSENO AVIACIÓN;1195
2023-04;Cantabria;Cantabria;OTROS QUEROSENOS;0
2023-04;Cantabria;Cantabria;GLP;1327
2023-04;Castilla - La Mancha;Albacete;BIODIESEL;0
2023-04;Castilla - La Mancha;Albacete;GASÓLEO A;16359
2023-04;Castilla - La Mancha;Albacete;GASÓLEO B;4298
2023-04;Castilla - La Mancha;Albacete;GASÓLEO C;526
2023-04;Castilla - La Mancha;Albacete;OTROS GASOLEOS;0
2023-04;Castilla - La Mancha;Albacete;BIOETANOL;0
2023-04;Castilla - La Mancha;Albacete;GASOLINA  AUTO. S/PB 95 I.O.;3417
2023-04;Castilla - La Mancha;Albacete;GASOLINA  AUTO. S/PB 98 I.O.;155
2023-04;Castilla - La Mancha;Albacete;OTRAS GASOLINAS;0
2023-04;Castilla - La Mancha;Albacete;FUELÓLEO  BIA;90
2023-04;Castilla - La Mancha;Albacete;OTROS FUELÓLEOS;0
2023-04;Castilla - La Mancha;Albacete;QUEROSENO AVIACIÓN;84
2023-04;Castilla - La Mancha;Albacete;OTROS QUEROSENOS;0
2023-04;Castilla - La Mancha;Albacete;GLP;683
2023-04;Castilla - La Mancha;Ciudad Real;BIODIESEL;0
2023-04;Castilla - La Mancha;Ciudad Real;GASÓLEO A;23930
2023-04;Castilla - La Mancha;Ciudad Real;GASÓLEO B;5639
2023-04;Castilla - La Mancha;Ciudad Real;GASÓLEO C;458
2023-04;Castilla - La Mancha;Ciudad Real;OTROS GASOLEOS;0
2023-04;Castilla - La Mancha;Ciudad Real;BIOETANOL;0
2023-04;Castilla - La Mancha;Ciudad Real;GASOLINA  AUTO. S/PB 95 I.O.;4109
2023-04;Castilla - La Mancha;Ciudad Real;GASOLINA  AUTO. S/PB 98 I.O.;146
2023-04;Castilla - La Mancha;Ciudad Real;OTRAS GASOLINAS;0
2023-04;Castilla - La Mancha;Ciudad Real;FUELÓLEO  BIA;161
2023-04;Castilla - La Mancha;Ciudad Real;OTROS FUELÓLEOS;0
2023-04;Castilla - La Mancha;Ciudad Real;QUEROSENO AVIACIÓN;4243
2023-04;Castilla - La Mancha;Ciudad Real;OTROS QUEROSENOS;0
2023-04;Castilla - La Mancha;Ciudad Real;GLP;856
2023-04;Castilla - La Mancha;Cuenca;BIODIESEL;0
2023-04;Castilla - La Mancha;Cuenca;GASÓLEO A;13813
2023-04;Castilla - La Mancha;Cuenca;GASÓLEO B;5111
2023-04;Castilla - La Mancha;Cuenca;GASÓLEO C;426
2023-04;Castilla - La Mancha;Cuenca;OTROS GASOLEOS;0
2023-04;Castilla - La Mancha;Cuenca;BIOETANOL;0
2023-04;Castilla - La Mancha;Cuenca;GASOLINA  AUTO. S/PB 95 I.O.;2655
2023-04;Castilla - La Mancha;Cuenca;GASOLINA  AUTO. S/PB 98 I.O.;96
2023-04;Castilla - La Mancha;Cuenca;OTRAS GASOLINAS;3
2023-04;Castilla - La Mancha;Cuenca;FUELÓLEO  BIA;90
2023-04;Castilla - La Mancha;Cuenca;OTROS FUELÓLEOS;0
2023-04;Castilla - La Mancha;Cuenca;QUEROSENO AVIACIÓN;0
2023-04;Castilla - La Mancha;Cuenca;OTROS QUEROSENOS;0
2023-04;Castilla - La Mancha;Cuenca;GLP;660
2023-04;Castilla - La Mancha;Guadalajara;BIODIESEL;0
2023-04;Castilla - La Mancha;Guadalajara;GASÓLEO A;12233
2023-04;Castilla - La Mancha;Guadalajara;GASÓLEO B;3035
2023-04;Castilla - La Mancha;Guadalajara;GASÓLEO C;969
2023-04;Castilla - La Mancha;Guadalajara;OTROS GASOLEOS;0
2023-04;Castilla - La Mancha;Guadalajara;BIOETANOL;0
2023-04;Castilla - La Mancha;Guadalajara;GASOLINA  AUTO. S/PB 95 I.O.;3080
2023-04;Castilla - La Mancha;Guadalajara;GASOLINA  AUTO. S/PB 98 I.O.;125
2023-04;Castilla - La Mancha;Guadalajara;OTRAS GASOLINAS;1
2023-04;Castilla - La Mancha;Guadalajara;FUELÓLEO  BIA;26
2023-04;Castilla - La Mancha;Guadalajara;OTROS FUELÓLEOS;0
2023-04;Castilla - La Mancha;Guadalajara;QUEROSENO AVIACIÓN;0
2023-04;Castilla - La Mancha;Guadalajara;OTROS QUEROSENOS;0
2023-04;Castilla - La Mancha;Guadalajara;GLP;327
2023-04;Castilla - La Mancha;Toledo;BIODIESEL;0
2023-04;Castilla - La Mancha;Toledo;GASÓLEO A;33341
2023-04;Castilla - La Mancha;Toledo;GASÓLEO B;7294
2023-04;Castilla - La Mancha;Toledo;GASÓLEO C;1928
2023-04;Castilla - La Mancha;Toledo;OTROS GASOLEOS;0
2023-04;Castilla - La Mancha;Toledo;BIOETANOL;0
2023-04;Castilla - La Mancha;Toledo;GASOLINA  AUTO. S/PB 95 I.O.;6722
2023-04;Castilla - La Mancha;Toledo;GASOLINA  AUTO. S/PB 98 I.O.;268
2023-04;Castilla - La Mancha;Toledo;OTRAS GASOLINAS;22
2023-04;Castilla - La Mancha;Toledo;FUELÓLEO  BIA;165
2023-04;Castilla - La Mancha;Toledo;OTROS FUELÓLEOS;0
2023-04;Castilla - La Mancha;Toledo;QUEROSENO AVIACIÓN;10
2023-04;Castilla - La Mancha;Toledo;OTROS QUEROSENOS;0
2023-04;Castilla - La Mancha;Toledo;GLP;1332
2023-04;Castilla y León;Ávila;BIODIESEL;0
2023-04;Castilla y León;Ávila;GASÓLEO A;6549
2023-04;Castilla y León;Ávila;GASÓLEO B;2594
2023-04;Castilla y León;Ávila;GASÓLEO C;613
2023-04;Castilla y León;Ávila;OTROS GASOLEOS;0
2023-04;Castilla y León;Ávila;BIOETANOL;0
2023-04;Castilla y León;Ávila;GASOLINA  AUTO. S/PB 95 I.O.;1856
2023-04;Castilla y León;Ávila;GASOLINA  AUTO. S/PB 98 I.O.;75
2023-04;Castilla y León;Ávila;OTRAS GASOLINAS;0
2023-04;Castilla y León;Ávila;FUELÓLEO  BIA;0
2023-04;Castilla y León;Ávila;OTROS FUELÓLEOS;0
2023-04;Castilla y León;Ávila;QUEROSENO AVIACIÓN;0
2023-04;Castilla y León;Ávila;OTROS QUEROSENOS;0
2023-04;Castilla y León;Ávila;GLP;478
2023-04;Castilla y León;Burgos;BIODIESEL;0
2023-04;Castilla y León;Burgos;GASÓLEO A;21761
2023-04;Castilla y León;Burgos;GASÓLEO B;5661
2023-04;Castilla y León;Burgos;GASÓLEO C;898
2023-04;Castilla y León;Burgos;OTROS GASOLEOS;0
2023-04;Castilla y León;Burgos;BIOETANOL;0
2023-04;Castilla y León;Burgos;GASOLINA  AUTO. S/PB 95 I.O.;4411
2023-04;Castilla y León;Burgos;GASOLINA  AUTO. S/PB 98 I.O.;222
2023-04;Castilla y León;Burgos;OTRAS GASOLINAS;19
2023-04;Castilla y León;Burgos;FUELÓLEO  BIA;795
2023-04;Castilla y León;Burgos;OTROS FUELÓLEOS;0
2023-04;Castilla y León;Burgos;QUEROSENO AVIACIÓN;11
2023-04;Castilla y León;Burgos;OTROS QUEROSENOS;0
2023-04;Castilla y León;Burgos;GLP;657
2023-04;Castilla y León;León;BIODIESEL;0
2023-04;Castilla y León;León;GASÓLEO A;22959
2023-04;Castilla y León;León;GASÓLEO B;8249
2023-04;Castilla y León;León;GASÓLEO C;2842
2023-04;Castilla y León;León;OTROS GASOLEOS;0
2023-04;Castilla y León;León;BIOETANOL;0
2023-04;Castilla y León;León;GASOLINA  AUTO. S/PB 95 I.O.;4665
2023-04;Castilla y León;León;GASOLINA  AUTO. S/PB 98 I.O.;232
2023-04;Castilla y León;León;OTRAS GASOLINAS;1
2023-04;Castilla y León;León;FUELÓLEO  BIA;160
2023-04;Castilla y León;León;OTROS FUELÓLEOS;0
2023-04;Castilla y León;León;QUEROSENO AVIACIÓN;91
2023-04;Castilla y León;León;OTROS QUEROSENOS;0
2023-04;Castilla y León;León;GLP;1002
2023-04;Castilla y León;Palencia;BIODIESEL;0
2023-04;Castilla y León;Palencia;GASÓLEO A;13111
2023-04;Castilla y León;Palencia;GASÓLEO B;3889
2023-04;Castilla y León;Palencia;GASÓLEO C;425
2023-04;Castilla y León;Palencia;OTROS GASOLEOS;0
2023-04;Castilla y León;Palencia;BIOETANOL;0
2023-04;Castilla y León;Palencia;GASOLINA  AUTO. S/PB 95 I.O.;2022
2023-04;Castilla y León;Palencia;GASOLINA  AUTO. S/PB 98 I.O.;81
2023-04;Castilla y León;Palencia;OTRAS GASOLINAS;0
2023-04;Castilla y León;Palencia;FUELÓLEO  BIA;78
2023-04;Castilla y León;Palencia;OTROS FUELÓLEOS;0
2023-04;Castilla y León;Palencia;QUEROSENO AVIACIÓN;0
2023-04;Castilla y León;Palencia;OTROS QUEROSENOS;0
2023-04;Castilla y León;Palencia;GLP;363
2023-04;Castilla y León;Salamanca;BIODIESEL;0
2023-04;Castilla y León;Salamanca;GASÓLEO A;16495
2023-04;Castilla y León;Salamanca;GASÓLEO B;4969
2023-04;Castilla y León;Salamanca;GASÓLEO C;1418
2023-04;Castilla y León;Salamanca;OTROS GASOLEOS;0
2023-04;Castilla y León;Salamanca;BIOETANOL;0
2023-04;Castilla y León;Salamanca;GASOLINA  AUTO. S/PB 95 I.O.;3142
2023-04;Castilla y León;Salamanca;GASOLINA  AUTO. S/PB 98 I.O.;160
2023-04;Castilla y León;Salamanca;OTRAS GASOLINAS;25
2023-04;Castilla y León;Salamanca;FUELÓLEO  BIA;25
2023-04;Castilla y León;Salamanca;OTROS FUELÓLEOS;0
2023-04;Castilla y León;Salamanca;QUEROSENO AVIACIÓN;49
2023-04;Castilla y León;Salamanca;OTROS QUEROSENOS;0
2023-04;Castilla y León;Salamanca;GLP;609
2023-04;Castilla y León;Segovia;BIODIESEL;0
2023-04;Castilla y León;Segovia;GASÓLEO A;8218
2023-04;Castilla y León;Segovia;GASÓLEO B;3057
2023-04;Castilla y León;Segovia;GASÓLEO C;857
2023-04;Castilla y León;Segovia;OTROS GASOLEOS;0
2023-04;Castilla y León;Segovia;BIOETANOL;0
2023-04;Castilla y León;Segovia;GASOLINA  AUTO. S/PB 95 I.O.;2184
2023-04;Castilla y León;Segovia;GASOLINA  AUTO. S/PB 98 I.O.;89
2023-04;Castilla y León;Segovia;OTRAS GASOLINAS;2
2023-04;Castilla y León;Segovia;FUELÓLEO  BIA;25
2023-04;Castilla y León;Segovia;OTROS FUELÓLEOS;0
2023-04;Castilla y León;Segovia;QUEROSENO AVIACIÓN;0
2023-04;Castilla y León;Segovia;OTROS QUEROSENOS;0
2023-04;Castilla y León;Segovia;GLP;624
2023-04;Castilla y León;Soria;BIODIESEL;0
2023-04;Castilla y León;Soria;GASÓLEO A;5960
2023-04;Castilla y León;Soria;GASÓLEO B;2252
2023-04;Castilla y León;Soria;GASÓLEO C;455
2023-04;Castilla y León;Soria;OTROS GASOLEOS;0
2023-04;Castilla y León;Soria;BIOETANOL;0
2023-04;Castilla y León;Soria;GASOLINA  AUTO. S/PB 95 I.O.;1113
2023-04;Castilla y León;Soria;GASOLINA  AUTO. S/PB 98 I.O.;53
2023-04;Castilla y León;Soria;OTRAS GASOLINAS;9
2023-04;Castilla y León;Soria;FUELÓLEO  BIA;0
2023-04;Castilla y León;Soria;OTROS FUELÓLEOS;0
2023-04;Castilla y León;Soria;QUEROSENO AVIACIÓN;0
2023-04;Castilla y León;Soria;OTROS QUEROSENOS;0
2023-04;Castilla y León;Soria;GLP;209
2023-04;Castilla y León;Valladolid;BIODIESEL;0
2023-04;Castilla y León;Valladolid;GASÓLEO A;22244
2023-04;Castilla y León;Valladolid;GASÓLEO B;5726
2023-04;Castilla y León;Valladolid;GASÓLEO C;1040
2023-04;Castilla y León;Valladolid;OTROS GASOLEOS;0
2023-04;Castilla y León;Valladolid;BIOETANOL;0
2023-04;Castilla y León;Valladolid;GASOLINA  AUTO. S/PB 95 I.O.;4996
2023-04;Castilla y León;Valladolid;GASOLINA  AUTO. S/PB 98 I.O.;180
2023-04;Castilla y León;Valladolid;OTRAS GASOLINAS;9
2023-04;Castilla y León;Valladolid;FUELÓLEO  BIA;148
2023-04;Castilla y León;Valladolid;OTROS FUELÓLEOS;0
2023-04;Castilla y León;Valladolid;QUEROSENO AVIACIÓN;209
2023-04;Castilla y León;Valladolid;OTROS QUEROSENOS;0
2023-04;Castilla y León;Valladolid;GLP;731
2023-04;Castilla y León;Zamora;BIODIESEL;0
2023-04;Castilla y León;Zamora;GASÓLEO A;14400
2023-04;Castilla y León;Zamora;GASÓLEO B;4570
2023-04;Castilla y León;Zamora;GASÓLEO C;371
2023-04;Castilla y León;Zamora;OTROS GASOLEOS;0
2023-04;Castilla y León;Zamora;BIOETANOL;0
2023-04;Castilla y León;Zamora;GASOLINA  AUTO. S/PB 95 I.O.;1989
2023-04;Castilla y León;Zamora;GASOLINA  AUTO. S/PB 98 I.O.;121
2023-04;Castilla y León;Zamora;OTRAS GASOLINAS;0
2023-04;Castilla y León;Zamora;FUELÓLEO  BIA;40
2023-04;Castilla y León;Zamora;OTROS FUELÓLEOS;0
2023-04;Castilla y León;Zamora;QUEROSENO AVIACIÓN;16
2023-04;Castilla y León;Zamora;OTROS QUEROSENOS;0
2023-04;Castilla y León;Zamora;GLP;431
2023-04;Cataluña;Barcelona;BIODIESEL;78
2023-04;Cataluña;Barcelona;GASÓLEO A;125650
2023-04;Cataluña;Barcelona;GASÓLEO B;13440
2023-04;Cataluña;Barcelona;GASÓLEO C;2118
2023-04;Cataluña;Barcelona;OTROS GASOLEOS;40965
2023-04;Cataluña;Barcelona;BIOETANOL;0
2023-04;Cataluña;Barcelona;GASOLINA  AUTO. S/PB 95 I.O.;51411
2023-04;Cataluña;Barcelona;GASOLINA  AUTO. S/PB 98 I.O.;2432
2023-04;Cataluña;Barcelona;OTRAS GASOLINAS;83
2023-04;Cataluña;Barcelona;FUELÓLEO  BIA;283
2023-04;Cataluña;Barcelona;OTROS FUELÓLEOS;80057
2023-04;Cataluña;Barcelona;QUEROSENO AVIACIÓN;81731
2023-04;Cataluña;Barcelona;OTROS QUEROSENOS;0
2023-04;Cataluña;Barcelona;GLP;4498
2023-04;Cataluña;Girona;BIODIESEL;0
2023-04;Cataluña;Girona;GASÓLEO A;95110
2023-04;Cataluña;Girona;GASÓLEO B;4952
2023-04;Cataluña;Girona;GASÓLEO C;1232
2023-04;Cataluña;Girona;OTROS GASOLEOS;513
2023-04;Cataluña;Girona;BIOETANOL;0
2023-04;Cataluña;Girona;GASOLINA  AUTO. S/PB 95 I.O.;13120
2023-04;Cataluña;Girona;GASOLINA  AUTO. S/PB 98 I.O.;764
2023-04;Cataluña;Girona;OTRAS GASOLINAS;2
2023-04;Cataluña;Girona;FUELÓLEO  BIA;232
2023-04;Cataluña;Girona;OTROS FUELÓLEOS;0
2023-04;Cataluña;Girona;QUEROSENO AVIACIÓN;1295
2023-04;Cataluña;Girona;OTROS QUEROSENOS;0
2023-04;Cataluña;Girona;GLP;2385
2023-04;Cataluña;Lleida;BIODIESEL;0
2023-04;Cataluña;Lleida;GASÓLEO A;22811
2023-04;Cataluña;Lleida;GASÓLEO B;4776
2023-04;Cataluña;Lleida;GASÓLEO C;318
2023-04;Cataluña;Lleida;OTROS GASOLEOS;0
2023-04;Cataluña;Lleida;BIOETANOL;0
2023-04;Cataluña;Lleida;GASOLINA  AUTO. S/PB 95 I.O.;4699
2023-04;Cataluña;Lleida;GASOLINA  AUTO. S/PB 98 I.O.;230
2023-04;Cataluña;Lleida;OTRAS GASOLINAS;1
2023-04;Cataluña;Lleida;FUELÓLEO  BIA;0
2023-04;Cataluña;Lleida;OTROS FUELÓLEOS;0
2023-04;Cataluña;Lleida;QUEROSENO AVIACIÓN;82
2023-04;Cataluña;Lleida;OTROS QUEROSENOS;0
2023-04;Cataluña;Lleida;GLP;1590
2023-04;Cataluña;Tarragona;BIODIESEL;0
2023-04;Cataluña;Tarragona;GASÓLEO A;38272
2023-04;Cataluña;Tarragona;GASÓLEO B;4439
2023-04;Cataluña;Tarragona;GASÓLEO C;304
2023-04;Cataluña;Tarragona;OTROS GASOLEOS;1425
2023-04;Cataluña;Tarragona;BIOETANOL;0
2023-04;Cataluña;Tarragona;GASOLINA  AUTO. S/PB 95 I.O.;11536
2023-04;Cataluña;Tarragona;GASOLINA  AUTO. S/PB 98 I.O.;442
2023-04;Cataluña;Tarragona;OTRAS GASOLINAS;11
2023-04;Cataluña;Tarragona;FUELÓLEO  BIA;209
2023-04;Cataluña;Tarragona;OTROS FUELÓLEOS;201
2023-04;Cataluña;Tarragona;QUEROSENO AVIACIÓN;1183
2023-04;Cataluña;Tarragona;OTROS QUEROSENOS;0
2023-04;Cataluña;Tarragona;GLP;1637
2023-04;Ceuta;Ceuta;BIODIESEL;0
2023-04;Ceuta;Ceuta;GASÓLEO A;917
2023-04;Ceuta;Ceuta;GASÓLEO B;0
2023-04;Ceuta;Ceuta;GASÓLEO C;27
2023-04;Ceuta;Ceuta;OTROS GASOLEOS;9319
2023-04;Ceuta;Ceuta;BIOETANOL;0
2023-04;Ceuta;Ceuta;GASOLINA  AUTO. S/PB 95 I.O.;418
2023-04;Ceuta;Ceuta;GASOLINA  AUTO. S/PB 98 I.O.;44
2023-04;Ceuta;Ceuta;OTRAS GASOLINAS;0
2023-04;Ceuta;Ceuta;FUELÓLEO  BIA;4898
2023-04;Ceuta;Ceuta;OTROS FUELÓLEOS;7089
2023-04;Ceuta;Ceuta;QUEROSENO AVIACIÓN;54
2023-04;Ceuta;Ceuta;OTROS QUEROSENOS;0
2023-04;Ceuta;Ceuta;GLP;195
2023-04;Comunitat Valenciana;Alicante/Alacant;BIODIESEL;26
2023-04;Comunitat Valenciana;Alicante/Alacant;GASÓLEO A;52199
2023-04;Comunitat Valenciana;Alicante/Alacant;GASÓLEO B;4610
2023-04;Comunitat Valenciana;Alicante/Alacant;GASÓLEO C;1112
2023-04;Comunitat Valenciana;Alicante/Alacant;OTROS GASOLEOS;1756
2023-04;Comunitat Valenciana;Alicante/Alacant;BIOETANOL;0
2023-04;Comunitat Valenciana;Alicante/Alacant;GASOLINA  AUTO. S/PB 95 I.O.;21562
2023-04;Comunitat Valenciana;Alicante/Alacant;GASOLINA  AUTO. S/PB 98 I.O.;871
2023-04;Comunitat Valenciana;Alicante/Alacant;OTRAS GASOLINAS;6
2023-04;Comunitat Valenciana;Alicante/Alacant;FUELÓLEO  BIA;26
2023-04;Comunitat Valenciana;Alicante/Alacant;OTROS FUELÓLEOS;76
2023-04;Comunitat Valenciana;Alicante/Alacant;QUEROSENO AVIACIÓN;26989
2023-04;Comunitat Valenciana;Alicante/Alacant;OTROS QUEROSENOS;25
2023-04;Comunitat Valenciana;Alicante/Alacant;GLP;4732
2023-04;Comunitat Valenciana;Castellón/Castelló;BIODIESEL;0
2023-04;Comunitat Valenciana;Castellón/Castelló;GASÓLEO A;21153
2023-04;Comunitat Valenciana;Castellón/Castelló;GASÓLEO B;1996
2023-04;Comunitat Valenciana;Castellón/Castelló;GASÓLEO C;213
2023-04;Comunitat Valenciana;Castellón/Castelló;OTROS GASOLEOS;12529
2023-04;Comunitat Valenciana;Castellón/Castelló;BIOETANOL;0
2023-04;Comunitat Valenciana;Castellón/Castelló;GASOLINA  AUTO. S/PB 95 I.O.;6581
2023-04;Comunitat Valenciana;Castellón/Castelló;GASOLINA  AUTO. S/PB 98 I.O.;316
2023-04;Comunitat Valenciana;Castellón/Castelló;OTRAS GASOLINAS;7
2023-04;Comunitat Valenciana;Castellón/Castelló;FUELÓLEO  BIA;0
2023-04;Comunitat Valenciana;Castellón/Castelló;OTROS FUELÓLEOS;151
2023-04;Comunitat Valenciana;Castellón/Castelló;QUEROSENO AVIACIÓN;253
2023-04;Comunitat Valenciana;Castellón/Castelló;OTROS QUEROSENOS;0
2023-04;Comunitat Valenciana;Castellón/Castelló;GLP;1249
2023-04;Comunitat Valenciana;Valencia/València;BIODIESEL;50
2023-04;Comunitat Valenciana;Valencia/València;GASÓLEO A;87912
2023-04;Comunitat Valenciana;Valencia/València;GASÓLEO B;8986
2023-04;Comunitat Valenciana;Valencia/València;GASÓLEO C;589
2023-04;Comunitat Valenciana;Valencia/València;OTROS GASOLEOS;5288
2023-04;Comunitat Valenciana;Valencia/València;BIOETANOL;0
2023-04;Comunitat Valenciana;Valencia/València;GASOLINA  AUTO. S/PB 95 I.O.;24690
2023-04;Comunitat Valenciana;Valencia/València;GASOLINA  AUTO. S/PB 98 I.O.;899
2023-04;Comunitat Valenciana;Valencia/València;OTRAS GASOLINAS;7
2023-04;Comunitat Valenciana;Valencia/València;FUELÓLEO  BIA;174
2023-04;Comunitat Valenciana;Valencia/València;OTROS FUELÓLEOS;22565
2023-04;Comunitat Valenciana;Valencia/València;QUEROSENO AVIACIÓN;13642
2023-04;Comunitat Valenciana;Valencia/València;OTROS QUEROSENOS;0
2023-04;Comunitat Valenciana;Valencia/València;GLP;3593
2023-04;Extremadura;Badajoz;BIODIESEL;0
2023-04;Extremadura;Badajoz;GASÓLEO A;35241
2023-04;Extremadura;Badajoz;GASÓLEO B;7073
2023-04;Extremadura;Badajoz;GASÓLEO C;186
2023-04;Extremadura;Badajoz;OTROS GASOLEOS;0
2023-04;Extremadura;Badajoz;BIOETANOL;0
2023-04;Extremadura;Badajoz;GASOLINA  AUTO. S/PB 95 I.O.;5647
2023-04;Extremadura;Badajoz;GASOLINA  AUTO. S/PB 98 I.O.;174
2023-04;Extremadura;Badajoz;OTRAS GASOLINAS;1
2023-04;Extremadura;Badajoz;FUELÓLEO  BIA;180
2023-04;Extremadura;Badajoz;OTROS FUELÓLEOS;0
2023-04;Extremadura;Badajoz;QUEROSENO AVIACIÓN;34
2023-04;Extremadura;Badajoz;OTROS QUEROSENOS;0
2023-04;Extremadura;Badajoz;GLP;1960
2023-04;Extremadura;Cáceres;BIODIESEL;0
2023-04;Extremadura;Cáceres;GASÓLEO A;17212
2023-04;Extremadura;Cáceres;GASÓLEO B;2848
2023-04;Extremadura;Cáceres;GASÓLEO C;274
2023-04;Extremadura;Cáceres;OTROS GASOLEOS;0
2023-04;Extremadura;Cáceres;BIOETANOL;0
2023-04;Extremadura;Cáceres;GASOLINA  AUTO. S/PB 95 I.O.;3875
2023-04;Extremadura;Cáceres;GASOLINA  AUTO. S/PB 98 I.O.;123
2023-04;Extremadura;Cáceres;OTRAS GASOLINAS;0
2023-04;Extremadura;Cáceres;FUELÓLEO  BIA;79
2023-04;Extremadura;Cáceres;OTROS FUELÓLEOS;0
2023-04;Extremadura;Cáceres;QUEROSENO AVIACIÓN;0
2023-04;Extremadura;Cáceres;OTROS QUEROSENOS;0
2023-04;Extremadura;Cáceres;GLP;1273
2023-04;Galicia;Coruña, A;BIODIESEL;0
2023-04;Galicia;Coruña, A;GASÓLEO A;43002
2023-04;Galicia;Coruña, A;GASÓLEO B;8421
2023-04;Galicia;Coruña, A;GASÓLEO C;3027
2023-04;Galicia;Coruña, A;OTROS GASOLEOS;3042
2023-04;Galicia;Coruña, A;BIOETANOL;9
2023-04;Galicia;Coruña, A;GASOLINA  AUTO. S/PB 95 I.O.;9553
2023-04;Galicia;Coruña, A;GASOLINA  AUTO. S/PB 98 I.O.;418
2023-04;Galicia;Coruña, A;OTRAS GASOLINAS;5
2023-04;Galicia;Coruña, A;FUELÓLEO  BIA;7631
2023-04;Galicia;Coruña, A;OTROS FUELÓLEOS;2735
2023-04;Galicia;Coruña, A;QUEROSENO AVIACIÓN;5031
2023-04;Galicia;Coruña, A;OTROS QUEROSENOS;0
2023-04;Galicia;Coruña, A;GLP;3084
2023-04;Galicia;Lugo;BIODIESEL;0
2023-04;Galicia;Lugo;GASÓLEO A;17020
2023-04;Galicia;Lugo;GASÓLEO B;5492
2023-04;Galicia;Lugo;GASÓLEO C;1849
2023-04;Galicia;Lugo;OTROS GASOLEOS;1693
2023-04;Galicia;Lugo;BIOETANOL;0
2023-04;Galicia;Lugo;GASOLINA  AUTO. S/PB 95 I.O.;2737
2023-04;Galicia;Lugo;GASOLINA  AUTO. S/PB 98 I.O.;135
2023-04;Galicia;Lugo;OTRAS GASOLINAS;0
2023-04;Galicia;Lugo;FUELÓLEO  BIA;723
2023-04;Galicia;Lugo;OTROS FUELÓLEOS;0
2023-04;Galicia;Lugo;QUEROSENO AVIACIÓN;0
2023-04;Galicia;Lugo;OTROS QUEROSENOS;0
2023-04;Galicia;Lugo;GLP;1165
2023-04;Galicia;Ourense;BIODIESEL;0
2023-04;Galicia;Ourense;GASÓLEO A;13745
2023-04;Galicia;Ourense;GASÓLEO B;2601
2023-04;Galicia;Ourense;GASÓLEO C;1837
2023-04;Galicia;Ourense;OTROS GASOLEOS;0
2023-04;Galicia;Ourense;BIOETANOL;0
2023-04;Galicia;Ourense;GASOLINA  AUTO. S/PB 95 I.O.;2660
2023-04;Galicia;Ourense;GASOLINA  AUTO. S/PB 98 I.O.;175
2023-04;Galicia;Ourense;OTRAS GASOLINAS;0
2023-04;Galicia;Ourense;FUELÓLEO  BIA;1444
2023-04;Galicia;Ourense;OTROS FUELÓLEOS;0
2023-04;Galicia;Ourense;QUEROSENO AVIACIÓN;9
2023-04;Galicia;Ourense;OTROS QUEROSENOS;0
2023-04;Galicia;Ourense;GLP;1083
2023-04;Galicia;Pontevedra;BIODIESEL;0
2023-04;Galicia;Pontevedra;GASÓLEO A;32781
2023-04;Galicia;Pontevedra;GASÓLEO B;4937
2023-04;Galicia;Pontevedra;GASÓLEO C;2471
2023-04;Galicia;Pontevedra;OTROS GASOLEOS;4280
2023-04;Galicia;Pontevedra;BIOETANOL;0
2023-04;Galicia;Pontevedra;GASOLINA  AUTO. S/PB 95 I.O.;7815
2023-04;Galicia;Pontevedra;GASOLINA  AUTO. S/PB 98 I.O.;409
2023-04;Galicia;Pontevedra;OTRAS GASOLINAS;2
2023-04;Galicia;Pontevedra;FUELÓLEO  BIA;999
2023-04;Galicia;Pontevedra;OTROS FUELÓLEOS;680
2023-04;Galicia;Pontevedra;QUEROSENO AVIACIÓN;543
2023-04;Galicia;Pontevedra;OTROS QUEROSENOS;0
2023-04;Galicia;Pontevedra;GLP;2624
2023-04;Madrid, Comunidad de;Madrid;BIODIESEL;0
2023-04;Madrid, Comunidad de;Madrid;GASÓLEO A;145801
2023-04;Madrid, Comunidad de;Madrid;GASÓLEO B;8519
2023-04;Madrid, Comunidad de;Madrid;GASÓLEO C;6129
2023-04;Madrid, Comunidad de;Madrid;OTROS GASOLEOS;0
2023-04;Madrid, Comunidad de;Madrid;BIOETANOL;0
2023-04;Madrid, Comunidad de;Madrid;GASOLINA  AUTO. S/PB 95 I.O.;59477
2023-04;Madrid, Comunidad de;Madrid;GASOLINA  AUTO. S/PB 98 I.O.;2354
2023-04;Madrid, Comunidad de;Madrid;OTRAS GASOLINAS;60
2023-04;Madrid, Comunidad de;Madrid;FUELÓLEO  BIA;261
2023-04;Madrid, Comunidad de;Madrid;OTROS FUELÓLEOS;25
2023-04;Madrid, Comunidad de;Madrid;QUEROSENO AVIACIÓN;186893
2023-04;Madrid, Comunidad de;Madrid;OTROS QUEROSENOS;0
2023-04;Madrid, Comunidad de;Madrid;GLP;6304
2023-04;Melilla;Melilla;BIODIESEL;0
2023-04;Melilla;Melilla;GASÓLEO A;874
2023-04;Melilla;Melilla;GASÓLEO B;0
2023-04;Melilla;Melilla;GASÓLEO C;0
2023-04;Melilla;Melilla;OTROS GASOLEOS;0
2023-04;Melilla;Melilla;BIOETANOL;0
2023-04;Melilla;Melilla;GASOLINA  AUTO. S/PB 95 I.O.;497
2023-04;Melilla;Melilla;GASOLINA  AUTO. S/PB 98 I.O.;0
2023-04;Melilla;Melilla;OTRAS GASOLINAS;0
2023-04;Melilla;Melilla;FUELÓLEO  BIA;4792
2023-04;Melilla;Melilla;OTROS FUELÓLEOS;0
2023-04;Melilla;Melilla;QUEROSENO AVIACIÓN;129
2023-04;Melilla;Melilla;OTROS QUEROSENOS;0
2023-04;Melilla;Melilla;GLP;175
2023-04;Murcia, Región de;Murcia;BIODIESEL;0
2023-04;Murcia, Región de;Murcia;GASÓLEO A;74229
2023-04;Murcia, Región de;Murcia;GASÓLEO B;10561
2023-04;Murcia, Región de;Murcia;GASÓLEO C;331
2023-04;Murcia, Región de;Murcia;OTROS GASOLEOS;1958
2023-04;Murcia, Región de;Murcia;BIOETANOL;0
2023-04;Murcia, Región de;Murcia;GASOLINA  AUTO. S/PB 95 I.O.;12491
2023-04;Murcia, Región de;Murcia;GASOLINA  AUTO. S/PB 98 I.O.;536
2023-04;Murcia, Región de;Murcia;OTRAS GASOLINAS;0
2023-04;Murcia, Región de;Murcia;FUELÓLEO  BIA;377
2023-04;Murcia, Región de;Murcia;OTROS FUELÓLEOS;51
2023-04;Murcia, Región de;Murcia;QUEROSENO AVIACIÓN;1814
2023-04;Murcia, Región de;Murcia;OTROS QUEROSENOS;0
2023-04;Murcia, Región de;Murcia;GLP;3072
2023-04;Navarra, Comunidad Foral de;Navarra;BIODIESEL;0
2023-04;Navarra, Comunidad Foral de;Navarra;GASÓLEO A;50543
2023-04;Navarra, Comunidad Foral de;Navarra;GASÓLEO B;5724
2023-04;Navarra, Comunidad Foral de;Navarra;GASÓLEO C;679
2023-04;Navarra, Comunidad Foral de;Navarra;OTROS GASOLEOS;0
2023-04;Navarra, Comunidad Foral de;Navarra;BIOETANOL;0
2023-04;Navarra, Comunidad Foral de;Navarra;GASOLINA  AUTO. S/PB 95 I.O.;6641
2023-04;Navarra, Comunidad Foral de;Navarra;GASOLINA  AUTO. S/PB 98 I.O.;250
2023-04;Navarra, Comunidad Foral de;Navarra;OTRAS GASOLINAS;3
2023-04;Navarra, Comunidad Foral de;Navarra;FUELÓLEO  BIA;287
2023-04;Navarra, Comunidad Foral de;Navarra;OTROS FUELÓLEOS;0
2023-04;Navarra, Comunidad Foral de;Navarra;QUEROSENO AVIACIÓN;124
2023-04;Navarra, Comunidad Foral de;Navarra;OTROS QUEROSENOS;1
2023-04;Navarra, Comunidad Foral de;Navarra;GLP;890
2023-04;País Vasco;Araba/Álava;BIODIESEL;0
2023-04;País Vasco;Araba/Álava;GASÓLEO A;32748
2023-04;País Vasco;Araba/Álava;GASÓLEO B;2445
2023-04;País Vasco;Araba/Álava;GASÓLEO C;430
2023-04;País Vasco;Araba/Álava;OTROS GASOLEOS;0
2023-04;País Vasco;Araba/Álava;BIOETANOL;0
2023-04;País Vasco;Araba/Álava;GASOLINA  AUTO. S/PB 95 I.O.;2924
2023-04;País Vasco;Araba/Álava;GASOLINA  AUTO. S/PB 98 I.O.;153
2023-04;País Vasco;Araba/Álava;OTRAS GASOLINAS;1
2023-04;País Vasco;Araba/Álava;FUELÓLEO  BIA;280
2023-04;País Vasco;Araba/Álava;OTROS FUELÓLEOS;0
2023-04;País Vasco;Araba/Álava;QUEROSENO AVIACIÓN;995
2023-04;País Vasco;Araba/Álava;OTROS QUEROSENOS;0
2023-04;País Vasco;Araba/Álava;GLP;364
2023-04;País Vasco;Bizkaia;BIODIESEL;4
2023-04;País Vasco;Bizkaia;GASÓLEO A;31987
2023-04;País Vasco;Bizkaia;GASÓLEO B;7798
2023-04;País Vasco;Bizkaia;GASÓLEO C;3292
2023-04;País Vasco;Bizkaia;OTROS GASOLEOS;911
2023-04;País Vasco;Bizkaia;BIOETANOL;0
2023-04;País Vasco;Bizkaia;GASOLINA  AUTO. S/PB 95 I.O.;8333
2023-04;País Vasco;Bizkaia;GASOLINA  AUTO. S/PB 98 I.O.;392
2023-04;País Vasco;Bizkaia;OTRAS GASOLINAS;2
2023-04;País Vasco;Bizkaia;FUELÓLEO  BIA;52
2023-04;País Vasco;Bizkaia;OTROS FUELÓLEOS;0
2023-04;País Vasco;Bizkaia;QUEROSENO AVIACIÓN;6435
2023-04;País Vasco;Bizkaia;OTROS QUEROSENOS;2
2023-04;País Vasco;Bizkaia;GLP;910
2023-04;País Vasco;Gipuzkoa;BIODIESEL;0
2023-04;País Vasco;Gipuzkoa;GASÓLEO A;60947
2023-04;País Vasco;Gipuzkoa;GASÓLEO B;1510
2023-04;País Vasco;Gipuzkoa;GASÓLEO C;283
2023-04;País Vasco;Gipuzkoa;OTROS GASOLEOS;950
2023-04;País Vasco;Gipuzkoa;BIOETANOL;0
2023-04;País Vasco;Gipuzkoa;GASOLINA  AUTO. S/PB 95 I.O.;6308
2023-04;País Vasco;Gipuzkoa;GASOLINA  AUTO. S/PB 98 I.O.;362
2023-04;País Vasco;Gipuzkoa;OTRAS GASOLINAS;2
2023-04;País Vasco;Gipuzkoa;FUELÓLEO  BIA;101
2023-04;País Vasco;Gipuzkoa;OTROS FUELÓLEOS;0
2023-04;País Vasco;Gipuzkoa;QUEROSENO AVIACIÓN;432
2023-04;País Vasco;Gipuzkoa;OTROS QUEROSENOS;0
2023-04;País Vasco;Gipuzkoa;GLP;963
2023-04;Rioja, La;Rioja, La;BIODIESEL;0
2023-04;Rioja, La;Rioja, La;GASÓLEO A;12484
2023-04;Rioja, La;Rioja, La;GASÓLEO B;2468
2023-04;Rioja, La;Rioja, La;GASÓLEO C;985
2023-04;Rioja, La;Rioja, La;OTROS GASOLEOS;0
2023-04;Rioja, La;Rioja, La;BIOETANOL;0
2023-04;Rioja, La;Rioja, La;GASOLINA  AUTO. S/PB 95 I.O.;2526
2023-04;Rioja, La;Rioja, La;GASOLINA  AUTO. S/PB 98 I.O.;95
2023-04;Rioja, La;Rioja, La;OTRAS GASOLINAS;0
2023-04;Rioja, La;Rioja, La;FUELÓLEO  BIA;78
2023-04;Rioja, La;Rioja, La;OTROS FUELÓLEOS;0
2023-04;Rioja, La;Rioja, La;QUEROSENO AVIACIÓN;2
2023-04;Rioja, La;Rioja, La;OTROS QUEROSENOS;0
2023-04;Rioja, La;Rioja, La;GLP;394
2023-05;Andalucía;Almería;BIODIESEL;0
2023-05;Andalucía;Almería;GASÓLEO A;32249
2023-05;Andalucía;Almería;GASÓLEO B;5688
2023-05;Andalucía;Almería;GASÓLEO C;125
2023-05;Andalucía;Almería;OTROS GASOLEOS;1757
2023-05;Andalucía;Almería;BIOETANOL;0
2023-05;Andalucía;Almería;GASOLINA  AUTO. S/PB 95 I.O.;5677
2023-05;Andalucía;Almería;GASOLINA  AUTO. S/PB 98 I.O.;252
2023-05;Andalucía;Almería;OTRAS GASOLINAS;1
2023-05;Andalucía;Almería;FUELÓLEO  BIA;215
2023-05;Andalucía;Almería;OTROS FUELÓLEOS;2210
2023-05;Andalucía;Almería;QUEROSENO AVIACIÓN;1175
2023-05;Andalucía;Almería;OTROS QUEROSENOS;0
2023-05;Andalucía;Almería;GLP;1665
2023-05;Andalucía;Cádiz;BIODIESEL;0
2023-05;Andalucía;Cádiz;GASÓLEO A;36342
2023-05;Andalucía;Cádiz;GASÓLEO B;7340
2023-05;Andalucía;Cádiz;GASÓLEO C;570
2023-05;Andalucía;Cádiz;OTROS GASOLEOS;91615
2023-05;Andalucía;Cádiz;BIOETANOL;0
2023-05;Andalucía;Cádiz;GASOLINA  AUTO. S/PB 95 I.O.;11468
2023-05;Andalucía;Cádiz;GASOLINA  AUTO. S/PB 98 I.O.;341
2023-05;Andalucía;Cádiz;OTRAS GASOLINAS;45
2023-05;Andalucía;Cádiz;FUELÓLEO  BIA;0
2023-05;Andalucía;Cádiz;OTROS FUELÓLEOS;247046
2023-05;Andalucía;Cádiz;QUEROSENO AVIACIÓN;1628
2023-05;Andalucía;Cádiz;OTROS QUEROSENOS;0
2023-05;Andalucía;Cádiz;GLP;3169
2023-05;Andalucía;Córdoba;BIODIESEL;0
2023-05;Andalucía;Córdoba;GASÓLEO A;30530
2023-05;Andalucía;Córdoba;GASÓLEO B;7574
2023-05;Andalucía;Córdoba;GASÓLEO C;381
2023-05;Andalucía;Córdoba;OTROS GASOLEOS;0
2023-05;Andalucía;Córdoba;BIOETANOL;0
2023-05;Andalucía;Córdoba;GASOLINA  AUTO. S/PB 95 I.O.;5064
2023-05;Andalucía;Córdoba;GASOLINA  AUTO. S/PB 98 I.O.;109
2023-05;Andalucía;Córdoba;OTRAS GASOLINAS;4
2023-05;Andalucía;Córdoba;FUELÓLEO  BIA;35
2023-05;Andalucía;Córdoba;OTROS FUELÓLEOS;0
2023-05;Andalucía;Córdoba;QUEROSENO AVIACIÓN;90
2023-05;Andalucía;Córdoba;OTROS QUEROSENOS;0
2023-05;Andalucía;Córdoba;GLP;1687
2023-05;Andalucía;Granada;BIODIESEL;0
2023-05;Andalucía;Granada;GASÓLEO A;35511
2023-05;Andalucía;Granada;GASÓLEO B;5554
2023-05;Andalucía;Granada;GASÓLEO C;674
2023-05;Andalucía;Granada;OTROS GASOLEOS;1023
2023-05;Andalucía;Granada;BIOETANOL;0
2023-05;Andalucía;Granada;GASOLINA  AUTO. S/PB 95 I.O.;8144
2023-05;Andalucía;Granada;GASOLINA  AUTO. S/PB 98 I.O.;297
2023-05;Andalucía;Granada;OTRAS GASOLINAS;2
2023-05;Andalucía;Granada;FUELÓLEO  BIA;127
2023-05;Andalucía;Granada;OTROS FUELÓLEOS;674
2023-05;Andalucía;Granada;QUEROSENO AVIACIÓN;870
2023-05;Andalucía;Granada;OTROS QUEROSENOS;0
2023-05;Andalucía;Granada;GLP;2453
2023-05;Andalucía;Huelva;BIODIESEL;0
2023-05;Andalucía;Huelva;GASÓLEO A;25312
2023-05;Andalucía;Huelva;GASÓLEO B;8790
2023-05;Andalucía;Huelva;GASÓLEO C;174
2023-05;Andalucía;Huelva;OTROS GASOLEOS;3933
2023-05;Andalucía;Huelva;BIOETANOL;0
2023-05;Andalucía;Huelva;GASOLINA  AUTO. S/PB 95 I.O.;4754
2023-05;Andalucía;Huelva;GASOLINA  AUTO. S/PB 98 I.O.;154
2023-05;Andalucía;Huelva;OTRAS GASOLINAS;0
2023-05;Andalucía;Huelva;FUELÓLEO  BIA;457
2023-05;Andalucía;Huelva;OTROS FUELÓLEOS;11148
2023-05;Andalucía;Huelva;QUEROSENO AVIACIÓN;1
2023-05;Andalucía;Huelva;OTROS QUEROSENOS;0
2023-05;Andalucía;Huelva;GLP;2017
2023-05;Andalucía;Jaén;BIODIESEL;0
2023-05;Andalucía;Jaén;GASÓLEO A;31948
2023-05;Andalucía;Jaén;GASÓLEO B;3778
2023-05;Andalucía;Jaén;GASÓLEO C;361
2023-05;Andalucía;Jaén;OTROS GASOLEOS;0
2023-05;Andalucía;Jaén;BIOETANOL;0
2023-05;Andalucía;Jaén;GASOLINA  AUTO. S/PB 95 I.O.;4426
2023-05;Andalucía;Jaén;GASOLINA  AUTO. S/PB 98 I.O.;141
2023-05;Andalucía;Jaén;OTRAS GASOLINAS;0
2023-05;Andalucía;Jaén;FUELÓLEO  BIA;0
2023-05;Andalucía;Jaén;OTROS FUELÓLEOS;0
2023-05;Andalucía;Jaén;QUEROSENO AVIACIÓN;0
2023-05;Andalucía;Jaén;OTROS QUEROSENOS;0
2023-05;Andalucía;Jaén;GLP;1359
2023-05;Andalucía;Málaga;BIODIESEL;0
2023-05;Andalucía;Málaga;GASÓLEO A;51911
2023-05;Andalucía;Málaga;GASÓLEO B;4826
2023-05;Andalucía;Málaga;GASÓLEO C;297
2023-05;Andalucía;Málaga;OTROS GASOLEOS;2109
2023-05;Andalucía;Málaga;BIOETANOL;0
2023-05;Andalucía;Málaga;GASOLINA  AUTO. S/PB 95 I.O.;18907
2023-05;Andalucía;Málaga;GASOLINA  AUTO. S/PB 98 I.O.;1133
2023-05;Andalucía;Málaga;OTRAS GASOLINAS;14
2023-05;Andalucía;Málaga;FUELÓLEO  BIA;27
2023-05;Andalucía;Málaga;OTROS FUELÓLEOS;1134
2023-05;Andalucía;Málaga;QUEROSENO AVIACIÓN;43753
2023-05;Andalucía;Málaga;OTROS QUEROSENOS;0
2023-05;Andalucía;Málaga;GLP;4506
2023-05;Andalucía;Sevilla;BIODIESEL;0
2023-05;Andalucía;Sevilla;GASÓLEO A;60111
2023-05;Andalucía;Sevilla;GASÓLEO B;8671
2023-05;Andalucía;Sevilla;GASÓLEO C;206
2023-05;Andalucía;Sevilla;OTROS GASOLEOS;816
2023-05;Andalucía;Sevilla;BIOETANOL;0
2023-05;Andalucía;Sevilla;GASOLINA  AUTO. S/PB 95 I.O.;16282
2023-05;Andalucía;Sevilla;GASOLINA  AUTO. S/PB 98 I.O.;305
2023-05;Andalucía;Sevilla;OTRAS GASOLINAS;10
2023-05;Andalucía;Sevilla;FUELÓLEO  BIA;424
2023-05;Andalucía;Sevilla;OTROS FUELÓLEOS;215
2023-05;Andalucía;Sevilla;QUEROSENO AVIACIÓN;11879
2023-05;Andalucía;Sevilla;OTROS QUEROSENOS;0
2023-05;Andalucía;Sevilla;GLP;3855
2023-05;Aragón;Huesca;BIODIESEL;0
2023-05;Aragón;Huesca;GASÓLEO A;15493
2023-05;Aragón;Huesca;GASÓLEO B;4786
2023-05;Aragón;Huesca;GASÓLEO C;402
2023-05;Aragón;Huesca;OTROS GASOLEOS;0
2023-05;Aragón;Huesca;BIOETANOL;0
2023-05;Aragón;Huesca;GASOLINA  AUTO. S/PB 95 I.O.;2997
2023-05;Aragón;Huesca;GASOLINA  AUTO. S/PB 98 I.O.;124
2023-05;Aragón;Huesca;OTRAS GASOLINAS;0
2023-05;Aragón;Huesca;FUELÓLEO  BIA;64
2023-05;Aragón;Huesca;OTROS FUELÓLEOS;0
2023-05;Aragón;Huesca;QUEROSENO AVIACIÓN;6
2023-05;Aragón;Huesca;OTROS QUEROSENOS;0
2023-05;Aragón;Huesca;GLP;851
2023-05;Aragón;Teruel;BIODIESEL;0
2023-05;Aragón;Teruel;GASÓLEO A;9432
2023-05;Aragón;Teruel;GASÓLEO B;3524
2023-05;Aragón;Teruel;GASÓLEO C;557
2023-05;Aragón;Teruel;OTROS GASOLEOS;0
2023-05;Aragón;Teruel;BIOETANOL;0
2023-05;Aragón;Teruel;GASOLINA  AUTO. S/PB 95 I.O.;1491
2023-05;Aragón;Teruel;GASOLINA  AUTO. S/PB 98 I.O.;99
2023-05;Aragón;Teruel;OTRAS GASOLINAS;0
2023-05;Aragón;Teruel;FUELÓLEO  BIA;114
2023-05;Aragón;Teruel;OTROS FUELÓLEOS;0
2023-05;Aragón;Teruel;QUEROSENO AVIACIÓN;42
2023-05;Aragón;Teruel;OTROS QUEROSENOS;0
2023-05;Aragón;Teruel;GLP;348
2023-05;Aragón;Zaragoza;BIODIESEL;121
2023-05;Aragón;Zaragoza;GASÓLEO A;44891
2023-05;Aragón;Zaragoza;GASÓLEO B;8617
2023-05;Aragón;Zaragoza;GASÓLEO C;1389
2023-05;Aragón;Zaragoza;OTROS GASOLEOS;17
2023-05;Aragón;Zaragoza;BIOETANOL;0
2023-05;Aragón;Zaragoza;GASOLINA  AUTO. S/PB 95 I.O.;8964
2023-05;Aragón;Zaragoza;GASOLINA  AUTO. S/PB 98 I.O.;313
2023-05;Aragón;Zaragoza;OTRAS GASOLINAS;2
2023-05;Aragón;Zaragoza;FUELÓLEO  BIA;183
2023-05;Aragón;Zaragoza;OTROS FUELÓLEOS;0
2023-05;Aragón;Zaragoza;QUEROSENO AVIACIÓN;4932
2023-05;Aragón;Zaragoza;OTROS QUEROSENOS;0
2023-05;Aragón;Zaragoza;GLP;1281
2023-05;Asturias, Principado de;Asturias;BIODIESEL;0
2023-05;Asturias, Principado de;Asturias;GASÓLEO A;34594
2023-05;Asturias, Principado de;Asturias;GASÓLEO B;5081
2023-05;Asturias, Principado de;Asturias;GASÓLEO C;1519
2023-05;Asturias, Principado de;Asturias;OTROS GASOLEOS;2900
2023-05;Asturias, Principado de;Asturias;BIOETANOL;0
2023-05;Asturias, Principado de;Asturias;GASOLINA  AUTO. S/PB 95 I.O.;8666
2023-05;Asturias, Principado de;Asturias;GASOLINA  AUTO. S/PB 98 I.O.;511
2023-05;Asturias, Principado de;Asturias;OTRAS GASOLINAS;1
2023-05;Asturias, Principado de;Asturias;FUELÓLEO  BIA;1980
2023-05;Asturias, Principado de;Asturias;OTROS FUELÓLEOS;242
2023-05;Asturias, Principado de;Asturias;QUEROSENO AVIACIÓN;1301
2023-05;Asturias, Principado de;Asturias;OTROS QUEROSENOS;0
2023-05;Asturias, Principado de;Asturias;GLP;1736
2023-05;Balears, Illes;Balears, Illes;BIODIESEL;7
2023-05;Balears, Illes;Balears, Illes;GASÓLEO A;33516
2023-05;Balears, Illes;Balears, Illes;GASÓLEO B;4326
2023-05;Balears, Illes;Balears, Illes;GASÓLEO C;12276
2023-05;Balears, Illes;Balears, Illes;OTROS GASOLEOS;3667
2023-05;Balears, Illes;Balears, Illes;BIOETANOL;0
2023-05;Balears, Illes;Balears, Illes;GASOLINA  AUTO. S/PB 95 I.O.;22462
2023-05;Balears, Illes;Balears, Illes;GASOLINA  AUTO. S/PB 98 I.O.;875
2023-05;Balears, Illes;Balears, Illes;OTRAS GASOLINAS;24
2023-05;Balears, Illes;Balears, Illes;FUELÓLEO  BIA;0
2023-05;Balears, Illes;Balears, Illes;OTROS FUELÓLEOS;0
2023-05;Balears, Illes;Balears, Illes;QUEROSENO AVIACIÓN;69001
2023-05;Balears, Illes;Balears, Illes;OTROS QUEROSENOS;0
2023-05;Balears, Illes;Balears, Illes;GLP;4289
2023-05;Canarias;Palmas, Las;BIODIESEL;0
2023-05;Canarias;Palmas, Las;GASÓLEO A;28116
2023-05;Canarias;Palmas, Las;GASÓLEO B;0
2023-05;Canarias;Palmas, Las;GASÓLEO C;0
2023-05;Canarias;Palmas, Las;OTROS GASOLEOS;115817
2023-05;Canarias;Palmas, Las;BIOETANOL;0
2023-05;Canarias;Palmas, Las;GASOLINA  AUTO. S/PB 95 I.O.;18933
2023-05;Canarias;Palmas, Las;GASOLINA  AUTO. S/PB 98 I.O.;3470
2023-05;Canarias;Palmas, Las;OTRAS GASOLINAS;3
2023-05;Canarias;Palmas, Las;FUELÓLEO  BIA;57192
2023-05;Canarias;Palmas, Las;OTROS FUELÓLEOS;55153
2023-05;Canarias;Palmas, Las;QUEROSENO AVIACIÓN;37795
2023-05;Canarias;Palmas, Las;OTROS QUEROSENOS;0
2023-05;Canarias;Palmas, Las;GLP;2869
2023-05;Canarias;Santa Cruz de Tenerife;BIODIESEL;0
2023-05;Canarias;Santa Cruz de Tenerife;GASÓLEO A;29437
2023-05;Canarias;Santa Cruz de Tenerife;GASÓLEO B;0
2023-05;Canarias;Santa Cruz de Tenerife;GASÓLEO C;0
2023-05;Canarias;Santa Cruz de Tenerife;OTROS GASOLEOS;49862
2023-05;Canarias;Santa Cruz de Tenerife;BIOETANOL;0
2023-05;Canarias;Santa Cruz de Tenerife;GASOLINA  AUTO. S/PB 95 I.O.;17414
2023-05;Canarias;Santa Cruz de Tenerife;GASOLINA  AUTO. S/PB 98 I.O.;5015
2023-05;Canarias;Santa Cruz de Tenerife;OTRAS GASOLINAS;1
2023-05;Canarias;Santa Cruz de Tenerife;FUELÓLEO  BIA;20716
2023-05;Canarias;Santa Cruz de Tenerife;OTROS FUELÓLEOS;22784
2023-05;Canarias;Santa Cruz de Tenerife;QUEROSENO AVIACIÓN;39826
2023-05;Canarias;Santa Cruz de Tenerife;OTROS QUEROSENOS;4
2023-05;Canarias;Santa Cruz de Tenerife;GLP;3611
2023-05;Cantabria;Cantabria;BIODIESEL;0
2023-05;Cantabria;Cantabria;GASÓLEO A;26331
2023-05;Cantabria;Cantabria;GASÓLEO B;3710
2023-05;Cantabria;Cantabria;GASÓLEO C;114
2023-05;Cantabria;Cantabria;OTROS GASOLEOS;1691
2023-05;Cantabria;Cantabria;BIOETANOL;0
2023-05;Cantabria;Cantabria;GASOLINA  AUTO. S/PB 95 I.O.;6139
2023-05;Cantabria;Cantabria;GASOLINA  AUTO. S/PB 98 I.O.;264
2023-05;Cantabria;Cantabria;OTRAS GASOLINAS;1
2023-05;Cantabria;Cantabria;FUELÓLEO  BIA;358
2023-05;Cantabria;Cantabria;OTROS FUELÓLEOS;0
2023-05;Cantabria;Cantabria;QUEROSENO AVIACIÓN;1061
2023-05;Cantabria;Cantabria;OTROS QUEROSENOS;0
2023-05;Cantabria;Cantabria;GLP;1105
2023-05;Castilla - La Mancha;Albacete;BIODIESEL;0
2023-05;Castilla - La Mancha;Albacete;GASÓLEO A;17350
2023-05;Castilla - La Mancha;Albacete;GASÓLEO B;4925
2023-05;Castilla - La Mancha;Albacete;GASÓLEO C;472
2023-05;Castilla - La Mancha;Albacete;OTROS GASOLEOS;0
2023-05;Castilla - La Mancha;Albacete;BIOETANOL;0
2023-05;Castilla - La Mancha;Albacete;GASOLINA  AUTO. S/PB 95 I.O.;3081
2023-05;Castilla - La Mancha;Albacete;GASOLINA  AUTO. S/PB 98 I.O.;122
2023-05;Castilla - La Mancha;Albacete;OTRAS GASOLINAS;0
2023-05;Castilla - La Mancha;Albacete;FUELÓLEO  BIA;24
2023-05;Castilla - La Mancha;Albacete;OTROS FUELÓLEOS;0
2023-05;Castilla - La Mancha;Albacete;QUEROSENO AVIACIÓN;31
2023-05;Castilla - La Mancha;Albacete;OTROS QUEROSENOS;0
2023-05;Castilla - La Mancha;Albacete;GLP;579
2023-05;Castilla - La Mancha;Ciudad Real;BIODIESEL;0
2023-05;Castilla - La Mancha;Ciudad Real;GASÓLEO A;26316
2023-05;Castilla - La Mancha;Ciudad Real;GASÓLEO B;6069
2023-05;Castilla - La Mancha;Ciudad Real;GASÓLEO C;356
2023-05;Castilla - La Mancha;Ciudad Real;OTROS GASOLEOS;0
2023-05;Castilla - La Mancha;Ciudad Real;BIOETANOL;0
2023-05;Castilla - La Mancha;Ciudad Real;GASOLINA  AUTO. S/PB 95 I.O.;3908
2023-05;Castilla - La Mancha;Ciudad Real;GASOLINA  AUTO. S/PB 98 I.O.;100
2023-05;Castilla - La Mancha;Ciudad Real;OTRAS GASOLINAS;0
2023-05;Castilla - La Mancha;Ciudad Real;FUELÓLEO  BIA;56
2023-05;Castilla - La Mancha;Ciudad Real;OTROS FUELÓLEOS;0
2023-05;Castilla - La Mancha;Ciudad Real;QUEROSENO AVIACIÓN;40
2023-05;Castilla - La Mancha;Ciudad Real;OTROS QUEROSENOS;0
2023-05;Castilla - La Mancha;Ciudad Real;GLP;759
2023-05;Castilla - La Mancha;Cuenca;BIODIESEL;0
2023-05;Castilla - La Mancha;Cuenca;GASÓLEO A;14529
2023-05;Castilla - La Mancha;Cuenca;GASÓLEO B;5118
2023-05;Castilla - La Mancha;Cuenca;GASÓLEO C;299
2023-05;Castilla - La Mancha;Cuenca;OTROS GASOLEOS;0
2023-05;Castilla - La Mancha;Cuenca;BIOETANOL;0
2023-05;Castilla - La Mancha;Cuenca;GASOLINA  AUTO. S/PB 95 I.O.;2481
2023-05;Castilla - La Mancha;Cuenca;GASOLINA  AUTO. S/PB 98 I.O.;77
2023-05;Castilla - La Mancha;Cuenca;OTRAS GASOLINAS;3
2023-05;Castilla - La Mancha;Cuenca;FUELÓLEO  BIA;75
2023-05;Castilla - La Mancha;Cuenca;OTROS FUELÓLEOS;0
2023-05;Castilla - La Mancha;Cuenca;QUEROSENO AVIACIÓN;44
2023-05;Castilla - La Mancha;Cuenca;OTROS QUEROSENOS;0
2023-05;Castilla - La Mancha;Cuenca;GLP;447
2023-05;Castilla - La Mancha;Guadalajara;BIODIESEL;0
2023-05;Castilla - La Mancha;Guadalajara;GASÓLEO A;12351
2023-05;Castilla - La Mancha;Guadalajara;GASÓLEO B;2785
2023-05;Castilla - La Mancha;Guadalajara;GASÓLEO C;737
2023-05;Castilla - La Mancha;Guadalajara;OTROS GASOLEOS;0
2023-05;Castilla - La Mancha;Guadalajara;BIOETANOL;0
2023-05;Castilla - La Mancha;Guadalajara;GASOLINA  AUTO. S/PB 95 I.O.;3122
2023-05;Castilla - La Mancha;Guadalajara;GASOLINA  AUTO. S/PB 98 I.O.;93
2023-05;Castilla - La Mancha;Guadalajara;OTRAS GASOLINAS;0
2023-05;Castilla - La Mancha;Guadalajara;FUELÓLEO  BIA;27
2023-05;Castilla - La Mancha;Guadalajara;OTROS FUELÓLEOS;0
2023-05;Castilla - La Mancha;Guadalajara;QUEROSENO AVIACIÓN;5
2023-05;Castilla - La Mancha;Guadalajara;OTROS QUEROSENOS;0
2023-05;Castilla - La Mancha;Guadalajara;GLP;294
2023-05;Castilla - La Mancha;Toledo;BIODIESEL;0
2023-05;Castilla - La Mancha;Toledo;GASÓLEO A;35873
2023-05;Castilla - La Mancha;Toledo;GASÓLEO B;7947
2023-05;Castilla - La Mancha;Toledo;GASÓLEO C;1464
2023-05;Castilla - La Mancha;Toledo;OTROS GASOLEOS;0
2023-05;Castilla - La Mancha;Toledo;BIOETANOL;0
2023-05;Castilla - La Mancha;Toledo;GASOLINA  AUTO. S/PB 95 I.O.;7107
2023-05;Castilla - La Mancha;Toledo;GASOLINA  AUTO. S/PB 98 I.O.;246
2023-05;Castilla - La Mancha;Toledo;OTRAS GASOLINAS;1
2023-05;Castilla - La Mancha;Toledo;FUELÓLEO  BIA;140
2023-05;Castilla - La Mancha;Toledo;OTROS FUELÓLEOS;0
2023-05;Castilla - La Mancha;Toledo;QUEROSENO AVIACIÓN;43
2023-05;Castilla - La Mancha;Toledo;OTROS QUEROSENOS;0
2023-05;Castilla - La Mancha;Toledo;GLP;1302
2023-05;Castilla y León;Ávila;BIODIESEL;0
2023-05;Castilla y León;Ávila;GASÓLEO A;6963
2023-05;Castilla y León;Ávila;GASÓLEO B;2342
2023-05;Castilla y León;Ávila;GASÓLEO C;332
2023-05;Castilla y León;Ávila;OTROS GASOLEOS;0
2023-05;Castilla y León;Ávila;BIOETANOL;0
2023-05;Castilla y León;Ávila;GASOLINA  AUTO. S/PB 95 I.O.;1726
2023-05;Castilla y León;Ávila;GASOLINA  AUTO. S/PB 98 I.O.;75
2023-05;Castilla y León;Ávila;OTRAS GASOLINAS;0
2023-05;Castilla y León;Ávila;FUELÓLEO  BIA;0
2023-05;Castilla y León;Ávila;OTROS FUELÓLEOS;0
2023-05;Castilla y León;Ávila;QUEROSENO AVIACIÓN;20
2023-05;Castilla y León;Ávila;OTROS QUEROSENOS;0
2023-05;Castilla y León;Ávila;GLP;424
2023-05;Castilla y León;Burgos;BIODIESEL;0
2023-05;Castilla y León;Burgos;GASÓLEO A;26782
2023-05;Castilla y León;Burgos;GASÓLEO B;5505
2023-05;Castilla y León;Burgos;GASÓLEO C;785
2023-05;Castilla y León;Burgos;OTROS GASOLEOS;0
2023-05;Castilla y León;Burgos;BIOETANOL;0
2023-05;Castilla y León;Burgos;GASOLINA  AUTO. S/PB 95 I.O.;4372
2023-05;Castilla y León;Burgos;GASOLINA  AUTO. S/PB 98 I.O.;193
2023-05;Castilla y León;Burgos;OTRAS GASOLINAS;23
2023-05;Castilla y León;Burgos;FUELÓLEO  BIA;417
2023-05;Castilla y León;Burgos;OTROS FUELÓLEOS;0
2023-05;Castilla y León;Burgos;QUEROSENO AVIACIÓN;16
2023-05;Castilla y León;Burgos;OTROS QUEROSENOS;0
2023-05;Castilla y León;Burgos;GLP;673
2023-05;Castilla y León;León;BIODIESEL;0
2023-05;Castilla y León;León;GASÓLEO A;22749
2023-05;Castilla y León;León;GASÓLEO B;6889
2023-05;Castilla y León;León;GASÓLEO C;1961
2023-05;Castilla y León;León;OTROS GASOLEOS;0
2023-05;Castilla y León;León;BIOETANOL;0
2023-05;Castilla y León;León;GASOLINA  AUTO. S/PB 95 I.O.;4709
2023-05;Castilla y León;León;GASOLINA  AUTO. S/PB 98 I.O.;237
2023-05;Castilla y León;León;OTRAS GASOLINAS;0
2023-05;Castilla y León;León;FUELÓLEO  BIA;179
2023-05;Castilla y León;León;OTROS FUELÓLEOS;0
2023-05;Castilla y León;León;QUEROSENO AVIACIÓN;84
2023-05;Castilla y León;León;OTROS QUEROSENOS;0
2023-05;Castilla y León;León;GLP;930
2023-05;Castilla y León;Palencia;BIODIESEL;0
2023-05;Castilla y León;Palencia;GASÓLEO A;13142
2023-05;Castilla y León;Palencia;GASÓLEO B;4209
2023-05;Castilla y León;Palencia;GASÓLEO C;447
2023-05;Castilla y León;Palencia;OTROS GASOLEOS;0
2023-05;Castilla y León;Palencia;BIOETANOL;0
2023-05;Castilla y León;Palencia;GASOLINA  AUTO. S/PB 95 I.O.;1642
2023-05;Castilla y León;Palencia;GASOLINA  AUTO. S/PB 98 I.O.;76
2023-05;Castilla y León;Palencia;OTRAS GASOLINAS;0
2023-05;Castilla y León;Palencia;FUELÓLEO  BIA;231
2023-05;Castilla y León;Palencia;OTROS FUELÓLEOS;0
2023-05;Castilla y León;Palencia;QUEROSENO AVIACIÓN;0
2023-05;Castilla y León;Palencia;OTROS QUEROSENOS;0
2023-05;Castilla y León;Palencia;GLP;273
2023-05;Castilla y León;Salamanca;BIODIESEL;0
2023-05;Castilla y León;Salamanca;GASÓLEO A;18913
2023-05;Castilla y León;Salamanca;GASÓLEO B;4312
2023-05;Castilla y León;Salamanca;GASÓLEO C;980
2023-05;Castilla y León;Salamanca;OTROS GASOLEOS;0
2023-05;Castilla y León;Salamanca;BIOETANOL;0
2023-05;Castilla y León;Salamanca;GASOLINA  AUTO. S/PB 95 I.O.;2820
2023-05;Castilla y León;Salamanca;GASOLINA  AUTO. S/PB 98 I.O.;128
2023-05;Castilla y León;Salamanca;OTRAS GASOLINAS;25
2023-05;Castilla y León;Salamanca;FUELÓLEO  BIA;27
2023-05;Castilla y León;Salamanca;OTROS FUELÓLEOS;0
2023-05;Castilla y León;Salamanca;QUEROSENO AVIACIÓN;36
2023-05;Castilla y León;Salamanca;OTROS QUEROSENOS;0
2023-05;Castilla y León;Salamanca;GLP;626
2023-05;Castilla y León;Segovia;BIODIESEL;0
2023-05;Castilla y León;Segovia;GASÓLEO A;8402
2023-05;Castilla y León;Segovia;GASÓLEO B;3069
2023-05;Castilla y León;Segovia;GASÓLEO C;691
2023-05;Castilla y León;Segovia;OTROS GASOLEOS;0
2023-05;Castilla y León;Segovia;BIOETANOL;0
2023-05;Castilla y León;Segovia;GASOLINA  AUTO. S/PB 95 I.O.;2058
2023-05;Castilla y León;Segovia;GASOLINA  AUTO. S/PB 98 I.O.;81
2023-05;Castilla y León;Segovia;OTRAS GASOLINAS;1
2023-05;Castilla y León;Segovia;FUELÓLEO  BIA;26
2023-05;Castilla y León;Segovia;OTROS FUELÓLEOS;0
2023-05;Castilla y León;Segovia;QUEROSENO AVIACIÓN;8
2023-05;Castilla y León;Segovia;OTROS QUEROSENOS;0
2023-05;Castilla y León;Segovia;GLP;603
2023-05;Castilla y León;Soria;BIODIESEL;0
2023-05;Castilla y León;Soria;GASÓLEO A;6473
2023-05;Castilla y León;Soria;GASÓLEO B;1954
2023-05;Castilla y León;Soria;GASÓLEO C;485
2023-05;Castilla y León;Soria;OTROS GASOLEOS;0
2023-05;Castilla y León;Soria;BIOETANOL;0
2023-05;Castilla y León;Soria;GASOLINA  AUTO. S/PB 95 I.O.;1020
2023-05;Castilla y León;Soria;GASOLINA  AUTO. S/PB 98 I.O.;48
2023-05;Castilla y León;Soria;OTRAS GASOLINAS;9
2023-05;Castilla y León;Soria;FUELÓLEO  BIA;78
2023-05;Castilla y León;Soria;OTROS FUELÓLEOS;0
2023-05;Castilla y León;Soria;QUEROSENO AVIACIÓN;0
2023-05;Castilla y León;Soria;OTROS QUEROSENOS;0
2023-05;Castilla y León;Soria;GLP;216
2023-05;Castilla y León;Valladolid;BIODIESEL;0
2023-05;Castilla y León;Valladolid;GASÓLEO A;23847
2023-05;Castilla y León;Valladolid;GASÓLEO B;6179
2023-05;Castilla y León;Valladolid;GASÓLEO C;1051
2023-05;Castilla y León;Valladolid;OTROS GASOLEOS;0
2023-05;Castilla y León;Valladolid;BIOETANOL;0
2023-05;Castilla y León;Valladolid;GASOLINA  AUTO. S/PB 95 I.O.;5181
2023-05;Castilla y León;Valladolid;GASOLINA  AUTO. S/PB 98 I.O.;212
2023-05;Castilla y León;Valladolid;OTRAS GASOLINAS;5
2023-05;Castilla y León;Valladolid;FUELÓLEO  BIA;202
2023-05;Castilla y León;Valladolid;OTROS FUELÓLEOS;0
2023-05;Castilla y León;Valladolid;QUEROSENO AVIACIÓN;357
2023-05;Castilla y León;Valladolid;OTROS QUEROSENOS;0
2023-05;Castilla y León;Valladolid;GLP;695
2023-05;Castilla y León;Zamora;BIODIESEL;0
2023-05;Castilla y León;Zamora;GASÓLEO A;17018
2023-05;Castilla y León;Zamora;GASÓLEO B;4273
2023-05;Castilla y León;Zamora;GASÓLEO C;183
2023-05;Castilla y León;Zamora;OTROS GASOLEOS;0
2023-05;Castilla y León;Zamora;BIOETANOL;0
2023-05;Castilla y León;Zamora;GASOLINA  AUTO. S/PB 95 I.O.;1812
2023-05;Castilla y León;Zamora;GASOLINA  AUTO. S/PB 98 I.O.;117
2023-05;Castilla y León;Zamora;OTRAS GASOLINAS;0
2023-05;Castilla y León;Zamora;FUELÓLEO  BIA;40
2023-05;Castilla y León;Zamora;OTROS FUELÓLEOS;0
2023-05;Castilla y León;Zamora;QUEROSENO AVIACIÓN;0
2023-05;Castilla y León;Zamora;OTROS QUEROSENOS;0
2023-05;Castilla y León;Zamora;GLP;390
2023-05;Cataluña;Barcelona;BIODIESEL;143
2023-05;Cataluña;Barcelona;GASÓLEO A;139720
2023-05;Cataluña;Barcelona;GASÓLEO B;16093
2023-05;Cataluña;Barcelona;GASÓLEO C;1818
2023-05;Cataluña;Barcelona;OTROS GASOLEOS;46269
2023-05;Cataluña;Barcelona;BIOETANOL;0
2023-05;Cataluña;Barcelona;GASOLINA  AUTO. S/PB 95 I.O.;55845
2023-05;Cataluña;Barcelona;GASOLINA  AUTO. S/PB 98 I.O.;2480
2023-05;Cataluña;Barcelona;OTRAS GASOLINAS;47
2023-05;Cataluña;Barcelona;FUELÓLEO  BIA;338
2023-05;Cataluña;Barcelona;OTROS FUELÓLEOS;83584
2023-05;Cataluña;Barcelona;QUEROSENO AVIACIÓN;92541
2023-05;Cataluña;Barcelona;OTROS QUEROSENOS;0
2023-05;Cataluña;Barcelona;GLP;4449
2023-05;Cataluña;Girona;BIODIESEL;26
2023-05;Cataluña;Girona;GASÓLEO A;104284
2023-05;Cataluña;Girona;GASÓLEO B;5094
2023-05;Cataluña;Girona;GASÓLEO C;1065
2023-05;Cataluña;Girona;OTROS GASOLEOS;697
2023-05;Cataluña;Girona;BIOETANOL;0
2023-05;Cataluña;Girona;GASOLINA  AUTO. S/PB 95 I.O.;14664
2023-05;Cataluña;Girona;GASOLINA  AUTO. S/PB 98 I.O.;890
2023-05;Cataluña;Girona;OTRAS GASOLINAS;1
2023-05;Cataluña;Girona;FUELÓLEO  BIA;144
2023-05;Cataluña;Girona;OTROS FUELÓLEOS;0
2023-05;Cataluña;Girona;QUEROSENO AVIACIÓN;1694
2023-05;Cataluña;Girona;OTROS QUEROSENOS;0
2023-05;Cataluña;Girona;GLP;2231
2023-05;Cataluña;Lleida;BIODIESEL;0
2023-05;Cataluña;Lleida;GASÓLEO A;24824
2023-05;Cataluña;Lleida;GASÓLEO B;4629
2023-05;Cataluña;Lleida;GASÓLEO C;283
2023-05;Cataluña;Lleida;OTROS GASOLEOS;0
2023-05;Cataluña;Lleida;BIOETANOL;0
2023-05;Cataluña;Lleida;GASOLINA  AUTO. S/PB 95 I.O.;4779
2023-05;Cataluña;Lleida;GASOLINA  AUTO. S/PB 98 I.O.;226
2023-05;Cataluña;Lleida;OTRAS GASOLINAS;17
2023-05;Cataluña;Lleida;FUELÓLEO  BIA;0
2023-05;Cataluña;Lleida;OTROS FUELÓLEOS;0
2023-05;Cataluña;Lleida;QUEROSENO AVIACIÓN;123
2023-05;Cataluña;Lleida;OTROS QUEROSENOS;0
2023-05;Cataluña;Lleida;GLP;1203
2023-05;Cataluña;Tarragona;BIODIESEL;0
2023-05;Cataluña;Tarragona;GASÓLEO A;43904
2023-05;Cataluña;Tarragona;GASÓLEO B;4598
2023-05;Cataluña;Tarragona;GASÓLEO C;289
2023-05;Cataluña;Tarragona;OTROS GASOLEOS;2215
2023-05;Cataluña;Tarragona;BIOETANOL;0
2023-05;Cataluña;Tarragona;GASOLINA  AUTO. S/PB 95 I.O.;12322
2023-05;Cataluña;Tarragona;GASOLINA  AUTO. S/PB 98 I.O.;507
2023-05;Cataluña;Tarragona;OTRAS GASOLINAS;9
2023-05;Cataluña;Tarragona;FUELÓLEO  BIA;104
2023-05;Cataluña;Tarragona;OTROS FUELÓLEOS;160
2023-05;Cataluña;Tarragona;QUEROSENO AVIACIÓN;1917
2023-05;Cataluña;Tarragona;OTROS QUEROSENOS;0
2023-05;Cataluña;Tarragona;GLP;3300
2023-05;Ceuta;Ceuta;BIODIESEL;0
2023-05;Ceuta;Ceuta;GASÓLEO A;1058
2023-05;Ceuta;Ceuta;GASÓLEO B;0
2023-05;Ceuta;Ceuta;GASÓLEO C;54
2023-05;Ceuta;Ceuta;OTROS GASOLEOS;6481
2023-05;Ceuta;Ceuta;BIOETANOL;0
2023-05;Ceuta;Ceuta;GASOLINA  AUTO. S/PB 95 I.O.;505
2023-05;Ceuta;Ceuta;GASOLINA  AUTO. S/PB 98 I.O.;44
2023-05;Ceuta;Ceuta;OTRAS GASOLINAS;0
2023-05;Ceuta;Ceuta;FUELÓLEO  BIA;2299
2023-05;Ceuta;Ceuta;OTROS FUELÓLEOS;6350
2023-05;Ceuta;Ceuta;QUEROSENO AVIACIÓN;54
2023-05;Ceuta;Ceuta;OTROS QUEROSENOS;0
2023-05;Ceuta;Ceuta;GLP;200
2023-05;Comunitat Valenciana;Alicante/Alacant;BIODIESEL;26
2023-05;Comunitat Valenciana;Alicante/Alacant;GASÓLEO A;54906
2023-05;Comunitat Valenciana;Alicante/Alacant;GASÓLEO B;5107
2023-05;Comunitat Valenciana;Alicante/Alacant;GASÓLEO C;1003
2023-05;Comunitat Valenciana;Alicante/Alacant;OTROS GASOLEOS;2274
2023-05;Comunitat Valenciana;Alicante/Alacant;BIOETANOL;0
2023-05;Comunitat Valenciana;Alicante/Alacant;GASOLINA  AUTO. S/PB 95 I.O.;21996
2023-05;Comunitat Valenciana;Alicante/Alacant;GASOLINA  AUTO. S/PB 98 I.O.;883
2023-05;Comunitat Valenciana;Alicante/Alacant;OTRAS GASOLINAS;16
2023-05;Comunitat Valenciana;Alicante/Alacant;FUELÓLEO  BIA;43
2023-05;Comunitat Valenciana;Alicante/Alacant;OTROS FUELÓLEOS;0
2023-05;Comunitat Valenciana;Alicante/Alacant;QUEROSENO AVIACIÓN;26471
2023-05;Comunitat Valenciana;Alicante/Alacant;OTROS QUEROSENOS;14
2023-05;Comunitat Valenciana;Alicante/Alacant;GLP;4616
2023-05;Comunitat Valenciana;Castellón/Castelló;BIODIESEL;0
2023-05;Comunitat Valenciana;Castellón/Castelló;GASÓLEO A;22447
2023-05;Comunitat Valenciana;Castellón/Castelló;GASÓLEO B;2316
2023-05;Comunitat Valenciana;Castellón/Castelló;GASÓLEO C;211
2023-05;Comunitat Valenciana;Castellón/Castelló;OTROS GASOLEOS;10866
2023-05;Comunitat Valenciana;Castellón/Castelló;BIOETANOL;0
2023-05;Comunitat Valenciana;Castellón/Castelló;GASOLINA  AUTO. S/PB 95 I.O.;6627
2023-05;Comunitat Valenciana;Castellón/Castelló;GASOLINA  AUTO. S/PB 98 I.O.;297
2023-05;Comunitat Valenciana;Castellón/Castelló;OTRAS GASOLINAS;18
2023-05;Comunitat Valenciana;Castellón/Castelló;FUELÓLEO  BIA;0
2023-05;Comunitat Valenciana;Castellón/Castelló;OTROS FUELÓLEOS;126
2023-05;Comunitat Valenciana;Castellón/Castelló;QUEROSENO AVIACIÓN;357
2023-05;Comunitat Valenciana;Castellón/Castelló;OTROS QUEROSENOS;0
2023-05;Comunitat Valenciana;Castellón/Castelló;GLP;1243
2023-05;Comunitat Valenciana;Valencia/València;BIODIESEL;50
2023-05;Comunitat Valenciana;Valencia/València;GASÓLEO A;97637
2023-05;Comunitat Valenciana;Valencia/València;GASÓLEO B;9673
2023-05;Comunitat Valenciana;Valencia/València;GASÓLEO C;526
2023-05;Comunitat Valenciana;Valencia/València;OTROS GASOLEOS;5153
2023-05;Comunitat Valenciana;Valencia/València;BIOETANOL;0
2023-05;Comunitat Valenciana;Valencia/València;GASOLINA  AUTO. S/PB 95 I.O.;25803
2023-05;Comunitat Valenciana;Valencia/València;GASOLINA  AUTO. S/PB 98 I.O.;963
2023-05;Comunitat Valenciana;Valencia/València;OTRAS GASOLINAS;7
2023-05;Comunitat Valenciana;Valencia/València;FUELÓLEO  BIA;118
2023-05;Comunitat Valenciana;Valencia/València;OTROS FUELÓLEOS;24977
2023-05;Comunitat Valenciana;Valencia/València;QUEROSENO AVIACIÓN;14264
2023-05;Comunitat Valenciana;Valencia/València;OTROS QUEROSENOS;0
2023-05;Comunitat Valenciana;Valencia/València;GLP;3683
2023-05;Extremadura;Badajoz;BIODIESEL;0
2023-05;Extremadura;Badajoz;GASÓLEO A;37276
2023-05;Extremadura;Badajoz;GASÓLEO B;7670
2023-05;Extremadura;Badajoz;GASÓLEO C;124
2023-05;Extremadura;Badajoz;OTROS GASOLEOS;0
2023-05;Extremadura;Badajoz;BIOETANOL;0
2023-05;Extremadura;Badajoz;GASOLINA  AUTO. S/PB 95 I.O.;5283
2023-05;Extremadura;Badajoz;GASOLINA  AUTO. S/PB 98 I.O.;143
2023-05;Extremadura;Badajoz;OTRAS GASOLINAS;1
2023-05;Extremadura;Badajoz;FUELÓLEO  BIA;287
2023-05;Extremadura;Badajoz;OTROS FUELÓLEOS;0
2023-05;Extremadura;Badajoz;QUEROSENO AVIACIÓN;54
2023-05;Extremadura;Badajoz;OTROS QUEROSENOS;0
2023-05;Extremadura;Badajoz;GLP;1761
2023-05;Extremadura;Cáceres;BIODIESEL;0
2023-05;Extremadura;Cáceres;GASÓLEO A;19537
2023-05;Extremadura;Cáceres;GASÓLEO B;3007
2023-05;Extremadura;Cáceres;GASÓLEO C;165
2023-05;Extremadura;Cáceres;OTROS GASOLEOS;0
2023-05;Extremadura;Cáceres;BIOETANOL;0
2023-05;Extremadura;Cáceres;GASOLINA  AUTO. S/PB 95 I.O.;3572
2023-05;Extremadura;Cáceres;GASOLINA  AUTO. S/PB 98 I.O.;118
2023-05;Extremadura;Cáceres;OTRAS GASOLINAS;0
2023-05;Extremadura;Cáceres;FUELÓLEO  BIA;159
2023-05;Extremadura;Cáceres;OTROS FUELÓLEOS;0
2023-05;Extremadura;Cáceres;QUEROSENO AVIACIÓN;60
2023-05;Extremadura;Cáceres;OTROS QUEROSENOS;0
2023-05;Extremadura;Cáceres;GLP;1190
2023-05;Galicia;Coruña, A;BIODIESEL;0
2023-05;Galicia;Coruña, A;GASÓLEO A;38583
2023-05;Galicia;Coruña, A;GASÓLEO B;9817
2023-05;Galicia;Coruña, A;GASÓLEO C;2298
2023-05;Galicia;Coruña, A;OTROS GASOLEOS;4043
2023-05;Galicia;Coruña, A;BIOETANOL;0
2023-05;Galicia;Coruña, A;GASOLINA  AUTO. S/PB 95 I.O.;9520
2023-05;Galicia;Coruña, A;GASOLINA  AUTO. S/PB 98 I.O.;410
2023-05;Galicia;Coruña, A;OTRAS GASOLINAS;6
2023-05;Galicia;Coruña, A;FUELÓLEO  BIA;8124
2023-05;Galicia;Coruña, A;OTROS FUELÓLEOS;2527
2023-05;Galicia;Coruña, A;QUEROSENO AVIACIÓN;5214
2023-05;Galicia;Coruña, A;OTROS QUEROSENOS;0
2023-05;Galicia;Coruña, A;GLP;3054
2023-05;Galicia;Lugo;BIODIESEL;0
2023-05;Galicia;Lugo;GASÓLEO A;18889
2023-05;Galicia;Lugo;GASÓLEO B;7358
2023-05;Galicia;Lugo;GASÓLEO C;1211
2023-05;Galicia;Lugo;OTROS GASOLEOS;1611
2023-05;Galicia;Lugo;BIOETANOL;0
2023-05;Galicia;Lugo;GASOLINA  AUTO. S/PB 95 I.O.;2702
2023-05;Galicia;Lugo;GASOLINA  AUTO. S/PB 98 I.O.;107
2023-05;Galicia;Lugo;OTRAS GASOLINAS;0
2023-05;Galicia;Lugo;FUELÓLEO  BIA;665
2023-05;Galicia;Lugo;OTROS FUELÓLEOS;0
2023-05;Galicia;Lugo;QUEROSENO AVIACIÓN;8
2023-05;Galicia;Lugo;OTROS QUEROSENOS;0
2023-05;Galicia;Lugo;GLP;1148
2023-05;Galicia;Ourense;BIODIESEL;0
2023-05;Galicia;Ourense;GASÓLEO A;13918
2023-05;Galicia;Ourense;GASÓLEO B;3000
2023-05;Galicia;Ourense;GASÓLEO C;1506
2023-05;Galicia;Ourense;OTROS GASOLEOS;0
2023-05;Galicia;Ourense;BIOETANOL;0
2023-05;Galicia;Ourense;GASOLINA  AUTO. S/PB 95 I.O.;2567
2023-05;Galicia;Ourense;GASOLINA  AUTO. S/PB 98 I.O.;155
2023-05;Galicia;Ourense;OTRAS GASOLINAS;0
2023-05;Galicia;Ourense;FUELÓLEO  BIA;1204
2023-05;Galicia;Ourense;OTROS FUELÓLEOS;0
2023-05;Galicia;Ourense;QUEROSENO AVIACIÓN;0
2023-05;Galicia;Ourense;OTROS QUEROSENOS;0
2023-05;Galicia;Ourense;GLP;873
2023-05;Galicia;Pontevedra;BIODIESEL;0
2023-05;Galicia;Pontevedra;GASÓLEO A;43044
2023-05;Galicia;Pontevedra;GASÓLEO B;5474
2023-05;Galicia;Pontevedra;GASÓLEO C;1975
2023-05;Galicia;Pontevedra;OTROS GASOLEOS;10819
2023-05;Galicia;Pontevedra;BIOETANOL;0
2023-05;Galicia;Pontevedra;GASOLINA  AUTO. S/PB 95 I.O.;8224
2023-05;Galicia;Pontevedra;GASOLINA  AUTO. S/PB 98 I.O.;407
2023-05;Galicia;Pontevedra;OTRAS GASOLINAS;1
2023-05;Galicia;Pontevedra;FUELÓLEO  BIA;648
2023-05;Galicia;Pontevedra;OTROS FUELÓLEOS;355
2023-05;Galicia;Pontevedra;QUEROSENO AVIACIÓN;530
2023-05;Galicia;Pontevedra;OTROS QUEROSENOS;0
2023-05;Galicia;Pontevedra;GLP;2584
2023-05;Madrid, Comunidad de;Madrid;BIODIESEL;0
2023-05;Madrid, Comunidad de;Madrid;GASÓLEO A;154674
2023-05;Madrid, Comunidad de;Madrid;GASÓLEO B;8484
2023-05;Madrid, Comunidad de;Madrid;GASÓLEO C;4491
2023-05;Madrid, Comunidad de;Madrid;OTROS GASOLEOS;13
2023-05;Madrid, Comunidad de;Madrid;BIOETANOL;0
2023-05;Madrid, Comunidad de;Madrid;GASOLINA  AUTO. S/PB 95 I.O.;62156
2023-05;Madrid, Comunidad de;Madrid;GASOLINA  AUTO. S/PB 98 I.O.;2213
2023-05;Madrid, Comunidad de;Madrid;OTRAS GASOLINAS;60
2023-05;Madrid, Comunidad de;Madrid;FUELÓLEO  BIA;415
2023-05;Madrid, Comunidad de;Madrid;OTROS FUELÓLEOS;52
2023-05;Madrid, Comunidad de;Madrid;QUEROSENO AVIACIÓN;198375
2023-05;Madrid, Comunidad de;Madrid;OTROS QUEROSENOS;0
2023-05;Madrid, Comunidad de;Madrid;GLP;6321
2023-05;Melilla;Melilla;BIODIESEL;0
2023-05;Melilla;Melilla;GASÓLEO A;1127
2023-05;Melilla;Melilla;GASÓLEO B;0
2023-05;Melilla;Melilla;GASÓLEO C;0
2023-05;Melilla;Melilla;OTROS GASOLEOS;0
2023-05;Melilla;Melilla;BIOETANOL;0
2023-05;Melilla;Melilla;GASOLINA  AUTO. S/PB 95 I.O.;594
2023-05;Melilla;Melilla;GASOLINA  AUTO. S/PB 98 I.O.;0
2023-05;Melilla;Melilla;OTRAS GASOLINAS;0
2023-05;Melilla;Melilla;FUELÓLEO  BIA;2493
2023-05;Melilla;Melilla;OTROS FUELÓLEOS;0
2023-05;Melilla;Melilla;QUEROSENO AVIACIÓN;108
2023-05;Melilla;Melilla;OTROS QUEROSENOS;0
2023-05;Melilla;Melilla;GLP;185
2023-05;Murcia, Región de;Murcia;BIODIESEL;0
2023-05;Murcia, Región de;Murcia;GASÓLEO A;81132
2023-05;Murcia, Región de;Murcia;GASÓLEO B;10870
2023-05;Murcia, Región de;Murcia;GASÓLEO C;348
2023-05;Murcia, Región de;Murcia;OTROS GASOLEOS;1734
2023-05;Murcia, Región de;Murcia;BIOETANOL;17
2023-05;Murcia, Región de;Murcia;GASOLINA  AUTO. S/PB 95 I.O.;12892
2023-05;Murcia, Región de;Murcia;GASOLINA  AUTO. S/PB 98 I.O.;532
2023-05;Murcia, Región de;Murcia;OTRAS GASOLINAS;0
2023-05;Murcia, Región de;Murcia;FUELÓLEO  BIA;422
2023-05;Murcia, Región de;Murcia;OTROS FUELÓLEOS;125
2023-05;Murcia, Región de;Murcia;QUEROSENO AVIACIÓN;1837
2023-05;Murcia, Región de;Murcia;OTROS QUEROSENOS;0
2023-05;Murcia, Región de;Murcia;GLP;3208
2023-05;Navarra, Comunidad Foral de;Navarra;BIODIESEL;51
2023-05;Navarra, Comunidad Foral de;Navarra;GASÓLEO A;55177
2023-05;Navarra, Comunidad Foral de;Navarra;GASÓLEO B;6185
2023-05;Navarra, Comunidad Foral de;Navarra;GASÓLEO C;429
2023-05;Navarra, Comunidad Foral de;Navarra;OTROS GASOLEOS;0
2023-05;Navarra, Comunidad Foral de;Navarra;BIOETANOL;0
2023-05;Navarra, Comunidad Foral de;Navarra;GASOLINA  AUTO. S/PB 95 I.O.;7052
2023-05;Navarra, Comunidad Foral de;Navarra;GASOLINA  AUTO. S/PB 98 I.O.;226
2023-05;Navarra, Comunidad Foral de;Navarra;OTRAS GASOLINAS;2
2023-05;Navarra, Comunidad Foral de;Navarra;FUELÓLEO  BIA;269
2023-05;Navarra, Comunidad Foral de;Navarra;OTROS FUELÓLEOS;0
2023-05;Navarra, Comunidad Foral de;Navarra;QUEROSENO AVIACIÓN;114
2023-05;Navarra, Comunidad Foral de;Navarra;OTROS QUEROSENOS;0
2023-05;Navarra, Comunidad Foral de;Navarra;GLP;921
2023-05;País Vasco;Araba/Álava;BIODIESEL;0
2023-05;País Vasco;Araba/Álava;GASÓLEO A;38166
2023-05;País Vasco;Araba/Álava;GASÓLEO B;2853
2023-05;País Vasco;Araba/Álava;GASÓLEO C;301
2023-05;País Vasco;Araba/Álava;OTROS GASOLEOS;0
2023-05;País Vasco;Araba/Álava;BIOETANOL;0
2023-05;País Vasco;Araba/Álava;GASOLINA  AUTO. S/PB 95 I.O.;3092
2023-05;País Vasco;Araba/Álava;GASOLINA  AUTO. S/PB 98 I.O.;132
2023-05;País Vasco;Araba/Álava;OTRAS GASOLINAS;1
2023-05;País Vasco;Araba/Álava;FUELÓLEO  BIA;283
2023-05;País Vasco;Araba/Álava;OTROS FUELÓLEOS;0
2023-05;País Vasco;Araba/Álava;QUEROSENO AVIACIÓN;1123
2023-05;País Vasco;Araba/Álava;OTROS QUEROSENOS;0
2023-05;País Vasco;Araba/Álava;GLP;1939
2023-05;País Vasco;Bizkaia;BIODIESEL;7
2023-05;País Vasco;Bizkaia;GASÓLEO A;39060
2023-05;País Vasco;Bizkaia;GASÓLEO B;9877
2023-05;País Vasco;Bizkaia;GASÓLEO C;2217
2023-05;País Vasco;Bizkaia;OTROS GASOLEOS;1393
2023-05;País Vasco;Bizkaia;BIOETANOL;0
2023-05;País Vasco;Bizkaia;GASOLINA  AUTO. S/PB 95 I.O.;9405
2023-05;País Vasco;Bizkaia;GASOLINA  AUTO. S/PB 98 I.O.;359
2023-05;País Vasco;Bizkaia;OTRAS GASOLINAS;1
2023-05;País Vasco;Bizkaia;FUELÓLEO  BIA;51
2023-05;País Vasco;Bizkaia;OTROS FUELÓLEOS;0
2023-05;País Vasco;Bizkaia;QUEROSENO AVIACIÓN;6713
2023-05;País Vasco;Bizkaia;OTROS QUEROSENOS;2
2023-05;País Vasco;Bizkaia;GLP;813
2023-05;País Vasco;Gipuzkoa;BIODIESEL;0
2023-05;País Vasco;Gipuzkoa;GASÓLEO A;65395
2023-05;País Vasco;Gipuzkoa;GASÓLEO B;4319
2023-05;País Vasco;Gipuzkoa;GASÓLEO C;222
2023-05;País Vasco;Gipuzkoa;OTROS GASOLEOS;601
2023-05;País Vasco;Gipuzkoa;BIOETANOL;0
2023-05;País Vasco;Gipuzkoa;GASOLINA  AUTO. S/PB 95 I.O.;6853
2023-05;País Vasco;Gipuzkoa;GASOLINA  AUTO. S/PB 98 I.O.;381
2023-05;País Vasco;Gipuzkoa;OTRAS GASOLINAS;1
2023-05;País Vasco;Gipuzkoa;FUELÓLEO  BIA;226
2023-05;País Vasco;Gipuzkoa;OTROS FUELÓLEOS;0
2023-05;País Vasco;Gipuzkoa;QUEROSENO AVIACIÓN;504
2023-05;País Vasco;Gipuzkoa;OTROS QUEROSENOS;0
2023-05;País Vasco;Gipuzkoa;GLP;892
2023-05;Rioja, La;Rioja, La;BIODIESEL;0
2023-05;Rioja, La;Rioja, La;GASÓLEO A;14490
2023-05;Rioja, La;Rioja, La;GASÓLEO B;2733
2023-05;Rioja, La;Rioja, La;GASÓLEO C;647
2023-05;Rioja, La;Rioja, La;OTROS GASOLEOS;0
2023-05;Rioja, La;Rioja, La;BIOETANOL;0
2023-05;Rioja, La;Rioja, La;GASOLINA  AUTO. S/PB 95 I.O.;2607
2023-05;Rioja, La;Rioja, La;GASOLINA  AUTO. S/PB 98 I.O.;94
2023-05;Rioja, La;Rioja, La;OTRAS GASOLINAS;0
2023-05;Rioja, La;Rioja, La;FUELÓLEO  BIA;117
2023-05;Rioja, La;Rioja, La;OTROS FUELÓLEOS;0
2023-05;Rioja, La;Rioja, La;QUEROSENO AVIACIÓN;15
2023-05;Rioja, La;Rioja, La;OTROS QUEROSENOS;0
2023-05;Rioja, La;Rioja, La;GLP;432
2023-06;Andalucía;Almería;BIODIESEL;0
2023-06;Andalucía;Almería;GASÓLEO A;28960
2023-06;Andalucía;Almería;GASÓLEO B;5994
2023-06;Andalucía;Almería;GASÓLEO C;58
2023-06;Andalucía;Almería;OTROS GASOLEOS;1857
2023-06;Andalucía;Almería;BIOETANOL;0
2023-06;Andalucía;Almería;GASOLINA  AUTO. S/PB 95 I.O.;5899
2023-06;Andalucía;Almería;GASOLINA  AUTO. S/PB 98 I.O.;280
2023-06;Andalucía;Almería;OTRAS GASOLINAS;2
2023-06;Andalucía;Almería;FUELÓLEO  BIA;105
2023-06;Andalucía;Almería;OTROS FUELÓLEOS;2937
2023-06;Andalucía;Almería;QUEROSENO AVIACIÓN;1134
2023-06;Andalucía;Almería;OTROS QUEROSENOS;0
2023-06;Andalucía;Almería;GLP;1596
2023-06;Andalucía;Cádiz;BIODIESEL;0
2023-06;Andalucía;Cádiz;GASÓLEO A;34082
2023-06;Andalucía;Cádiz;GASÓLEO B;7215
2023-06;Andalucía;Cádiz;GASÓLEO C;412
2023-06;Andalucía;Cádiz;OTROS GASOLEOS;64495
2023-06;Andalucía;Cádiz;BIOETANOL;0
2023-06;Andalucía;Cádiz;GASOLINA  AUTO. S/PB 95 I.O.;11250
2023-06;Andalucía;Cádiz;GASOLINA  AUTO. S/PB 98 I.O.;316
2023-06;Andalucía;Cádiz;OTRAS GASOLINAS;37
2023-06;Andalucía;Cádiz;FUELÓLEO  BIA;0
2023-06;Andalucía;Cádiz;OTROS FUELÓLEOS;239359
2023-06;Andalucía;Cádiz;QUEROSENO AVIACIÓN;1679
2023-06;Andalucía;Cádiz;OTROS QUEROSENOS;0
2023-06;Andalucía;Cádiz;GLP;2722
2023-06;Andalucía;Córdoba;BIODIESEL;0
2023-06;Andalucía;Córdoba;GASÓLEO A;50906
2023-06;Andalucía;Córdoba;GASÓLEO B;8170
2023-06;Andalucía;Córdoba;GASÓLEO C;336
2023-06;Andalucía;Córdoba;OTROS GASOLEOS;0
2023-06;Andalucía;Córdoba;BIOETANOL;0
2023-06;Andalucía;Córdoba;GASOLINA  AUTO. S/PB 95 I.O.;4989
2023-06;Andalucía;Córdoba;GASOLINA  AUTO. S/PB 98 I.O.;116
2023-06;Andalucía;Córdoba;OTRAS GASOLINAS;6
2023-06;Andalucía;Córdoba;FUELÓLEO  BIA;25
2023-06;Andalucía;Córdoba;OTROS FUELÓLEOS;0
2023-06;Andalucía;Córdoba;QUEROSENO AVIACIÓN;160
2023-06;Andalucía;Córdoba;OTROS QUEROSENOS;0
2023-06;Andalucía;Córdoba;GLP;1468
2023-06;Andalucía;Granada;BIODIESEL;0
2023-06;Andalucía;Granada;GASÓLEO A;34153
2023-06;Andalucía;Granada;GASÓLEO B;5063
2023-06;Andalucía;Granada;GASÓLEO C;752
2023-06;Andalucía;Granada;OTROS GASOLEOS;301
2023-06;Andalucía;Granada;BIOETANOL;0
2023-06;Andalucía;Granada;GASOLINA  AUTO. S/PB 95 I.O.;9824
2023-06;Andalucía;Granada;GASOLINA  AUTO. S/PB 98 I.O.;348
2023-06;Andalucía;Granada;OTRAS GASOLINAS;2
2023-06;Andalucía;Granada;FUELÓLEO  BIA;154
2023-06;Andalucía;Granada;OTROS FUELÓLEOS;918
2023-06;Andalucía;Granada;QUEROSENO AVIACIÓN;737
2023-06;Andalucía;Granada;OTROS QUEROSENOS;0
2023-06;Andalucía;Granada;GLP;2272
2023-06;Andalucía;Huelva;BIODIESEL;0
2023-06;Andalucía;Huelva;GASÓLEO A;26461
2023-06;Andalucía;Huelva;GASÓLEO B;9098
2023-06;Andalucía;Huelva;GASÓLEO C;159
2023-06;Andalucía;Huelva;OTROS GASOLEOS;2523
2023-06;Andalucía;Huelva;BIOETANOL;0
2023-06;Andalucía;Huelva;GASOLINA  AUTO. S/PB 95 I.O.;4908
2023-06;Andalucía;Huelva;GASOLINA  AUTO. S/PB 98 I.O.;153
2023-06;Andalucía;Huelva;OTRAS GASOLINAS;0
2023-06;Andalucía;Huelva;FUELÓLEO  BIA;408
2023-06;Andalucía;Huelva;OTROS FUELÓLEOS;9036
2023-06;Andalucía;Huelva;QUEROSENO AVIACIÓN;0
2023-06;Andalucía;Huelva;OTROS QUEROSENOS;0
2023-06;Andalucía;Huelva;GLP;1704
2023-06;Andalucía;Jaén;BIODIESEL;0
2023-06;Andalucía;Jaén;GASÓLEO A;25549
2023-06;Andalucía;Jaén;GASÓLEO B;3261
2023-06;Andalucía;Jaén;GASÓLEO C;207
2023-06;Andalucía;Jaén;OTROS GASOLEOS;0
2023-06;Andalucía;Jaén;BIOETANOL;0
2023-06;Andalucía;Jaén;GASOLINA  AUTO. S/PB 95 I.O.;3975
2023-06;Andalucía;Jaén;GASOLINA  AUTO. S/PB 98 I.O.;143
2023-06;Andalucía;Jaén;OTRAS GASOLINAS;0
2023-06;Andalucía;Jaén;FUELÓLEO  BIA;0
2023-06;Andalucía;Jaén;OTROS FUELÓLEOS;0
2023-06;Andalucía;Jaén;QUEROSENO AVIACIÓN;16
2023-06;Andalucía;Jaén;OTROS QUEROSENOS;0
2023-06;Andalucía;Jaén;GLP;1353
2023-06;Andalucía;Málaga;BIODIESEL;0
2023-06;Andalucía;Málaga;GASÓLEO A;46240
2023-06;Andalucía;Málaga;GASÓLEO B;5435
2023-06;Andalucía;Málaga;GASÓLEO C;289
2023-06;Andalucía;Málaga;OTROS GASOLEOS;1339
2023-06;Andalucía;Málaga;BIOETANOL;0
2023-06;Andalucía;Málaga;GASOLINA  AUTO. S/PB 95 I.O.;19074
2023-06;Andalucía;Málaga;GASOLINA  AUTO. S/PB 98 I.O.;1199
2023-06;Andalucía;Málaga;OTRAS GASOLINAS;41
2023-06;Andalucía;Málaga;FUELÓLEO  BIA;27
2023-06;Andalucía;Málaga;OTROS FUELÓLEOS;1308
2023-06;Andalucía;Málaga;QUEROSENO AVIACIÓN;45016
2023-06;Andalucía;Málaga;OTROS QUEROSENOS;0
2023-06;Andalucía;Málaga;GLP;4008
2023-06;Andalucía;Sevilla;BIODIESEL;0
2023-06;Andalucía;Sevilla;GASÓLEO A;56490
2023-06;Andalucía;Sevilla;GASÓLEO B;9535
2023-06;Andalucía;Sevilla;GASÓLEO C;268
2023-06;Andalucía;Sevilla;OTROS GASOLEOS;808
2023-06;Andalucía;Sevilla;BIOETANOL;0
2023-06;Andalucía;Sevilla;GASOLINA  AUTO. S/PB 95 I.O.;15871
2023-06;Andalucía;Sevilla;GASOLINA  AUTO. S/PB 98 I.O.;352
2023-06;Andalucía;Sevilla;OTRAS GASOLINAS;7
2023-06;Andalucía;Sevilla;FUELÓLEO  BIA;250
2023-06;Andalucía;Sevilla;OTROS FUELÓLEOS;133
2023-06;Andalucía;Sevilla;QUEROSENO AVIACIÓN;11579
2023-06;Andalucía;Sevilla;OTROS QUEROSENOS;0
2023-06;Andalucía;Sevilla;GLP;3356
2023-06;Aragón;Huesca;BIODIESEL;0
2023-06;Aragón;Huesca;GASÓLEO A;15363
2023-06;Aragón;Huesca;GASÓLEO B;5731
2023-06;Aragón;Huesca;GASÓLEO C;369
2023-06;Aragón;Huesca;OTROS GASOLEOS;0
2023-06;Aragón;Huesca;BIOETANOL;0
2023-06;Aragón;Huesca;GASOLINA  AUTO. S/PB 95 I.O.;3096
2023-06;Aragón;Huesca;GASOLINA  AUTO. S/PB 98 I.O.;191
2023-06;Aragón;Huesca;OTRAS GASOLINAS;5
2023-06;Aragón;Huesca;FUELÓLEO  BIA;25
2023-06;Aragón;Huesca;OTROS FUELÓLEOS;0
2023-06;Aragón;Huesca;QUEROSENO AVIACIÓN;32
2023-06;Aragón;Huesca;OTROS QUEROSENOS;0
2023-06;Aragón;Huesca;GLP;687
2023-06;Aragón;Teruel;BIODIESEL;0
2023-06;Aragón;Teruel;GASÓLEO A;9099
2023-06;Aragón;Teruel;GASÓLEO B;4176
2023-06;Aragón;Teruel;GASÓLEO C;435
2023-06;Aragón;Teruel;OTROS GASOLEOS;0
2023-06;Aragón;Teruel;BIOETANOL;0
2023-06;Aragón;Teruel;GASOLINA  AUTO. S/PB 95 I.O.;1636
2023-06;Aragón;Teruel;GASOLINA  AUTO. S/PB 98 I.O.;81
2023-06;Aragón;Teruel;OTRAS GASOLINAS;0
2023-06;Aragón;Teruel;FUELÓLEO  BIA;113
2023-06;Aragón;Teruel;OTROS FUELÓLEOS;0
2023-06;Aragón;Teruel;QUEROSENO AVIACIÓN;143
2023-06;Aragón;Teruel;OTROS QUEROSENOS;0
2023-06;Aragón;Teruel;GLP;317
2023-06;Aragón;Zaragoza;BIODIESEL;136
2023-06;Aragón;Zaragoza;GASÓLEO A;43791
2023-06;Aragón;Zaragoza;GASÓLEO B;9586
2023-06;Aragón;Zaragoza;GASÓLEO C;1603
2023-06;Aragón;Zaragoza;OTROS GASOLEOS;17
2023-06;Aragón;Zaragoza;BIOETANOL;0
2023-06;Aragón;Zaragoza;GASOLINA  AUTO. S/PB 95 I.O.;9194
2023-06;Aragón;Zaragoza;GASOLINA  AUTO. S/PB 98 I.O.;311
2023-06;Aragón;Zaragoza;OTRAS GASOLINAS;6
2023-06;Aragón;Zaragoza;FUELÓLEO  BIA;31
2023-06;Aragón;Zaragoza;OTROS FUELÓLEOS;0
2023-06;Aragón;Zaragoza;QUEROSENO AVIACIÓN;3796
2023-06;Aragón;Zaragoza;OTROS QUEROSENOS;0
2023-06;Aragón;Zaragoza;GLP;1105
2023-06;Asturias, Principado de;Asturias;BIODIESEL;0
2023-06;Asturias, Principado de;Asturias;GASÓLEO A;35245
2023-06;Asturias, Principado de;Asturias;GASÓLEO B;5498
2023-06;Asturias, Principado de;Asturias;GASÓLEO C;1441
2023-06;Asturias, Principado de;Asturias;OTROS GASOLEOS;2502
2023-06;Asturias, Principado de;Asturias;BIOETANOL;0
2023-06;Asturias, Principado de;Asturias;GASOLINA  AUTO. S/PB 95 I.O.;9010
2023-06;Asturias, Principado de;Asturias;GASOLINA  AUTO. S/PB 98 I.O.;472
2023-06;Asturias, Principado de;Asturias;OTRAS GASOLINAS;3
2023-06;Asturias, Principado de;Asturias;FUELÓLEO  BIA;1149
2023-06;Asturias, Principado de;Asturias;OTROS FUELÓLEOS;160
2023-06;Asturias, Principado de;Asturias;QUEROSENO AVIACIÓN;1454
2023-06;Asturias, Principado de;Asturias;OTROS QUEROSENOS;0
2023-06;Asturias, Principado de;Asturias;GLP;1538
2023-06;Balears, Illes;Balears, Illes;BIODIESEL;0
2023-06;Balears, Illes;Balears, Illes;GASÓLEO A;36609
2023-06;Balears, Illes;Balears, Illes;GASÓLEO B;4916
2023-06;Balears, Illes;Balears, Illes;GASÓLEO C;15907
2023-06;Balears, Illes;Balears, Illes;OTROS GASOLEOS;5312
2023-06;Balears, Illes;Balears, Illes;BIOETANOL;0
2023-06;Balears, Illes;Balears, Illes;GASOLINA  AUTO. S/PB 95 I.O.;25399
2023-06;Balears, Illes;Balears, Illes;GASOLINA  AUTO. S/PB 98 I.O.;1052
2023-06;Balears, Illes;Balears, Illes;OTRAS GASOLINAS;30
2023-06;Balears, Illes;Balears, Illes;FUELÓLEO  BIA;0
2023-06;Balears, Illes;Balears, Illes;OTROS FUELÓLEOS;0
2023-06;Balears, Illes;Balears, Illes;QUEROSENO AVIACIÓN;82289
2023-06;Balears, Illes;Balears, Illes;OTROS QUEROSENOS;0
2023-06;Balears, Illes;Balears, Illes;GLP;4006
2023-06;Canarias;Palmas, Las;BIODIESEL;0
2023-06;Canarias;Palmas, Las;GASÓLEO A;28489
2023-06;Canarias;Palmas, Las;GASÓLEO B;0
2023-06;Canarias;Palmas, Las;GASÓLEO C;0
2023-06;Canarias;Palmas, Las;OTROS GASOLEOS;103171
2023-06;Canarias;Palmas, Las;BIOETANOL;0
2023-06;Canarias;Palmas, Las;GASOLINA  AUTO. S/PB 95 I.O.;18379
2023-06;Canarias;Palmas, Las;GASOLINA  AUTO. S/PB 98 I.O.;3388
2023-06;Canarias;Palmas, Las;OTRAS GASOLINAS;3
2023-06;Canarias;Palmas, Las;FUELÓLEO  BIA;54861
2023-06;Canarias;Palmas, Las;OTROS FUELÓLEOS;53159
2023-06;Canarias;Palmas, Las;QUEROSENO AVIACIÓN;36314
2023-06;Canarias;Palmas, Las;OTROS QUEROSENOS;0
2023-06;Canarias;Palmas, Las;GLP;2801
2023-06;Canarias;Santa Cruz de Tenerife;BIODIESEL;0
2023-06;Canarias;Santa Cruz de Tenerife;GASÓLEO A;27589
2023-06;Canarias;Santa Cruz de Tenerife;GASÓLEO B;0
2023-06;Canarias;Santa Cruz de Tenerife;GASÓLEO C;0
2023-06;Canarias;Santa Cruz de Tenerife;OTROS GASOLEOS;51234
2023-06;Canarias;Santa Cruz de Tenerife;BIOETANOL;0
2023-06;Canarias;Santa Cruz de Tenerife;GASOLINA  AUTO. S/PB 95 I.O.;16594
2023-06;Canarias;Santa Cruz de Tenerife;GASOLINA  AUTO. S/PB 98 I.O.;4896
2023-06;Canarias;Santa Cruz de Tenerife;OTRAS GASOLINAS;2
2023-06;Canarias;Santa Cruz de Tenerife;FUELÓLEO  BIA;21258
2023-06;Canarias;Santa Cruz de Tenerife;OTROS FUELÓLEOS;27315
2023-06;Canarias;Santa Cruz de Tenerife;QUEROSENO AVIACIÓN;38981
2023-06;Canarias;Santa Cruz de Tenerife;OTROS QUEROSENOS;10
2023-06;Canarias;Santa Cruz de Tenerife;GLP;3376
2023-06;Cantabria;Cantabria;BIODIESEL;0
2023-06;Cantabria;Cantabria;GASÓLEO A;23185
2023-06;Cantabria;Cantabria;GASÓLEO B;2827
2023-06;Cantabria;Cantabria;GASÓLEO C;110
2023-06;Cantabria;Cantabria;OTROS GASOLEOS;1699
2023-06;Cantabria;Cantabria;BIOETANOL;0
2023-06;Cantabria;Cantabria;GASOLINA  AUTO. S/PB 95 I.O.;6225
2023-06;Cantabria;Cantabria;GASOLINA  AUTO. S/PB 98 I.O.;315
2023-06;Cantabria;Cantabria;OTRAS GASOLINAS;2
2023-06;Cantabria;Cantabria;FUELÓLEO  BIA;469
2023-06;Cantabria;Cantabria;OTROS FUELÓLEOS;0
2023-06;Cantabria;Cantabria;QUEROSENO AVIACIÓN;917
2023-06;Cantabria;Cantabria;OTROS QUEROSENOS;0
2023-06;Cantabria;Cantabria;GLP;1189
2023-06;Castilla - La Mancha;Albacete;BIODIESEL;0
2023-06;Castilla - La Mancha;Albacete;GASÓLEO A;15055
2023-06;Castilla - La Mancha;Albacete;GASÓLEO B;5943
2023-06;Castilla - La Mancha;Albacete;GASÓLEO C;353
2023-06;Castilla - La Mancha;Albacete;OTROS GASOLEOS;0
2023-06;Castilla - La Mancha;Albacete;BIOETANOL;0
2023-06;Castilla - La Mancha;Albacete;GASOLINA  AUTO. S/PB 95 I.O.;3345
2023-06;Castilla - La Mancha;Albacete;GASOLINA  AUTO. S/PB 98 I.O.;136
2023-06;Castilla - La Mancha;Albacete;OTRAS GASOLINAS;0
2023-06;Castilla - La Mancha;Albacete;FUELÓLEO  BIA;42
2023-06;Castilla - La Mancha;Albacete;OTROS FUELÓLEOS;0
2023-06;Castilla - La Mancha;Albacete;QUEROSENO AVIACIÓN;23
2023-06;Castilla - La Mancha;Albacete;OTROS QUEROSENOS;0
2023-06;Castilla - La Mancha;Albacete;GLP;614
2023-06;Castilla - La Mancha;Ciudad Real;BIODIESEL;0
2023-06;Castilla - La Mancha;Ciudad Real;GASÓLEO A;23555
2023-06;Castilla - La Mancha;Ciudad Real;GASÓLEO B;6927
2023-06;Castilla - La Mancha;Ciudad Real;GASÓLEO C;353
2023-06;Castilla - La Mancha;Ciudad Real;OTROS GASOLEOS;0
2023-06;Castilla - La Mancha;Ciudad Real;BIOETANOL;0
2023-06;Castilla - La Mancha;Ciudad Real;GASOLINA  AUTO. S/PB 95 I.O.;3858
2023-06;Castilla - La Mancha;Ciudad Real;GASOLINA  AUTO. S/PB 98 I.O.;109
2023-06;Castilla - La Mancha;Ciudad Real;OTRAS GASOLINAS;0
2023-06;Castilla - La Mancha;Ciudad Real;FUELÓLEO  BIA;72
2023-06;Castilla - La Mancha;Ciudad Real;OTROS FUELÓLEOS;0
2023-06;Castilla - La Mancha;Ciudad Real;QUEROSENO AVIACIÓN;10
2023-06;Castilla - La Mancha;Ciudad Real;OTROS QUEROSENOS;0
2023-06;Castilla - La Mancha;Ciudad Real;GLP;743
2023-06;Castilla - La Mancha;Cuenca;BIODIESEL;0
2023-06;Castilla - La Mancha;Cuenca;GASÓLEO A;14329
2023-06;Castilla - La Mancha;Cuenca;GASÓLEO B;5872
2023-06;Castilla - La Mancha;Cuenca;GASÓLEO C;174
2023-06;Castilla - La Mancha;Cuenca;OTROS GASOLEOS;0
2023-06;Castilla - La Mancha;Cuenca;BIOETANOL;0
2023-06;Castilla - La Mancha;Cuenca;GASOLINA  AUTO. S/PB 95 I.O.;2648
2023-06;Castilla - La Mancha;Cuenca;GASOLINA  AUTO. S/PB 98 I.O.;96
2023-06;Castilla - La Mancha;Cuenca;OTRAS GASOLINAS;3
2023-06;Castilla - La Mancha;Cuenca;FUELÓLEO  BIA;100
2023-06;Castilla - La Mancha;Cuenca;OTROS FUELÓLEOS;0
2023-06;Castilla - La Mancha;Cuenca;QUEROSENO AVIACIÓN;68
2023-06;Castilla - La Mancha;Cuenca;OTROS QUEROSENOS;0
2023-06;Castilla - La Mancha;Cuenca;GLP;472
2023-06;Castilla - La Mancha;Guadalajara;BIODIESEL;0
2023-06;Castilla - La Mancha;Guadalajara;GASÓLEO A;10905
2023-06;Castilla - La Mancha;Guadalajara;GASÓLEO B;3169
2023-06;Castilla - La Mancha;Guadalajara;GASÓLEO C;660
2023-06;Castilla - La Mancha;Guadalajara;OTROS GASOLEOS;0
2023-06;Castilla - La Mancha;Guadalajara;BIOETANOL;0
2023-06;Castilla - La Mancha;Guadalajara;GASOLINA  AUTO. S/PB 95 I.O.;3244
2023-06;Castilla - La Mancha;Guadalajara;GASOLINA  AUTO. S/PB 98 I.O.;112
2023-06;Castilla - La Mancha;Guadalajara;OTRAS GASOLINAS;0
2023-06;Castilla - La Mancha;Guadalajara;FUELÓLEO  BIA;53
2023-06;Castilla - La Mancha;Guadalajara;OTROS FUELÓLEOS;0
2023-06;Castilla - La Mancha;Guadalajara;QUEROSENO AVIACIÓN;26
2023-06;Castilla - La Mancha;Guadalajara;OTROS QUEROSENOS;0
2023-06;Castilla - La Mancha;Guadalajara;GLP;269
2023-06;Castilla - La Mancha;Toledo;BIODIESEL;6
2023-06;Castilla - La Mancha;Toledo;GASÓLEO A;32767
2023-06;Castilla - La Mancha;Toledo;GASÓLEO B;9326
2023-06;Castilla - La Mancha;Toledo;GASÓLEO C;1427
2023-06;Castilla - La Mancha;Toledo;OTROS GASOLEOS;0
2023-06;Castilla - La Mancha;Toledo;BIOETANOL;0
2023-06;Castilla - La Mancha;Toledo;GASOLINA  AUTO. S/PB 95 I.O.;7059
2023-06;Castilla - La Mancha;Toledo;GASOLINA  AUTO. S/PB 98 I.O.;251
2023-06;Castilla - La Mancha;Toledo;OTRAS GASOLINAS;-1
2023-06;Castilla - La Mancha;Toledo;FUELÓLEO  BIA;96
2023-06;Castilla - La Mancha;Toledo;OTROS FUELÓLEOS;0
2023-06;Castilla - La Mancha;Toledo;QUEROSENO AVIACIÓN;43
2023-06;Castilla - La Mancha;Toledo;OTROS QUEROSENOS;0
2023-06;Castilla - La Mancha;Toledo;GLP;1176
2023-06;Castilla y León;Ávila;BIODIESEL;0
2023-06;Castilla y León;Ávila;GASÓLEO A;6726
2023-06;Castilla y León;Ávila;GASÓLEO B;2271
2023-06;Castilla y León;Ávila;GASÓLEO C;403
2023-06;Castilla y León;Ávila;OTROS GASOLEOS;0
2023-06;Castilla y León;Ávila;BIOETANOL;0
2023-06;Castilla y León;Ávila;GASOLINA  AUTO. S/PB 95 I.O.;1802
2023-06;Castilla y León;Ávila;GASOLINA  AUTO. S/PB 98 I.O.;69
2023-06;Castilla y León;Ávila;OTRAS GASOLINAS;0
2023-06;Castilla y León;Ávila;FUELÓLEO  BIA;0
2023-06;Castilla y León;Ávila;OTROS FUELÓLEOS;0
2023-06;Castilla y León;Ávila;QUEROSENO AVIACIÓN;7
2023-06;Castilla y León;Ávila;OTROS QUEROSENOS;0
2023-06;Castilla y León;Ávila;GLP;429
2023-06;Castilla y León;Burgos;BIODIESEL;0
2023-06;Castilla y León;Burgos;GASÓLEO A;21493
2023-06;Castilla y León;Burgos;GASÓLEO B;4655
2023-06;Castilla y León;Burgos;GASÓLEO C;354
2023-06;Castilla y León;Burgos;OTROS GASOLEOS;0
2023-06;Castilla y León;Burgos;BIOETANOL;0
2023-06;Castilla y León;Burgos;GASOLINA  AUTO. S/PB 95 I.O.;4070
2023-06;Castilla y León;Burgos;GASOLINA  AUTO. S/PB 98 I.O.;235
2023-06;Castilla y León;Burgos;OTRAS GASOLINAS;22
2023-06;Castilla y León;Burgos;FUELÓLEO  BIA;207
2023-06;Castilla y León;Burgos;OTROS FUELÓLEOS;0
2023-06;Castilla y León;Burgos;QUEROSENO AVIACIÓN;10
2023-06;Castilla y León;Burgos;OTROS QUEROSENOS;0
2023-06;Castilla y León;Burgos;GLP;535
2023-06;Castilla y León;León;BIODIESEL;0
2023-06;Castilla y León;León;GASÓLEO A;36063
2023-06;Castilla y León;León;GASÓLEO B;6305
2023-06;Castilla y León;León;GASÓLEO C;1413
2023-06;Castilla y León;León;OTROS GASOLEOS;0
2023-06;Castilla y León;León;BIOETANOL;12
2023-06;Castilla y León;León;GASOLINA  AUTO. S/PB 95 I.O.;4729
2023-06;Castilla y León;León;GASOLINA  AUTO. S/PB 98 I.O.;217
2023-06;Castilla y León;León;OTRAS GASOLINAS;2
2023-06;Castilla y León;León;FUELÓLEO  BIA;180
2023-06;Castilla y León;León;OTROS FUELÓLEOS;0
2023-06;Castilla y León;León;QUEROSENO AVIACIÓN;117
2023-06;Castilla y León;León;OTROS QUEROSENOS;0
2023-06;Castilla y León;León;GLP;834
2023-06;Castilla y León;Palencia;BIODIESEL;0
2023-06;Castilla y León;Palencia;GASÓLEO A;6904
2023-06;Castilla y León;Palencia;GASÓLEO B;3596
2023-06;Castilla y León;Palencia;GASÓLEO C;181
2023-06;Castilla y León;Palencia;OTROS GASOLEOS;0
2023-06;Castilla y León;Palencia;BIOETANOL;0
2023-06;Castilla y León;Palencia;GASOLINA  AUTO. S/PB 95 I.O.;1519
2023-06;Castilla y León;Palencia;GASOLINA  AUTO. S/PB 98 I.O.;77
2023-06;Castilla y León;Palencia;OTRAS GASOLINAS;0
2023-06;Castilla y León;Palencia;FUELÓLEO  BIA;128
2023-06;Castilla y León;Palencia;OTROS FUELÓLEOS;0
2023-06;Castilla y León;Palencia;QUEROSENO AVIACIÓN;0
2023-06;Castilla y León;Palencia;OTROS QUEROSENOS;0
2023-06;Castilla y León;Palencia;GLP;231
2023-06;Castilla y León;Salamanca;BIODIESEL;0
2023-06;Castilla y León;Salamanca;GASÓLEO A;19600
2023-06;Castilla y León;Salamanca;GASÓLEO B;3933
2023-06;Castilla y León;Salamanca;GASÓLEO C;961
2023-06;Castilla y León;Salamanca;OTROS GASOLEOS;0
2023-06;Castilla y León;Salamanca;BIOETANOL;0
2023-06;Castilla y León;Salamanca;GASOLINA  AUTO. S/PB 95 I.O.;2882
2023-06;Castilla y León;Salamanca;GASOLINA  AUTO. S/PB 98 I.O.;122
2023-06;Castilla y León;Salamanca;OTRAS GASOLINAS;29
2023-06;Castilla y León;Salamanca;FUELÓLEO  BIA;27
2023-06;Castilla y León;Salamanca;OTROS FUELÓLEOS;0
2023-06;Castilla y León;Salamanca;QUEROSENO AVIACIÓN;44
2023-06;Castilla y León;Salamanca;OTROS QUEROSENOS;0
2023-06;Castilla y León;Salamanca;GLP;533
2023-06;Castilla y León;Segovia;BIODIESEL;0
2023-06;Castilla y León;Segovia;GASÓLEO A;6877
2023-06;Castilla y León;Segovia;GASÓLEO B;2831
2023-06;Castilla y León;Segovia;GASÓLEO C;592
2023-06;Castilla y León;Segovia;OTROS GASOLEOS;0
2023-06;Castilla y León;Segovia;BIOETANOL;0
2023-06;Castilla y León;Segovia;GASOLINA  AUTO. S/PB 95 I.O.;2176
2023-06;Castilla y León;Segovia;GASOLINA  AUTO. S/PB 98 I.O.;166
2023-06;Castilla y León;Segovia;OTRAS GASOLINAS;11
2023-06;Castilla y León;Segovia;FUELÓLEO  BIA;26
2023-06;Castilla y León;Segovia;OTROS FUELÓLEOS;0
2023-06;Castilla y León;Segovia;QUEROSENO AVIACIÓN;4
2023-06;Castilla y León;Segovia;OTROS QUEROSENOS;0
2023-06;Castilla y León;Segovia;GLP;474
2023-06;Castilla y León;Soria;BIODIESEL;0
2023-06;Castilla y León;Soria;GASÓLEO A;6023
2023-06;Castilla y León;Soria;GASÓLEO B;1742
2023-06;Castilla y León;Soria;GASÓLEO C;390
2023-06;Castilla y León;Soria;OTROS GASOLEOS;0
2023-06;Castilla y León;Soria;BIOETANOL;0
2023-06;Castilla y León;Soria;GASOLINA  AUTO. S/PB 95 I.O.;1065
2023-06;Castilla y León;Soria;GASOLINA  AUTO. S/PB 98 I.O.;62
2023-06;Castilla y León;Soria;OTRAS GASOLINAS;26
2023-06;Castilla y León;Soria;FUELÓLEO  BIA;79
2023-06;Castilla y León;Soria;OTROS FUELÓLEOS;0
2023-06;Castilla y León;Soria;QUEROSENO AVIACIÓN;0
2023-06;Castilla y León;Soria;OTROS QUEROSENOS;0
2023-06;Castilla y León;Soria;GLP;176
2023-06;Castilla y León;Valladolid;BIODIESEL;0
2023-06;Castilla y León;Valladolid;GASÓLEO A;23465
2023-06;Castilla y León;Valladolid;GASÓLEO B;5533
2023-06;Castilla y León;Valladolid;GASÓLEO C;568
2023-06;Castilla y León;Valladolid;OTROS GASOLEOS;0
2023-06;Castilla y León;Valladolid;BIOETANOL;0
2023-06;Castilla y León;Valladolid;GASOLINA  AUTO. S/PB 95 I.O.;6617
2023-06;Castilla y León;Valladolid;GASOLINA  AUTO. S/PB 98 I.O.;197
2023-06;Castilla y León;Valladolid;OTRAS GASOLINAS;6
2023-06;Castilla y León;Valladolid;FUELÓLEO  BIA;251
2023-06;Castilla y León;Valladolid;OTROS FUELÓLEOS;0
2023-06;Castilla y León;Valladolid;QUEROSENO AVIACIÓN;213
2023-06;Castilla y León;Valladolid;OTROS QUEROSENOS;0
2023-06;Castilla y León;Valladolid;GLP;670
2023-06;Castilla y León;Zamora;BIODIESEL;0
2023-06;Castilla y León;Zamora;GASÓLEO A;14969
2023-06;Castilla y León;Zamora;GASÓLEO B;3808
2023-06;Castilla y León;Zamora;GASÓLEO C;105
2023-06;Castilla y León;Zamora;OTROS GASOLEOS;0
2023-06;Castilla y León;Zamora;BIOETANOL;0
2023-06;Castilla y León;Zamora;GASOLINA  AUTO. S/PB 95 I.O.;1737
2023-06;Castilla y León;Zamora;GASOLINA  AUTO. S/PB 98 I.O.;88
2023-06;Castilla y León;Zamora;OTRAS GASOLINAS;0
2023-06;Castilla y León;Zamora;FUELÓLEO  BIA;40
2023-06;Castilla y León;Zamora;OTROS FUELÓLEOS;0
2023-06;Castilla y León;Zamora;QUEROSENO AVIACIÓN;21
2023-06;Castilla y León;Zamora;OTROS QUEROSENOS;0
2023-06;Castilla y León;Zamora;GLP;366
2023-06;Cataluña;Barcelona;BIODIESEL;129
2023-06;Cataluña;Barcelona;GASÓLEO A;156387
2023-06;Cataluña;Barcelona;GASÓLEO B;16203
2023-06;Cataluña;Barcelona;GASÓLEO C;1581
2023-06;Cataluña;Barcelona;OTROS GASOLEOS;29691
2023-06;Cataluña;Barcelona;BIOETANOL;0
2023-06;Cataluña;Barcelona;GASOLINA  AUTO. S/PB 95 I.O.;57452
2023-06;Cataluña;Barcelona;GASOLINA  AUTO. S/PB 98 I.O.;2704
2023-06;Cataluña;Barcelona;OTRAS GASOLINAS;69
2023-06;Cataluña;Barcelona;FUELÓLEO  BIA;423
2023-06;Cataluña;Barcelona;OTROS FUELÓLEOS;63283
2023-06;Cataluña;Barcelona;QUEROSENO AVIACIÓN;99615
2023-06;Cataluña;Barcelona;OTROS QUEROSENOS;0
2023-06;Cataluña;Barcelona;GLP;4080
2023-06;Cataluña;Girona;BIODIESEL;0
2023-06;Cataluña;Girona;GASÓLEO A;85853
2023-06;Cataluña;Girona;GASÓLEO B;5374
2023-06;Cataluña;Girona;GASÓLEO C;1069
2023-06;Cataluña;Girona;OTROS GASOLEOS;694
2023-06;Cataluña;Girona;BIOETANOL;0
2023-06;Cataluña;Girona;GASOLINA  AUTO. S/PB 95 I.O.;15282
2023-06;Cataluña;Girona;GASOLINA  AUTO. S/PB 98 I.O.;898
2023-06;Cataluña;Girona;OTRAS GASOLINAS;4
2023-06;Cataluña;Girona;FUELÓLEO  BIA;192
2023-06;Cataluña;Girona;OTROS FUELÓLEOS;0
2023-06;Cataluña;Girona;QUEROSENO AVIACIÓN;3100
2023-06;Cataluña;Girona;OTROS QUEROSENOS;0
2023-06;Cataluña;Girona;GLP;1972
2023-06;Cataluña;Lleida;BIODIESEL;4
2023-06;Cataluña;Lleida;GASÓLEO A;24463
2023-06;Cataluña;Lleida;GASÓLEO B;5807
2023-06;Cataluña;Lleida;GASÓLEO C;278
2023-06;Cataluña;Lleida;OTROS GASOLEOS;0
2023-06;Cataluña;Lleida;BIOETANOL;0
2023-06;Cataluña;Lleida;GASOLINA  AUTO. S/PB 95 I.O.;4907
2023-06;Cataluña;Lleida;GASOLINA  AUTO. S/PB 98 I.O.;236
2023-06;Cataluña;Lleida;OTRAS GASOLINAS;4
2023-06;Cataluña;Lleida;FUELÓLEO  BIA;0
2023-06;Cataluña;Lleida;OTROS FUELÓLEOS;0
2023-06;Cataluña;Lleida;QUEROSENO AVIACIÓN;116
2023-06;Cataluña;Lleida;OTROS QUEROSENOS;0
2023-06;Cataluña;Lleida;GLP;1085
2023-06;Cataluña;Tarragona;BIODIESEL;0
2023-06;Cataluña;Tarragona;GASÓLEO A;62569
2023-06;Cataluña;Tarragona;GASÓLEO B;4549
2023-06;Cataluña;Tarragona;GASÓLEO C;231
2023-06;Cataluña;Tarragona;OTROS GASOLEOS;2160
2023-06;Cataluña;Tarragona;BIOETANOL;0
2023-06;Cataluña;Tarragona;GASOLINA  AUTO. S/PB 95 I.O.;12674
2023-06;Cataluña;Tarragona;GASOLINA  AUTO. S/PB 98 I.O.;523
2023-06;Cataluña;Tarragona;OTRAS GASOLINAS;9
2023-06;Cataluña;Tarragona;FUELÓLEO  BIA;144
2023-06;Cataluña;Tarragona;OTROS FUELÓLEOS;310
2023-06;Cataluña;Tarragona;QUEROSENO AVIACIÓN;2355
2023-06;Cataluña;Tarragona;OTROS QUEROSENOS;0
2023-06;Cataluña;Tarragona;GLP;2176
2023-06;Ceuta;Ceuta;BIODIESEL;0
2023-06;Ceuta;Ceuta;GASÓLEO A;1042
2023-06;Ceuta;Ceuta;GASÓLEO B;0
2023-06;Ceuta;Ceuta;GASÓLEO C;27
2023-06;Ceuta;Ceuta;OTROS GASOLEOS;8770
2023-06;Ceuta;Ceuta;BIOETANOL;0
2023-06;Ceuta;Ceuta;GASOLINA  AUTO. S/PB 95 I.O.;529
2023-06;Ceuta;Ceuta;GASOLINA  AUTO. S/PB 98 I.O.;43
2023-06;Ceuta;Ceuta;OTRAS GASOLINAS;0
2023-06;Ceuta;Ceuta;FUELÓLEO  BIA;2294
2023-06;Ceuta;Ceuta;OTROS FUELÓLEOS;7290
2023-06;Ceuta;Ceuta;QUEROSENO AVIACIÓN;54
2023-06;Ceuta;Ceuta;OTROS QUEROSENOS;0
2023-06;Ceuta;Ceuta;GLP;170
2023-06;Comunitat Valenciana;Alicante/Alacant;BIODIESEL;12
2023-06;Comunitat Valenciana;Alicante/Alacant;GASÓLEO A;53093
2023-06;Comunitat Valenciana;Alicante/Alacant;GASÓLEO B;5781
2023-06;Comunitat Valenciana;Alicante/Alacant;GASÓLEO C;1009
2023-06;Comunitat Valenciana;Alicante/Alacant;OTROS GASOLEOS;2147
2023-06;Comunitat Valenciana;Alicante/Alacant;BIOETANOL;0
2023-06;Comunitat Valenciana;Alicante/Alacant;GASOLINA  AUTO. S/PB 95 I.O.;23897
2023-06;Comunitat Valenciana;Alicante/Alacant;GASOLINA  AUTO. S/PB 98 I.O.;941
2023-06;Comunitat Valenciana;Alicante/Alacant;OTRAS GASOLINAS;-7
2023-06;Comunitat Valenciana;Alicante/Alacant;FUELÓLEO  BIA;45
2023-06;Comunitat Valenciana;Alicante/Alacant;OTROS FUELÓLEOS;154
2023-06;Comunitat Valenciana;Alicante/Alacant;QUEROSENO AVIACIÓN;28025
2023-06;Comunitat Valenciana;Alicante/Alacant;OTROS QUEROSENOS;14
2023-06;Comunitat Valenciana;Alicante/Alacant;GLP;4450
2023-06;Comunitat Valenciana;Castellón/Castelló;BIODIESEL;0
2023-06;Comunitat Valenciana;Castellón/Castelló;GASÓLEO A;20880
2023-06;Comunitat Valenciana;Castellón/Castelló;GASÓLEO B;2295
2023-06;Comunitat Valenciana;Castellón/Castelló;GASÓLEO C;238
2023-06;Comunitat Valenciana;Castellón/Castelló;OTROS GASOLEOS;39336
2023-06;Comunitat Valenciana;Castellón/Castelló;BIOETANOL;0
2023-06;Comunitat Valenciana;Castellón/Castelló;GASOLINA  AUTO. S/PB 95 I.O.;7038
2023-06;Comunitat Valenciana;Castellón/Castelló;GASOLINA  AUTO. S/PB 98 I.O.;332
2023-06;Comunitat Valenciana;Castellón/Castelló;OTRAS GASOLINAS;8
2023-06;Comunitat Valenciana;Castellón/Castelló;FUELÓLEO  BIA;0
2023-06;Comunitat Valenciana;Castellón/Castelló;OTROS FUELÓLEOS;409
2023-06;Comunitat Valenciana;Castellón/Castelló;QUEROSENO AVIACIÓN;172
2023-06;Comunitat Valenciana;Castellón/Castelló;OTROS QUEROSENOS;0
2023-06;Comunitat Valenciana;Castellón/Castelló;GLP;1209
2023-06;Comunitat Valenciana;Valencia/València;BIODIESEL;13
2023-06;Comunitat Valenciana;Valencia/València;GASÓLEO A;97752
2023-06;Comunitat Valenciana;Valencia/València;GASÓLEO B;9598
2023-06;Comunitat Valenciana;Valencia/València;GASÓLEO C;419
2023-06;Comunitat Valenciana;Valencia/València;OTROS GASOLEOS;5047
2023-06;Comunitat Valenciana;Valencia/València;BIOETANOL;0
2023-06;Comunitat Valenciana;Valencia/València;GASOLINA  AUTO. S/PB 95 I.O.;28052
2023-06;Comunitat Valenciana;Valencia/València;GASOLINA  AUTO. S/PB 98 I.O.;991
2023-06;Comunitat Valenciana;Valencia/València;OTRAS GASOLINAS;6
2023-06;Comunitat Valenciana;Valencia/València;FUELÓLEO  BIA;377
2023-06;Comunitat Valenciana;Valencia/València;OTROS FUELÓLEOS;22137
2023-06;Comunitat Valenciana;Valencia/València;QUEROSENO AVIACIÓN;14017
2023-06;Comunitat Valenciana;Valencia/València;OTROS QUEROSENOS;0
2023-06;Comunitat Valenciana;Valencia/València;GLP;3288
2023-06;Extremadura;Badajoz;BIODIESEL;0
2023-06;Extremadura;Badajoz;GASÓLEO A;34760
2023-06;Extremadura;Badajoz;GASÓLEO B;9328
2023-06;Extremadura;Badajoz;GASÓLEO C;143
2023-06;Extremadura;Badajoz;OTROS GASOLEOS;0
2023-06;Extremadura;Badajoz;BIOETANOL;0
2023-06;Extremadura;Badajoz;GASOLINA  AUTO. S/PB 95 I.O.;5414
2023-06;Extremadura;Badajoz;GASOLINA  AUTO. S/PB 98 I.O.;154
2023-06;Extremadura;Badajoz;OTRAS GASOLINAS;6
2023-06;Extremadura;Badajoz;FUELÓLEO  BIA;25
2023-06;Extremadura;Badajoz;OTROS FUELÓLEOS;0
2023-06;Extremadura;Badajoz;QUEROSENO AVIACIÓN;59
2023-06;Extremadura;Badajoz;OTROS QUEROSENOS;0
2023-06;Extremadura;Badajoz;GLP;1652
2023-06;Extremadura;Cáceres;BIODIESEL;0
2023-06;Extremadura;Cáceres;GASÓLEO A;24480
2023-06;Extremadura;Cáceres;GASÓLEO B;3565
2023-06;Extremadura;Cáceres;GASÓLEO C;170
2023-06;Extremadura;Cáceres;OTROS GASOLEOS;0
2023-06;Extremadura;Cáceres;BIOETANOL;0
2023-06;Extremadura;Cáceres;GASOLINA  AUTO. S/PB 95 I.O.;3519
2023-06;Extremadura;Cáceres;GASOLINA  AUTO. S/PB 98 I.O.;93
2023-06;Extremadura;Cáceres;OTRAS GASOLINAS;0
2023-06;Extremadura;Cáceres;FUELÓLEO  BIA;132
2023-06;Extremadura;Cáceres;OTROS FUELÓLEOS;0
2023-06;Extremadura;Cáceres;QUEROSENO AVIACIÓN;16
2023-06;Extremadura;Cáceres;OTROS QUEROSENOS;0
2023-06;Extremadura;Cáceres;GLP;1074
2023-06;Galicia;Coruña, A;BIODIESEL;0
2023-06;Galicia;Coruña, A;GASÓLEO A;43996
2023-06;Galicia;Coruña, A;GASÓLEO B;7932
2023-06;Galicia;Coruña, A;GASÓLEO C;2284
2023-06;Galicia;Coruña, A;OTROS GASOLEOS;4103
2023-06;Galicia;Coruña, A;BIOETANOL;0
2023-06;Galicia;Coruña, A;GASOLINA  AUTO. S/PB 95 I.O.;9939
2023-06;Galicia;Coruña, A;GASOLINA  AUTO. S/PB 98 I.O.;422
2023-06;Galicia;Coruña, A;OTRAS GASOLINAS;4
2023-06;Galicia;Coruña, A;FUELÓLEO  BIA;8674
2023-06;Galicia;Coruña, A;OTROS FUELÓLEOS;3159
2023-06;Galicia;Coruña, A;QUEROSENO AVIACIÓN;4956
2023-06;Galicia;Coruña, A;OTROS QUEROSENOS;0
2023-06;Galicia;Coruña, A;GLP;2724
2023-06;Galicia;Lugo;BIODIESEL;0
2023-06;Galicia;Lugo;GASÓLEO A;19524
2023-06;Galicia;Lugo;GASÓLEO B;5291
2023-06;Galicia;Lugo;GASÓLEO C;943
2023-06;Galicia;Lugo;OTROS GASOLEOS;1634
2023-06;Galicia;Lugo;BIOETANOL;0
2023-06;Galicia;Lugo;GASOLINA  AUTO. S/PB 95 I.O.;2923
2023-06;Galicia;Lugo;GASOLINA  AUTO. S/PB 98 I.O.;111
2023-06;Galicia;Lugo;OTRAS GASOLINAS;0
2023-06;Galicia;Lugo;FUELÓLEO  BIA;377
2023-06;Galicia;Lugo;OTROS FUELÓLEOS;0
2023-06;Galicia;Lugo;QUEROSENO AVIACIÓN;24
2023-06;Galicia;Lugo;OTROS QUEROSENOS;0
2023-06;Galicia;Lugo;GLP;993
2023-06;Galicia;Ourense;BIODIESEL;0
2023-06;Galicia;Ourense;GASÓLEO A;14118
2023-06;Galicia;Ourense;GASÓLEO B;2679
2023-06;Galicia;Ourense;GASÓLEO C;1252
2023-06;Galicia;Ourense;OTROS GASOLEOS;81
2023-06;Galicia;Ourense;BIOETANOL;0
2023-06;Galicia;Ourense;GASOLINA  AUTO. S/PB 95 I.O.;2676
2023-06;Galicia;Ourense;GASOLINA  AUTO. S/PB 98 I.O.;182
2023-06;Galicia;Ourense;OTRAS GASOLINAS;0
2023-06;Galicia;Ourense;FUELÓLEO  BIA;373
2023-06;Galicia;Ourense;OTROS FUELÓLEOS;0
2023-06;Galicia;Ourense;QUEROSENO AVIACIÓN;44
2023-06;Galicia;Ourense;OTROS QUEROSENOS;0
2023-06;Galicia;Ourense;GLP;887
2023-06;Galicia;Pontevedra;BIODIESEL;4
2023-06;Galicia;Pontevedra;GASÓLEO A;38028
2023-06;Galicia;Pontevedra;GASÓLEO B;4936
2023-06;Galicia;Pontevedra;GASÓLEO C;2019
2023-06;Galicia;Pontevedra;OTROS GASOLEOS;9852
2023-06;Galicia;Pontevedra;BIOETANOL;0
2023-06;Galicia;Pontevedra;GASOLINA  AUTO. S/PB 95 I.O.;8551
2023-06;Galicia;Pontevedra;GASOLINA  AUTO. S/PB 98 I.O.;452
2023-06;Galicia;Pontevedra;OTRAS GASOLINAS;1
2023-06;Galicia;Pontevedra;FUELÓLEO  BIA;406
2023-06;Galicia;Pontevedra;OTROS FUELÓLEOS;207
2023-06;Galicia;Pontevedra;QUEROSENO AVIACIÓN;669
2023-06;Galicia;Pontevedra;OTROS QUEROSENOS;0
2023-06;Galicia;Pontevedra;GLP;2413
2023-06;Madrid, Comunidad de;Madrid;BIODIESEL;42
2023-06;Madrid, Comunidad de;Madrid;GASÓLEO A;166937
2023-06;Madrid, Comunidad de;Madrid;GASÓLEO B;9254
2023-06;Madrid, Comunidad de;Madrid;GASÓLEO C;4061
2023-06;Madrid, Comunidad de;Madrid;OTROS GASOLEOS;0
2023-06;Madrid, Comunidad de;Madrid;BIOETANOL;0
2023-06;Madrid, Comunidad de;Madrid;GASOLINA  AUTO. S/PB 95 I.O.;64461
2023-06;Madrid, Comunidad de;Madrid;GASOLINA  AUTO. S/PB 98 I.O.;2392
2023-06;Madrid, Comunidad de;Madrid;OTRAS GASOLINAS;69
2023-06;Madrid, Comunidad de;Madrid;FUELÓLEO  BIA;592
2023-06;Madrid, Comunidad de;Madrid;OTROS FUELÓLEOS;39
2023-06;Madrid, Comunidad de;Madrid;QUEROSENO AVIACIÓN;196290
2023-06;Madrid, Comunidad de;Madrid;OTROS QUEROSENOS;0
2023-06;Madrid, Comunidad de;Madrid;GLP;5919
2023-06;Melilla;Melilla;BIODIESEL;0
2023-06;Melilla;Melilla;GASÓLEO A;1155
2023-06;Melilla;Melilla;GASÓLEO B;0
2023-06;Melilla;Melilla;GASÓLEO C;0
2023-06;Melilla;Melilla;OTROS GASOLEOS;0
2023-06;Melilla;Melilla;BIOETANOL;0
2023-06;Melilla;Melilla;GASOLINA  AUTO. S/PB 95 I.O.;587
2023-06;Melilla;Melilla;GASOLINA  AUTO. S/PB 98 I.O.;0
2023-06;Melilla;Melilla;OTRAS GASOLINAS;0
2023-06;Melilla;Melilla;FUELÓLEO  BIA;2498
2023-06;Melilla;Melilla;OTROS FUELÓLEOS;0
2023-06;Melilla;Melilla;QUEROSENO AVIACIÓN;197
2023-06;Melilla;Melilla;OTROS QUEROSENOS;0
2023-06;Melilla;Melilla;GLP;154
2023-06;Murcia, Región de;Murcia;BIODIESEL;0
2023-06;Murcia, Región de;Murcia;GASÓLEO A;92943
2023-06;Murcia, Región de;Murcia;GASÓLEO B;11892
2023-06;Murcia, Región de;Murcia;GASÓLEO C;288
2023-06;Murcia, Región de;Murcia;OTROS GASOLEOS;1658
2023-06;Murcia, Región de;Murcia;BIOETANOL;16
2023-06;Murcia, Región de;Murcia;GASOLINA  AUTO. S/PB 95 I.O.;13827
2023-06;Murcia, Región de;Murcia;GASOLINA  AUTO. S/PB 98 I.O.;609
2023-06;Murcia, Región de;Murcia;OTRAS GASOLINAS;3
2023-06;Murcia, Región de;Murcia;FUELÓLEO  BIA;418
2023-06;Murcia, Región de;Murcia;OTROS FUELÓLEOS;25
2023-06;Murcia, Región de;Murcia;QUEROSENO AVIACIÓN;2005
2023-06;Murcia, Región de;Murcia;OTROS QUEROSENOS;0
2023-06;Murcia, Región de;Murcia;GLP;2915
2023-06;Navarra, Comunidad Foral de;Navarra;BIODIESEL;0
2023-06;Navarra, Comunidad Foral de;Navarra;GASÓLEO A;49964
2023-06;Navarra, Comunidad Foral de;Navarra;GASÓLEO B;6563
2023-06;Navarra, Comunidad Foral de;Navarra;GASÓLEO C;340
2023-06;Navarra, Comunidad Foral de;Navarra;OTROS GASOLEOS;0
2023-06;Navarra, Comunidad Foral de;Navarra;BIOETANOL;0
2023-06;Navarra, Comunidad Foral de;Navarra;GASOLINA  AUTO. S/PB 95 I.O.;7179
2023-06;Navarra, Comunidad Foral de;Navarra;GASOLINA  AUTO. S/PB 98 I.O.;260
2023-06;Navarra, Comunidad Foral de;Navarra;OTRAS GASOLINAS;3
2023-06;Navarra, Comunidad Foral de;Navarra;FUELÓLEO  BIA;164
2023-06;Navarra, Comunidad Foral de;Navarra;OTROS FUELÓLEOS;0
2023-06;Navarra, Comunidad Foral de;Navarra;QUEROSENO AVIACIÓN;143
2023-06;Navarra, Comunidad Foral de;Navarra;OTROS QUEROSENOS;0
2023-06;Navarra, Comunidad Foral de;Navarra;GLP;1478
2023-06;País Vasco;Araba/Álava;BIODIESEL;8
2023-06;País Vasco;Araba/Álava;GASÓLEO A;59506
2023-06;País Vasco;Araba/Álava;GASÓLEO B;2556
2023-06;País Vasco;Araba/Álava;GASÓLEO C;232
2023-06;País Vasco;Araba/Álava;OTROS GASOLEOS;0
2023-06;País Vasco;Araba/Álava;BIOETANOL;0
2023-06;País Vasco;Araba/Álava;GASOLINA  AUTO. S/PB 95 I.O.;5423
2023-06;País Vasco;Araba/Álava;GASOLINA  AUTO. S/PB 98 I.O.;126
2023-06;País Vasco;Araba/Álava;OTRAS GASOLINAS;1
2023-06;País Vasco;Araba/Álava;FUELÓLEO  BIA;283
2023-06;País Vasco;Araba/Álava;OTROS FUELÓLEOS;0
2023-06;País Vasco;Araba/Álava;QUEROSENO AVIACIÓN;1044
2023-06;País Vasco;Araba/Álava;OTROS QUEROSENOS;0
2023-06;País Vasco;Araba/Álava;GLP;2323
2023-06;País Vasco;Bizkaia;BIODIESEL;0
2023-06;País Vasco;Bizkaia;GASÓLEO A;39963
2023-06;País Vasco;Bizkaia;GASÓLEO B;7709
2023-06;País Vasco;Bizkaia;GASÓLEO C;1662
2023-06;País Vasco;Bizkaia;OTROS GASOLEOS;1605
2023-06;País Vasco;Bizkaia;BIOETANOL;0
2023-06;País Vasco;Bizkaia;GASOLINA  AUTO. S/PB 95 I.O.;8706
2023-06;País Vasco;Bizkaia;GASOLINA  AUTO. S/PB 98 I.O.;438
2023-06;País Vasco;Bizkaia;OTRAS GASOLINAS;2
2023-06;País Vasco;Bizkaia;FUELÓLEO  BIA;77
2023-06;País Vasco;Bizkaia;OTROS FUELÓLEOS;0
2023-06;País Vasco;Bizkaia;QUEROSENO AVIACIÓN;7231
2023-06;País Vasco;Bizkaia;OTROS QUEROSENOS;1
2023-06;País Vasco;Bizkaia;GLP;651
2023-06;País Vasco;Gipuzkoa;BIODIESEL;25
2023-06;País Vasco;Gipuzkoa;GASÓLEO A;63012
2023-06;País Vasco;Gipuzkoa;GASÓLEO B;1941
2023-06;País Vasco;Gipuzkoa;GASÓLEO C;250
2023-06;País Vasco;Gipuzkoa;OTROS GASOLEOS;1415
2023-06;País Vasco;Gipuzkoa;BIOETANOL;0
2023-06;País Vasco;Gipuzkoa;GASOLINA  AUTO. S/PB 95 I.O.;6846
2023-06;País Vasco;Gipuzkoa;GASOLINA  AUTO. S/PB 98 I.O.;406
2023-06;País Vasco;Gipuzkoa;OTRAS GASOLINAS;5
2023-06;País Vasco;Gipuzkoa;FUELÓLEO  BIA;126
2023-06;País Vasco;Gipuzkoa;OTROS FUELÓLEOS;0
2023-06;País Vasco;Gipuzkoa;QUEROSENO AVIACIÓN;568
2023-06;País Vasco;Gipuzkoa;OTROS QUEROSENOS;0
2023-06;País Vasco;Gipuzkoa;GLP;844
2023-06;Rioja, La;Rioja, La;BIODIESEL;0
2023-06;Rioja, La;Rioja, La;GASÓLEO A;11054
2023-06;Rioja, La;Rioja, La;GASÓLEO B;2696
2023-06;Rioja, La;Rioja, La;GASÓLEO C;478
2023-06;Rioja, La;Rioja, La;OTROS GASOLEOS;0
2023-06;Rioja, La;Rioja, La;BIOETANOL;0
2023-06;Rioja, La;Rioja, La;GASOLINA  AUTO. S/PB 95 I.O.;2577
2023-06;Rioja, La;Rioja, La;GASOLINA  AUTO. S/PB 98 I.O.;112
2023-06;Rioja, La;Rioja, La;OTRAS GASOLINAS;0
2023-06;Rioja, La;Rioja, La;FUELÓLEO  BIA;27
2023-06;Rioja, La;Rioja, La;OTROS FUELÓLEOS;0
2023-06;Rioja, La;Rioja, La;QUEROSENO AVIACIÓN;19
2023-06;Rioja, La;Rioja, La;OTROS QUEROSENOS;0
2023-06;Rioja, La;Rioja, La;GLP;388
2023-07;Andalucía;Almería;BIODIESEL;0
2023-07;Andalucía;Almería;GASÓLEO A;24782
2023-07;Andalucía;Almería;GASÓLEO B;5896
2023-07;Andalucía;Almería;GASÓLEO C;62
2023-07;Andalucía;Almería;OTROS GASOLEOS;2520
2023-07;Andalucía;Almería;BIOETANOL;0
2023-07;Andalucía;Almería;GASOLINA  AUTO. S/PB 95 I.O.;6826
2023-07;Andalucía;Almería;GASOLINA  AUTO. S/PB 98 I.O.;341
2023-07;Andalucía;Almería;OTRAS GASOLINAS;2
2023-07;Andalucía;Almería;FUELÓLEO  BIA;370
2023-07;Andalucía;Almería;OTROS FUELÓLEOS;4029
2023-07;Andalucía;Almería;QUEROSENO AVIACIÓN;1360
2023-07;Andalucía;Almería;OTROS QUEROSENOS;0
2023-07;Andalucía;Almería;GLP;1263
2023-07;Andalucía;Cádiz;BIODIESEL;0
2023-07;Andalucía;Cádiz;GASÓLEO A;36398
2023-07;Andalucía;Cádiz;GASÓLEO B;7018
2023-07;Andalucía;Cádiz;GASÓLEO C;421
2023-07;Andalucía;Cádiz;OTROS GASOLEOS;83708
2023-07;Andalucía;Cádiz;BIOETANOL;0
2023-07;Andalucía;Cádiz;GASOLINA  AUTO. S/PB 95 I.O.;12664
2023-07;Andalucía;Cádiz;GASOLINA  AUTO. S/PB 98 I.O.;460
2023-07;Andalucía;Cádiz;OTRAS GASOLINAS;31
2023-07;Andalucía;Cádiz;FUELÓLEO  BIA;0
2023-07;Andalucía;Cádiz;OTROS FUELÓLEOS;285714
2023-07;Andalucía;Cádiz;QUEROSENO AVIACIÓN;1504
2023-07;Andalucía;Cádiz;OTROS QUEROSENOS;0
2023-07;Andalucía;Cádiz;GLP;2690
2023-07;Andalucía;Córdoba;BIODIESEL;0
2023-07;Andalucía;Córdoba;GASÓLEO A;28033
2023-07;Andalucía;Córdoba;GASÓLEO B;7049
2023-07;Andalucía;Córdoba;GASÓLEO C;306
2023-07;Andalucía;Córdoba;OTROS GASOLEOS;0
2023-07;Andalucía;Córdoba;BIOETANOL;0
2023-07;Andalucía;Córdoba;GASOLINA  AUTO. S/PB 95 I.O.;8656
2023-07;Andalucía;Córdoba;GASOLINA  AUTO. S/PB 98 I.O.;133
2023-07;Andalucía;Córdoba;OTRAS GASOLINAS;10
2023-07;Andalucía;Córdoba;FUELÓLEO  BIA;25
2023-07;Andalucía;Córdoba;OTROS FUELÓLEOS;0
2023-07;Andalucía;Córdoba;QUEROSENO AVIACIÓN;85
2023-07;Andalucía;Córdoba;OTROS QUEROSENOS;0
2023-07;Andalucía;Córdoba;GLP;1119
2023-07;Andalucía;Granada;BIODIESEL;0
2023-07;Andalucía;Granada;GASÓLEO A;32917
2023-07;Andalucía;Granada;GASÓLEO B;5714
2023-07;Andalucía;Granada;GASÓLEO C;658
2023-07;Andalucía;Granada;OTROS GASOLEOS;244
2023-07;Andalucía;Granada;BIOETANOL;0
2023-07;Andalucía;Granada;GASOLINA  AUTO. S/PB 95 I.O.;8752
2023-07;Andalucía;Granada;GASOLINA  AUTO. S/PB 98 I.O.;415
2023-07;Andalucía;Granada;OTRAS GASOLINAS;3
2023-07;Andalucía;Granada;FUELÓLEO  BIA;101
2023-07;Andalucía;Granada;OTROS FUELÓLEOS;1683
2023-07;Andalucía;Granada;QUEROSENO AVIACIÓN;554
2023-07;Andalucía;Granada;OTROS QUEROSENOS;0
2023-07;Andalucía;Granada;GLP;1706
2023-07;Andalucía;Huelva;BIODIESEL;0
2023-07;Andalucía;Huelva;GASÓLEO A;35153
2023-07;Andalucía;Huelva;GASÓLEO B;8597
2023-07;Andalucía;Huelva;GASÓLEO C;308
2023-07;Andalucía;Huelva;OTROS GASOLEOS;2823
2023-07;Andalucía;Huelva;BIOETANOL;0
2023-07;Andalucía;Huelva;GASOLINA  AUTO. S/PB 95 I.O.;5693
2023-07;Andalucía;Huelva;GASOLINA  AUTO. S/PB 98 I.O.;194
2023-07;Andalucía;Huelva;OTRAS GASOLINAS;0
2023-07;Andalucía;Huelva;FUELÓLEO  BIA;390
2023-07;Andalucía;Huelva;OTROS FUELÓLEOS;12436
2023-07;Andalucía;Huelva;QUEROSENO AVIACIÓN;0
2023-07;Andalucía;Huelva;OTROS QUEROSENOS;0
2023-07;Andalucía;Huelva;GLP;1439
2023-07;Andalucía;Jaén;BIODIESEL;0
2023-07;Andalucía;Jaén;GASÓLEO A;25619
2023-07;Andalucía;Jaén;GASÓLEO B;3304
2023-07;Andalucía;Jaén;GASÓLEO C;227
2023-07;Andalucía;Jaén;OTROS GASOLEOS;0
2023-07;Andalucía;Jaén;BIOETANOL;0
2023-07;Andalucía;Jaén;GASOLINA  AUTO. S/PB 95 I.O.;4254
2023-07;Andalucía;Jaén;GASOLINA  AUTO. S/PB 98 I.O.;170
2023-07;Andalucía;Jaén;OTRAS GASOLINAS;0
2023-07;Andalucía;Jaén;FUELÓLEO  BIA;0
2023-07;Andalucía;Jaén;OTROS FUELÓLEOS;0
2023-07;Andalucía;Jaén;QUEROSENO AVIACIÓN;8
2023-07;Andalucía;Jaén;OTROS QUEROSENOS;0
2023-07;Andalucía;Jaén;GLP;1082
2023-07;Andalucía;Málaga;BIODIESEL;0
2023-07;Andalucía;Málaga;GASÓLEO A;48445
2023-07;Andalucía;Málaga;GASÓLEO B;4602
2023-07;Andalucía;Málaga;GASÓLEO C;281
2023-07;Andalucía;Málaga;OTROS GASOLEOS;1514
2023-07;Andalucía;Málaga;BIOETANOL;0
2023-07;Andalucía;Málaga;GASOLINA  AUTO. S/PB 95 I.O.;20823
2023-07;Andalucía;Málaga;GASOLINA  AUTO. S/PB 98 I.O.;1434
2023-07;Andalucía;Málaga;OTRAS GASOLINAS;28
2023-07;Andalucía;Málaga;FUELÓLEO  BIA;127
2023-07;Andalucía;Málaga;OTROS FUELÓLEOS;1450
2023-07;Andalucía;Málaga;QUEROSENO AVIACIÓN;49299
2023-07;Andalucía;Málaga;OTROS QUEROSENOS;0
2023-07;Andalucía;Málaga;GLP;3455
2023-07;Andalucía;Sevilla;BIODIESEL;0
2023-07;Andalucía;Sevilla;GASÓLEO A;76392
2023-07;Andalucía;Sevilla;GASÓLEO B;8642
2023-07;Andalucía;Sevilla;GASÓLEO C;204
2023-07;Andalucía;Sevilla;OTROS GASOLEOS;647
2023-07;Andalucía;Sevilla;BIOETANOL;0
2023-07;Andalucía;Sevilla;GASOLINA  AUTO. S/PB 95 I.O.;16045
2023-07;Andalucía;Sevilla;GASOLINA  AUTO. S/PB 98 I.O.;378
2023-07;Andalucía;Sevilla;OTRAS GASOLINAS;7
2023-07;Andalucía;Sevilla;FUELÓLEO  BIA;243
2023-07;Andalucía;Sevilla;OTROS FUELÓLEOS;80
2023-07;Andalucía;Sevilla;QUEROSENO AVIACIÓN;10216
2023-07;Andalucía;Sevilla;OTROS QUEROSENOS;0
2023-07;Andalucía;Sevilla;GLP;2385
2023-07;Aragón;Huesca;BIODIESEL;0
2023-07;Aragón;Huesca;GASÓLEO A;16933
2023-07;Aragón;Huesca;GASÓLEO B;6062
2023-07;Aragón;Huesca;GASÓLEO C;419
2023-07;Aragón;Huesca;OTROS GASOLEOS;0
2023-07;Aragón;Huesca;BIOETANOL;0
2023-07;Aragón;Huesca;GASOLINA  AUTO. S/PB 95 I.O.;3945
2023-07;Aragón;Huesca;GASOLINA  AUTO. S/PB 98 I.O.;198
2023-07;Aragón;Huesca;OTRAS GASOLINAS;4
2023-07;Aragón;Huesca;FUELÓLEO  BIA;37
2023-07;Aragón;Huesca;OTROS FUELÓLEOS;0
2023-07;Aragón;Huesca;QUEROSENO AVIACIÓN;30
2023-07;Aragón;Huesca;OTROS QUEROSENOS;0
2023-07;Aragón;Huesca;GLP;627
2023-07;Aragón;Teruel;BIODIESEL;0
2023-07;Aragón;Teruel;GASÓLEO A;10590
2023-07;Aragón;Teruel;GASÓLEO B;4450
2023-07;Aragón;Teruel;GASÓLEO C;265
2023-07;Aragón;Teruel;OTROS GASOLEOS;0
2023-07;Aragón;Teruel;BIOETANOL;0
2023-07;Aragón;Teruel;GASOLINA  AUTO. S/PB 95 I.O.;1899
2023-07;Aragón;Teruel;GASOLINA  AUTO. S/PB 98 I.O.;110
2023-07;Aragón;Teruel;OTRAS GASOLINAS;0
2023-07;Aragón;Teruel;FUELÓLEO  BIA;117
2023-07;Aragón;Teruel;OTROS FUELÓLEOS;0
2023-07;Aragón;Teruel;QUEROSENO AVIACIÓN;264
2023-07;Aragón;Teruel;OTROS QUEROSENOS;0
2023-07;Aragón;Teruel;GLP;328
2023-07;Aragón;Zaragoza;BIODIESEL;47
2023-07;Aragón;Zaragoza;GASÓLEO A;43202
2023-07;Aragón;Zaragoza;GASÓLEO B;10014
2023-07;Aragón;Zaragoza;GASÓLEO C;1089
2023-07;Aragón;Zaragoza;OTROS GASOLEOS;17
2023-07;Aragón;Zaragoza;BIOETANOL;0
2023-07;Aragón;Zaragoza;GASOLINA  AUTO. S/PB 95 I.O.;9916
2023-07;Aragón;Zaragoza;GASOLINA  AUTO. S/PB 98 I.O.;364
2023-07;Aragón;Zaragoza;OTRAS GASOLINAS;8
2023-07;Aragón;Zaragoza;FUELÓLEO  BIA;25
2023-07;Aragón;Zaragoza;OTROS FUELÓLEOS;0
2023-07;Aragón;Zaragoza;QUEROSENO AVIACIÓN;5616
2023-07;Aragón;Zaragoza;OTROS QUEROSENOS;0
2023-07;Aragón;Zaragoza;GLP;1170
2023-07;Asturias, Principado de;Asturias;BIODIESEL;0
2023-07;Asturias, Principado de;Asturias;GASÓLEO A;35760
2023-07;Asturias, Principado de;Asturias;GASÓLEO B;4987
2023-07;Asturias, Principado de;Asturias;GASÓLEO C;1447
2023-07;Asturias, Principado de;Asturias;OTROS GASOLEOS;3052
2023-07;Asturias, Principado de;Asturias;BIOETANOL;0
2023-07;Asturias, Principado de;Asturias;GASOLINA  AUTO. S/PB 95 I.O.;10159
2023-07;Asturias, Principado de;Asturias;GASOLINA  AUTO. S/PB 98 I.O.;633
2023-07;Asturias, Principado de;Asturias;OTRAS GASOLINAS;2
2023-07;Asturias, Principado de;Asturias;FUELÓLEO  BIA;827
2023-07;Asturias, Principado de;Asturias;OTROS FUELÓLEOS;176
2023-07;Asturias, Principado de;Asturias;QUEROSENO AVIACIÓN;1896
2023-07;Asturias, Principado de;Asturias;OTROS QUEROSENOS;0
2023-07;Asturias, Principado de;Asturias;GLP;1810
2023-07;Balears, Illes;Balears, Illes;BIODIESEL;7
2023-07;Balears, Illes;Balears, Illes;GASÓLEO A;40841
2023-07;Balears, Illes;Balears, Illes;GASÓLEO B;5479
2023-07;Balears, Illes;Balears, Illes;GASÓLEO C;13687
2023-07;Balears, Illes;Balears, Illes;OTROS GASOLEOS;5665
2023-07;Balears, Illes;Balears, Illes;BIOETANOL;0
2023-07;Balears, Illes;Balears, Illes;GASOLINA  AUTO. S/PB 95 I.O.;29929
2023-07;Balears, Illes;Balears, Illes;GASOLINA  AUTO. S/PB 98 I.O.;1193
2023-07;Balears, Illes;Balears, Illes;OTRAS GASOLINAS;32
2023-07;Balears, Illes;Balears, Illes;FUELÓLEO  BIA;0
2023-07;Balears, Illes;Balears, Illes;OTROS FUELÓLEOS;0
2023-07;Balears, Illes;Balears, Illes;QUEROSENO AVIACIÓN;94477
2023-07;Balears, Illes;Balears, Illes;OTROS QUEROSENOS;0
2023-07;Balears, Illes;Balears, Illes;GLP;3903
2023-07;Canarias;Palmas, Las;BIODIESEL;0
2023-07;Canarias;Palmas, Las;GASÓLEO A;28068
2023-07;Canarias;Palmas, Las;GASÓLEO B;0
2023-07;Canarias;Palmas, Las;GASÓLEO C;0
2023-07;Canarias;Palmas, Las;OTROS GASOLEOS;89965
2023-07;Canarias;Palmas, Las;BIOETANOL;0
2023-07;Canarias;Palmas, Las;GASOLINA  AUTO. S/PB 95 I.O.;18636
2023-07;Canarias;Palmas, Las;GASOLINA  AUTO. S/PB 98 I.O.;3320
2023-07;Canarias;Palmas, Las;OTRAS GASOLINAS;1
2023-07;Canarias;Palmas, Las;FUELÓLEO  BIA;23407
2023-07;Canarias;Palmas, Las;OTROS FUELÓLEOS;52551
2023-07;Canarias;Palmas, Las;QUEROSENO AVIACIÓN;39510
2023-07;Canarias;Palmas, Las;OTROS QUEROSENOS;0
2023-07;Canarias;Palmas, Las;GLP;2736
2023-07;Canarias;Santa Cruz de Tenerife;BIODIESEL;0
2023-07;Canarias;Santa Cruz de Tenerife;GASÓLEO A;27601
2023-07;Canarias;Santa Cruz de Tenerife;GASÓLEO B;0
2023-07;Canarias;Santa Cruz de Tenerife;GASÓLEO C;0
2023-07;Canarias;Santa Cruz de Tenerife;OTROS GASOLEOS;40985
2023-07;Canarias;Santa Cruz de Tenerife;BIOETANOL;0
2023-07;Canarias;Santa Cruz de Tenerife;GASOLINA  AUTO. S/PB 95 I.O.;16973
2023-07;Canarias;Santa Cruz de Tenerife;GASOLINA  AUTO. S/PB 98 I.O.;5056
2023-07;Canarias;Santa Cruz de Tenerife;OTRAS GASOLINAS;0
2023-07;Canarias;Santa Cruz de Tenerife;FUELÓLEO  BIA;21626
2023-07;Canarias;Santa Cruz de Tenerife;OTROS FUELÓLEOS;30230
2023-07;Canarias;Santa Cruz de Tenerife;QUEROSENO AVIACIÓN;40678
2023-07;Canarias;Santa Cruz de Tenerife;OTROS QUEROSENOS;9
2023-07;Canarias;Santa Cruz de Tenerife;GLP;2967
2023-07;Cantabria;Cantabria;BIODIESEL;0
2023-07;Cantabria;Cantabria;GASÓLEO A;25716
2023-07;Cantabria;Cantabria;GASÓLEO B;3494
2023-07;Cantabria;Cantabria;GASÓLEO C;65
2023-07;Cantabria;Cantabria;OTROS GASOLEOS;1468
2023-07;Cantabria;Cantabria;BIOETANOL;0
2023-07;Cantabria;Cantabria;GASOLINA  AUTO. S/PB 95 I.O.;7775
2023-07;Cantabria;Cantabria;GASOLINA  AUTO. S/PB 98 I.O.;340
2023-07;Cantabria;Cantabria;OTRAS GASOLINAS;1
2023-07;Cantabria;Cantabria;FUELÓLEO  BIA;259
2023-07;Cantabria;Cantabria;OTROS FUELÓLEOS;0
2023-07;Cantabria;Cantabria;QUEROSENO AVIACIÓN;1284
2023-07;Cantabria;Cantabria;OTROS QUEROSENOS;0
2023-07;Cantabria;Cantabria;GLP;1202
2023-07;Castilla - La Mancha;Albacete;BIODIESEL;0
2023-07;Castilla - La Mancha;Albacete;GASÓLEO A;21588
2023-07;Castilla - La Mancha;Albacete;GASÓLEO B;6661
2023-07;Castilla - La Mancha;Albacete;GASÓLEO C;336
2023-07;Castilla - La Mancha;Albacete;OTROS GASOLEOS;0
2023-07;Castilla - La Mancha;Albacete;BIOETANOL;0
2023-07;Castilla - La Mancha;Albacete;GASOLINA  AUTO. S/PB 95 I.O.;4063
2023-07;Castilla - La Mancha;Albacete;GASOLINA  AUTO. S/PB 98 I.O.;182
2023-07;Castilla - La Mancha;Albacete;OTRAS GASOLINAS;4
2023-07;Castilla - La Mancha;Albacete;FUELÓLEO  BIA;18
2023-07;Castilla - La Mancha;Albacete;OTROS FUELÓLEOS;0
2023-07;Castilla - La Mancha;Albacete;QUEROSENO AVIACIÓN;33
2023-07;Castilla - La Mancha;Albacete;OTROS QUEROSENOS;0
2023-07;Castilla - La Mancha;Albacete;GLP;462
2023-07;Castilla - La Mancha;Ciudad Real;BIODIESEL;0
2023-07;Castilla - La Mancha;Ciudad Real;GASÓLEO A;23039
2023-07;Castilla - La Mancha;Ciudad Real;GASÓLEO B;8764
2023-07;Castilla - La Mancha;Ciudad Real;GASÓLEO C;323
2023-07;Castilla - La Mancha;Ciudad Real;OTROS GASOLEOS;0
2023-07;Castilla - La Mancha;Ciudad Real;BIOETANOL;0
2023-07;Castilla - La Mancha;Ciudad Real;GASOLINA  AUTO. S/PB 95 I.O.;6340
2023-07;Castilla - La Mancha;Ciudad Real;GASOLINA  AUTO. S/PB 98 I.O.;129
2023-07;Castilla - La Mancha;Ciudad Real;OTRAS GASOLINAS;1
2023-07;Castilla - La Mancha;Ciudad Real;FUELÓLEO  BIA;100
2023-07;Castilla - La Mancha;Ciudad Real;OTROS FUELÓLEOS;0
2023-07;Castilla - La Mancha;Ciudad Real;QUEROSENO AVIACIÓN;34
2023-07;Castilla - La Mancha;Ciudad Real;OTROS QUEROSENOS;0
2023-07;Castilla - La Mancha;Ciudad Real;GLP;643
2023-07;Castilla - La Mancha;Cuenca;BIODIESEL;0
2023-07;Castilla - La Mancha;Cuenca;GASÓLEO A;15947
2023-07;Castilla - La Mancha;Cuenca;GASÓLEO B;7247
2023-07;Castilla - La Mancha;Cuenca;GASÓLEO C;148
2023-07;Castilla - La Mancha;Cuenca;OTROS GASOLEOS;0
2023-07;Castilla - La Mancha;Cuenca;BIOETANOL;0
2023-07;Castilla - La Mancha;Cuenca;GASOLINA  AUTO. S/PB 95 I.O.;3561
2023-07;Castilla - La Mancha;Cuenca;GASOLINA  AUTO. S/PB 98 I.O.;123
2023-07;Castilla - La Mancha;Cuenca;OTRAS GASOLINAS;0
2023-07;Castilla - La Mancha;Cuenca;FUELÓLEO  BIA;0
2023-07;Castilla - La Mancha;Cuenca;OTROS FUELÓLEOS;0
2023-07;Castilla - La Mancha;Cuenca;QUEROSENO AVIACIÓN;22
2023-07;Castilla - La Mancha;Cuenca;OTROS QUEROSENOS;0
2023-07;Castilla - La Mancha;Cuenca;GLP;399
2023-07;Castilla - La Mancha;Guadalajara;BIODIESEL;0
2023-07;Castilla - La Mancha;Guadalajara;GASÓLEO A;11610
2023-07;Castilla - La Mancha;Guadalajara;GASÓLEO B;3516
2023-07;Castilla - La Mancha;Guadalajara;GASÓLEO C;552
2023-07;Castilla - La Mancha;Guadalajara;OTROS GASOLEOS;0
2023-07;Castilla - La Mancha;Guadalajara;BIOETANOL;0
2023-07;Castilla - La Mancha;Guadalajara;GASOLINA  AUTO. S/PB 95 I.O.;3447
2023-07;Castilla - La Mancha;Guadalajara;GASOLINA  AUTO. S/PB 98 I.O.;87
2023-07;Castilla - La Mancha;Guadalajara;OTRAS GASOLINAS;1
2023-07;Castilla - La Mancha;Guadalajara;FUELÓLEO  BIA;25
2023-07;Castilla - La Mancha;Guadalajara;OTROS FUELÓLEOS;0
2023-07;Castilla - La Mancha;Guadalajara;QUEROSENO AVIACIÓN;0
2023-07;Castilla - La Mancha;Guadalajara;OTROS QUEROSENOS;0
2023-07;Castilla - La Mancha;Guadalajara;GLP;269
2023-07;Castilla - La Mancha;Toledo;BIODIESEL;0
2023-07;Castilla - La Mancha;Toledo;GASÓLEO A;33407
2023-07;Castilla - La Mancha;Toledo;GASÓLEO B;8791
2023-07;Castilla - La Mancha;Toledo;GASÓLEO C;988
2023-07;Castilla - La Mancha;Toledo;OTROS GASOLEOS;0
2023-07;Castilla - La Mancha;Toledo;BIOETANOL;0
2023-07;Castilla - La Mancha;Toledo;GASOLINA  AUTO. S/PB 95 I.O.;7504
2023-07;Castilla - La Mancha;Toledo;GASOLINA  AUTO. S/PB 98 I.O.;300
2023-07;Castilla - La Mancha;Toledo;OTRAS GASOLINAS;18
2023-07;Castilla - La Mancha;Toledo;FUELÓLEO  BIA;81
2023-07;Castilla - La Mancha;Toledo;OTROS FUELÓLEOS;0
2023-07;Castilla - La Mancha;Toledo;QUEROSENO AVIACIÓN;25
2023-07;Castilla - La Mancha;Toledo;OTROS QUEROSENOS;0
2023-07;Castilla - La Mancha;Toledo;GLP;1014
2023-07;Castilla y León;Ávila;BIODIESEL;0
2023-07;Castilla y León;Ávila;GASÓLEO A;8880
2023-07;Castilla y León;Ávila;GASÓLEO B;2899
2023-07;Castilla y León;Ávila;GASÓLEO C;238
2023-07;Castilla y León;Ávila;OTROS GASOLEOS;0
2023-07;Castilla y León;Ávila;BIOETANOL;0
2023-07;Castilla y León;Ávila;GASOLINA  AUTO. S/PB 95 I.O.;2031
2023-07;Castilla y León;Ávila;GASOLINA  AUTO. S/PB 98 I.O.;88
2023-07;Castilla y León;Ávila;OTRAS GASOLINAS;0
2023-07;Castilla y León;Ávila;FUELÓLEO  BIA;0
2023-07;Castilla y León;Ávila;OTROS FUELÓLEOS;0
2023-07;Castilla y León;Ávila;QUEROSENO AVIACIÓN;3
2023-07;Castilla y León;Ávila;OTROS QUEROSENOS;0
2023-07;Castilla y León;Ávila;GLP;399
2023-07;Castilla y León;Burgos;BIODIESEL;0
2023-07;Castilla y León;Burgos;GASÓLEO A;19288
2023-07;Castilla y León;Burgos;GASÓLEO B;8599
2023-07;Castilla y León;Burgos;GASÓLEO C;270
2023-07;Castilla y León;Burgos;OTROS GASOLEOS;0
2023-07;Castilla y León;Burgos;BIOETANOL;0
2023-07;Castilla y León;Burgos;GASOLINA  AUTO. S/PB 95 I.O.;4868
2023-07;Castilla y León;Burgos;GASOLINA  AUTO. S/PB 98 I.O.;394
2023-07;Castilla y León;Burgos;OTRAS GASOLINAS;25
2023-07;Castilla y León;Burgos;FUELÓLEO  BIA;183
2023-07;Castilla y León;Burgos;OTROS FUELÓLEOS;0
2023-07;Castilla y León;Burgos;QUEROSENO AVIACIÓN;13
2023-07;Castilla y León;Burgos;OTROS QUEROSENOS;0
2023-07;Castilla y León;Burgos;GLP;548
2023-07;Castilla y León;León;BIODIESEL;0
2023-07;Castilla y León;León;GASÓLEO A;25973
2023-07;Castilla y León;León;GASÓLEO B;6845
2023-07;Castilla y León;León;GASÓLEO C;1348
2023-07;Castilla y León;León;OTROS GASOLEOS;0
2023-07;Castilla y León;León;BIOETANOL;0
2023-07;Castilla y León;León;GASOLINA  AUTO. S/PB 95 I.O.;5712
2023-07;Castilla y León;León;GASOLINA  AUTO. S/PB 98 I.O.;314
2023-07;Castilla y León;León;OTRAS GASOLINAS;1
2023-07;Castilla y León;León;FUELÓLEO  BIA;125
2023-07;Castilla y León;León;OTROS FUELÓLEOS;0
2023-07;Castilla y León;León;QUEROSENO AVIACIÓN;95
2023-07;Castilla y León;León;OTROS QUEROSENOS;0
2023-07;Castilla y León;León;GLP;827
2023-07;Castilla y León;Palencia;BIODIESEL;0
2023-07;Castilla y León;Palencia;GASÓLEO A;8766
2023-07;Castilla y León;Palencia;GASÓLEO B;6177
2023-07;Castilla y León;Palencia;GASÓLEO C;120
2023-07;Castilla y León;Palencia;OTROS GASOLEOS;0
2023-07;Castilla y León;Palencia;BIOETANOL;0
2023-07;Castilla y León;Palencia;GASOLINA  AUTO. S/PB 95 I.O.;2060
2023-07;Castilla y León;Palencia;GASOLINA  AUTO. S/PB 98 I.O.;137
2023-07;Castilla y León;Palencia;OTRAS GASOLINAS;0
2023-07;Castilla y León;Palencia;FUELÓLEO  BIA;25
2023-07;Castilla y León;Palencia;OTROS FUELÓLEOS;0
2023-07;Castilla y León;Palencia;QUEROSENO AVIACIÓN;0
2023-07;Castilla y León;Palencia;OTROS QUEROSENOS;0
2023-07;Castilla y León;Palencia;GLP;267
2023-07;Castilla y León;Salamanca;BIODIESEL;0
2023-07;Castilla y León;Salamanca;GASÓLEO A;32118
2023-07;Castilla y León;Salamanca;GASÓLEO B;4572
2023-07;Castilla y León;Salamanca;GASÓLEO C;638
2023-07;Castilla y León;Salamanca;OTROS GASOLEOS;0
2023-07;Castilla y León;Salamanca;BIOETANOL;0
2023-07;Castilla y León;Salamanca;GASOLINA  AUTO. S/PB 95 I.O.;3550
2023-07;Castilla y León;Salamanca;GASOLINA  AUTO. S/PB 98 I.O.;255
2023-07;Castilla y León;Salamanca;OTRAS GASOLINAS;23
2023-07;Castilla y León;Salamanca;FUELÓLEO  BIA;26
2023-07;Castilla y León;Salamanca;OTROS FUELÓLEOS;0
2023-07;Castilla y León;Salamanca;QUEROSENO AVIACIÓN;24
2023-07;Castilla y León;Salamanca;OTROS QUEROSENOS;0
2023-07;Castilla y León;Salamanca;GLP;570
2023-07;Castilla y León;Segovia;BIODIESEL;0
2023-07;Castilla y León;Segovia;GASÓLEO A;7235
2023-07;Castilla y León;Segovia;GASÓLEO B;4196
2023-07;Castilla y León;Segovia;GASÓLEO C;337
2023-07;Castilla y León;Segovia;OTROS GASOLEOS;0
2023-07;Castilla y León;Segovia;BIOETANOL;0
2023-07;Castilla y León;Segovia;GASOLINA  AUTO. S/PB 95 I.O.;2465
2023-07;Castilla y León;Segovia;GASOLINA  AUTO. S/PB 98 I.O.;115
2023-07;Castilla y León;Segovia;OTRAS GASOLINAS;3
2023-07;Castilla y León;Segovia;FUELÓLEO  BIA;0
2023-07;Castilla y León;Segovia;OTROS FUELÓLEOS;0
2023-07;Castilla y León;Segovia;QUEROSENO AVIACIÓN;0
2023-07;Castilla y León;Segovia;OTROS QUEROSENOS;0
2023-07;Castilla y León;Segovia;GLP;432
2023-07;Castilla y León;Soria;BIODIESEL;0
2023-07;Castilla y León;Soria;GASÓLEO A;5960
2023-07;Castilla y León;Soria;GASÓLEO B;2889
2023-07;Castilla y León;Soria;GASÓLEO C;228
2023-07;Castilla y León;Soria;OTROS GASOLEOS;0
2023-07;Castilla y León;Soria;BIOETANOL;0
2023-07;Castilla y León;Soria;GASOLINA  AUTO. S/PB 95 I.O.;1207
2023-07;Castilla y León;Soria;GASOLINA  AUTO. S/PB 98 I.O.;60
2023-07;Castilla y León;Soria;OTRAS GASOLINAS;18
2023-07;Castilla y León;Soria;FUELÓLEO  BIA;26
2023-07;Castilla y León;Soria;OTROS FUELÓLEOS;0
2023-07;Castilla y León;Soria;QUEROSENO AVIACIÓN;7
2023-07;Castilla y León;Soria;OTROS QUEROSENOS;0
2023-07;Castilla y León;Soria;GLP;157
2023-07;Castilla y León;Valladolid;BIODIESEL;0
2023-07;Castilla y León;Valladolid;GASÓLEO A;32806
2023-07;Castilla y León;Valladolid;GASÓLEO B;7956
2023-07;Castilla y León;Valladolid;GASÓLEO C;426
2023-07;Castilla y León;Valladolid;OTROS GASOLEOS;0
2023-07;Castilla y León;Valladolid;BIOETANOL;0
2023-07;Castilla y León;Valladolid;GASOLINA  AUTO. S/PB 95 I.O.;5475
2023-07;Castilla y León;Valladolid;GASOLINA  AUTO. S/PB 98 I.O.;315
2023-07;Castilla y León;Valladolid;OTRAS GASOLINAS;4
2023-07;Castilla y León;Valladolid;FUELÓLEO  BIA;179
2023-07;Castilla y León;Valladolid;OTROS FUELÓLEOS;0
2023-07;Castilla y León;Valladolid;QUEROSENO AVIACIÓN;383
2023-07;Castilla y León;Valladolid;OTROS QUEROSENOS;0
2023-07;Castilla y León;Valladolid;GLP;642
2023-07;Castilla y León;Zamora;BIODIESEL;0
2023-07;Castilla y León;Zamora;GASÓLEO A;15026
2023-07;Castilla y León;Zamora;GASÓLEO B;4929
2023-07;Castilla y León;Zamora;GASÓLEO C;127
2023-07;Castilla y León;Zamora;OTROS GASOLEOS;0
2023-07;Castilla y León;Zamora;BIOETANOL;0
2023-07;Castilla y León;Zamora;GASOLINA  AUTO. S/PB 95 I.O.;2426
2023-07;Castilla y León;Zamora;GASOLINA  AUTO. S/PB 98 I.O.;195
2023-07;Castilla y León;Zamora;OTRAS GASOLINAS;0
2023-07;Castilla y León;Zamora;FUELÓLEO  BIA;93
2023-07;Castilla y León;Zamora;OTROS FUELÓLEOS;0
2023-07;Castilla y León;Zamora;QUEROSENO AVIACIÓN;0
2023-07;Castilla y León;Zamora;OTROS QUEROSENOS;0
2023-07;Castilla y León;Zamora;GLP;334
2023-07;Cataluña;Barcelona;BIODIESEL;170
2023-07;Cataluña;Barcelona;GASÓLEO A;164028
2023-07;Cataluña;Barcelona;GASÓLEO B;13429
2023-07;Cataluña;Barcelona;GASÓLEO C;1547
2023-07;Cataluña;Barcelona;OTROS GASOLEOS;37714
2023-07;Cataluña;Barcelona;BIOETANOL;0
2023-07;Cataluña;Barcelona;GASOLINA  AUTO. S/PB 95 I.O.;59919
2023-07;Cataluña;Barcelona;GASOLINA  AUTO. S/PB 98 I.O.;2694
2023-07;Cataluña;Barcelona;OTRAS GASOLINAS;67
2023-07;Cataluña;Barcelona;FUELÓLEO  BIA;414
2023-07;Cataluña;Barcelona;OTROS FUELÓLEOS;71393
2023-07;Cataluña;Barcelona;QUEROSENO AVIACIÓN;114887
2023-07;Cataluña;Barcelona;OTROS QUEROSENOS;4
2023-07;Cataluña;Barcelona;GLP;3884
2023-07;Cataluña;Girona;BIODIESEL;0
2023-07;Cataluña;Girona;GASÓLEO A;83764
2023-07;Cataluña;Girona;GASÓLEO B;4687
2023-07;Cataluña;Girona;GASÓLEO C;1028
2023-07;Cataluña;Girona;OTROS GASOLEOS;686
2023-07;Cataluña;Girona;BIOETANOL;0
2023-07;Cataluña;Girona;GASOLINA  AUTO. S/PB 95 I.O.;18608
2023-07;Cataluña;Girona;GASOLINA  AUTO. S/PB 98 I.O.;1146
2023-07;Cataluña;Girona;OTRAS GASOLINAS;3
2023-07;Cataluña;Girona;FUELÓLEO  BIA;79
2023-07;Cataluña;Girona;OTROS FUELÓLEOS;0
2023-07;Cataluña;Girona;QUEROSENO AVIACIÓN;3821
2023-07;Cataluña;Girona;OTROS QUEROSENOS;0
2023-07;Cataluña;Girona;GLP;1950
2023-07;Cataluña;Lleida;BIODIESEL;0
2023-07;Cataluña;Lleida;GASÓLEO A;23229
2023-07;Cataluña;Lleida;GASÓLEO B;5057
2023-07;Cataluña;Lleida;GASÓLEO C;151
2023-07;Cataluña;Lleida;OTROS GASOLEOS;0
2023-07;Cataluña;Lleida;BIOETANOL;0
2023-07;Cataluña;Lleida;GASOLINA  AUTO. S/PB 95 I.O.;5204
2023-07;Cataluña;Lleida;GASOLINA  AUTO. S/PB 98 I.O.;243
2023-07;Cataluña;Lleida;OTRAS GASOLINAS;16
2023-07;Cataluña;Lleida;FUELÓLEO  BIA;0
2023-07;Cataluña;Lleida;OTROS FUELÓLEOS;0
2023-07;Cataluña;Lleida;QUEROSENO AVIACIÓN;128
2023-07;Cataluña;Lleida;OTROS QUEROSENOS;0
2023-07;Cataluña;Lleida;GLP;964
2023-07;Cataluña;Tarragona;BIODIESEL;0
2023-07;Cataluña;Tarragona;GASÓLEO A;48196
2023-07;Cataluña;Tarragona;GASÓLEO B;3931
2023-07;Cataluña;Tarragona;GASÓLEO C;263
2023-07;Cataluña;Tarragona;OTROS GASOLEOS;2264
2023-07;Cataluña;Tarragona;BIOETANOL;0
2023-07;Cataluña;Tarragona;GASOLINA  AUTO. S/PB 95 I.O.;14116
2023-07;Cataluña;Tarragona;GASOLINA  AUTO. S/PB 98 I.O.;601
2023-07;Cataluña;Tarragona;OTRAS GASOLINAS;7
2023-07;Cataluña;Tarragona;FUELÓLEO  BIA;50
2023-07;Cataluña;Tarragona;OTROS FUELÓLEOS;155
2023-07;Cataluña;Tarragona;QUEROSENO AVIACIÓN;2510
2023-07;Cataluña;Tarragona;OTROS QUEROSENOS;0
2023-07;Cataluña;Tarragona;GLP;4784
2023-07;Ceuta;Ceuta;BIODIESEL;0
2023-07;Ceuta;Ceuta;GASÓLEO A;1101
2023-07;Ceuta;Ceuta;GASÓLEO B;0
2023-07;Ceuta;Ceuta;GASÓLEO C;0
2023-07;Ceuta;Ceuta;OTROS GASOLEOS;4154
2023-07;Ceuta;Ceuta;BIOETANOL;0
2023-07;Ceuta;Ceuta;GASOLINA  AUTO. S/PB 95 I.O.;519
2023-07;Ceuta;Ceuta;GASOLINA  AUTO. S/PB 98 I.O.;69
2023-07;Ceuta;Ceuta;OTRAS GASOLINAS;0
2023-07;Ceuta;Ceuta;FUELÓLEO  BIA;4992
2023-07;Ceuta;Ceuta;OTROS FUELÓLEOS;4825
2023-07;Ceuta;Ceuta;QUEROSENO AVIACIÓN;54
2023-07;Ceuta;Ceuta;OTROS QUEROSENOS;0
2023-07;Ceuta;Ceuta;GLP;136
2023-07;Comunitat Valenciana;Alicante/Alacant;BIODIESEL;0
2023-07;Comunitat Valenciana;Alicante/Alacant;GASÓLEO A;53248
2023-07;Comunitat Valenciana;Alicante/Alacant;GASÓLEO B;5565
2023-07;Comunitat Valenciana;Alicante/Alacant;GASÓLEO C;797
2023-07;Comunitat Valenciana;Alicante/Alacant;OTROS GASOLEOS;2271
2023-07;Comunitat Valenciana;Alicante/Alacant;BIOETANOL;0
2023-07;Comunitat Valenciana;Alicante/Alacant;GASOLINA  AUTO. S/PB 95 I.O.;27755
2023-07;Comunitat Valenciana;Alicante/Alacant;GASOLINA  AUTO. S/PB 98 I.O.;1185
2023-07;Comunitat Valenciana;Alicante/Alacant;OTRAS GASOLINAS;12
2023-07;Comunitat Valenciana;Alicante/Alacant;FUELÓLEO  BIA;43
2023-07;Comunitat Valenciana;Alicante/Alacant;OTROS FUELÓLEOS;179
2023-07;Comunitat Valenciana;Alicante/Alacant;QUEROSENO AVIACIÓN;30049
2023-07;Comunitat Valenciana;Alicante/Alacant;OTROS QUEROSENOS;0
2023-07;Comunitat Valenciana;Alicante/Alacant;GLP;3879
2023-07;Comunitat Valenciana;Castellón/Castelló;BIODIESEL;0
2023-07;Comunitat Valenciana;Castellón/Castelló;GASÓLEO A;22374
2023-07;Comunitat Valenciana;Castellón/Castelló;GASÓLEO B;1922
2023-07;Comunitat Valenciana;Castellón/Castelló;GASÓLEO C;150
2023-07;Comunitat Valenciana;Castellón/Castelló;OTROS GASOLEOS;10001
2023-07;Comunitat Valenciana;Castellón/Castelló;BIOETANOL;0
2023-07;Comunitat Valenciana;Castellón/Castelló;GASOLINA  AUTO. S/PB 95 I.O.;8596
2023-07;Comunitat Valenciana;Castellón/Castelló;GASOLINA  AUTO. S/PB 98 I.O.;405
2023-07;Comunitat Valenciana;Castellón/Castelló;OTRAS GASOLINAS;8
2023-07;Comunitat Valenciana;Castellón/Castelló;FUELÓLEO  BIA;0
2023-07;Comunitat Valenciana;Castellón/Castelló;OTROS FUELÓLEOS;129
2023-07;Comunitat Valenciana;Castellón/Castelló;QUEROSENO AVIACIÓN;315
2023-07;Comunitat Valenciana;Castellón/Castelló;OTROS QUEROSENOS;0
2023-07;Comunitat Valenciana;Castellón/Castelló;GLP;1125
2023-07;Comunitat Valenciana;Valencia/València;BIODIESEL;0
2023-07;Comunitat Valenciana;Valencia/València;GASÓLEO A;106810
2023-07;Comunitat Valenciana;Valencia/València;GASÓLEO B;10319
2023-07;Comunitat Valenciana;Valencia/València;GASÓLEO C;522
2023-07;Comunitat Valenciana;Valencia/València;OTROS GASOLEOS;5803
2023-07;Comunitat Valenciana;Valencia/València;BIOETANOL;0
2023-07;Comunitat Valenciana;Valencia/València;GASOLINA  AUTO. S/PB 95 I.O.;30644
2023-07;Comunitat Valenciana;Valencia/València;GASOLINA  AUTO. S/PB 98 I.O.;1209
2023-07;Comunitat Valenciana;Valencia/València;OTRAS GASOLINAS;7
2023-07;Comunitat Valenciana;Valencia/València;FUELÓLEO  BIA;123
2023-07;Comunitat Valenciana;Valencia/València;OTROS FUELÓLEOS;24458
2023-07;Comunitat Valenciana;Valencia/València;QUEROSENO AVIACIÓN;15870
2023-07;Comunitat Valenciana;Valencia/València;OTROS QUEROSENOS;0
2023-07;Comunitat Valenciana;Valencia/València;GLP;3156
2023-07;Extremadura;Badajoz;BIODIESEL;13
2023-07;Extremadura;Badajoz;GASÓLEO A;42884
2023-07;Extremadura;Badajoz;GASÓLEO B;8141
2023-07;Extremadura;Badajoz;GASÓLEO C;72
2023-07;Extremadura;Badajoz;OTROS GASOLEOS;0
2023-07;Extremadura;Badajoz;BIOETANOL;0
2023-07;Extremadura;Badajoz;GASOLINA  AUTO. S/PB 95 I.O.;6245
2023-07;Extremadura;Badajoz;GASOLINA  AUTO. S/PB 98 I.O.;194
2023-07;Extremadura;Badajoz;OTRAS GASOLINAS;8
2023-07;Extremadura;Badajoz;FUELÓLEO  BIA;178
2023-07;Extremadura;Badajoz;OTROS FUELÓLEOS;0
2023-07;Extremadura;Badajoz;QUEROSENO AVIACIÓN;59
2023-07;Extremadura;Badajoz;OTROS QUEROSENOS;0
2023-07;Extremadura;Badajoz;GLP;1204
2023-07;Extremadura;Cáceres;BIODIESEL;0
2023-07;Extremadura;Cáceres;GASÓLEO A;17418
2023-07;Extremadura;Cáceres;GASÓLEO B;2655
2023-07;Extremadura;Cáceres;GASÓLEO C;178
2023-07;Extremadura;Cáceres;OTROS GASOLEOS;0
2023-07;Extremadura;Cáceres;BIOETANOL;0
2023-07;Extremadura;Cáceres;GASOLINA  AUTO. S/PB 95 I.O.;4061
2023-07;Extremadura;Cáceres;GASOLINA  AUTO. S/PB 98 I.O.;146
2023-07;Extremadura;Cáceres;OTRAS GASOLINAS;0
2023-07;Extremadura;Cáceres;FUELÓLEO  BIA;50
2023-07;Extremadura;Cáceres;OTROS FUELÓLEOS;0
2023-07;Extremadura;Cáceres;QUEROSENO AVIACIÓN;0
2023-07;Extremadura;Cáceres;OTROS QUEROSENOS;0
2023-07;Extremadura;Cáceres;GLP;960
2023-07;Galicia;Coruña, A;BIODIESEL;0
2023-07;Galicia;Coruña, A;GASÓLEO A;44866
2023-07;Galicia;Coruña, A;GASÓLEO B;7275
2023-07;Galicia;Coruña, A;GASÓLEO C;2223
2023-07;Galicia;Coruña, A;OTROS GASOLEOS;4596
2023-07;Galicia;Coruña, A;BIOETANOL;0
2023-07;Galicia;Coruña, A;GASOLINA  AUTO. S/PB 95 I.O.;11069
2023-07;Galicia;Coruña, A;GASOLINA  AUTO. S/PB 98 I.O.;444
2023-07;Galicia;Coruña, A;OTRAS GASOLINAS;5
2023-07;Galicia;Coruña, A;FUELÓLEO  BIA;7459
2023-07;Galicia;Coruña, A;OTROS FUELÓLEOS;686
2023-07;Galicia;Coruña, A;QUEROSENO AVIACIÓN;5810
2023-07;Galicia;Coruña, A;OTROS QUEROSENOS;0
2023-07;Galicia;Coruña, A;GLP;2676
2023-07;Galicia;Lugo;BIODIESEL;0
2023-07;Galicia;Lugo;GASÓLEO A;19050
2023-07;Galicia;Lugo;GASÓLEO B;4798
2023-07;Galicia;Lugo;GASÓLEO C;883
2023-07;Galicia;Lugo;OTROS GASOLEOS;1641
2023-07;Galicia;Lugo;BIOETANOL;0
2023-07;Galicia;Lugo;GASOLINA  AUTO. S/PB 95 I.O.;3762
2023-07;Galicia;Lugo;GASOLINA  AUTO. S/PB 98 I.O.;165
2023-07;Galicia;Lugo;OTRAS GASOLINAS;5
2023-07;Galicia;Lugo;FUELÓLEO  BIA;25
2023-07;Galicia;Lugo;OTROS FUELÓLEOS;50
2023-07;Galicia;Lugo;QUEROSENO AVIACIÓN;0
2023-07;Galicia;Lugo;OTROS QUEROSENOS;0
2023-07;Galicia;Lugo;GLP;1021
2023-07;Galicia;Ourense;BIODIESEL;0
2023-07;Galicia;Ourense;GASÓLEO A;15159
2023-07;Galicia;Ourense;GASÓLEO B;2856
2023-07;Galicia;Ourense;GASÓLEO C;1253
2023-07;Galicia;Ourense;OTROS GASOLEOS;133
2023-07;Galicia;Ourense;BIOETANOL;0
2023-07;Galicia;Ourense;GASOLINA  AUTO. S/PB 95 I.O.;3360
2023-07;Galicia;Ourense;GASOLINA  AUTO. S/PB 98 I.O.;264
2023-07;Galicia;Ourense;OTRAS GASOLINAS;0
2023-07;Galicia;Ourense;FUELÓLEO  BIA;161
2023-07;Galicia;Ourense;OTROS FUELÓLEOS;0
2023-07;Galicia;Ourense;QUEROSENO AVIACIÓN;27
2023-07;Galicia;Ourense;OTROS QUEROSENOS;0
2023-07;Galicia;Ourense;GLP;754
2023-07;Galicia;Pontevedra;BIODIESEL;0
2023-07;Galicia;Pontevedra;GASÓLEO A;37595
2023-07;Galicia;Pontevedra;GASÓLEO B;4294
2023-07;Galicia;Pontevedra;GASÓLEO C;2151
2023-07;Galicia;Pontevedra;OTROS GASOLEOS;5246
2023-07;Galicia;Pontevedra;BIOETANOL;0
2023-07;Galicia;Pontevedra;GASOLINA  AUTO. S/PB 95 I.O.;9646
2023-07;Galicia;Pontevedra;GASOLINA  AUTO. S/PB 98 I.O.;541
2023-07;Galicia;Pontevedra;OTRAS GASOLINAS;2
2023-07;Galicia;Pontevedra;FUELÓLEO  BIA;970
2023-07;Galicia;Pontevedra;OTROS FUELÓLEOS;478
2023-07;Galicia;Pontevedra;QUEROSENO AVIACIÓN;794
2023-07;Galicia;Pontevedra;OTROS QUEROSENOS;0
2023-07;Galicia;Pontevedra;GLP;2412
2023-07;Madrid, Comunidad de;Madrid;BIODIESEL;12
2023-07;Madrid, Comunidad de;Madrid;GASÓLEO A;159358
2023-07;Madrid, Comunidad de;Madrid;GASÓLEO B;8791
2023-07;Madrid, Comunidad de;Madrid;GASÓLEO C;3715
2023-07;Madrid, Comunidad de;Madrid;OTROS GASOLEOS;0
2023-07;Madrid, Comunidad de;Madrid;BIOETANOL;0
2023-07;Madrid, Comunidad de;Madrid;GASOLINA  AUTO. S/PB 95 I.O.;64113
2023-07;Madrid, Comunidad de;Madrid;GASOLINA  AUTO. S/PB 98 I.O.;2482
2023-07;Madrid, Comunidad de;Madrid;OTRAS GASOLINAS;70
2023-07;Madrid, Comunidad de;Madrid;FUELÓLEO  BIA;311
2023-07;Madrid, Comunidad de;Madrid;OTROS FUELÓLEOS;39
2023-07;Madrid, Comunidad de;Madrid;QUEROSENO AVIACIÓN;214419
2023-07;Madrid, Comunidad de;Madrid;OTROS QUEROSENOS;0
2023-07;Madrid, Comunidad de;Madrid;GLP;5174
2023-07;Melilla;Melilla;BIODIESEL;0
2023-07;Melilla;Melilla;GASÓLEO A;1237
2023-07;Melilla;Melilla;GASÓLEO B;0
2023-07;Melilla;Melilla;GASÓLEO C;0
2023-07;Melilla;Melilla;OTROS GASOLEOS;0
2023-07;Melilla;Melilla;BIOETANOL;0
2023-07;Melilla;Melilla;GASOLINA  AUTO. S/PB 95 I.O.;631
2023-07;Melilla;Melilla;GASOLINA  AUTO. S/PB 98 I.O.;0
2023-07;Melilla;Melilla;OTRAS GASOLINAS;0
2023-07;Melilla;Melilla;FUELÓLEO  BIA;5478
2023-07;Melilla;Melilla;OTROS FUELÓLEOS;0
2023-07;Melilla;Melilla;QUEROSENO AVIACIÓN;165
2023-07;Melilla;Melilla;OTROS QUEROSENOS;0
2023-07;Melilla;Melilla;GLP;113
2023-07;Murcia, Región de;Murcia;BIODIESEL;0
2023-07;Murcia, Región de;Murcia;GASÓLEO A;89135
2023-07;Murcia, Región de;Murcia;GASÓLEO B;12662
2023-07;Murcia, Región de;Murcia;GASÓLEO C;302
2023-07;Murcia, Región de;Murcia;OTROS GASOLEOS;1379
2023-07;Murcia, Región de;Murcia;BIOETANOL;4
2023-07;Murcia, Región de;Murcia;GASOLINA  AUTO. S/PB 95 I.O.;15796
2023-07;Murcia, Región de;Murcia;GASOLINA  AUTO. S/PB 98 I.O.;630
2023-07;Murcia, Región de;Murcia;OTRAS GASOLINAS;4
2023-07;Murcia, Región de;Murcia;FUELÓLEO  BIA;366
2023-07;Murcia, Región de;Murcia;OTROS FUELÓLEOS;0
2023-07;Murcia, Región de;Murcia;QUEROSENO AVIACIÓN;1764
2023-07;Murcia, Región de;Murcia;OTROS QUEROSENOS;0
2023-07;Murcia, Región de;Murcia;GLP;2399
2023-07;Navarra, Comunidad Foral de;Navarra;BIODIESEL;0
2023-07;Navarra, Comunidad Foral de;Navarra;GASÓLEO A;44222
2023-07;Navarra, Comunidad Foral de;Navarra;GASÓLEO B;6317
2023-07;Navarra, Comunidad Foral de;Navarra;GASÓLEO C;201
2023-07;Navarra, Comunidad Foral de;Navarra;OTROS GASOLEOS;0
2023-07;Navarra, Comunidad Foral de;Navarra;BIOETANOL;0
2023-07;Navarra, Comunidad Foral de;Navarra;GASOLINA  AUTO. S/PB 95 I.O.;6801
2023-07;Navarra, Comunidad Foral de;Navarra;GASOLINA  AUTO. S/PB 98 I.O.;262
2023-07;Navarra, Comunidad Foral de;Navarra;OTRAS GASOLINAS;3
2023-07;Navarra, Comunidad Foral de;Navarra;FUELÓLEO  BIA;315
2023-07;Navarra, Comunidad Foral de;Navarra;OTROS FUELÓLEOS;0
2023-07;Navarra, Comunidad Foral de;Navarra;QUEROSENO AVIACIÓN;205
2023-07;Navarra, Comunidad Foral de;Navarra;OTROS QUEROSENOS;0
2023-07;Navarra, Comunidad Foral de;Navarra;GLP;1887
2023-07;País Vasco;Araba/Álava;BIODIESEL;8
2023-07;País Vasco;Araba/Álava;GASÓLEO A;41610
2023-07;País Vasco;Araba/Álava;GASÓLEO B;2784
2023-07;País Vasco;Araba/Álava;GASÓLEO C;242
2023-07;País Vasco;Araba/Álava;OTROS GASOLEOS;0
2023-07;País Vasco;Araba/Álava;BIOETANOL;0
2023-07;País Vasco;Araba/Álava;GASOLINA  AUTO. S/PB 95 I.O.;3758
2023-07;País Vasco;Araba/Álava;GASOLINA  AUTO. S/PB 98 I.O.;186
2023-07;País Vasco;Araba/Álava;OTRAS GASOLINAS;1
2023-07;País Vasco;Araba/Álava;FUELÓLEO  BIA;236
2023-07;País Vasco;Araba/Álava;OTROS FUELÓLEOS;0
2023-07;País Vasco;Araba/Álava;QUEROSENO AVIACIÓN;947
2023-07;País Vasco;Araba/Álava;OTROS QUEROSENOS;0
2023-07;País Vasco;Araba/Álava;GLP;1242
2023-07;País Vasco;Bizkaia;BIODIESEL;0
2023-07;País Vasco;Bizkaia;GASÓLEO A;48233
2023-07;País Vasco;Bizkaia;GASÓLEO B;7790
2023-07;País Vasco;Bizkaia;GASÓLEO C;1396
2023-07;País Vasco;Bizkaia;OTROS GASOLEOS;1588
2023-07;País Vasco;Bizkaia;BIOETANOL;0
2023-07;País Vasco;Bizkaia;GASOLINA  AUTO. S/PB 95 I.O.;8764
2023-07;País Vasco;Bizkaia;GASOLINA  AUTO. S/PB 98 I.O.;431
2023-07;País Vasco;Bizkaia;OTRAS GASOLINAS;1
2023-07;País Vasco;Bizkaia;FUELÓLEO  BIA;71
2023-07;País Vasco;Bizkaia;OTROS FUELÓLEOS;0
2023-07;País Vasco;Bizkaia;QUEROSENO AVIACIÓN;8600
2023-07;País Vasco;Bizkaia;OTROS QUEROSENOS;2
2023-07;País Vasco;Bizkaia;GLP;760
2023-07;País Vasco;Gipuzkoa;BIODIESEL;0
2023-07;País Vasco;Gipuzkoa;GASÓLEO A;57418
2023-07;País Vasco;Gipuzkoa;GASÓLEO B;1610
2023-07;País Vasco;Gipuzkoa;GASÓLEO C;164
2023-07;País Vasco;Gipuzkoa;OTROS GASOLEOS;1405
2023-07;País Vasco;Gipuzkoa;BIOETANOL;0
2023-07;País Vasco;Gipuzkoa;GASOLINA  AUTO. S/PB 95 I.O.;8730
2023-07;País Vasco;Gipuzkoa;GASOLINA  AUTO. S/PB 98 I.O.;568
2023-07;País Vasco;Gipuzkoa;OTRAS GASOLINAS;5
2023-07;País Vasco;Gipuzkoa;FUELÓLEO  BIA;120
2023-07;País Vasco;Gipuzkoa;OTROS FUELÓLEOS;0
2023-07;País Vasco;Gipuzkoa;QUEROSENO AVIACIÓN;630
2023-07;País Vasco;Gipuzkoa;OTROS QUEROSENOS;0
2023-07;País Vasco;Gipuzkoa;GLP;867
2023-07;Rioja, La;Rioja, La;BIODIESEL;0
2023-07;Rioja, La;Rioja, La;GASÓLEO A;13489
2023-07;Rioja, La;Rioja, La;GASÓLEO B;3495
2023-07;Rioja, La;Rioja, La;GASÓLEO C;460
2023-07;Rioja, La;Rioja, La;OTROS GASOLEOS;0
2023-07;Rioja, La;Rioja, La;BIOETANOL;0
2023-07;Rioja, La;Rioja, La;GASOLINA  AUTO. S/PB 95 I.O.;2967
2023-07;Rioja, La;Rioja, La;GASOLINA  AUTO. S/PB 98 I.O.;107
2023-07;Rioja, La;Rioja, La;OTRAS GASOLINAS;0
2023-07;Rioja, La;Rioja, La;FUELÓLEO  BIA;40
2023-07;Rioja, La;Rioja, La;OTROS FUELÓLEOS;0
2023-07;Rioja, La;Rioja, La;QUEROSENO AVIACIÓN;22
2023-07;Rioja, La;Rioja, La;OTROS QUEROSENOS;0
2023-07;Rioja, La;Rioja, La;GLP;553
2023-08;Andalucía;Almería;BIODIESEL;0
2023-08;Andalucía;Almería;GASÓLEO A;29337
2023-08;Andalucía;Almería;GASÓLEO B;4799
2023-08;Andalucía;Almería;GASÓLEO C;58
2023-08;Andalucía;Almería;OTROS GASOLEOS;2165
2023-08;Andalucía;Almería;BIOETANOL;0
2023-08;Andalucía;Almería;GASOLINA  AUTO. S/PB 95 I.O.;7516
2023-08;Andalucía;Almería;GASOLINA  AUTO. S/PB 98 I.O.;336
2023-08;Andalucía;Almería;OTRAS GASOLINAS;1
2023-08;Andalucía;Almería;FUELÓLEO  BIA;182
2023-08;Andalucía;Almería;OTROS FUELÓLEOS;5135
2023-08;Andalucía;Almería;QUEROSENO AVIACIÓN;1438
2023-08;Andalucía;Almería;OTROS QUEROSENOS;0
2023-08;Andalucía;Almería;GLP;1683
2023-08;Andalucía;Cádiz;BIODIESEL;0
2023-08;Andalucía;Cádiz;GASÓLEO A;38585
2023-08;Andalucía;Cádiz;GASÓLEO B;6826
2023-08;Andalucía;Cádiz;GASÓLEO C;361
2023-08;Andalucía;Cádiz;OTROS GASOLEOS;43592
2023-08;Andalucía;Cádiz;BIOETANOL;0
2023-08;Andalucía;Cádiz;GASOLINA  AUTO. S/PB 95 I.O.;14540
2023-08;Andalucía;Cádiz;GASOLINA  AUTO. S/PB 98 I.O.;453
2023-08;Andalucía;Cádiz;OTRAS GASOLINAS;39
2023-08;Andalucía;Cádiz;FUELÓLEO  BIA;28274
2023-08;Andalucía;Cádiz;OTROS FUELÓLEOS;286942
2023-08;Andalucía;Cádiz;QUEROSENO AVIACIÓN;1456
2023-08;Andalucía;Cádiz;OTROS QUEROSENOS;0
2023-08;Andalucía;Cádiz;GLP;2895
2023-08;Andalucía;Córdoba;BIODIESEL;0
2023-08;Andalucía;Córdoba;GASÓLEO A;26641
2023-08;Andalucía;Córdoba;GASÓLEO B;5889
2023-08;Andalucía;Córdoba;GASÓLEO C;295
2023-08;Andalucía;Córdoba;OTROS GASOLEOS;0
2023-08;Andalucía;Córdoba;BIOETANOL;0
2023-08;Andalucía;Córdoba;GASOLINA  AUTO. S/PB 95 I.O.;6061
2023-08;Andalucía;Córdoba;GASOLINA  AUTO. S/PB 98 I.O.;122
2023-08;Andalucía;Córdoba;OTRAS GASOLINAS;3
2023-08;Andalucía;Córdoba;FUELÓLEO  BIA;0
2023-08;Andalucía;Córdoba;OTROS FUELÓLEOS;0
2023-08;Andalucía;Córdoba;QUEROSENO AVIACIÓN;23
2023-08;Andalucía;Córdoba;OTROS QUEROSENOS;0
2023-08;Andalucía;Córdoba;GLP;1042
2023-08;Andalucía;Granada;BIODIESEL;0
2023-08;Andalucía;Granada;GASÓLEO A;34750
2023-08;Andalucía;Granada;GASÓLEO B;4409
2023-08;Andalucía;Granada;GASÓLEO C;509
2023-08;Andalucía;Granada;OTROS GASOLEOS;256
2023-08;Andalucía;Granada;BIOETANOL;0
2023-08;Andalucía;Granada;GASOLINA  AUTO. S/PB 95 I.O.;9613
2023-08;Andalucía;Granada;GASOLINA  AUTO. S/PB 98 I.O.;440
2023-08;Andalucía;Granada;OTRAS GASOLINAS;2
2023-08;Andalucía;Granada;FUELÓLEO  BIA;52
2023-08;Andalucía;Granada;OTROS FUELÓLEOS;1840
2023-08;Andalucía;Granada;QUEROSENO AVIACIÓN;461
2023-08;Andalucía;Granada;OTROS QUEROSENOS;0
2023-08;Andalucía;Granada;GLP;2013
2023-08;Andalucía;Huelva;BIODIESEL;0
2023-08;Andalucía;Huelva;GASÓLEO A;30618
2023-08;Andalucía;Huelva;GASÓLEO B;8269
2023-08;Andalucía;Huelva;GASÓLEO C;115
2023-08;Andalucía;Huelva;OTROS GASOLEOS;3435
2023-08;Andalucía;Huelva;BIOETANOL;0
2023-08;Andalucía;Huelva;GASOLINA  AUTO. S/PB 95 I.O.;6252
2023-08;Andalucía;Huelva;GASOLINA  AUTO. S/PB 98 I.O.;211
2023-08;Andalucía;Huelva;OTRAS GASOLINAS;0
2023-08;Andalucía;Huelva;FUELÓLEO  BIA;563
2023-08;Andalucía;Huelva;OTROS FUELÓLEOS;12852
2023-08;Andalucía;Huelva;QUEROSENO AVIACIÓN;0
2023-08;Andalucía;Huelva;OTROS QUEROSENOS;0
2023-08;Andalucía;Huelva;GLP;1582
2023-08;Andalucía;Jaén;BIODIESEL;0
2023-08;Andalucía;Jaén;GASÓLEO A;25533
2023-08;Andalucía;Jaén;GASÓLEO B;2837
2023-08;Andalucía;Jaén;GASÓLEO C;160
2023-08;Andalucía;Jaén;OTROS GASOLEOS;0
2023-08;Andalucía;Jaén;BIOETANOL;0
2023-08;Andalucía;Jaén;GASOLINA  AUTO. S/PB 95 I.O.;4786
2023-08;Andalucía;Jaén;GASOLINA  AUTO. S/PB 98 I.O.;132
2023-08;Andalucía;Jaén;OTRAS GASOLINAS;0
2023-08;Andalucía;Jaén;FUELÓLEO  BIA;0
2023-08;Andalucía;Jaén;OTROS FUELÓLEOS;0
2023-08;Andalucía;Jaén;QUEROSENO AVIACIÓN;0
2023-08;Andalucía;Jaén;OTROS QUEROSENOS;0
2023-08;Andalucía;Jaén;GLP;1157
2023-08;Andalucía;Málaga;BIODIESEL;0
2023-08;Andalucía;Málaga;GASÓLEO A;62590
2023-08;Andalucía;Málaga;GASÓLEO B;3950
2023-08;Andalucía;Málaga;GASÓLEO C;326
2023-08;Andalucía;Málaga;OTROS GASOLEOS;1617
2023-08;Andalucía;Málaga;BIOETANOL;0
2023-08;Andalucía;Málaga;GASOLINA  AUTO. S/PB 95 I.O.;22850
2023-08;Andalucía;Málaga;GASOLINA  AUTO. S/PB 98 I.O.;1538
2023-08;Andalucía;Málaga;OTRAS GASOLINAS;13
2023-08;Andalucía;Málaga;FUELÓLEO  BIA;129
2023-08;Andalucía;Málaga;OTROS FUELÓLEOS;1591
2023-08;Andalucía;Málaga;QUEROSENO AVIACIÓN;49752
2023-08;Andalucía;Málaga;OTROS QUEROSENOS;0
2023-08;Andalucía;Málaga;GLP;3776
2023-08;Andalucía;Sevilla;BIODIESEL;0
2023-08;Andalucía;Sevilla;GASÓLEO A;53488
2023-08;Andalucía;Sevilla;GASÓLEO B;8259
2023-08;Andalucía;Sevilla;GASÓLEO C;167
2023-08;Andalucía;Sevilla;OTROS GASOLEOS;937
2023-08;Andalucía;Sevilla;BIOETANOL;0
2023-08;Andalucía;Sevilla;GASOLINA  AUTO. S/PB 95 I.O.;15125
2023-08;Andalucía;Sevilla;GASOLINA  AUTO. S/PB 98 I.O.;369
2023-08;Andalucía;Sevilla;OTRAS GASOLINAS;11
2023-08;Andalucía;Sevilla;FUELÓLEO  BIA;269
2023-08;Andalucía;Sevilla;OTROS FUELÓLEOS;129
2023-08;Andalucía;Sevilla;QUEROSENO AVIACIÓN;10068
2023-08;Andalucía;Sevilla;OTROS QUEROSENOS;0
2023-08;Andalucía;Sevilla;GLP;2474
2023-08;Aragón;Huesca;BIODIESEL;0
2023-08;Aragón;Huesca;GASÓLEO A;16938
2023-08;Aragón;Huesca;GASÓLEO B;4833
2023-08;Aragón;Huesca;GASÓLEO C;304
2023-08;Aragón;Huesca;OTROS GASOLEOS;0
2023-08;Aragón;Huesca;BIOETANOL;0
2023-08;Aragón;Huesca;GASOLINA  AUTO. S/PB 95 I.O.;4552
2023-08;Aragón;Huesca;GASOLINA  AUTO. S/PB 98 I.O.;231
2023-08;Aragón;Huesca;OTRAS GASOLINAS;6
2023-08;Aragón;Huesca;FUELÓLEO  BIA;51
2023-08;Aragón;Huesca;OTROS FUELÓLEOS;0
2023-08;Aragón;Huesca;QUEROSENO AVIACIÓN;16
2023-08;Aragón;Huesca;OTROS QUEROSENOS;0
2023-08;Aragón;Huesca;GLP;1101
2023-08;Aragón;Teruel;BIODIESEL;0
2023-08;Aragón;Teruel;GASÓLEO A;9635
2023-08;Aragón;Teruel;GASÓLEO B;2968
2023-08;Aragón;Teruel;GASÓLEO C;310
2023-08;Aragón;Teruel;OTROS GASOLEOS;0
2023-08;Aragón;Teruel;BIOETANOL;0
2023-08;Aragón;Teruel;GASOLINA  AUTO. S/PB 95 I.O.;2578
2023-08;Aragón;Teruel;GASOLINA  AUTO. S/PB 98 I.O.;104
2023-08;Aragón;Teruel;OTRAS GASOLINAS;0
2023-08;Aragón;Teruel;FUELÓLEO  BIA;44
2023-08;Aragón;Teruel;OTROS FUELÓLEOS;0
2023-08;Aragón;Teruel;QUEROSENO AVIACIÓN;71
2023-08;Aragón;Teruel;OTROS QUEROSENOS;0
2023-08;Aragón;Teruel;GLP;465
2023-08;Aragón;Zaragoza;BIODIESEL;76
2023-08;Aragón;Zaragoza;GASÓLEO A;40710
2023-08;Aragón;Zaragoza;GASÓLEO B;7387
2023-08;Aragón;Zaragoza;GASÓLEO C;859
2023-08;Aragón;Zaragoza;OTROS GASOLEOS;0
2023-08;Aragón;Zaragoza;BIOETANOL;0
2023-08;Aragón;Zaragoza;GASOLINA  AUTO. S/PB 95 I.O.;10064
2023-08;Aragón;Zaragoza;GASOLINA  AUTO. S/PB 98 I.O.;409
2023-08;Aragón;Zaragoza;OTRAS GASOLINAS;9
2023-08;Aragón;Zaragoza;FUELÓLEO  BIA;0
2023-08;Aragón;Zaragoza;OTROS FUELÓLEOS;0
2023-08;Aragón;Zaragoza;QUEROSENO AVIACIÓN;7915
2023-08;Aragón;Zaragoza;OTROS QUEROSENOS;0
2023-08;Aragón;Zaragoza;GLP;1326
2023-08;Asturias, Principado de;Asturias;BIODIESEL;0
2023-08;Asturias, Principado de;Asturias;GASÓLEO A;36596
2023-08;Asturias, Principado de;Asturias;GASÓLEO B;4897
2023-08;Asturias, Principado de;Asturias;GASÓLEO C;1102
2023-08;Asturias, Principado de;Asturias;OTROS GASOLEOS;3557
2023-08;Asturias, Principado de;Asturias;BIOETANOL;0
2023-08;Asturias, Principado de;Asturias;GASOLINA  AUTO. S/PB 95 I.O.;11501
2023-08;Asturias, Principado de;Asturias;GASOLINA  AUTO. S/PB 98 I.O.;722
2023-08;Asturias, Principado de;Asturias;OTRAS GASOLINAS;4
2023-08;Asturias, Principado de;Asturias;FUELÓLEO  BIA;634
2023-08;Asturias, Principado de;Asturias;OTROS FUELÓLEOS;349
2023-08;Asturias, Principado de;Asturias;QUEROSENO AVIACIÓN;2400
2023-08;Asturias, Principado de;Asturias;OTROS QUEROSENOS;0
2023-08;Asturias, Principado de;Asturias;GLP;1858
2023-08;Balears, Illes;Balears, Illes;BIODIESEL;7
2023-08;Balears, Illes;Balears, Illes;GASÓLEO A;39944
2023-08;Balears, Illes;Balears, Illes;GASÓLEO B;5341
2023-08;Balears, Illes;Balears, Illes;GASÓLEO C;19213
2023-08;Balears, Illes;Balears, Illes;OTROS GASOLEOS;5558
2023-08;Balears, Illes;Balears, Illes;BIOETANOL;0
2023-08;Balears, Illes;Balears, Illes;GASOLINA  AUTO. S/PB 95 I.O.;31279
2023-08;Balears, Illes;Balears, Illes;GASOLINA  AUTO. S/PB 98 I.O.;1228
2023-08;Balears, Illes;Balears, Illes;OTRAS GASOLINAS;30
2023-08;Balears, Illes;Balears, Illes;FUELÓLEO  BIA;0
2023-08;Balears, Illes;Balears, Illes;OTROS FUELÓLEOS;0
2023-08;Balears, Illes;Balears, Illes;QUEROSENO AVIACIÓN;94955
2023-08;Balears, Illes;Balears, Illes;OTROS QUEROSENOS;0
2023-08;Balears, Illes;Balears, Illes;GLP;4497
2023-08;Canarias;Palmas, Las;BIODIESEL;0
2023-08;Canarias;Palmas, Las;GASÓLEO A;27459
2023-08;Canarias;Palmas, Las;GASÓLEO B;0
2023-08;Canarias;Palmas, Las;GASÓLEO C;0
2023-08;Canarias;Palmas, Las;OTROS GASOLEOS;62916
2023-08;Canarias;Palmas, Las;BIOETANOL;0
2023-08;Canarias;Palmas, Las;GASOLINA  AUTO. S/PB 95 I.O.;19530
2023-08;Canarias;Palmas, Las;GASOLINA  AUTO. S/PB 98 I.O.;3391
2023-08;Canarias;Palmas, Las;OTRAS GASOLINAS;4
2023-08;Canarias;Palmas, Las;FUELÓLEO  BIA;89240
2023-08;Canarias;Palmas, Las;OTROS FUELÓLEOS;50894
2023-08;Canarias;Palmas, Las;QUEROSENO AVIACIÓN;40315
2023-08;Canarias;Palmas, Las;OTROS QUEROSENOS;0
2023-08;Canarias;Palmas, Las;GLP;2909
2023-08;Canarias;Santa Cruz de Tenerife;BIODIESEL;0
2023-08;Canarias;Santa Cruz de Tenerife;GASÓLEO A;27037
2023-08;Canarias;Santa Cruz de Tenerife;GASÓLEO B;0
2023-08;Canarias;Santa Cruz de Tenerife;GASÓLEO C;0
2023-08;Canarias;Santa Cruz de Tenerife;OTROS GASOLEOS;53294
2023-08;Canarias;Santa Cruz de Tenerife;BIOETANOL;0
2023-08;Canarias;Santa Cruz de Tenerife;GASOLINA  AUTO. S/PB 95 I.O.;17245
2023-08;Canarias;Santa Cruz de Tenerife;GASOLINA  AUTO. S/PB 98 I.O.;4712
2023-08;Canarias;Santa Cruz de Tenerife;OTRAS GASOLINAS;1
2023-08;Canarias;Santa Cruz de Tenerife;FUELÓLEO  BIA;21882
2023-08;Canarias;Santa Cruz de Tenerife;OTROS FUELÓLEOS;19234
2023-08;Canarias;Santa Cruz de Tenerife;QUEROSENO AVIACIÓN;42168
2023-08;Canarias;Santa Cruz de Tenerife;OTROS QUEROSENOS;0
2023-08;Canarias;Santa Cruz de Tenerife;GLP;3064
2023-08;Cantabria;Cantabria;BIODIESEL;0
2023-08;Cantabria;Cantabria;GASÓLEO A;28076
2023-08;Cantabria;Cantabria;GASÓLEO B;3117
2023-08;Cantabria;Cantabria;GASÓLEO C;48
2023-08;Cantabria;Cantabria;OTROS GASOLEOS;985
2023-08;Cantabria;Cantabria;BIOETANOL;0
2023-08;Cantabria;Cantabria;GASOLINA  AUTO. S/PB 95 I.O.;9698
2023-08;Cantabria;Cantabria;GASOLINA  AUTO. S/PB 98 I.O.;420
2023-08;Cantabria;Cantabria;OTRAS GASOLINAS;2
2023-08;Cantabria;Cantabria;FUELÓLEO  BIA;27
2023-08;Cantabria;Cantabria;OTROS FUELÓLEOS;0
2023-08;Cantabria;Cantabria;QUEROSENO AVIACIÓN;1371
2023-08;Cantabria;Cantabria;OTROS QUEROSENOS;0
2023-08;Cantabria;Cantabria;GLP;1490
2023-08;Castilla - La Mancha;Albacete;BIODIESEL;0
2023-08;Castilla - La Mancha;Albacete;GASÓLEO A;16447
2023-08;Castilla - La Mancha;Albacete;GASÓLEO B;5757
2023-08;Castilla - La Mancha;Albacete;GASÓLEO C;312
2023-08;Castilla - La Mancha;Albacete;OTROS GASOLEOS;0
2023-08;Castilla - La Mancha;Albacete;BIOETANOL;0
2023-08;Castilla - La Mancha;Albacete;GASOLINA  AUTO. S/PB 95 I.O.;4321
2023-08;Castilla - La Mancha;Albacete;GASOLINA  AUTO. S/PB 98 I.O.;180
2023-08;Castilla - La Mancha;Albacete;OTRAS GASOLINAS;0
2023-08;Castilla - La Mancha;Albacete;FUELÓLEO  BIA;0
2023-08;Castilla - La Mancha;Albacete;OTROS FUELÓLEOS;0
2023-08;Castilla - La Mancha;Albacete;QUEROSENO AVIACIÓN;39
2023-08;Castilla - La Mancha;Albacete;OTROS QUEROSENOS;0
2023-08;Castilla - La Mancha;Albacete;GLP;597
2023-08;Castilla - La Mancha;Ciudad Real;BIODIESEL;0
2023-08;Castilla - La Mancha;Ciudad Real;GASÓLEO A;24393
2023-08;Castilla - La Mancha;Ciudad Real;GASÓLEO B;7734
2023-08;Castilla - La Mancha;Ciudad Real;GASÓLEO C;261
2023-08;Castilla - La Mancha;Ciudad Real;OTROS GASOLEOS;0
2023-08;Castilla - La Mancha;Ciudad Real;BIOETANOL;0
2023-08;Castilla - La Mancha;Ciudad Real;GASOLINA  AUTO. S/PB 95 I.O.;4881
2023-08;Castilla - La Mancha;Ciudad Real;GASOLINA  AUTO. S/PB 98 I.O.;155
2023-08;Castilla - La Mancha;Ciudad Real;OTRAS GASOLINAS;0
2023-08;Castilla - La Mancha;Ciudad Real;FUELÓLEO  BIA;61
2023-08;Castilla - La Mancha;Ciudad Real;OTROS FUELÓLEOS;0
2023-08;Castilla - La Mancha;Ciudad Real;QUEROSENO AVIACIÓN;10
2023-08;Castilla - La Mancha;Ciudad Real;OTROS QUEROSENOS;0
2023-08;Castilla - La Mancha;Ciudad Real;GLP;813
2023-08;Castilla - La Mancha;Cuenca;BIODIESEL;0
2023-08;Castilla - La Mancha;Cuenca;GASÓLEO A;15481
2023-08;Castilla - La Mancha;Cuenca;GASÓLEO B;5071
2023-08;Castilla - La Mancha;Cuenca;GASÓLEO C;190
2023-08;Castilla - La Mancha;Cuenca;OTROS GASOLEOS;0
2023-08;Castilla - La Mancha;Cuenca;BIOETANOL;0
2023-08;Castilla - La Mancha;Cuenca;GASOLINA  AUTO. S/PB 95 I.O.;3945
2023-08;Castilla - La Mancha;Cuenca;GASOLINA  AUTO. S/PB 98 I.O.;130
2023-08;Castilla - La Mancha;Cuenca;OTRAS GASOLINAS;3
2023-08;Castilla - La Mancha;Cuenca;FUELÓLEO  BIA;0
2023-08;Castilla - La Mancha;Cuenca;OTROS FUELÓLEOS;0
2023-08;Castilla - La Mancha;Cuenca;QUEROSENO AVIACIÓN;0
2023-08;Castilla - La Mancha;Cuenca;OTROS QUEROSENOS;0
2023-08;Castilla - La Mancha;Cuenca;GLP;525
2023-08;Castilla - La Mancha;Guadalajara;BIODIESEL;0
2023-08;Castilla - La Mancha;Guadalajara;GASÓLEO A;12427
2023-08;Castilla - La Mancha;Guadalajara;GASÓLEO B;2110
2023-08;Castilla - La Mancha;Guadalajara;GASÓLEO C;413
2023-08;Castilla - La Mancha;Guadalajara;OTROS GASOLEOS;0
2023-08;Castilla - La Mancha;Guadalajara;BIOETANOL;0
2023-08;Castilla - La Mancha;Guadalajara;GASOLINA  AUTO. S/PB 95 I.O.;3621
2023-08;Castilla - La Mancha;Guadalajara;GASOLINA  AUTO. S/PB 98 I.O.;95
2023-08;Castilla - La Mancha;Guadalajara;OTRAS GASOLINAS;0
2023-08;Castilla - La Mancha;Guadalajara;FUELÓLEO  BIA;25
2023-08;Castilla - La Mancha;Guadalajara;OTROS FUELÓLEOS;0
2023-08;Castilla - La Mancha;Guadalajara;QUEROSENO AVIACIÓN;0
2023-08;Castilla - La Mancha;Guadalajara;OTROS QUEROSENOS;0
2023-08;Castilla - La Mancha;Guadalajara;GLP;345
2023-08;Castilla - La Mancha;Toledo;BIODIESEL;0
2023-08;Castilla - La Mancha;Toledo;GASÓLEO A;33491
2023-08;Castilla - La Mancha;Toledo;GASÓLEO B;7351
2023-08;Castilla - La Mancha;Toledo;GASÓLEO C;840
2023-08;Castilla - La Mancha;Toledo;OTROS GASOLEOS;0
2023-08;Castilla - La Mancha;Toledo;BIOETANOL;0
2023-08;Castilla - La Mancha;Toledo;GASOLINA  AUTO. S/PB 95 I.O.;7499
2023-08;Castilla - La Mancha;Toledo;GASOLINA  AUTO. S/PB 98 I.O.;268
2023-08;Castilla - La Mancha;Toledo;OTRAS GASOLINAS;0
2023-08;Castilla - La Mancha;Toledo;FUELÓLEO  BIA;128
2023-08;Castilla - La Mancha;Toledo;OTROS FUELÓLEOS;0
2023-08;Castilla - La Mancha;Toledo;QUEROSENO AVIACIÓN;24
2023-08;Castilla - La Mancha;Toledo;OTROS QUEROSENOS;0
2023-08;Castilla - La Mancha;Toledo;GLP;1031
2023-08;Castilla y León;Ávila;BIODIESEL;0
2023-08;Castilla y León;Ávila;GASÓLEO A;7760
2023-08;Castilla y León;Ávila;GASÓLEO B;1953
2023-08;Castilla y León;Ávila;GASÓLEO C;302
2023-08;Castilla y León;Ávila;OTROS GASOLEOS;0
2023-08;Castilla y León;Ávila;BIOETANOL;0
2023-08;Castilla y León;Ávila;GASOLINA  AUTO. S/PB 95 I.O.;2508
2023-08;Castilla y León;Ávila;GASOLINA  AUTO. S/PB 98 I.O.;105
2023-08;Castilla y León;Ávila;OTRAS GASOLINAS;0
2023-08;Castilla y León;Ávila;FUELÓLEO  BIA;0
2023-08;Castilla y León;Ávila;OTROS FUELÓLEOS;0
2023-08;Castilla y León;Ávila;QUEROSENO AVIACIÓN;21
2023-08;Castilla y León;Ávila;OTROS QUEROSENOS;0
2023-08;Castilla y León;Ávila;GLP;644
2023-08;Castilla y León;Burgos;BIODIESEL;0
2023-08;Castilla y León;Burgos;GASÓLEO A;22394
2023-08;Castilla y León;Burgos;GASÓLEO B;5272
2023-08;Castilla y León;Burgos;GASÓLEO C;241
2023-08;Castilla y León;Burgos;OTROS GASOLEOS;0
2023-08;Castilla y León;Burgos;BIOETANOL;0
2023-08;Castilla y León;Burgos;GASOLINA  AUTO. S/PB 95 I.O.;6083
2023-08;Castilla y León;Burgos;GASOLINA  AUTO. S/PB 98 I.O.;562
2023-08;Castilla y León;Burgos;OTRAS GASOLINAS;23
2023-08;Castilla y León;Burgos;FUELÓLEO  BIA;130
2023-08;Castilla y León;Burgos;OTROS FUELÓLEOS;0
2023-08;Castilla y León;Burgos;QUEROSENO AVIACIÓN;33
2023-08;Castilla y León;Burgos;OTROS QUEROSENOS;0
2023-08;Castilla y León;Burgos;GLP;731
2023-08;Castilla y León;León;BIODIESEL;0
2023-08;Castilla y León;León;GASÓLEO A;25681
2023-08;Castilla y León;León;GASÓLEO B;5215
2023-08;Castilla y León;León;GASÓLEO C;1036
2023-08;Castilla y León;León;OTROS GASOLEOS;0
2023-08;Castilla y León;León;BIOETANOL;0
2023-08;Castilla y León;León;GASOLINA  AUTO. S/PB 95 I.O.;8858
2023-08;Castilla y León;León;GASOLINA  AUTO. S/PB 98 I.O.;406
2023-08;Castilla y León;León;OTRAS GASOLINAS;1
2023-08;Castilla y León;León;FUELÓLEO  BIA;127
2023-08;Castilla y León;León;OTROS FUELÓLEOS;0
2023-08;Castilla y León;León;QUEROSENO AVIACIÓN;134
2023-08;Castilla y León;León;OTROS QUEROSENOS;0
2023-08;Castilla y León;León;GLP;1045
2023-08;Castilla y León;Palencia;BIODIESEL;0
2023-08;Castilla y León;Palencia;GASÓLEO A;12466
2023-08;Castilla y León;Palencia;GASÓLEO B;3363
2023-08;Castilla y León;Palencia;GASÓLEO C;143
2023-08;Castilla y León;Palencia;OTROS GASOLEOS;0
2023-08;Castilla y León;Palencia;BIOETANOL;0
2023-08;Castilla y León;Palencia;GASOLINA  AUTO. S/PB 95 I.O.;2623
2023-08;Castilla y León;Palencia;GASOLINA  AUTO. S/PB 98 I.O.;163
2023-08;Castilla y León;Palencia;OTRAS GASOLINAS;0
2023-08;Castilla y León;Palencia;FUELÓLEO  BIA;76
2023-08;Castilla y León;Palencia;OTROS FUELÓLEOS;0
2023-08;Castilla y León;Palencia;QUEROSENO AVIACIÓN;0
2023-08;Castilla y León;Palencia;OTROS QUEROSENOS;0
2023-08;Castilla y León;Palencia;GLP;277
2023-08;Castilla y León;Salamanca;BIODIESEL;0
2023-08;Castilla y León;Salamanca;GASÓLEO A;22498
2023-08;Castilla y León;Salamanca;GASÓLEO B;3242
2023-08;Castilla y León;Salamanca;GASÓLEO C;409
2023-08;Castilla y León;Salamanca;OTROS GASOLEOS;0
2023-08;Castilla y León;Salamanca;BIOETANOL;0
2023-08;Castilla y León;Salamanca;GASOLINA  AUTO. S/PB 95 I.O.;4456
2023-08;Castilla y León;Salamanca;GASOLINA  AUTO. S/PB 98 I.O.;319
2023-08;Castilla y León;Salamanca;OTRAS GASOLINAS;28
2023-08;Castilla y León;Salamanca;FUELÓLEO  BIA;52
2023-08;Castilla y León;Salamanca;OTROS FUELÓLEOS;0
2023-08;Castilla y León;Salamanca;QUEROSENO AVIACIÓN;35
2023-08;Castilla y León;Salamanca;OTROS QUEROSENOS;0
2023-08;Castilla y León;Salamanca;GLP;558
2023-08;Castilla y León;Segovia;BIODIESEL;0
2023-08;Castilla y León;Segovia;GASÓLEO A;8290
2023-08;Castilla y León;Segovia;GASÓLEO B;2764
2023-08;Castilla y León;Segovia;GASÓLEO C;530
2023-08;Castilla y León;Segovia;OTROS GASOLEOS;0
2023-08;Castilla y León;Segovia;BIOETANOL;0
2023-08;Castilla y León;Segovia;GASOLINA  AUTO. S/PB 95 I.O.;2714
2023-08;Castilla y León;Segovia;GASOLINA  AUTO. S/PB 98 I.O.;124
2023-08;Castilla y León;Segovia;OTRAS GASOLINAS;2
2023-08;Castilla y León;Segovia;FUELÓLEO  BIA;26
2023-08;Castilla y León;Segovia;OTROS FUELÓLEOS;0
2023-08;Castilla y León;Segovia;QUEROSENO AVIACIÓN;0
2023-08;Castilla y León;Segovia;OTROS QUEROSENOS;0
2023-08;Castilla y León;Segovia;GLP;679
2023-08;Castilla y León;Soria;BIODIESEL;0
2023-08;Castilla y León;Soria;GASÓLEO A;6066
2023-08;Castilla y León;Soria;GASÓLEO B;1696
2023-08;Castilla y León;Soria;GASÓLEO C;203
2023-08;Castilla y León;Soria;OTROS GASOLEOS;0
2023-08;Castilla y León;Soria;BIOETANOL;0
2023-08;Castilla y León;Soria;GASOLINA  AUTO. S/PB 95 I.O.;1714
2023-08;Castilla y León;Soria;GASOLINA  AUTO. S/PB 98 I.O.;68
2023-08;Castilla y León;Soria;OTRAS GASOLINAS;8
2023-08;Castilla y León;Soria;FUELÓLEO  BIA;0
2023-08;Castilla y León;Soria;OTROS FUELÓLEOS;0
2023-08;Castilla y León;Soria;QUEROSENO AVIACIÓN;0
2023-08;Castilla y León;Soria;OTROS QUEROSENOS;0
2023-08;Castilla y León;Soria;GLP;212
2023-08;Castilla y León;Valladolid;BIODIESEL;0
2023-08;Castilla y León;Valladolid;GASÓLEO A;26194
2023-08;Castilla y León;Valladolid;GASÓLEO B;5366
2023-08;Castilla y León;Valladolid;GASÓLEO C;300
2023-08;Castilla y León;Valladolid;OTROS GASOLEOS;0
2023-08;Castilla y León;Valladolid;BIOETANOL;0
2023-08;Castilla y León;Valladolid;GASOLINA  AUTO. S/PB 95 I.O.;5692
2023-08;Castilla y León;Valladolid;GASOLINA  AUTO. S/PB 98 I.O.;342
2023-08;Castilla y León;Valladolid;OTRAS GASOLINAS;4
2023-08;Castilla y León;Valladolid;FUELÓLEO  BIA;50
2023-08;Castilla y León;Valladolid;OTROS FUELÓLEOS;0
2023-08;Castilla y León;Valladolid;QUEROSENO AVIACIÓN;375
2023-08;Castilla y León;Valladolid;OTROS QUEROSENOS;0
2023-08;Castilla y León;Valladolid;GLP;707
2023-08;Castilla y León;Zamora;BIODIESEL;0
2023-08;Castilla y León;Zamora;GASÓLEO A;16974
2023-08;Castilla y León;Zamora;GASÓLEO B;3195
2023-08;Castilla y León;Zamora;GASÓLEO C;85
2023-08;Castilla y León;Zamora;OTROS GASOLEOS;0
2023-08;Castilla y León;Zamora;BIOETANOL;0
2023-08;Castilla y León;Zamora;GASOLINA  AUTO. S/PB 95 I.O.;3591
2023-08;Castilla y León;Zamora;GASOLINA  AUTO. S/PB 98 I.O.;286
2023-08;Castilla y León;Zamora;OTRAS GASOLINAS;0
2023-08;Castilla y León;Zamora;FUELÓLEO  BIA;94
2023-08;Castilla y León;Zamora;OTROS FUELÓLEOS;0
2023-08;Castilla y León;Zamora;QUEROSENO AVIACIÓN;32
2023-08;Castilla y León;Zamora;OTROS QUEROSENOS;0
2023-08;Castilla y León;Zamora;GLP;440
2023-08;Cataluña;Barcelona;BIODIESEL;169
2023-08;Cataluña;Barcelona;GASÓLEO A;115695
2023-08;Cataluña;Barcelona;GASÓLEO B;10545
2023-08;Cataluña;Barcelona;GASÓLEO C;941
2023-08;Cataluña;Barcelona;OTROS GASOLEOS;17148
2023-08;Cataluña;Barcelona;BIOETANOL;0
2023-08;Cataluña;Barcelona;GASOLINA  AUTO. S/PB 95 I.O.;53407
2023-08;Cataluña;Barcelona;GASOLINA  AUTO. S/PB 98 I.O.;2435
2023-08;Cataluña;Barcelona;OTRAS GASOLINAS;180
2023-08;Cataluña;Barcelona;FUELÓLEO  BIA;16028
2023-08;Cataluña;Barcelona;OTROS FUELÓLEOS;81055
2023-08;Cataluña;Barcelona;QUEROSENO AVIACIÓN;116134
2023-08;Cataluña;Barcelona;OTROS QUEROSENOS;2
2023-08;Cataluña;Barcelona;GLP;3429
2023-08;Cataluña;Girona;BIODIESEL;0
2023-08;Cataluña;Girona;GASÓLEO A;84992
2023-08;Cataluña;Girona;GASÓLEO B;4124
2023-08;Cataluña;Girona;GASÓLEO C;877
2023-08;Cataluña;Girona;OTROS GASOLEOS;716
2023-08;Cataluña;Girona;BIOETANOL;0
2023-08;Cataluña;Girona;GASOLINA  AUTO. S/PB 95 I.O.;21482
2023-08;Cataluña;Girona;GASOLINA  AUTO. S/PB 98 I.O.;1383
2023-08;Cataluña;Girona;OTRAS GASOLINAS;3
2023-08;Cataluña;Girona;FUELÓLEO  BIA;75
2023-08;Cataluña;Girona;OTROS FUELÓLEOS;0
2023-08;Cataluña;Girona;QUEROSENO AVIACIÓN;4043
2023-08;Cataluña;Girona;OTROS QUEROSENOS;0
2023-08;Cataluña;Girona;GLP;2225
2023-08;Cataluña;Lleida;BIODIESEL;0
2023-08;Cataluña;Lleida;GASÓLEO A;22929
2023-08;Cataluña;Lleida;GASÓLEO B;4200
2023-08;Cataluña;Lleida;GASÓLEO C;193
2023-08;Cataluña;Lleida;OTROS GASOLEOS;0
2023-08;Cataluña;Lleida;BIOETANOL;0
2023-08;Cataluña;Lleida;GASOLINA  AUTO. S/PB 95 I.O.;5928
2023-08;Cataluña;Lleida;GASOLINA  AUTO. S/PB 98 I.O.;314
2023-08;Cataluña;Lleida;OTRAS GASOLINAS;-6
2023-08;Cataluña;Lleida;FUELÓLEO  BIA;0
2023-08;Cataluña;Lleida;OTROS FUELÓLEOS;0
2023-08;Cataluña;Lleida;QUEROSENO AVIACIÓN;68
2023-08;Cataluña;Lleida;OTROS QUEROSENOS;0
2023-08;Cataluña;Lleida;GLP;901
2023-08;Cataluña;Tarragona;BIODIESEL;0
2023-08;Cataluña;Tarragona;GASÓLEO A;60076
2023-08;Cataluña;Tarragona;GASÓLEO B;3531
2023-08;Cataluña;Tarragona;GASÓLEO C;192
2023-08;Cataluña;Tarragona;OTROS GASOLEOS;1780
2023-08;Cataluña;Tarragona;BIOETANOL;0
2023-08;Cataluña;Tarragona;GASOLINA  AUTO. S/PB 95 I.O.;15931
2023-08;Cataluña;Tarragona;GASOLINA  AUTO. S/PB 98 I.O.;679
2023-08;Cataluña;Tarragona;OTRAS GASOLINAS;13
2023-08;Cataluña;Tarragona;FUELÓLEO  BIA;54
2023-08;Cataluña;Tarragona;OTROS FUELÓLEOS;271
2023-08;Cataluña;Tarragona;QUEROSENO AVIACIÓN;2547
2023-08;Cataluña;Tarragona;OTROS QUEROSENOS;0
2023-08;Cataluña;Tarragona;GLP;2877
2023-08;Ceuta;Ceuta;BIODIESEL;0
2023-08;Ceuta;Ceuta;GASÓLEO A;1147
2023-08;Ceuta;Ceuta;GASÓLEO B;0
2023-08;Ceuta;Ceuta;GASÓLEO C;0
2023-08;Ceuta;Ceuta;OTROS GASOLEOS;6880
2023-08;Ceuta;Ceuta;BIOETANOL;0
2023-08;Ceuta;Ceuta;GASOLINA  AUTO. S/PB 95 I.O.;536
2023-08;Ceuta;Ceuta;GASOLINA  AUTO. S/PB 98 I.O.;42
2023-08;Ceuta;Ceuta;OTRAS GASOLINAS;0
2023-08;Ceuta;Ceuta;FUELÓLEO  BIA;2297
2023-08;Ceuta;Ceuta;OTROS FUELÓLEOS;7523
2023-08;Ceuta;Ceuta;QUEROSENO AVIACIÓN;0
2023-08;Ceuta;Ceuta;OTROS QUEROSENOS;0
2023-08;Ceuta;Ceuta;GLP;131
2023-08;Comunitat Valenciana;Alicante/Alacant;BIODIESEL;0
2023-08;Comunitat Valenciana;Alicante/Alacant;GASÓLEO A;56471
2023-08;Comunitat Valenciana;Alicante/Alacant;GASÓLEO B;4458
2023-08;Comunitat Valenciana;Alicante/Alacant;GASÓLEO C;705
2023-08;Comunitat Valenciana;Alicante/Alacant;OTROS GASOLEOS;2364
2023-08;Comunitat Valenciana;Alicante/Alacant;BIOETANOL;0
2023-08;Comunitat Valenciana;Alicante/Alacant;GASOLINA  AUTO. S/PB 95 I.O.;29010
2023-08;Comunitat Valenciana;Alicante/Alacant;GASOLINA  AUTO. S/PB 98 I.O.;1136
2023-08;Comunitat Valenciana;Alicante/Alacant;OTRAS GASOLINAS;11
2023-08;Comunitat Valenciana;Alicante/Alacant;FUELÓLEO  BIA;30
2023-08;Comunitat Valenciana;Alicante/Alacant;OTROS FUELÓLEOS;177
2023-08;Comunitat Valenciana;Alicante/Alacant;QUEROSENO AVIACIÓN;29809
2023-08;Comunitat Valenciana;Alicante/Alacant;OTROS QUEROSENOS;0
2023-08;Comunitat Valenciana;Alicante/Alacant;GLP;4236
2023-08;Comunitat Valenciana;Castellón/Castelló;BIODIESEL;0
2023-08;Comunitat Valenciana;Castellón/Castelló;GASÓLEO A;21383
2023-08;Comunitat Valenciana;Castellón/Castelló;GASÓLEO B;1463
2023-08;Comunitat Valenciana;Castellón/Castelló;GASÓLEO C;146
2023-08;Comunitat Valenciana;Castellón/Castelló;OTROS GASOLEOS;12154
2023-08;Comunitat Valenciana;Castellón/Castelló;BIOETANOL;0
2023-08;Comunitat Valenciana;Castellón/Castelló;GASOLINA  AUTO. S/PB 95 I.O.;8956
2023-08;Comunitat Valenciana;Castellón/Castelló;GASOLINA  AUTO. S/PB 98 I.O.;394
2023-08;Comunitat Valenciana;Castellón/Castelló;OTRAS GASOLINAS;9
2023-08;Comunitat Valenciana;Castellón/Castelló;FUELÓLEO  BIA;0
2023-08;Comunitat Valenciana;Castellón/Castelló;OTROS FUELÓLEOS;76
2023-08;Comunitat Valenciana;Castellón/Castelló;QUEROSENO AVIACIÓN;316
2023-08;Comunitat Valenciana;Castellón/Castelló;OTROS QUEROSENOS;0
2023-08;Comunitat Valenciana;Castellón/Castelló;GLP;1166
2023-08;Comunitat Valenciana;Valencia/València;BIODIESEL;0
2023-08;Comunitat Valenciana;Valencia/València;GASÓLEO A;83587
2023-08;Comunitat Valenciana;Valencia/València;GASÓLEO B;8716
2023-08;Comunitat Valenciana;Valencia/València;GASÓLEO C;258
2023-08;Comunitat Valenciana;Valencia/València;OTROS GASOLEOS;6777
2023-08;Comunitat Valenciana;Valencia/València;BIOETANOL;0
2023-08;Comunitat Valenciana;Valencia/València;GASOLINA  AUTO. S/PB 95 I.O.;29716
2023-08;Comunitat Valenciana;Valencia/València;GASOLINA  AUTO. S/PB 98 I.O.;1107
2023-08;Comunitat Valenciana;Valencia/València;OTRAS GASOLINAS;7
2023-08;Comunitat Valenciana;Valencia/València;FUELÓLEO  BIA;54
2023-08;Comunitat Valenciana;Valencia/València;OTROS FUELÓLEOS;25093
2023-08;Comunitat Valenciana;Valencia/València;QUEROSENO AVIACIÓN;16561
2023-08;Comunitat Valenciana;Valencia/València;OTROS QUEROSENOS;0
2023-08;Comunitat Valenciana;Valencia/València;GLP;3039
2023-08;Extremadura;Badajoz;BIODIESEL;0
2023-08;Extremadura;Badajoz;GASÓLEO A;40654
2023-08;Extremadura;Badajoz;GASÓLEO B;8405
2023-08;Extremadura;Badajoz;GASÓLEO C;160
2023-08;Extremadura;Badajoz;OTROS GASOLEOS;0
2023-08;Extremadura;Badajoz;BIOETANOL;0
2023-08;Extremadura;Badajoz;GASOLINA  AUTO. S/PB 95 I.O.;7013
2023-08;Extremadura;Badajoz;GASOLINA  AUTO. S/PB 98 I.O.;214
2023-08;Extremadura;Badajoz;OTRAS GASOLINAS;9
2023-08;Extremadura;Badajoz;FUELÓLEO  BIA;104
2023-08;Extremadura;Badajoz;OTROS FUELÓLEOS;0
2023-08;Extremadura;Badajoz;QUEROSENO AVIACIÓN;85
2023-08;Extremadura;Badajoz;OTROS QUEROSENOS;0
2023-08;Extremadura;Badajoz;GLP;1473
2023-08;Extremadura;Cáceres;BIODIESEL;0
2023-08;Extremadura;Cáceres;GASÓLEO A;18199
2023-08;Extremadura;Cáceres;GASÓLEO B;2625
2023-08;Extremadura;Cáceres;GASÓLEO C;106
2023-08;Extremadura;Cáceres;OTROS GASOLEOS;0
2023-08;Extremadura;Cáceres;BIOETANOL;0
2023-08;Extremadura;Cáceres;GASOLINA  AUTO. S/PB 95 I.O.;4745
2023-08;Extremadura;Cáceres;GASOLINA  AUTO. S/PB 98 I.O.;149
2023-08;Extremadura;Cáceres;OTRAS GASOLINAS;0
2023-08;Extremadura;Cáceres;FUELÓLEO  BIA;50
2023-08;Extremadura;Cáceres;OTROS FUELÓLEOS;0
2023-08;Extremadura;Cáceres;QUEROSENO AVIACIÓN;25
2023-08;Extremadura;Cáceres;OTROS QUEROSENOS;0
2023-08;Extremadura;Cáceres;GLP;1307
2023-08;Galicia;Coruña, A;BIODIESEL;0
2023-08;Galicia;Coruña, A;GASÓLEO A;44296
2023-08;Galicia;Coruña, A;GASÓLEO B;6719
2023-08;Galicia;Coruña, A;GASÓLEO C;1798
2023-08;Galicia;Coruña, A;OTROS GASOLEOS;3460
2023-08;Galicia;Coruña, A;BIOETANOL;0
2023-08;Galicia;Coruña, A;GASOLINA  AUTO. S/PB 95 I.O.;12056
2023-08;Galicia;Coruña, A;GASOLINA  AUTO. S/PB 98 I.O.;563
2023-08;Galicia;Coruña, A;OTRAS GASOLINAS;7
2023-08;Galicia;Coruña, A;FUELÓLEO  BIA;7504
2023-08;Galicia;Coruña, A;OTROS FUELÓLEOS;1266
2023-08;Galicia;Coruña, A;QUEROSENO AVIACIÓN;6697
2023-08;Galicia;Coruña, A;OTROS QUEROSENOS;0
2023-08;Galicia;Coruña, A;GLP;3093
2023-08;Galicia;Lugo;BIODIESEL;0
2023-08;Galicia;Lugo;GASÓLEO A;21000
2023-08;Galicia;Lugo;GASÓLEO B;3913
2023-08;Galicia;Lugo;GASÓLEO C;924
2023-08;Galicia;Lugo;OTROS GASOLEOS;1807
2023-08;Galicia;Lugo;BIOETANOL;0
2023-08;Galicia;Lugo;GASOLINA  AUTO. S/PB 95 I.O.;4141
2023-08;Galicia;Lugo;GASOLINA  AUTO. S/PB 98 I.O.;200
2023-08;Galicia;Lugo;OTRAS GASOLINAS;0
2023-08;Galicia;Lugo;FUELÓLEO  BIA;35
2023-08;Galicia;Lugo;OTROS FUELÓLEOS;0
2023-08;Galicia;Lugo;QUEROSENO AVIACIÓN;0
2023-08;Galicia;Lugo;OTROS QUEROSENOS;0
2023-08;Galicia;Lugo;GLP;1103
2023-08;Galicia;Ourense;BIODIESEL;0
2023-08;Galicia;Ourense;GASÓLEO A;15641
2023-08;Galicia;Ourense;GASÓLEO B;2104
2023-08;Galicia;Ourense;GASÓLEO C;975
2023-08;Galicia;Ourense;OTROS GASOLEOS;0
2023-08;Galicia;Ourense;BIOETANOL;0
2023-08;Galicia;Ourense;GASOLINA  AUTO. S/PB 95 I.O.;4175
2023-08;Galicia;Ourense;GASOLINA  AUTO. S/PB 98 I.O.;337
2023-08;Galicia;Ourense;OTRAS GASOLINAS;0
2023-08;Galicia;Ourense;FUELÓLEO  BIA;55
2023-08;Galicia;Ourense;OTROS FUELÓLEOS;0
2023-08;Galicia;Ourense;QUEROSENO AVIACIÓN;46
2023-08;Galicia;Ourense;OTROS QUEROSENOS;0
2023-08;Galicia;Ourense;GLP;990
2023-08;Galicia;Pontevedra;BIODIESEL;0
2023-08;Galicia;Pontevedra;GASÓLEO A;37101
2023-08;Galicia;Pontevedra;GASÓLEO B;3527
2023-08;Galicia;Pontevedra;GASÓLEO C;1598
2023-08;Galicia;Pontevedra;OTROS GASOLEOS;6706
2023-08;Galicia;Pontevedra;BIOETANOL;0
2023-08;Galicia;Pontevedra;GASOLINA  AUTO. S/PB 95 I.O.;10856
2023-08;Galicia;Pontevedra;GASOLINA  AUTO. S/PB 98 I.O.;595
2023-08;Galicia;Pontevedra;OTRAS GASOLINAS;3
2023-08;Galicia;Pontevedra;FUELÓLEO  BIA;900
2023-08;Galicia;Pontevedra;OTROS FUELÓLEOS;342
2023-08;Galicia;Pontevedra;QUEROSENO AVIACIÓN;1067
2023-08;Galicia;Pontevedra;OTROS QUEROSENOS;0
2023-08;Galicia;Pontevedra;GLP;2678
2023-08;Madrid, Comunidad de;Madrid;BIODIESEL;92
2023-08;Madrid, Comunidad de;Madrid;GASÓLEO A;132543
2023-08;Madrid, Comunidad de;Madrid;GASÓLEO B;7060
2023-08;Madrid, Comunidad de;Madrid;GASÓLEO C;2190
2023-08;Madrid, Comunidad de;Madrid;OTROS GASOLEOS;17
2023-08;Madrid, Comunidad de;Madrid;BIOETANOL;0
2023-08;Madrid, Comunidad de;Madrid;GASOLINA  AUTO. S/PB 95 I.O.;53034
2023-08;Madrid, Comunidad de;Madrid;GASOLINA  AUTO. S/PB 98 I.O.;2018
2023-08;Madrid, Comunidad de;Madrid;OTRAS GASOLINAS;60
2023-08;Madrid, Comunidad de;Madrid;FUELÓLEO  BIA;471
2023-08;Madrid, Comunidad de;Madrid;OTROS FUELÓLEOS;47
2023-08;Madrid, Comunidad de;Madrid;QUEROSENO AVIACIÓN;216549
2023-08;Madrid, Comunidad de;Madrid;OTROS QUEROSENOS;0
2023-08;Madrid, Comunidad de;Madrid;GLP;4648
2023-08;Melilla;Melilla;BIODIESEL;0
2023-08;Melilla;Melilla;GASÓLEO A;1389
2023-08;Melilla;Melilla;GASÓLEO B;0
2023-08;Melilla;Melilla;GASÓLEO C;0
2023-08;Melilla;Melilla;OTROS GASOLEOS;0
2023-08;Melilla;Melilla;BIOETANOL;0
2023-08;Melilla;Melilla;GASOLINA  AUTO. S/PB 95 I.O.;635
2023-08;Melilla;Melilla;GASOLINA  AUTO. S/PB 98 I.O.;0
2023-08;Melilla;Melilla;OTRAS GASOLINAS;0
2023-08;Melilla;Melilla;FUELÓLEO  BIA;2990
2023-08;Melilla;Melilla;OTROS FUELÓLEOS;0
2023-08;Melilla;Melilla;QUEROSENO AVIACIÓN;171
2023-08;Melilla;Melilla;OTROS QUEROSENOS;0
2023-08;Melilla;Melilla;GLP;119
2023-08;Murcia, Región de;Murcia;BIODIESEL;0
2023-08;Murcia, Región de;Murcia;GASÓLEO A;79827
2023-08;Murcia, Región de;Murcia;GASÓLEO B;11193
2023-08;Murcia, Región de;Murcia;GASÓLEO C;145
2023-08;Murcia, Región de;Murcia;OTROS GASOLEOS;1795
2023-08;Murcia, Región de;Murcia;BIOETANOL;0
2023-08;Murcia, Región de;Murcia;GASOLINA  AUTO. S/PB 95 I.O.;15664
2023-08;Murcia, Región de;Murcia;GASOLINA  AUTO. S/PB 98 I.O.;609
2023-08;Murcia, Región de;Murcia;OTRAS GASOLINAS;0
2023-08;Murcia, Región de;Murcia;FUELÓLEO  BIA;260
2023-08;Murcia, Región de;Murcia;OTROS FUELÓLEOS;101
2023-08;Murcia, Región de;Murcia;QUEROSENO AVIACIÓN;1804
2023-08;Murcia, Región de;Murcia;OTROS QUEROSENOS;0
2023-08;Murcia, Región de;Murcia;GLP;2831
2023-08;Navarra, Comunidad Foral de;Navarra;BIODIESEL;0
2023-08;Navarra, Comunidad Foral de;Navarra;GASÓLEO A;40557
2023-08;Navarra, Comunidad Foral de;Navarra;GASÓLEO B;4940
2023-08;Navarra, Comunidad Foral de;Navarra;GASÓLEO C;163
2023-08;Navarra, Comunidad Foral de;Navarra;OTROS GASOLEOS;0
2023-08;Navarra, Comunidad Foral de;Navarra;BIOETANOL;0
2023-08;Navarra, Comunidad Foral de;Navarra;GASOLINA  AUTO. S/PB 95 I.O.;8098
2023-08;Navarra, Comunidad Foral de;Navarra;GASOLINA  AUTO. S/PB 98 I.O.;284
2023-08;Navarra, Comunidad Foral de;Navarra;OTRAS GASOLINAS;3
2023-08;Navarra, Comunidad Foral de;Navarra;FUELÓLEO  BIA;115
2023-08;Navarra, Comunidad Foral de;Navarra;OTROS FUELÓLEOS;0
2023-08;Navarra, Comunidad Foral de;Navarra;QUEROSENO AVIACIÓN;151
2023-08;Navarra, Comunidad Foral de;Navarra;OTROS QUEROSENOS;0
2023-08;Navarra, Comunidad Foral de;Navarra;GLP;809
2023-08;País Vasco;Araba/Álava;BIODIESEL;0
2023-08;País Vasco;Araba/Álava;GASÓLEO A;35899
2023-08;País Vasco;Araba/Álava;GASÓLEO B;1793
2023-08;País Vasco;Araba/Álava;GASÓLEO C;235
2023-08;País Vasco;Araba/Álava;OTROS GASOLEOS;0
2023-08;País Vasco;Araba/Álava;BIOETANOL;0
2023-08;País Vasco;Araba/Álava;GASOLINA  AUTO. S/PB 95 I.O.;3919
2023-08;País Vasco;Araba/Álava;GASOLINA  AUTO. S/PB 98 I.O.;210
2023-08;País Vasco;Araba/Álava;OTRAS GASOLINAS;1
2023-08;País Vasco;Araba/Álava;FUELÓLEO  BIA;238
2023-08;País Vasco;Araba/Álava;OTROS FUELÓLEOS;0
2023-08;País Vasco;Araba/Álava;QUEROSENO AVIACIÓN;1010
2023-08;País Vasco;Araba/Álava;OTROS QUEROSENOS;0
2023-08;País Vasco;Araba/Álava;GLP;660
2023-08;País Vasco;Bizkaia;BIODIESEL;181
2023-08;País Vasco;Bizkaia;GASÓLEO A;31683
2023-08;País Vasco;Bizkaia;GASÓLEO B;6500
2023-08;País Vasco;Bizkaia;GASÓLEO C;1031
2023-08;País Vasco;Bizkaia;OTROS GASOLEOS;1333
2023-08;País Vasco;Bizkaia;BIOETANOL;0
2023-08;País Vasco;Bizkaia;GASOLINA  AUTO. S/PB 95 I.O.;8608
2023-08;País Vasco;Bizkaia;GASOLINA  AUTO. S/PB 98 I.O.;439
2023-08;País Vasco;Bizkaia;OTRAS GASOLINAS;2
2023-08;País Vasco;Bizkaia;FUELÓLEO  BIA;152
2023-08;País Vasco;Bizkaia;OTROS FUELÓLEOS;0
2023-08;País Vasco;Bizkaia;QUEROSENO AVIACIÓN;9544
2023-08;País Vasco;Bizkaia;OTROS QUEROSENOS;2
2023-08;País Vasco;Bizkaia;GLP;776
2023-08;País Vasco;Gipuzkoa;BIODIESEL;0
2023-08;País Vasco;Gipuzkoa;GASÓLEO A;52397
2023-08;País Vasco;Gipuzkoa;GASÓLEO B;1564
2023-08;País Vasco;Gipuzkoa;GASÓLEO C;43
2023-08;País Vasco;Gipuzkoa;OTROS GASOLEOS;1446
2023-08;País Vasco;Gipuzkoa;BIOETANOL;0
2023-08;País Vasco;Gipuzkoa;GASOLINA  AUTO. S/PB 95 I.O.;8055
2023-08;País Vasco;Gipuzkoa;GASOLINA  AUTO. S/PB 98 I.O.;707
2023-08;País Vasco;Gipuzkoa;OTRAS GASOLINAS;2
2023-08;País Vasco;Gipuzkoa;FUELÓLEO  BIA;226
2023-08;País Vasco;Gipuzkoa;OTROS FUELÓLEOS;0
2023-08;País Vasco;Gipuzkoa;QUEROSENO AVIACIÓN;552
2023-08;País Vasco;Gipuzkoa;OTROS QUEROSENOS;0
2023-08;País Vasco;Gipuzkoa;GLP;847
2023-08;Rioja, La;Rioja, La;BIODIESEL;0
2023-08;Rioja, La;Rioja, La;GASÓLEO A;12348
2023-08;Rioja, La;Rioja, La;GASÓLEO B;2254
2023-08;Rioja, La;Rioja, La;GASÓLEO C;348
2023-08;Rioja, La;Rioja, La;OTROS GASOLEOS;0
2023-08;Rioja, La;Rioja, La;BIOETANOL;0
2023-08;Rioja, La;Rioja, La;GASOLINA  AUTO. S/PB 95 I.O.;3427
2023-08;Rioja, La;Rioja, La;GASOLINA  AUTO. S/PB 98 I.O.;170
2023-08;Rioja, La;Rioja, La;OTRAS GASOLINAS;0
2023-08;Rioja, La;Rioja, La;FUELÓLEO  BIA;20
2023-08;Rioja, La;Rioja, La;OTROS FUELÓLEOS;0
2023-08;Rioja, La;Rioja, La;QUEROSENO AVIACIÓN;13
2023-08;Rioja, La;Rioja, La;OTROS QUEROSENOS;0
2023-08;Rioja, La;Rioja, La;GLP;445
2023-09;Andalucía;Almería;BIODIESEL;0
2023-09;Andalucía;Almería;GASÓLEO A;29004
2023-09;Andalucía;Almería;GASÓLEO B;5130
2023-09;Andalucía;Almería;GASÓLEO C;123
2023-09;Andalucía;Almería;OTROS GASOLEOS;2144
2023-09;Andalucía;Almería;BIOETANOL;0
2023-09;Andalucía;Almería;GASOLINA  AUTO. S/PB 95 I.O.;6043
2023-09;Andalucía;Almería;GASOLINA  AUTO. S/PB 98 I.O.;285
2023-09;Andalucía;Almería;OTRAS GASOLINAS;2
2023-09;Andalucía;Almería;FUELÓLEO  BIA;30351
2023-09;Andalucía;Almería;OTROS FUELÓLEOS;15376
2023-09;Andalucía;Almería;QUEROSENO AVIACIÓN;1243
2023-09;Andalucía;Almería;OTROS QUEROSENOS;0
2023-09;Andalucía;Almería;GLP;1545
2023-09;Andalucía;Cádiz;BIODIESEL;0
2023-09;Andalucía;Cádiz;GASÓLEO A;34519
2023-09;Andalucía;Cádiz;GASÓLEO B;7992
2023-09;Andalucía;Cádiz;GASÓLEO C;484
2023-09;Andalucía;Cádiz;OTROS GASOLEOS;45967
2023-09;Andalucía;Cádiz;BIOETANOL;0
2023-09;Andalucía;Cádiz;GASOLINA  AUTO. S/PB 95 I.O.;11352
2023-09;Andalucía;Cádiz;GASOLINA  AUTO. S/PB 98 I.O.;360
2023-09;Andalucía;Cádiz;OTRAS GASOLINAS;40
2023-09;Andalucía;Cádiz;FUELÓLEO  BIA;0
2023-09;Andalucía;Cádiz;OTROS FUELÓLEOS;247541
2023-09;Andalucía;Cádiz;QUEROSENO AVIACIÓN;1443
2023-09;Andalucía;Cádiz;OTROS QUEROSENOS;0
2023-09;Andalucía;Cádiz;GLP;2662
2023-09;Andalucía;Córdoba;BIODIESEL;0
2023-09;Andalucía;Córdoba;GASÓLEO A;30760
2023-09;Andalucía;Córdoba;GASÓLEO B;7303
2023-09;Andalucía;Córdoba;GASÓLEO C;300
2023-09;Andalucía;Córdoba;OTROS GASOLEOS;0
2023-09;Andalucía;Córdoba;BIOETANOL;0
2023-09;Andalucía;Córdoba;GASOLINA  AUTO. S/PB 95 I.O.;4875
2023-09;Andalucía;Córdoba;GASOLINA  AUTO. S/PB 98 I.O.;118
2023-09;Andalucía;Córdoba;OTRAS GASOLINAS;10
2023-09;Andalucía;Córdoba;FUELÓLEO  BIA;35
2023-09;Andalucía;Córdoba;OTROS FUELÓLEOS;0
2023-09;Andalucía;Córdoba;QUEROSENO AVIACIÓN;22
2023-09;Andalucía;Córdoba;OTROS QUEROSENOS;0
2023-09;Andalucía;Córdoba;GLP;1513
2023-09;Andalucía;Granada;BIODIESEL;0
2023-09;Andalucía;Granada;GASÓLEO A;34613
2023-09;Andalucía;Granada;GASÓLEO B;5476
2023-09;Andalucía;Granada;GASÓLEO C;1055
2023-09;Andalucía;Granada;OTROS GASOLEOS;221
2023-09;Andalucía;Granada;BIOETANOL;0
2023-09;Andalucía;Granada;GASOLINA  AUTO. S/PB 95 I.O.;8098
2023-09;Andalucía;Granada;GASOLINA  AUTO. S/PB 98 I.O.;328
2023-09;Andalucía;Granada;OTRAS GASOLINAS;1
2023-09;Andalucía;Granada;FUELÓLEO  BIA;127
2023-09;Andalucía;Granada;OTROS FUELÓLEOS;1487
2023-09;Andalucía;Granada;QUEROSENO AVIACIÓN;559
2023-09;Andalucía;Granada;OTROS QUEROSENOS;0
2023-09;Andalucía;Granada;GLP;2085
2023-09;Andalucía;Huelva;BIODIESEL;0
2023-09;Andalucía;Huelva;GASÓLEO A;22723
2023-09;Andalucía;Huelva;GASÓLEO B;8380
2023-09;Andalucía;Huelva;GASÓLEO C;112
2023-09;Andalucía;Huelva;OTROS GASOLEOS;2173
2023-09;Andalucía;Huelva;BIOETANOL;0
2023-09;Andalucía;Huelva;GASOLINA  AUTO. S/PB 95 I.O.;5152
2023-09;Andalucía;Huelva;GASOLINA  AUTO. S/PB 98 I.O.;164
2023-09;Andalucía;Huelva;OTRAS GASOLINAS;0
2023-09;Andalucía;Huelva;FUELÓLEO  BIA;857
2023-09;Andalucía;Huelva;OTROS FUELÓLEOS;9041
2023-09;Andalucía;Huelva;QUEROSENO AVIACIÓN;0
2023-09;Andalucía;Huelva;OTROS QUEROSENOS;0
2023-09;Andalucía;Huelva;GLP;1624
2023-09;Andalucía;Jaén;BIODIESEL;19
2023-09;Andalucía;Jaén;GASÓLEO A;27403
2023-09;Andalucía;Jaén;GASÓLEO B;3515
2023-09;Andalucía;Jaén;GASÓLEO C;310
2023-09;Andalucía;Jaén;OTROS GASOLEOS;0
2023-09;Andalucía;Jaén;BIOETANOL;0
2023-09;Andalucía;Jaén;GASOLINA  AUTO. S/PB 95 I.O.;4155
2023-09;Andalucía;Jaén;GASOLINA  AUTO. S/PB 98 I.O.;143
2023-09;Andalucía;Jaén;OTRAS GASOLINAS;0
2023-09;Andalucía;Jaén;FUELÓLEO  BIA;0
2023-09;Andalucía;Jaén;OTROS FUELÓLEOS;0
2023-09;Andalucía;Jaén;QUEROSENO AVIACIÓN;0
2023-09;Andalucía;Jaén;OTROS QUEROSENOS;0
2023-09;Andalucía;Jaén;GLP;1270
2023-09;Andalucía;Málaga;BIODIESEL;0
2023-09;Andalucía;Málaga;GASÓLEO A;50319
2023-09;Andalucía;Málaga;GASÓLEO B;4475
2023-09;Andalucía;Málaga;GASÓLEO C;291
2023-09;Andalucía;Málaga;OTROS GASOLEOS;1386
2023-09;Andalucía;Málaga;BIOETANOL;0
2023-09;Andalucía;Málaga;GASOLINA  AUTO. S/PB 95 I.O.;19446
2023-09;Andalucía;Málaga;GASOLINA  AUTO. S/PB 98 I.O.;1161
2023-09;Andalucía;Málaga;OTRAS GASOLINAS;27
2023-09;Andalucía;Málaga;FUELÓLEO  BIA;54
2023-09;Andalucía;Málaga;OTROS FUELÓLEOS;1632
2023-09;Andalucía;Málaga;QUEROSENO AVIACIÓN;45149
2023-09;Andalucía;Málaga;OTROS QUEROSENOS;0
2023-09;Andalucía;Málaga;GLP;3674
2023-09;Andalucía;Sevilla;BIODIESEL;0
2023-09;Andalucía;Sevilla;GASÓLEO A;55373
2023-09;Andalucía;Sevilla;GASÓLEO B;8957
2023-09;Andalucía;Sevilla;GASÓLEO C;367
2023-09;Andalucía;Sevilla;OTROS GASOLEOS;660
2023-09;Andalucía;Sevilla;BIOETANOL;0
2023-09;Andalucía;Sevilla;GASOLINA  AUTO. S/PB 95 I.O.;15453
2023-09;Andalucía;Sevilla;GASOLINA  AUTO. S/PB 98 I.O.;336
2023-09;Andalucía;Sevilla;OTRAS GASOLINAS;16
2023-09;Andalucía;Sevilla;FUELÓLEO  BIA;487
2023-09;Andalucía;Sevilla;OTROS FUELÓLEOS;183
2023-09;Andalucía;Sevilla;QUEROSENO AVIACIÓN;11049
2023-09;Andalucía;Sevilla;OTROS QUEROSENOS;0
2023-09;Andalucía;Sevilla;GLP;3448
2023-09;Aragón;Huesca;BIODIESEL;0
2023-09;Aragón;Huesca;GASÓLEO A;14684
2023-09;Aragón;Huesca;GASÓLEO B;6134
2023-09;Aragón;Huesca;GASÓLEO C;623
2023-09;Aragón;Huesca;OTROS GASOLEOS;0
2023-09;Aragón;Huesca;BIOETANOL;0
2023-09;Aragón;Huesca;GASOLINA  AUTO. S/PB 95 I.O.;3294
2023-09;Aragón;Huesca;GASOLINA  AUTO. S/PB 98 I.O.;176
2023-09;Aragón;Huesca;OTRAS GASOLINAS;6
2023-09;Aragón;Huesca;FUELÓLEO  BIA;38
2023-09;Aragón;Huesca;OTROS FUELÓLEOS;0
2023-09;Aragón;Huesca;QUEROSENO AVIACIÓN;14
2023-09;Aragón;Huesca;OTROS QUEROSENOS;0
2023-09;Aragón;Huesca;GLP;1018
2023-09;Aragón;Teruel;BIODIESEL;0
2023-09;Aragón;Teruel;GASÓLEO A;8650
2023-09;Aragón;Teruel;GASÓLEO B;4364
2023-09;Aragón;Teruel;GASÓLEO C;624
2023-09;Aragón;Teruel;OTROS GASOLEOS;0
2023-09;Aragón;Teruel;BIOETANOL;0
2023-09;Aragón;Teruel;GASOLINA  AUTO. S/PB 95 I.O.;1683
2023-09;Aragón;Teruel;GASOLINA  AUTO. S/PB 98 I.O.;76
2023-09;Aragón;Teruel;OTRAS GASOLINAS;0
2023-09;Aragón;Teruel;FUELÓLEO  BIA;119
2023-09;Aragón;Teruel;OTROS FUELÓLEOS;0
2023-09;Aragón;Teruel;QUEROSENO AVIACIÓN;9
2023-09;Aragón;Teruel;OTROS QUEROSENOS;0
2023-09;Aragón;Teruel;GLP;374
2023-09;Aragón;Zaragoza;BIODIESEL;49
2023-09;Aragón;Zaragoza;GASÓLEO A;42004
2023-09;Aragón;Zaragoza;GASÓLEO B;9468
2023-09;Aragón;Zaragoza;GASÓLEO C;1657
2023-09;Aragón;Zaragoza;OTROS GASOLEOS;17
2023-09;Aragón;Zaragoza;BIOETANOL;0
2023-09;Aragón;Zaragoza;GASOLINA  AUTO. S/PB 95 I.O.;9017
2023-09;Aragón;Zaragoza;GASOLINA  AUTO. S/PB 98 I.O.;296
2023-09;Aragón;Zaragoza;OTRAS GASOLINAS;10
2023-09;Aragón;Zaragoza;FUELÓLEO  BIA;31
2023-09;Aragón;Zaragoza;OTROS FUELÓLEOS;0
2023-09;Aragón;Zaragoza;QUEROSENO AVIACIÓN;8381
2023-09;Aragón;Zaragoza;OTROS QUEROSENOS;0
2023-09;Aragón;Zaragoza;GLP;1283
2023-09;Asturias, Principado de;Asturias;BIODIESEL;0
2023-09;Asturias, Principado de;Asturias;GASÓLEO A;32349
2023-09;Asturias, Principado de;Asturias;GASÓLEO B;4860
2023-09;Asturias, Principado de;Asturias;GASÓLEO C;1711
2023-09;Asturias, Principado de;Asturias;OTROS GASOLEOS;2194
2023-09;Asturias, Principado de;Asturias;BIOETANOL;0
2023-09;Asturias, Principado de;Asturias;GASOLINA  AUTO. S/PB 95 I.O.;9256
2023-09;Asturias, Principado de;Asturias;GASOLINA  AUTO. S/PB 98 I.O.;487
2023-09;Asturias, Principado de;Asturias;OTRAS GASOLINAS;3
2023-09;Asturias, Principado de;Asturias;FUELÓLEO  BIA;593
2023-09;Asturias, Principado de;Asturias;OTROS FUELÓLEOS;731
2023-09;Asturias, Principado de;Asturias;QUEROSENO AVIACIÓN;2136
2023-09;Asturias, Principado de;Asturias;OTROS QUEROSENOS;0
2023-09;Asturias, Principado de;Asturias;GLP;1753
2023-09;Balears, Illes;Balears, Illes;BIODIESEL;7
2023-09;Balears, Illes;Balears, Illes;GASÓLEO A;32686
2023-09;Balears, Illes;Balears, Illes;GASÓLEO B;4209
2023-09;Balears, Illes;Balears, Illes;GASÓLEO C;11957
2023-09;Balears, Illes;Balears, Illes;OTROS GASOLEOS;4352
2023-09;Balears, Illes;Balears, Illes;BIOETANOL;0
2023-09;Balears, Illes;Balears, Illes;GASOLINA  AUTO. S/PB 95 I.O.;25236
2023-09;Balears, Illes;Balears, Illes;GASOLINA  AUTO. S/PB 98 I.O.;939
2023-09;Balears, Illes;Balears, Illes;OTRAS GASOLINAS;27
2023-09;Balears, Illes;Balears, Illes;FUELÓLEO  BIA;0
2023-09;Balears, Illes;Balears, Illes;OTROS FUELÓLEOS;0
2023-09;Balears, Illes;Balears, Illes;QUEROSENO AVIACIÓN;80046
2023-09;Balears, Illes;Balears, Illes;OTROS QUEROSENOS;0
2023-09;Balears, Illes;Balears, Illes;GLP;4095
2023-09;Canarias;Palmas, Las;BIODIESEL;0
2023-09;Canarias;Palmas, Las;GASÓLEO A;26853
2023-09;Canarias;Palmas, Las;GASÓLEO B;0
2023-09;Canarias;Palmas, Las;GASÓLEO C;1920
2023-09;Canarias;Palmas, Las;OTROS GASOLEOS;62413
2023-09;Canarias;Palmas, Las;BIOETANOL;0
2023-09;Canarias;Palmas, Las;GASOLINA  AUTO. S/PB 95 I.O.;18569
2023-09;Canarias;Palmas, Las;GASOLINA  AUTO. S/PB 98 I.O.;3229
2023-09;Canarias;Palmas, Las;OTRAS GASOLINAS;4
2023-09;Canarias;Palmas, Las;FUELÓLEO  BIA;86598
2023-09;Canarias;Palmas, Las;OTROS FUELÓLEOS;68611
2023-09;Canarias;Palmas, Las;QUEROSENO AVIACIÓN;40405
2023-09;Canarias;Palmas, Las;OTROS QUEROSENOS;0
2023-09;Canarias;Palmas, Las;GLP;2693
2023-09;Canarias;Santa Cruz de Tenerife;BIODIESEL;0
2023-09;Canarias;Santa Cruz de Tenerife;GASÓLEO A;26126
2023-09;Canarias;Santa Cruz de Tenerife;GASÓLEO B;0
2023-09;Canarias;Santa Cruz de Tenerife;GASÓLEO C;0
2023-09;Canarias;Santa Cruz de Tenerife;OTROS GASOLEOS;54269
2023-09;Canarias;Santa Cruz de Tenerife;BIOETANOL;0
2023-09;Canarias;Santa Cruz de Tenerife;GASOLINA  AUTO. S/PB 95 I.O.;16864
2023-09;Canarias;Santa Cruz de Tenerife;GASOLINA  AUTO. S/PB 98 I.O.;4718
2023-09;Canarias;Santa Cruz de Tenerife;OTRAS GASOLINAS;1
2023-09;Canarias;Santa Cruz de Tenerife;FUELÓLEO  BIA;21542
2023-09;Canarias;Santa Cruz de Tenerife;OTROS FUELÓLEOS;28558
2023-09;Canarias;Santa Cruz de Tenerife;QUEROSENO AVIACIÓN;40856
2023-09;Canarias;Santa Cruz de Tenerife;OTROS QUEROSENOS;8
2023-09;Canarias;Santa Cruz de Tenerife;GLP;3025
2023-09;Cantabria;Cantabria;BIODIESEL;0
2023-09;Cantabria;Cantabria;GASÓLEO A;24690
2023-09;Cantabria;Cantabria;GASÓLEO B;3288
2023-09;Cantabria;Cantabria;GASÓLEO C;61
2023-09;Cantabria;Cantabria;OTROS GASOLEOS;732
2023-09;Cantabria;Cantabria;BIOETANOL;0
2023-09;Cantabria;Cantabria;GASOLINA  AUTO. S/PB 95 I.O.;6884
2023-09;Cantabria;Cantabria;GASOLINA  AUTO. S/PB 98 I.O.;299
2023-09;Cantabria;Cantabria;OTRAS GASOLINAS;2
2023-09;Cantabria;Cantabria;FUELÓLEO  BIA;628
2023-09;Cantabria;Cantabria;OTROS FUELÓLEOS;26
2023-09;Cantabria;Cantabria;QUEROSENO AVIACIÓN;1126
2023-09;Cantabria;Cantabria;OTROS QUEROSENOS;0
2023-09;Cantabria;Cantabria;GLP;1006
2023-09;Castilla - La Mancha;Albacete;BIODIESEL;0
2023-09;Castilla - La Mancha;Albacete;GASÓLEO A;16426
2023-09;Castilla - La Mancha;Albacete;GASÓLEO B;5944
2023-09;Castilla - La Mancha;Albacete;GASÓLEO C;709
2023-09;Castilla - La Mancha;Albacete;OTROS GASOLEOS;0
2023-09;Castilla - La Mancha;Albacete;BIOETANOL;0
2023-09;Castilla - La Mancha;Albacete;GASOLINA  AUTO. S/PB 95 I.O.;3212
2023-09;Castilla - La Mancha;Albacete;GASOLINA  AUTO. S/PB 98 I.O.;129
2023-09;Castilla - La Mancha;Albacete;OTRAS GASOLINAS;0
2023-09;Castilla - La Mancha;Albacete;FUELÓLEO  BIA;0
2023-09;Castilla - La Mancha;Albacete;OTROS FUELÓLEOS;0
2023-09;Castilla - La Mancha;Albacete;QUEROSENO AVIACIÓN;16
2023-09;Castilla - La Mancha;Albacete;OTROS QUEROSENOS;0
2023-09;Castilla - La Mancha;Albacete;GLP;630
2023-09;Castilla - La Mancha;Ciudad Real;BIODIESEL;4
2023-09;Castilla - La Mancha;Ciudad Real;GASÓLEO A;22806
2023-09;Castilla - La Mancha;Ciudad Real;GASÓLEO B;6989
2023-09;Castilla - La Mancha;Ciudad Real;GASÓLEO C;871
2023-09;Castilla - La Mancha;Ciudad Real;OTROS GASOLEOS;0
2023-09;Castilla - La Mancha;Ciudad Real;BIOETANOL;0
2023-09;Castilla - La Mancha;Ciudad Real;GASOLINA  AUTO. S/PB 95 I.O.;3897
2023-09;Castilla - La Mancha;Ciudad Real;GASOLINA  AUTO. S/PB 98 I.O.;107
2023-09;Castilla - La Mancha;Ciudad Real;OTRAS GASOLINAS;0
2023-09;Castilla - La Mancha;Ciudad Real;FUELÓLEO  BIA;79
2023-09;Castilla - La Mancha;Ciudad Real;OTROS FUELÓLEOS;0
2023-09;Castilla - La Mancha;Ciudad Real;QUEROSENO AVIACIÓN;6
2023-09;Castilla - La Mancha;Ciudad Real;OTROS QUEROSENOS;0
2023-09;Castilla - La Mancha;Ciudad Real;GLP;797
2023-09;Castilla - La Mancha;Cuenca;BIODIESEL;0
2023-09;Castilla - La Mancha;Cuenca;GASÓLEO A;14099
2023-09;Castilla - La Mancha;Cuenca;GASÓLEO B;7359
2023-09;Castilla - La Mancha;Cuenca;GASÓLEO C;445
2023-09;Castilla - La Mancha;Cuenca;OTROS GASOLEOS;0
2023-09;Castilla - La Mancha;Cuenca;BIOETANOL;0
2023-09;Castilla - La Mancha;Cuenca;GASOLINA  AUTO. S/PB 95 I.O.;2621
2023-09;Castilla - La Mancha;Cuenca;GASOLINA  AUTO. S/PB 98 I.O.;79
2023-09;Castilla - La Mancha;Cuenca;OTRAS GASOLINAS;3
2023-09;Castilla - La Mancha;Cuenca;FUELÓLEO  BIA;0
2023-09;Castilla - La Mancha;Cuenca;OTROS FUELÓLEOS;0
2023-09;Castilla - La Mancha;Cuenca;QUEROSENO AVIACIÓN;0
2023-09;Castilla - La Mancha;Cuenca;OTROS QUEROSENOS;0
2023-09;Castilla - La Mancha;Cuenca;GLP;524
2023-09;Castilla - La Mancha;Guadalajara;BIODIESEL;0
2023-09;Castilla - La Mancha;Guadalajara;GASÓLEO A;12602
2023-09;Castilla - La Mancha;Guadalajara;GASÓLEO B;3269
2023-09;Castilla - La Mancha;Guadalajara;GASÓLEO C;1091
2023-09;Castilla - La Mancha;Guadalajara;OTROS GASOLEOS;0
2023-09;Castilla - La Mancha;Guadalajara;BIOETANOL;0
2023-09;Castilla - La Mancha;Guadalajara;GASOLINA  AUTO. S/PB 95 I.O.;3183
2023-09;Castilla - La Mancha;Guadalajara;GASOLINA  AUTO. S/PB 98 I.O.;106
2023-09;Castilla - La Mancha;Guadalajara;OTRAS GASOLINAS;0
2023-09;Castilla - La Mancha;Guadalajara;FUELÓLEO  BIA;0
2023-09;Castilla - La Mancha;Guadalajara;OTROS FUELÓLEOS;0
2023-09;Castilla - La Mancha;Guadalajara;QUEROSENO AVIACIÓN;0
2023-09;Castilla - La Mancha;Guadalajara;OTROS QUEROSENOS;0
2023-09;Castilla - La Mancha;Guadalajara;GLP;297
2023-09;Castilla - La Mancha;Toledo;BIODIESEL;0
2023-09;Castilla - La Mancha;Toledo;GASÓLEO A;33081
2023-09;Castilla - La Mancha;Toledo;GASÓLEO B;10114
2023-09;Castilla - La Mancha;Toledo;GASÓLEO C;2116
2023-09;Castilla - La Mancha;Toledo;OTROS GASOLEOS;0
2023-09;Castilla - La Mancha;Toledo;BIOETANOL;0
2023-09;Castilla - La Mancha;Toledo;GASOLINA  AUTO. S/PB 95 I.O.;6894
2023-09;Castilla - La Mancha;Toledo;GASOLINA  AUTO. S/PB 98 I.O.;260
2023-09;Castilla - La Mancha;Toledo;OTRAS GASOLINAS;0
2023-09;Castilla - La Mancha;Toledo;FUELÓLEO  BIA;156
2023-09;Castilla - La Mancha;Toledo;OTROS FUELÓLEOS;0
2023-09;Castilla - La Mancha;Toledo;QUEROSENO AVIACIÓN;10
2023-09;Castilla - La Mancha;Toledo;OTROS QUEROSENOS;0
2023-09;Castilla - La Mancha;Toledo;GLP;1220
2023-09;Castilla y León;Ávila;BIODIESEL;0
2023-09;Castilla y León;Ávila;GASÓLEO A;6996
2023-09;Castilla y León;Ávila;GASÓLEO B;3144
2023-09;Castilla y León;Ávila;GASÓLEO C;579
2023-09;Castilla y León;Ávila;OTROS GASOLEOS;0
2023-09;Castilla y León;Ávila;BIOETANOL;0
2023-09;Castilla y León;Ávila;GASOLINA  AUTO. S/PB 95 I.O.;1843
2023-09;Castilla y León;Ávila;GASOLINA  AUTO. S/PB 98 I.O.;58
2023-09;Castilla y León;Ávila;OTRAS GASOLINAS;0
2023-09;Castilla y León;Ávila;FUELÓLEO  BIA;0
2023-09;Castilla y León;Ávila;OTROS FUELÓLEOS;0
2023-09;Castilla y León;Ávila;QUEROSENO AVIACIÓN;0
2023-09;Castilla y León;Ávila;OTROS QUEROSENOS;0
2023-09;Castilla y León;Ávila;GLP;441
2023-09;Castilla y León;Burgos;BIODIESEL;0
2023-09;Castilla y León;Burgos;GASÓLEO A;24155
2023-09;Castilla y León;Burgos;GASÓLEO B;6832
2023-09;Castilla y León;Burgos;GASÓLEO C;576
2023-09;Castilla y León;Burgos;OTROS GASOLEOS;0
2023-09;Castilla y León;Burgos;BIOETANOL;0
2023-09;Castilla y León;Burgos;GASOLINA  AUTO. S/PB 95 I.O.;4633
2023-09;Castilla y León;Burgos;GASOLINA  AUTO. S/PB 98 I.O.;226
2023-09;Castilla y León;Burgos;OTRAS GASOLINAS;19
2023-09;Castilla y León;Burgos;FUELÓLEO  BIA;245
2023-09;Castilla y León;Burgos;OTROS FUELÓLEOS;0
2023-09;Castilla y León;Burgos;QUEROSENO AVIACIÓN;22
2023-09;Castilla y León;Burgos;OTROS QUEROSENOS;0
2023-09;Castilla y León;Burgos;GLP;549
2023-09;Castilla y León;León;BIODIESEL;0
2023-09;Castilla y León;León;GASÓLEO A;23050
2023-09;Castilla y León;León;GASÓLEO B;7253
2023-09;Castilla y León;León;GASÓLEO C;2838
2023-09;Castilla y León;León;OTROS GASOLEOS;0
2023-09;Castilla y León;León;BIOETANOL;0
2023-09;Castilla y León;León;GASOLINA  AUTO. S/PB 95 I.O.;4892
2023-09;Castilla y León;León;GASOLINA  AUTO. S/PB 98 I.O.;229
2023-09;Castilla y León;León;OTRAS GASOLINAS;0
2023-09;Castilla y León;León;FUELÓLEO  BIA;152
2023-09;Castilla y León;León;OTROS FUELÓLEOS;0
2023-09;Castilla y León;León;QUEROSENO AVIACIÓN;447
2023-09;Castilla y León;León;OTROS QUEROSENOS;0
2023-09;Castilla y León;León;GLP;1001
2023-09;Castilla y León;Palencia;BIODIESEL;0
2023-09;Castilla y León;Palencia;GASÓLEO A;13140
2023-09;Castilla y León;Palencia;GASÓLEO B;5342
2023-09;Castilla y León;Palencia;GASÓLEO C;339
2023-09;Castilla y León;Palencia;OTROS GASOLEOS;0
2023-09;Castilla y León;Palencia;BIOETANOL;0
2023-09;Castilla y León;Palencia;GASOLINA  AUTO. S/PB 95 I.O.;1658
2023-09;Castilla y León;Palencia;GASOLINA  AUTO. S/PB 98 I.O.;80
2023-09;Castilla y León;Palencia;OTRAS GASOLINAS;0
2023-09;Castilla y León;Palencia;FUELÓLEO  BIA;183
2023-09;Castilla y León;Palencia;OTROS FUELÓLEOS;0
2023-09;Castilla y León;Palencia;QUEROSENO AVIACIÓN;0
2023-09;Castilla y León;Palencia;OTROS QUEROSENOS;0
2023-09;Castilla y León;Palencia;GLP;261
2023-09;Castilla y León;Salamanca;BIODIESEL;0
2023-09;Castilla y León;Salamanca;GASÓLEO A;21075
2023-09;Castilla y León;Salamanca;GASÓLEO B;5075
2023-09;Castilla y León;Salamanca;GASÓLEO C;1001
2023-09;Castilla y León;Salamanca;OTROS GASOLEOS;0
2023-09;Castilla y León;Salamanca;BIOETANOL;0
2023-09;Castilla y León;Salamanca;GASOLINA  AUTO. S/PB 95 I.O.;3182
2023-09;Castilla y León;Salamanca;GASOLINA  AUTO. S/PB 98 I.O.;160
2023-09;Castilla y León;Salamanca;OTRAS GASOLINAS;20
2023-09;Castilla y León;Salamanca;FUELÓLEO  BIA;53
2023-09;Castilla y León;Salamanca;OTROS FUELÓLEOS;0
2023-09;Castilla y León;Salamanca;QUEROSENO AVIACIÓN;31
2023-09;Castilla y León;Salamanca;OTROS QUEROSENOS;0
2023-09;Castilla y León;Salamanca;GLP;605
2023-09;Castilla y León;Segovia;BIODIESEL;0
2023-09;Castilla y León;Segovia;GASÓLEO A;7989
2023-09;Castilla y León;Segovia;GASÓLEO B;3681
2023-09;Castilla y León;Segovia;GASÓLEO C;958
2023-09;Castilla y León;Segovia;OTROS GASOLEOS;0
2023-09;Castilla y León;Segovia;BIOETANOL;0
2023-09;Castilla y León;Segovia;GASOLINA  AUTO. S/PB 95 I.O.;2109
2023-09;Castilla y León;Segovia;GASOLINA  AUTO. S/PB 98 I.O.;132
2023-09;Castilla y León;Segovia;OTRAS GASOLINAS;0
2023-09;Castilla y León;Segovia;FUELÓLEO  BIA;26
2023-09;Castilla y León;Segovia;OTROS FUELÓLEOS;0
2023-09;Castilla y León;Segovia;QUEROSENO AVIACIÓN;0
2023-09;Castilla y León;Segovia;OTROS QUEROSENOS;0
2023-09;Castilla y León;Segovia;GLP;512
2023-09;Castilla y León;Soria;BIODIESEL;0
2023-09;Castilla y León;Soria;GASÓLEO A;6030
2023-09;Castilla y León;Soria;GASÓLEO B;3072
2023-09;Castilla y León;Soria;GASÓLEO C;396
2023-09;Castilla y León;Soria;OTROS GASOLEOS;0
2023-09;Castilla y León;Soria;BIOETANOL;0
2023-09;Castilla y León;Soria;GASOLINA  AUTO. S/PB 95 I.O.;1066
2023-09;Castilla y León;Soria;GASOLINA  AUTO. S/PB 98 I.O.;63
2023-09;Castilla y León;Soria;OTRAS GASOLINAS;0
2023-09;Castilla y León;Soria;FUELÓLEO  BIA;0
2023-09;Castilla y León;Soria;OTROS FUELÓLEOS;0
2023-09;Castilla y León;Soria;QUEROSENO AVIACIÓN;0
2023-09;Castilla y León;Soria;OTROS QUEROSENOS;0
2023-09;Castilla y León;Soria;GLP;161
2023-09;Castilla y León;Valladolid;BIODIESEL;0
2023-09;Castilla y León;Valladolid;GASÓLEO A;24723
2023-09;Castilla y León;Valladolid;GASÓLEO B;6233
2023-09;Castilla y León;Valladolid;GASÓLEO C;758
2023-09;Castilla y León;Valladolid;OTROS GASOLEOS;0
2023-09;Castilla y León;Valladolid;BIOETANOL;0
2023-09;Castilla y León;Valladolid;GASOLINA  AUTO. S/PB 95 I.O.;5044
2023-09;Castilla y León;Valladolid;GASOLINA  AUTO. S/PB 98 I.O.;204
2023-09;Castilla y León;Valladolid;OTRAS GASOLINAS;3
2023-09;Castilla y León;Valladolid;FUELÓLEO  BIA;100
2023-09;Castilla y León;Valladolid;OTROS FUELÓLEOS;0
2023-09;Castilla y León;Valladolid;QUEROSENO AVIACIÓN;184
2023-09;Castilla y León;Valladolid;OTROS QUEROSENOS;0
2023-09;Castilla y León;Valladolid;GLP;724
2023-09;Castilla y León;Zamora;BIODIESEL;0
2023-09;Castilla y León;Zamora;GASÓLEO A;15405
2023-09;Castilla y León;Zamora;GASÓLEO B;4911
2023-09;Castilla y León;Zamora;GASÓLEO C;292
2023-09;Castilla y León;Zamora;OTROS GASOLEOS;0
2023-09;Castilla y León;Zamora;BIOETANOL;0
2023-09;Castilla y León;Zamora;GASOLINA  AUTO. S/PB 95 I.O.;2109
2023-09;Castilla y León;Zamora;GASOLINA  AUTO. S/PB 98 I.O.;118
2023-09;Castilla y León;Zamora;OTRAS GASOLINAS;0
2023-09;Castilla y León;Zamora;FUELÓLEO  BIA;114
2023-09;Castilla y León;Zamora;OTROS FUELÓLEOS;0
2023-09;Castilla y León;Zamora;QUEROSENO AVIACIÓN;0
2023-09;Castilla y León;Zamora;OTROS QUEROSENOS;0
2023-09;Castilla y León;Zamora;GLP;401
2023-09;Cataluña;Barcelona;BIODIESEL;107
2023-09;Cataluña;Barcelona;GASÓLEO A;113082
2023-09;Cataluña;Barcelona;GASÓLEO B;13174
2023-09;Cataluña;Barcelona;GASÓLEO C;2218
2023-09;Cataluña;Barcelona;OTROS GASOLEOS;14626
2023-09;Cataluña;Barcelona;BIOETANOL;0
2023-09;Cataluña;Barcelona;GASOLINA  AUTO. S/PB 95 I.O.;53668
2023-09;Cataluña;Barcelona;GASOLINA  AUTO. S/PB 98 I.O.;2207
2023-09;Cataluña;Barcelona;OTRAS GASOLINAS;84
2023-09;Cataluña;Barcelona;FUELÓLEO  BIA;16671
2023-09;Cataluña;Barcelona;OTROS FUELÓLEOS;68390
2023-09;Cataluña;Barcelona;QUEROSENO AVIACIÓN;108357
2023-09;Cataluña;Barcelona;OTROS QUEROSENOS;0
2023-09;Cataluña;Barcelona;GLP;3819
2023-09;Cataluña;Girona;BIODIESEL;0
2023-09;Cataluña;Girona;GASÓLEO A;86358
2023-09;Cataluña;Girona;GASÓLEO B;4742
2023-09;Cataluña;Girona;GASÓLEO C;1393
2023-09;Cataluña;Girona;OTROS GASOLEOS;700
2023-09;Cataluña;Girona;BIOETANOL;0
2023-09;Cataluña;Girona;GASOLINA  AUTO. S/PB 95 I.O.;16073
2023-09;Cataluña;Girona;GASOLINA  AUTO. S/PB 98 I.O.;877
2023-09;Cataluña;Girona;OTRAS GASOLINAS;5
2023-09;Cataluña;Girona;FUELÓLEO  BIA;67
2023-09;Cataluña;Girona;OTROS FUELÓLEOS;0
2023-09;Cataluña;Girona;QUEROSENO AVIACIÓN;3665
2023-09;Cataluña;Girona;OTROS QUEROSENOS;0
2023-09;Cataluña;Girona;GLP;1782
2023-09;Cataluña;Lleida;BIODIESEL;2
2023-09;Cataluña;Lleida;GASÓLEO A;23048
2023-09;Cataluña;Lleida;GASÓLEO B;4822
2023-09;Cataluña;Lleida;GASÓLEO C;413
2023-09;Cataluña;Lleida;OTROS GASOLEOS;0
2023-09;Cataluña;Lleida;BIOETANOL;0
2023-09;Cataluña;Lleida;GASOLINA  AUTO. S/PB 95 I.O.;5077
2023-09;Cataluña;Lleida;GASOLINA  AUTO. S/PB 98 I.O.;281
2023-09;Cataluña;Lleida;OTRAS GASOLINAS;6
2023-09;Cataluña;Lleida;FUELÓLEO  BIA;0
2023-09;Cataluña;Lleida;OTROS FUELÓLEOS;0
2023-09;Cataluña;Lleida;QUEROSENO AVIACIÓN;48
2023-09;Cataluña;Lleida;OTROS QUEROSENOS;0
2023-09;Cataluña;Lleida;GLP;1174
2023-09;Cataluña;Tarragona;BIODIESEL;0
2023-09;Cataluña;Tarragona;GASÓLEO A;81575
2023-09;Cataluña;Tarragona;GASÓLEO B;4324
2023-09;Cataluña;Tarragona;GASÓLEO C;295
2023-09;Cataluña;Tarragona;OTROS GASOLEOS;2049
2023-09;Cataluña;Tarragona;BIOETANOL;0
2023-09;Cataluña;Tarragona;GASOLINA  AUTO. S/PB 95 I.O.;12563
2023-09;Cataluña;Tarragona;GASOLINA  AUTO. S/PB 98 I.O.;522
2023-09;Cataluña;Tarragona;OTRAS GASOLINAS;10
2023-09;Cataluña;Tarragona;FUELÓLEO  BIA;0
2023-09;Cataluña;Tarragona;OTROS FUELÓLEOS;225
2023-09;Cataluña;Tarragona;QUEROSENO AVIACIÓN;2328
2023-09;Cataluña;Tarragona;OTROS QUEROSENOS;0
2023-09;Cataluña;Tarragona;GLP;11012
2023-09;Ceuta;Ceuta;BIODIESEL;0
2023-09;Ceuta;Ceuta;GASÓLEO A;1036
2023-09;Ceuta;Ceuta;GASÓLEO B;0
2023-09;Ceuta;Ceuta;GASÓLEO C;27
2023-09;Ceuta;Ceuta;OTROS GASOLEOS;7143
2023-09;Ceuta;Ceuta;BIOETANOL;0
2023-09;Ceuta;Ceuta;GASOLINA  AUTO. S/PB 95 I.O.;493
2023-09;Ceuta;Ceuta;GASOLINA  AUTO. S/PB 98 I.O.;63
2023-09;Ceuta;Ceuta;OTRAS GASOLINAS;0
2023-09;Ceuta;Ceuta;FUELÓLEO  BIA;4904
2023-09;Ceuta;Ceuta;OTROS FUELÓLEOS;6129
2023-09;Ceuta;Ceuta;QUEROSENO AVIACIÓN;81
2023-09;Ceuta;Ceuta;OTROS QUEROSENOS;0
2023-09;Ceuta;Ceuta;GLP;159
2023-09;Comunitat Valenciana;Alicante/Alacant;BIODIESEL;0
2023-09;Comunitat Valenciana;Alicante/Alacant;GASÓLEO A;52190
2023-09;Comunitat Valenciana;Alicante/Alacant;GASÓLEO B;4913
2023-09;Comunitat Valenciana;Alicante/Alacant;GASÓLEO C;889
2023-09;Comunitat Valenciana;Alicante/Alacant;OTROS GASOLEOS;1601
2023-09;Comunitat Valenciana;Alicante/Alacant;BIOETANOL;0
2023-09;Comunitat Valenciana;Alicante/Alacant;GASOLINA  AUTO. S/PB 95 I.O.;23227
2023-09;Comunitat Valenciana;Alicante/Alacant;GASOLINA  AUTO. S/PB 98 I.O.;959
2023-09;Comunitat Valenciana;Alicante/Alacant;OTRAS GASOLINAS;24
2023-09;Comunitat Valenciana;Alicante/Alacant;FUELÓLEO  BIA;156
2023-09;Comunitat Valenciana;Alicante/Alacant;OTROS FUELÓLEOS;0
2023-09;Comunitat Valenciana;Alicante/Alacant;QUEROSENO AVIACIÓN;26350
2023-09;Comunitat Valenciana;Alicante/Alacant;OTROS QUEROSENOS;0
2023-09;Comunitat Valenciana;Alicante/Alacant;GLP;4020
2023-09;Comunitat Valenciana;Castellón/Castelló;BIODIESEL;0
2023-09;Comunitat Valenciana;Castellón/Castelló;GASÓLEO A;21113
2023-09;Comunitat Valenciana;Castellón/Castelló;GASÓLEO B;1825
2023-09;Comunitat Valenciana;Castellón/Castelló;GASÓLEO C;302
2023-09;Comunitat Valenciana;Castellón/Castelló;OTROS GASOLEOS;20384
2023-09;Comunitat Valenciana;Castellón/Castelló;BIOETANOL;0
2023-09;Comunitat Valenciana;Castellón/Castelló;GASOLINA  AUTO. S/PB 95 I.O.;7115
2023-09;Comunitat Valenciana;Castellón/Castelló;GASOLINA  AUTO. S/PB 98 I.O.;310
2023-09;Comunitat Valenciana;Castellón/Castelló;OTRAS GASOLINAS;8
2023-09;Comunitat Valenciana;Castellón/Castelló;FUELÓLEO  BIA;0
2023-09;Comunitat Valenciana;Castellón/Castelló;OTROS FUELÓLEOS;224
2023-09;Comunitat Valenciana;Castellón/Castelló;QUEROSENO AVIACIÓN;315
2023-09;Comunitat Valenciana;Castellón/Castelló;OTROS QUEROSENOS;0
2023-09;Comunitat Valenciana;Castellón/Castelló;GLP;1145
2023-09;Comunitat Valenciana;Valencia/València;BIODIESEL;0
2023-09;Comunitat Valenciana;Valencia/València;GASÓLEO A;83600
2023-09;Comunitat Valenciana;Valencia/València;GASÓLEO B;10210
2023-09;Comunitat Valenciana;Valencia/València;GASÓLEO C;663
2023-09;Comunitat Valenciana;Valencia/València;OTROS GASOLEOS;4912
2023-09;Comunitat Valenciana;Valencia/València;BIOETANOL;0
2023-09;Comunitat Valenciana;Valencia/València;GASOLINA  AUTO. S/PB 95 I.O.;26029
2023-09;Comunitat Valenciana;Valencia/València;GASOLINA  AUTO. S/PB 98 I.O.;882
2023-09;Comunitat Valenciana;Valencia/València;OTRAS GASOLINAS;11
2023-09;Comunitat Valenciana;Valencia/València;FUELÓLEO  BIA;109
2023-09;Comunitat Valenciana;Valencia/València;OTROS FUELÓLEOS;19524
2023-09;Comunitat Valenciana;Valencia/València;QUEROSENO AVIACIÓN;13889
2023-09;Comunitat Valenciana;Valencia/València;OTROS QUEROSENOS;0
2023-09;Comunitat Valenciana;Valencia/València;GLP;3313
2023-09;Extremadura;Badajoz;BIODIESEL;0
2023-09;Extremadura;Badajoz;GASÓLEO A;40764
2023-09;Extremadura;Badajoz;GASÓLEO B;7784
2023-09;Extremadura;Badajoz;GASÓLEO C;148
2023-09;Extremadura;Badajoz;OTROS GASOLEOS;0
2023-09;Extremadura;Badajoz;BIOETANOL;0
2023-09;Extremadura;Badajoz;GASOLINA  AUTO. S/PB 95 I.O.;5479
2023-09;Extremadura;Badajoz;GASOLINA  AUTO. S/PB 98 I.O.;152
2023-09;Extremadura;Badajoz;OTRAS GASOLINAS;13
2023-09;Extremadura;Badajoz;FUELÓLEO  BIA;153
2023-09;Extremadura;Badajoz;OTROS FUELÓLEOS;0
2023-09;Extremadura;Badajoz;QUEROSENO AVIACIÓN;54
2023-09;Extremadura;Badajoz;OTROS QUEROSENOS;0
2023-09;Extremadura;Badajoz;GLP;1725
2023-09;Extremadura;Cáceres;BIODIESEL;0
2023-09;Extremadura;Cáceres;GASÓLEO A;16366
2023-09;Extremadura;Cáceres;GASÓLEO B;3045
2023-09;Extremadura;Cáceres;GASÓLEO C;318
2023-09;Extremadura;Cáceres;OTROS GASOLEOS;0
2023-09;Extremadura;Cáceres;BIOETANOL;0
2023-09;Extremadura;Cáceres;GASOLINA  AUTO. S/PB 95 I.O.;3550
2023-09;Extremadura;Cáceres;GASOLINA  AUTO. S/PB 98 I.O.;121
2023-09;Extremadura;Cáceres;OTRAS GASOLINAS;0
2023-09;Extremadura;Cáceres;FUELÓLEO  BIA;77
2023-09;Extremadura;Cáceres;OTROS FUELÓLEOS;0
2023-09;Extremadura;Cáceres;QUEROSENO AVIACIÓN;0
2023-09;Extremadura;Cáceres;OTROS QUEROSENOS;0
2023-09;Extremadura;Cáceres;GLP;1389
2023-09;Galicia;Coruña, A;BIODIESEL;0
2023-09;Galicia;Coruña, A;GASÓLEO A;39932
2023-09;Galicia;Coruña, A;GASÓLEO B;9466
2023-09;Galicia;Coruña, A;GASÓLEO C;2497
2023-09;Galicia;Coruña, A;OTROS GASOLEOS;3584
2023-09;Galicia;Coruña, A;BIOETANOL;0
2023-09;Galicia;Coruña, A;GASOLINA  AUTO. S/PB 95 I.O.;9999
2023-09;Galicia;Coruña, A;GASOLINA  AUTO. S/PB 98 I.O.;419
2023-09;Galicia;Coruña, A;OTRAS GASOLINAS;8
2023-09;Galicia;Coruña, A;FUELÓLEO  BIA;8007
2023-09;Galicia;Coruña, A;OTROS FUELÓLEOS;1474
2023-09;Galicia;Coruña, A;QUEROSENO AVIACIÓN;5585
2023-09;Galicia;Coruña, A;OTROS QUEROSENOS;0
2023-09;Galicia;Coruña, A;GLP;2743
2023-09;Galicia;Lugo;BIODIESEL;0
2023-09;Galicia;Lugo;GASÓLEO A;23689
2023-09;Galicia;Lugo;GASÓLEO B;5887
2023-09;Galicia;Lugo;GASÓLEO C;1663
2023-09;Galicia;Lugo;OTROS GASOLEOS;1658
2023-09;Galicia;Lugo;BIOETANOL;0
2023-09;Galicia;Lugo;GASOLINA  AUTO. S/PB 95 I.O.;2951
2023-09;Galicia;Lugo;GASOLINA  AUTO. S/PB 98 I.O.;123
2023-09;Galicia;Lugo;OTRAS GASOLINAS;0
2023-09;Galicia;Lugo;FUELÓLEO  BIA;50
2023-09;Galicia;Lugo;OTROS FUELÓLEOS;0
2023-09;Galicia;Lugo;QUEROSENO AVIACIÓN;0
2023-09;Galicia;Lugo;OTROS QUEROSENOS;0
2023-09;Galicia;Lugo;GLP;1031
2023-09;Galicia;Ourense;BIODIESEL;0
2023-09;Galicia;Ourense;GASÓLEO A;16521
2023-09;Galicia;Ourense;GASÓLEO B;2624
2023-09;Galicia;Ourense;GASÓLEO C;2279
2023-09;Galicia;Ourense;OTROS GASOLEOS;21
2023-09;Galicia;Ourense;BIOETANOL;0
2023-09;Galicia;Ourense;GASOLINA  AUTO. S/PB 95 I.O.;2769
2023-09;Galicia;Ourense;GASOLINA  AUTO. S/PB 98 I.O.;181
2023-09;Galicia;Ourense;OTRAS GASOLINAS;0
2023-09;Galicia;Ourense;FUELÓLEO  BIA;51
2023-09;Galicia;Ourense;OTROS FUELÓLEOS;0
2023-09;Galicia;Ourense;QUEROSENO AVIACIÓN;9
2023-09;Galicia;Ourense;OTROS QUEROSENOS;0
2023-09;Galicia;Ourense;GLP;978
2023-09;Galicia;Pontevedra;BIODIESEL;0
2023-09;Galicia;Pontevedra;GASÓLEO A;35027
2023-09;Galicia;Pontevedra;GASÓLEO B;4056
2023-09;Galicia;Pontevedra;GASÓLEO C;2789
2023-09;Galicia;Pontevedra;OTROS GASOLEOS;6283
2023-09;Galicia;Pontevedra;BIOETANOL;0
2023-09;Galicia;Pontevedra;GASOLINA  AUTO. S/PB 95 I.O.;8441
2023-09;Galicia;Pontevedra;GASOLINA  AUTO. S/PB 98 I.O.;400
2023-09;Galicia;Pontevedra;OTRAS GASOLINAS;3
2023-09;Galicia;Pontevedra;FUELÓLEO  BIA;488
2023-09;Galicia;Pontevedra;OTROS FUELÓLEOS;0
2023-09;Galicia;Pontevedra;QUEROSENO AVIACIÓN;909
2023-09;Galicia;Pontevedra;OTROS QUEROSENOS;0
2023-09;Galicia;Pontevedra;GLP;2371
2023-09;Madrid, Comunidad de;Madrid;BIODIESEL;26
2023-09;Madrid, Comunidad de;Madrid;GASÓLEO A;152310
2023-09;Madrid, Comunidad de;Madrid;GASÓLEO B;8791
2023-09;Madrid, Comunidad de;Madrid;GASÓLEO C;6153
2023-09;Madrid, Comunidad de;Madrid;OTROS GASOLEOS;0
2023-09;Madrid, Comunidad de;Madrid;BIOETANOL;0
2023-09;Madrid, Comunidad de;Madrid;GASOLINA  AUTO. S/PB 95 I.O.;61668
2023-09;Madrid, Comunidad de;Madrid;GASOLINA  AUTO. S/PB 98 I.O.;2321
2023-09;Madrid, Comunidad de;Madrid;OTRAS GASOLINAS;63
2023-09;Madrid, Comunidad de;Madrid;FUELÓLEO  BIA;420
2023-09;Madrid, Comunidad de;Madrid;OTROS FUELÓLEOS;38
2023-09;Madrid, Comunidad de;Madrid;QUEROSENO AVIACIÓN;206368
2023-09;Madrid, Comunidad de;Madrid;OTROS QUEROSENOS;1
2023-09;Madrid, Comunidad de;Madrid;GLP;6111
2023-09;Melilla;Melilla;BIODIESEL;0
2023-09;Melilla;Melilla;GASÓLEO A;1065
2023-09;Melilla;Melilla;GASÓLEO B;0
2023-09;Melilla;Melilla;GASÓLEO C;0
2023-09;Melilla;Melilla;OTROS GASOLEOS;0
2023-09;Melilla;Melilla;BIOETANOL;0
2023-09;Melilla;Melilla;GASOLINA  AUTO. S/PB 95 I.O.;515
2023-09;Melilla;Melilla;GASOLINA  AUTO. S/PB 98 I.O.;0
2023-09;Melilla;Melilla;OTRAS GASOLINAS;0
2023-09;Melilla;Melilla;FUELÓLEO  BIA;5700
2023-09;Melilla;Melilla;OTROS FUELÓLEOS;0
2023-09;Melilla;Melilla;QUEROSENO AVIACIÓN;153
2023-09;Melilla;Melilla;OTROS QUEROSENOS;0
2023-09;Melilla;Melilla;GLP;139
2023-09;Murcia, Región de;Murcia;BIODIESEL;0
2023-09;Murcia, Región de;Murcia;GASÓLEO A;78772
2023-09;Murcia, Región de;Murcia;GASÓLEO B;11440
2023-09;Murcia, Región de;Murcia;GASÓLEO C;325
2023-09;Murcia, Región de;Murcia;OTROS GASOLEOS;1844
2023-09;Murcia, Región de;Murcia;BIOETANOL;0
2023-09;Murcia, Región de;Murcia;GASOLINA  AUTO. S/PB 95 I.O.;13434
2023-09;Murcia, Región de;Murcia;GASOLINA  AUTO. S/PB 98 I.O.;576
2023-09;Murcia, Región de;Murcia;OTRAS GASOLINAS;17
2023-09;Murcia, Región de;Murcia;FUELÓLEO  BIA;430
2023-09;Murcia, Región de;Murcia;OTROS FUELÓLEOS;0
2023-09;Murcia, Región de;Murcia;QUEROSENO AVIACIÓN;1607
2023-09;Murcia, Región de;Murcia;OTROS QUEROSENOS;0
2023-09;Murcia, Región de;Murcia;GLP;2820
2023-09;Navarra, Comunidad Foral de;Navarra;BIODIESEL;0
2023-09;Navarra, Comunidad Foral de;Navarra;GASÓLEO A;44042
2023-09;Navarra, Comunidad Foral de;Navarra;GASÓLEO B;6807
2023-09;Navarra, Comunidad Foral de;Navarra;GASÓLEO C;465
2023-09;Navarra, Comunidad Foral de;Navarra;OTROS GASOLEOS;0
2023-09;Navarra, Comunidad Foral de;Navarra;BIOETANOL;0
2023-09;Navarra, Comunidad Foral de;Navarra;GASOLINA  AUTO. S/PB 95 I.O.;6946
2023-09;Navarra, Comunidad Foral de;Navarra;GASOLINA  AUTO. S/PB 98 I.O.;237
2023-09;Navarra, Comunidad Foral de;Navarra;OTRAS GASOLINAS;5
2023-09;Navarra, Comunidad Foral de;Navarra;FUELÓLEO  BIA;291
2023-09;Navarra, Comunidad Foral de;Navarra;OTROS FUELÓLEOS;0
2023-09;Navarra, Comunidad Foral de;Navarra;QUEROSENO AVIACIÓN;125
2023-09;Navarra, Comunidad Foral de;Navarra;OTROS QUEROSENOS;0
2023-09;Navarra, Comunidad Foral de;Navarra;GLP;927
2023-09;País Vasco;Araba/Álava;BIODIESEL;12
2023-09;País Vasco;Araba/Álava;GASÓLEO A;36063
2023-09;País Vasco;Araba/Álava;GASÓLEO B;2254
2023-09;País Vasco;Araba/Álava;GASÓLEO C;377
2023-09;País Vasco;Araba/Álava;OTROS GASOLEOS;0
2023-09;País Vasco;Araba/Álava;BIOETANOL;0
2023-09;País Vasco;Araba/Álava;GASOLINA  AUTO. S/PB 95 I.O.;2876
2023-09;País Vasco;Araba/Álava;GASOLINA  AUTO. S/PB 98 I.O.;116
2023-09;País Vasco;Araba/Álava;OTRAS GASOLINAS;0
2023-09;País Vasco;Araba/Álava;FUELÓLEO  BIA;284
2023-09;País Vasco;Araba/Álava;OTROS FUELÓLEOS;0
2023-09;País Vasco;Araba/Álava;QUEROSENO AVIACIÓN;943
2023-09;País Vasco;Araba/Álava;OTROS QUEROSENOS;0
2023-09;País Vasco;Araba/Álava;GLP;1389
2023-09;País Vasco;Bizkaia;BIODIESEL;158
2023-09;País Vasco;Bizkaia;GASÓLEO A;46404
2023-09;País Vasco;Bizkaia;GASÓLEO B;9781
2023-09;País Vasco;Bizkaia;GASÓLEO C;1867
2023-09;País Vasco;Bizkaia;OTROS GASOLEOS;867
2023-09;País Vasco;Bizkaia;BIOETANOL;0
2023-09;País Vasco;Bizkaia;GASOLINA  AUTO. S/PB 95 I.O.;9322
2023-09;País Vasco;Bizkaia;GASOLINA  AUTO. S/PB 98 I.O.;397
2023-09;País Vasco;Bizkaia;OTRAS GASOLINAS;2
2023-09;País Vasco;Bizkaia;FUELÓLEO  BIA;25
2023-09;País Vasco;Bizkaia;OTROS FUELÓLEOS;0
2023-09;País Vasco;Bizkaia;QUEROSENO AVIACIÓN;8873
2023-09;País Vasco;Bizkaia;OTROS QUEROSENOS;0
2023-09;País Vasco;Bizkaia;GLP;757
2023-09;País Vasco;Gipuzkoa;BIODIESEL;5
2023-09;País Vasco;Gipuzkoa;GASÓLEO A;57333
2023-09;País Vasco;Gipuzkoa;GASÓLEO B;1760
2023-09;País Vasco;Gipuzkoa;GASÓLEO C;171
2023-09;País Vasco;Gipuzkoa;OTROS GASOLEOS;769
2023-09;País Vasco;Gipuzkoa;BIOETANOL;0
2023-09;País Vasco;Gipuzkoa;GASOLINA  AUTO. S/PB 95 I.O.;7403
2023-09;País Vasco;Gipuzkoa;GASOLINA  AUTO. S/PB 98 I.O.;435
2023-09;País Vasco;Gipuzkoa;OTRAS GASOLINAS;1
2023-09;País Vasco;Gipuzkoa;FUELÓLEO  BIA;100
2023-09;País Vasco;Gipuzkoa;OTROS FUELÓLEOS;0
2023-09;País Vasco;Gipuzkoa;QUEROSENO AVIACIÓN;567
2023-09;País Vasco;Gipuzkoa;OTROS QUEROSENOS;0
2023-09;País Vasco;Gipuzkoa;GLP;693
2023-09;Rioja, La;Rioja, La;BIODIESEL;0
2023-09;Rioja, La;Rioja, La;GASÓLEO A;13042
2023-09;Rioja, La;Rioja, La;GASÓLEO B;2951
2023-09;Rioja, La;Rioja, La;GASÓLEO C;703
2023-09;Rioja, La;Rioja, La;OTROS GASOLEOS;0
2023-09;Rioja, La;Rioja, La;BIOETANOL;0
2023-09;Rioja, La;Rioja, La;GASOLINA  AUTO. S/PB 95 I.O.;2687
2023-09;Rioja, La;Rioja, La;GASOLINA  AUTO. S/PB 98 I.O.;104
2023-09;Rioja, La;Rioja, La;OTRAS GASOLINAS;0
2023-09;Rioja, La;Rioja, La;FUELÓLEO  BIA;31
2023-09;Rioja, La;Rioja, La;OTROS FUELÓLEOS;0
2023-09;Rioja, La;Rioja, La;QUEROSENO AVIACIÓN;16
2023-09;Rioja, La;Rioja, La;OTROS QUEROSENOS;0
2023-09;Rioja, La;Rioja, La;GLP;345
2023-10;Andalucía;Almería;BIODIESEL;0
2023-10;Andalucía;Almería;GASÓLEO A;29787
2023-10;Andalucía;Almería;GASÓLEO B;5543
2023-10;Andalucía;Almería;GASÓLEO C;155
2023-10;Andalucía;Almería;OTROS GASOLEOS;51780
2023-10;Andalucía;Almería;BIOETANOL;0
2023-10;Andalucía;Almería;GASOLINA  AUTO. S/PB 95 I.O.;5832
2023-10;Andalucía;Almería;GASOLINA  AUTO. S/PB 98 I.O.;293
2023-10;Andalucía;Almería;OTRAS GASOLINAS;1
2023-10;Andalucía;Almería;FUELÓLEO  BIA;212
2023-10;Andalucía;Almería;OTROS FUELÓLEOS;5498
2023-10;Andalucía;Almería;QUEROSENO AVIACIÓN;1112
2023-10;Andalucía;Almería;OTROS QUEROSENOS;0
2023-10;Andalucía;Almería;GLP;1784
2023-10;Andalucía;Cádiz;BIODIESEL;20
2023-10;Andalucía;Cádiz;GASÓLEO A;35455
2023-10;Andalucía;Cádiz;GASÓLEO B;6301
2023-10;Andalucía;Cádiz;GASÓLEO C;391
2023-10;Andalucía;Cádiz;OTROS GASOLEOS;36637
2023-10;Andalucía;Cádiz;BIOETANOL;0
2023-10;Andalucía;Cádiz;GASOLINA  AUTO. S/PB 95 I.O.;11084
2023-10;Andalucía;Cádiz;GASOLINA  AUTO. S/PB 98 I.O.;335
2023-10;Andalucía;Cádiz;OTRAS GASOLINAS;43
2023-10;Andalucía;Cádiz;FUELÓLEO  BIA;0
2023-10;Andalucía;Cádiz;OTROS FUELÓLEOS;247246
2023-10;Andalucía;Cádiz;QUEROSENO AVIACIÓN;1608
2023-10;Andalucía;Cádiz;OTROS QUEROSENOS;0
2023-10;Andalucía;Cádiz;GLP;2765
2023-10;Andalucía;Córdoba;BIODIESEL;0
2023-10;Andalucía;Córdoba;GASÓLEO A;30768
2023-10;Andalucía;Córdoba;GASÓLEO B;7598
2023-10;Andalucía;Córdoba;GASÓLEO C;660
2023-10;Andalucía;Córdoba;OTROS GASOLEOS;0
2023-10;Andalucía;Córdoba;BIOETANOL;0
2023-10;Andalucía;Córdoba;GASOLINA  AUTO. S/PB 95 I.O.;5163
2023-10;Andalucía;Córdoba;GASOLINA  AUTO. S/PB 98 I.O.;125
2023-10;Andalucía;Córdoba;OTRAS GASOLINAS;9
2023-10;Andalucía;Córdoba;FUELÓLEO  BIA;35
2023-10;Andalucía;Córdoba;OTROS FUELÓLEOS;0
2023-10;Andalucía;Córdoba;QUEROSENO AVIACIÓN;28
2023-10;Andalucía;Córdoba;OTROS QUEROSENOS;0
2023-10;Andalucía;Córdoba;GLP;1826
2023-10;Andalucía;Granada;BIODIESEL;0
2023-10;Andalucía;Granada;GASÓLEO A;35010
2023-10;Andalucía;Granada;GASÓLEO B;5653
2023-10;Andalucía;Granada;GASÓLEO C;1820
2023-10;Andalucía;Granada;OTROS GASOLEOS;163
2023-10;Andalucía;Granada;BIOETANOL;0
2023-10;Andalucía;Granada;GASOLINA  AUTO. S/PB 95 I.O.;8500
2023-10;Andalucía;Granada;GASOLINA  AUTO. S/PB 98 I.O.;331
2023-10;Andalucía;Granada;OTRAS GASOLINAS;0
2023-10;Andalucía;Granada;FUELÓLEO  BIA;125
2023-10;Andalucía;Granada;OTROS FUELÓLEOS;1076
2023-10;Andalucía;Granada;QUEROSENO AVIACIÓN;640
2023-10;Andalucía;Granada;OTROS QUEROSENOS;0
2023-10;Andalucía;Granada;GLP;2491
2023-10;Andalucía;Huelva;BIODIESEL;23
2023-10;Andalucía;Huelva;GASÓLEO A;22871
2023-10;Andalucía;Huelva;GASÓLEO B;7829
2023-10;Andalucía;Huelva;GASÓLEO C;150
2023-10;Andalucía;Huelva;OTROS GASOLEOS;2475
2023-10;Andalucía;Huelva;BIOETANOL;0
2023-10;Andalucía;Huelva;GASOLINA  AUTO. S/PB 95 I.O.;4451
2023-10;Andalucía;Huelva;GASOLINA  AUTO. S/PB 98 I.O.;155
2023-10;Andalucía;Huelva;OTRAS GASOLINAS;0
2023-10;Andalucía;Huelva;FUELÓLEO  BIA;839
2023-10;Andalucía;Huelva;OTROS FUELÓLEOS;6132
2023-10;Andalucía;Huelva;QUEROSENO AVIACIÓN;37
2023-10;Andalucía;Huelva;OTROS QUEROSENOS;0
2023-10;Andalucía;Huelva;GLP;1731
2023-10;Andalucía;Jaén;BIODIESEL;0
2023-10;Andalucía;Jaén;GASÓLEO A;28415
2023-10;Andalucía;Jaén;GASÓLEO B;3930
2023-10;Andalucía;Jaén;GASÓLEO C;685
2023-10;Andalucía;Jaén;OTROS GASOLEOS;0
2023-10;Andalucía;Jaén;BIOETANOL;0
2023-10;Andalucía;Jaén;GASOLINA  AUTO. S/PB 95 I.O.;4049
2023-10;Andalucía;Jaén;GASOLINA  AUTO. S/PB 98 I.O.;115
2023-10;Andalucía;Jaén;OTRAS GASOLINAS;0
2023-10;Andalucía;Jaén;FUELÓLEO  BIA;0
2023-10;Andalucía;Jaén;OTROS FUELÓLEOS;0
2023-10;Andalucía;Jaén;QUEROSENO AVIACIÓN;0
2023-10;Andalucía;Jaén;OTROS QUEROSENOS;0
2023-10;Andalucía;Jaén;GLP;1436
2023-10;Andalucía;Málaga;BIODIESEL;0
2023-10;Andalucía;Málaga;GASÓLEO A;49973
2023-10;Andalucía;Málaga;GASÓLEO B;5028
2023-10;Andalucía;Málaga;GASÓLEO C;384
2023-10;Andalucía;Málaga;OTROS GASOLEOS;2174
2023-10;Andalucía;Málaga;BIOETANOL;0
2023-10;Andalucía;Málaga;GASOLINA  AUTO. S/PB 95 I.O.;19032
2023-10;Andalucía;Málaga;GASOLINA  AUTO. S/PB 98 I.O.;1084
2023-10;Andalucía;Málaga;OTRAS GASOLINAS;15
2023-10;Andalucía;Málaga;FUELÓLEO  BIA;79
2023-10;Andalucía;Málaga;OTROS FUELÓLEOS;1375
2023-10;Andalucía;Málaga;QUEROSENO AVIACIÓN;43508
2023-10;Andalucía;Málaga;OTROS QUEROSENOS;0
2023-10;Andalucía;Málaga;GLP;4198
2023-10;Andalucía;Sevilla;BIODIESEL;0
2023-10;Andalucía;Sevilla;GASÓLEO A;56674
2023-10;Andalucía;Sevilla;GASÓLEO B;8497
2023-10;Andalucía;Sevilla;GASÓLEO C;327
2023-10;Andalucía;Sevilla;OTROS GASOLEOS;1109
2023-10;Andalucía;Sevilla;BIOETANOL;0
2023-10;Andalucía;Sevilla;GASOLINA  AUTO. S/PB 95 I.O.;15729
2023-10;Andalucía;Sevilla;GASOLINA  AUTO. S/PB 98 I.O.;364
2023-10;Andalucía;Sevilla;OTRAS GASOLINAS;18
2023-10;Andalucía;Sevilla;FUELÓLEO  BIA;484
2023-10;Andalucía;Sevilla;OTROS FUELÓLEOS;204
2023-10;Andalucía;Sevilla;QUEROSENO AVIACIÓN;11543
2023-10;Andalucía;Sevilla;OTROS QUEROSENOS;0
2023-10;Andalucía;Sevilla;GLP;3887
2023-10;Aragón;Huesca;BIODIESEL;0
2023-10;Aragón;Huesca;GASÓLEO A;14219
2023-10;Aragón;Huesca;GASÓLEO B;6476
2023-10;Aragón;Huesca;GASÓLEO C;1177
2023-10;Aragón;Huesca;OTROS GASOLEOS;0
2023-10;Aragón;Huesca;BIOETANOL;0
2023-10;Aragón;Huesca;GASOLINA  AUTO. S/PB 95 I.O.;3073
2023-10;Aragón;Huesca;GASOLINA  AUTO. S/PB 98 I.O.;150
2023-10;Aragón;Huesca;OTRAS GASOLINAS;2
2023-10;Aragón;Huesca;FUELÓLEO  BIA;25
2023-10;Aragón;Huesca;OTROS FUELÓLEOS;0
2023-10;Aragón;Huesca;QUEROSENO AVIACIÓN;11
2023-10;Aragón;Huesca;OTROS QUEROSENOS;0
2023-10;Aragón;Huesca;GLP;915
2023-10;Aragón;Teruel;BIODIESEL;0
2023-10;Aragón;Teruel;GASÓLEO A;9061
2023-10;Aragón;Teruel;GASÓLEO B;4911
2023-10;Aragón;Teruel;GASÓLEO C;1292
2023-10;Aragón;Teruel;OTROS GASOLEOS;0
2023-10;Aragón;Teruel;BIOETANOL;0
2023-10;Aragón;Teruel;GASOLINA  AUTO. S/PB 95 I.O.;1767
2023-10;Aragón;Teruel;GASOLINA  AUTO. S/PB 98 I.O.;91
2023-10;Aragón;Teruel;OTRAS GASOLINAS;0
2023-10;Aragón;Teruel;FUELÓLEO  BIA;91
2023-10;Aragón;Teruel;OTROS FUELÓLEOS;0
2023-10;Aragón;Teruel;QUEROSENO AVIACIÓN;107
2023-10;Aragón;Teruel;OTROS QUEROSENOS;0
2023-10;Aragón;Teruel;GLP;387
2023-10;Aragón;Zaragoza;BIODIESEL;53
2023-10;Aragón;Zaragoza;GASÓLEO A;41250
2023-10;Aragón;Zaragoza;GASÓLEO B;10342
2023-10;Aragón;Zaragoza;GASÓLEO C;3370
2023-10;Aragón;Zaragoza;OTROS GASOLEOS;17
2023-10;Aragón;Zaragoza;BIOETANOL;0
2023-10;Aragón;Zaragoza;GASOLINA  AUTO. S/PB 95 I.O.;8631
2023-10;Aragón;Zaragoza;GASOLINA  AUTO. S/PB 98 I.O.;303
2023-10;Aragón;Zaragoza;OTRAS GASOLINAS;6
2023-10;Aragón;Zaragoza;FUELÓLEO  BIA;6
2023-10;Aragón;Zaragoza;OTROS FUELÓLEOS;0
2023-10;Aragón;Zaragoza;QUEROSENO AVIACIÓN;9048
2023-10;Aragón;Zaragoza;OTROS QUEROSENOS;0
2023-10;Aragón;Zaragoza;GLP;1470
2023-10;Asturias, Principado de;Asturias;BIODIESEL;0
2023-10;Asturias, Principado de;Asturias;GASÓLEO A;32891
2023-10;Asturias, Principado de;Asturias;GASÓLEO B;5406
2023-10;Asturias, Principado de;Asturias;GASÓLEO C;2635
2023-10;Asturias, Principado de;Asturias;OTROS GASOLEOS;2191
2023-10;Asturias, Principado de;Asturias;BIOETANOL;0
2023-10;Asturias, Principado de;Asturias;GASOLINA  AUTO. S/PB 95 I.O.;8765
2023-10;Asturias, Principado de;Asturias;GASOLINA  AUTO. S/PB 98 I.O.;462
2023-10;Asturias, Principado de;Asturias;OTRAS GASOLINAS;3
2023-10;Asturias, Principado de;Asturias;FUELÓLEO  BIA;765
2023-10;Asturias, Principado de;Asturias;OTROS FUELÓLEOS;1134
2023-10;Asturias, Principado de;Asturias;QUEROSENO AVIACIÓN;1597
2023-10;Asturias, Principado de;Asturias;OTROS QUEROSENOS;0
2023-10;Asturias, Principado de;Asturias;GLP;2025
2023-10;Balears, Illes;Balears, Illes;BIODIESEL;0
2023-10;Balears, Illes;Balears, Illes;GASÓLEO A;30075
2023-10;Balears, Illes;Balears, Illes;GASÓLEO B;3740
2023-10;Balears, Illes;Balears, Illes;GASÓLEO C;12324
2023-10;Balears, Illes;Balears, Illes;OTROS GASOLEOS;3798
2023-10;Balears, Illes;Balears, Illes;BIOETANOL;0
2023-10;Balears, Illes;Balears, Illes;GASOLINA  AUTO. S/PB 95 I.O.;22531
2023-10;Balears, Illes;Balears, Illes;GASOLINA  AUTO. S/PB 98 I.O.;989
2023-10;Balears, Illes;Balears, Illes;OTRAS GASOLINAS;22
2023-10;Balears, Illes;Balears, Illes;FUELÓLEO  BIA;0
2023-10;Balears, Illes;Balears, Illes;OTROS FUELÓLEOS;0
2023-10;Balears, Illes;Balears, Illes;QUEROSENO AVIACIÓN;66208
2023-10;Balears, Illes;Balears, Illes;OTROS QUEROSENOS;0
2023-10;Balears, Illes;Balears, Illes;GLP;3719
2023-10;Canarias;Palmas, Las;BIODIESEL;0
2023-10;Canarias;Palmas, Las;GASÓLEO A;27797
2023-10;Canarias;Palmas, Las;GASÓLEO B;0
2023-10;Canarias;Palmas, Las;GASÓLEO C;388
2023-10;Canarias;Palmas, Las;OTROS GASOLEOS;124533
2023-10;Canarias;Palmas, Las;BIOETANOL;0
2023-10;Canarias;Palmas, Las;GASOLINA  AUTO. S/PB 95 I.O.;18865
2023-10;Canarias;Palmas, Las;GASOLINA  AUTO. S/PB 98 I.O.;3328
2023-10;Canarias;Palmas, Las;OTRAS GASOLINAS;5
2023-10;Canarias;Palmas, Las;FUELÓLEO  BIA;28283
2023-10;Canarias;Palmas, Las;OTROS FUELÓLEOS;59275
2023-10;Canarias;Palmas, Las;QUEROSENO AVIACIÓN;48013
2023-10;Canarias;Palmas, Las;OTROS QUEROSENOS;0
2023-10;Canarias;Palmas, Las;GLP;2855
2023-10;Canarias;Santa Cruz de Tenerife;BIODIESEL;75
2023-10;Canarias;Santa Cruz de Tenerife;GASÓLEO A;27035
2023-10;Canarias;Santa Cruz de Tenerife;GASÓLEO B;0
2023-10;Canarias;Santa Cruz de Tenerife;GASÓLEO C;0
2023-10;Canarias;Santa Cruz de Tenerife;OTROS GASOLEOS;51065
2023-10;Canarias;Santa Cruz de Tenerife;BIOETANOL;0
2023-10;Canarias;Santa Cruz de Tenerife;GASOLINA  AUTO. S/PB 95 I.O.;17550
2023-10;Canarias;Santa Cruz de Tenerife;GASOLINA  AUTO. S/PB 98 I.O.;4927
2023-10;Canarias;Santa Cruz de Tenerife;OTRAS GASOLINAS;1
2023-10;Canarias;Santa Cruz de Tenerife;FUELÓLEO  BIA;23466
2023-10;Canarias;Santa Cruz de Tenerife;OTROS FUELÓLEOS;20548
2023-10;Canarias;Santa Cruz de Tenerife;QUEROSENO AVIACIÓN;47062
2023-10;Canarias;Santa Cruz de Tenerife;OTROS QUEROSENOS;0
2023-10;Canarias;Santa Cruz de Tenerife;GLP;3081
2023-10;Cantabria;Cantabria;BIODIESEL;0
2023-10;Cantabria;Cantabria;GASÓLEO A;23654
2023-10;Cantabria;Cantabria;GASÓLEO B;3758
2023-10;Cantabria;Cantabria;GASÓLEO C;179
2023-10;Cantabria;Cantabria;OTROS GASOLEOS;638
2023-10;Cantabria;Cantabria;BIOETANOL;0
2023-10;Cantabria;Cantabria;GASOLINA  AUTO. S/PB 95 I.O.;6621
2023-10;Cantabria;Cantabria;GASOLINA  AUTO. S/PB 98 I.O.;262
2023-10;Cantabria;Cantabria;OTRAS GASOLINAS;3
2023-10;Cantabria;Cantabria;FUELÓLEO  BIA;372
2023-10;Cantabria;Cantabria;OTROS FUELÓLEOS;350
2023-10;Cantabria;Cantabria;QUEROSENO AVIACIÓN;926
2023-10;Cantabria;Cantabria;OTROS QUEROSENOS;0
2023-10;Cantabria;Cantabria;GLP;962
2023-10;Castilla - La Mancha;Albacete;BIODIESEL;0
2023-10;Castilla - La Mancha;Albacete;GASÓLEO A;16165
2023-10;Castilla - La Mancha;Albacete;GASÓLEO B;5989
2023-10;Castilla - La Mancha;Albacete;GASÓLEO C;1568
2023-10;Castilla - La Mancha;Albacete;OTROS GASOLEOS;0
2023-10;Castilla - La Mancha;Albacete;BIOETANOL;0
2023-10;Castilla - La Mancha;Albacete;GASOLINA  AUTO. S/PB 95 I.O.;3191
2023-10;Castilla - La Mancha;Albacete;GASOLINA  AUTO. S/PB 98 I.O.;131
2023-10;Castilla - La Mancha;Albacete;OTRAS GASOLINAS;0
2023-10;Castilla - La Mancha;Albacete;FUELÓLEO  BIA;44
2023-10;Castilla - La Mancha;Albacete;OTROS FUELÓLEOS;0
2023-10;Castilla - La Mancha;Albacete;QUEROSENO AVIACIÓN;22
2023-10;Castilla - La Mancha;Albacete;OTROS QUEROSENOS;0
2023-10;Castilla - La Mancha;Albacete;GLP;709
2023-10;Castilla - La Mancha;Ciudad Real;BIODIESEL;4
2023-10;Castilla - La Mancha;Ciudad Real;GASÓLEO A;22284
2023-10;Castilla - La Mancha;Ciudad Real;GASÓLEO B;7397
2023-10;Castilla - La Mancha;Ciudad Real;GASÓLEO C;1867
2023-10;Castilla - La Mancha;Ciudad Real;OTROS GASOLEOS;0
2023-10;Castilla - La Mancha;Ciudad Real;BIOETANOL;0
2023-10;Castilla - La Mancha;Ciudad Real;GASOLINA  AUTO. S/PB 95 I.O.;3953
2023-10;Castilla - La Mancha;Ciudad Real;GASOLINA  AUTO. S/PB 98 I.O.;115
2023-10;Castilla - La Mancha;Ciudad Real;OTRAS GASOLINAS;0
2023-10;Castilla - La Mancha;Ciudad Real;FUELÓLEO  BIA;97
2023-10;Castilla - La Mancha;Ciudad Real;OTROS FUELÓLEOS;0
2023-10;Castilla - La Mancha;Ciudad Real;QUEROSENO AVIACIÓN;0
2023-10;Castilla - La Mancha;Ciudad Real;OTROS QUEROSENOS;0
2023-10;Castilla - La Mancha;Ciudad Real;GLP;907
2023-10;Castilla - La Mancha;Cuenca;BIODIESEL;0
2023-10;Castilla - La Mancha;Cuenca;GASÓLEO A;15450
2023-10;Castilla - La Mancha;Cuenca;GASÓLEO B;7782
2023-10;Castilla - La Mancha;Cuenca;GASÓLEO C;930
2023-10;Castilla - La Mancha;Cuenca;OTROS GASOLEOS;0
2023-10;Castilla - La Mancha;Cuenca;BIOETANOL;0
2023-10;Castilla - La Mancha;Cuenca;GASOLINA  AUTO. S/PB 95 I.O.;2699
2023-10;Castilla - La Mancha;Cuenca;GASOLINA  AUTO. S/PB 98 I.O.;94
2023-10;Castilla - La Mancha;Cuenca;OTRAS GASOLINAS;3
2023-10;Castilla - La Mancha;Cuenca;FUELÓLEO  BIA;0
2023-10;Castilla - La Mancha;Cuenca;OTROS FUELÓLEOS;0
2023-10;Castilla - La Mancha;Cuenca;QUEROSENO AVIACIÓN;0
2023-10;Castilla - La Mancha;Cuenca;OTROS QUEROSENOS;0
2023-10;Castilla - La Mancha;Cuenca;GLP;517
2023-10;Castilla - La Mancha;Guadalajara;BIODIESEL;0
2023-10;Castilla - La Mancha;Guadalajara;GASÓLEO A;12772
2023-10;Castilla - La Mancha;Guadalajara;GASÓLEO B;3913
2023-10;Castilla - La Mancha;Guadalajara;GASÓLEO C;2101
2023-10;Castilla - La Mancha;Guadalajara;OTROS GASOLEOS;0
2023-10;Castilla - La Mancha;Guadalajara;BIOETANOL;0
2023-10;Castilla - La Mancha;Guadalajara;GASOLINA  AUTO. S/PB 95 I.O.;3272
2023-10;Castilla - La Mancha;Guadalajara;GASOLINA  AUTO. S/PB 98 I.O.;105
2023-10;Castilla - La Mancha;Guadalajara;OTRAS GASOLINAS;0
2023-10;Castilla - La Mancha;Guadalajara;FUELÓLEO  BIA;53
2023-10;Castilla - La Mancha;Guadalajara;OTROS FUELÓLEOS;0
2023-10;Castilla - La Mancha;Guadalajara;QUEROSENO AVIACIÓN;5
2023-10;Castilla - La Mancha;Guadalajara;OTROS QUEROSENOS;0
2023-10;Castilla - La Mancha;Guadalajara;GLP;423
2023-10;Castilla - La Mancha;Toledo;BIODIESEL;0
2023-10;Castilla - La Mancha;Toledo;GASÓLEO A;35354
2023-10;Castilla - La Mancha;Toledo;GASÓLEO B;11855
2023-10;Castilla - La Mancha;Toledo;GASÓLEO C;4567
2023-10;Castilla - La Mancha;Toledo;OTROS GASOLEOS;0
2023-10;Castilla - La Mancha;Toledo;BIOETANOL;0
2023-10;Castilla - La Mancha;Toledo;GASOLINA  AUTO. S/PB 95 I.O.;7337
2023-10;Castilla - La Mancha;Toledo;GASOLINA  AUTO. S/PB 98 I.O.;273
2023-10;Castilla - La Mancha;Toledo;OTRAS GASOLINAS;0
2023-10;Castilla - La Mancha;Toledo;FUELÓLEO  BIA;105
2023-10;Castilla - La Mancha;Toledo;OTROS FUELÓLEOS;0
2023-10;Castilla - La Mancha;Toledo;QUEROSENO AVIACIÓN;26
2023-10;Castilla - La Mancha;Toledo;OTROS QUEROSENOS;0
2023-10;Castilla - La Mancha;Toledo;GLP;1427
2023-10;Castilla y León;Ávila;BIODIESEL;0
2023-10;Castilla y León;Ávila;GASÓLEO A;7131
2023-10;Castilla y León;Ávila;GASÓLEO B;3255
2023-10;Castilla y León;Ávila;GASÓLEO C;791
2023-10;Castilla y León;Ávila;OTROS GASOLEOS;0
2023-10;Castilla y León;Ávila;BIOETANOL;0
2023-10;Castilla y León;Ávila;GASOLINA  AUTO. S/PB 95 I.O.;1788
2023-10;Castilla y León;Ávila;GASOLINA  AUTO. S/PB 98 I.O.;59
2023-10;Castilla y León;Ávila;OTRAS GASOLINAS;0
2023-10;Castilla y León;Ávila;FUELÓLEO  BIA;26
2023-10;Castilla y León;Ávila;OTROS FUELÓLEOS;0
2023-10;Castilla y León;Ávila;QUEROSENO AVIACIÓN;13
2023-10;Castilla y León;Ávila;OTROS QUEROSENOS;0
2023-10;Castilla y León;Ávila;GLP;540
2023-10;Castilla y León;Burgos;BIODIESEL;0
2023-10;Castilla y León;Burgos;GASÓLEO A;24587
2023-10;Castilla y León;Burgos;GASÓLEO B;7527
2023-10;Castilla y León;Burgos;GASÓLEO C;1297
2023-10;Castilla y León;Burgos;OTROS GASOLEOS;0
2023-10;Castilla y León;Burgos;BIOETANOL;0
2023-10;Castilla y León;Burgos;GASOLINA  AUTO. S/PB 95 I.O.;4643
2023-10;Castilla y León;Burgos;GASOLINA  AUTO. S/PB 98 I.O.;189
2023-10;Castilla y León;Burgos;OTRAS GASOLINAS;17
2023-10;Castilla y León;Burgos;FUELÓLEO  BIA;157
2023-10;Castilla y León;Burgos;OTROS FUELÓLEOS;0
2023-10;Castilla y León;Burgos;QUEROSENO AVIACIÓN;10
2023-10;Castilla y León;Burgos;OTROS QUEROSENOS;0
2023-10;Castilla y León;Burgos;GLP;623
2023-10;Castilla y León;León;BIODIESEL;25
2023-10;Castilla y León;León;GASÓLEO A;22970
2023-10;Castilla y León;León;GASÓLEO B;8562
2023-10;Castilla y León;León;GASÓLEO C;4292
2023-10;Castilla y León;León;OTROS GASOLEOS;0
2023-10;Castilla y León;León;BIOETANOL;0
2023-10;Castilla y León;León;GASOLINA  AUTO. S/PB 95 I.O.;4679
2023-10;Castilla y León;León;GASOLINA  AUTO. S/PB 98 I.O.;230
2023-10;Castilla y León;León;OTRAS GASOLINAS;0
2023-10;Castilla y León;León;FUELÓLEO  BIA;99
2023-10;Castilla y León;León;OTROS FUELÓLEOS;0
2023-10;Castilla y León;León;QUEROSENO AVIACIÓN;147
2023-10;Castilla y León;León;OTROS QUEROSENOS;0
2023-10;Castilla y León;León;GLP;1552
2023-10;Castilla y León;Palencia;BIODIESEL;0
2023-10;Castilla y León;Palencia;GASÓLEO A;13029
2023-10;Castilla y León;Palencia;GASÓLEO B;5038
2023-10;Castilla y León;Palencia;GASÓLEO C;511
2023-10;Castilla y León;Palencia;OTROS GASOLEOS;0
2023-10;Castilla y León;Palencia;BIOETANOL;0
2023-10;Castilla y León;Palencia;GASOLINA  AUTO. S/PB 95 I.O.;1702
2023-10;Castilla y León;Palencia;GASOLINA  AUTO. S/PB 98 I.O.;67
2023-10;Castilla y León;Palencia;OTRAS GASOLINAS;0
2023-10;Castilla y León;Palencia;FUELÓLEO  BIA;102
2023-10;Castilla y León;Palencia;OTROS FUELÓLEOS;0
2023-10;Castilla y León;Palencia;QUEROSENO AVIACIÓN;0
2023-10;Castilla y León;Palencia;OTROS QUEROSENOS;0
2023-10;Castilla y León;Palencia;GLP;264
2023-10;Castilla y León;Salamanca;BIODIESEL;0
2023-10;Castilla y León;Salamanca;GASÓLEO A;20953
2023-10;Castilla y León;Salamanca;GASÓLEO B;5619
2023-10;Castilla y León;Salamanca;GASÓLEO C;2202
2023-10;Castilla y León;Salamanca;OTROS GASOLEOS;0
2023-10;Castilla y León;Salamanca;BIOETANOL;0
2023-10;Castilla y León;Salamanca;GASOLINA  AUTO. S/PB 95 I.O.;2994
2023-10;Castilla y León;Salamanca;GASOLINA  AUTO. S/PB 98 I.O.;143
2023-10;Castilla y León;Salamanca;OTRAS GASOLINAS;16
2023-10;Castilla y León;Salamanca;FUELÓLEO  BIA;0
2023-10;Castilla y León;Salamanca;OTROS FUELÓLEOS;0
2023-10;Castilla y León;Salamanca;QUEROSENO AVIACIÓN;51
2023-10;Castilla y León;Salamanca;OTROS QUEROSENOS;0
2023-10;Castilla y León;Salamanca;GLP;765
2023-10;Castilla y León;Segovia;BIODIESEL;0
2023-10;Castilla y León;Segovia;GASÓLEO A;8930
2023-10;Castilla y León;Segovia;GASÓLEO B;4266
2023-10;Castilla y León;Segovia;GASÓLEO C;1268
2023-10;Castilla y León;Segovia;OTROS GASOLEOS;0
2023-10;Castilla y León;Segovia;BIOETANOL;0
2023-10;Castilla y León;Segovia;GASOLINA  AUTO. S/PB 95 I.O.;2235
2023-10;Castilla y León;Segovia;GASOLINA  AUTO. S/PB 98 I.O.;94
2023-10;Castilla y León;Segovia;OTRAS GASOLINAS;0
2023-10;Castilla y León;Segovia;FUELÓLEO  BIA;0
2023-10;Castilla y León;Segovia;OTROS FUELÓLEOS;0
2023-10;Castilla y León;Segovia;QUEROSENO AVIACIÓN;0
2023-10;Castilla y León;Segovia;OTROS QUEROSENOS;0
2023-10;Castilla y León;Segovia;GLP;614
2023-10;Castilla y León;Soria;BIODIESEL;0
2023-10;Castilla y León;Soria;GASÓLEO A;6155
2023-10;Castilla y León;Soria;GASÓLEO B;2557
2023-10;Castilla y León;Soria;GASÓLEO C;534
2023-10;Castilla y León;Soria;OTROS GASOLEOS;0
2023-10;Castilla y León;Soria;BIOETANOL;0
2023-10;Castilla y León;Soria;GASOLINA  AUTO. S/PB 95 I.O.;1217
2023-10;Castilla y León;Soria;GASOLINA  AUTO. S/PB 98 I.O.;51
2023-10;Castilla y León;Soria;OTRAS GASOLINAS;17
2023-10;Castilla y León;Soria;FUELÓLEO  BIA;0
2023-10;Castilla y León;Soria;OTROS FUELÓLEOS;0
2023-10;Castilla y León;Soria;QUEROSENO AVIACIÓN;0
2023-10;Castilla y León;Soria;OTROS QUEROSENOS;0
2023-10;Castilla y León;Soria;GLP;196
2023-10;Castilla y León;Valladolid;BIODIESEL;0
2023-10;Castilla y León;Valladolid;GASÓLEO A;22836
2023-10;Castilla y León;Valladolid;GASÓLEO B;5726
2023-10;Castilla y León;Valladolid;GASÓLEO C;1300
2023-10;Castilla y León;Valladolid;OTROS GASOLEOS;0
2023-10;Castilla y León;Valladolid;BIOETANOL;0
2023-10;Castilla y León;Valladolid;GASOLINA  AUTO. S/PB 95 I.O.;5083
2023-10;Castilla y León;Valladolid;GASOLINA  AUTO. S/PB 98 I.O.;183
2023-10;Castilla y León;Valladolid;OTRAS GASOLINAS;9
2023-10;Castilla y León;Valladolid;FUELÓLEO  BIA;22
2023-10;Castilla y León;Valladolid;OTROS FUELÓLEOS;0
2023-10;Castilla y León;Valladolid;QUEROSENO AVIACIÓN;237
2023-10;Castilla y León;Valladolid;OTROS QUEROSENOS;0
2023-10;Castilla y León;Valladolid;GLP;881
2023-10;Castilla y León;Zamora;BIODIESEL;0
2023-10;Castilla y León;Zamora;GASÓLEO A;15856
2023-10;Castilla y León;Zamora;GASÓLEO B;5747
2023-10;Castilla y León;Zamora;GASÓLEO C;757
2023-10;Castilla y León;Zamora;OTROS GASOLEOS;0
2023-10;Castilla y León;Zamora;BIOETANOL;0
2023-10;Castilla y León;Zamora;GASOLINA  AUTO. S/PB 95 I.O.;1950
2023-10;Castilla y León;Zamora;GASOLINA  AUTO. S/PB 98 I.O.;90
2023-10;Castilla y León;Zamora;OTRAS GASOLINAS;0
2023-10;Castilla y León;Zamora;FUELÓLEO  BIA;123
2023-10;Castilla y León;Zamora;OTROS FUELÓLEOS;0
2023-10;Castilla y León;Zamora;QUEROSENO AVIACIÓN;0
2023-10;Castilla y León;Zamora;OTROS QUEROSENOS;0
2023-10;Castilla y León;Zamora;GLP;493
2023-10;Cataluña;Barcelona;BIODIESEL;93
2023-10;Cataluña;Barcelona;GASÓLEO A;141242
2023-10;Cataluña;Barcelona;GASÓLEO B;17259
2023-10;Cataluña;Barcelona;GASÓLEO C;3523
2023-10;Cataluña;Barcelona;OTROS GASOLEOS;31113
2023-10;Cataluña;Barcelona;BIOETANOL;0
2023-10;Cataluña;Barcelona;GASOLINA  AUTO. S/PB 95 I.O.;56958
2023-10;Cataluña;Barcelona;GASOLINA  AUTO. S/PB 98 I.O.;2420
2023-10;Cataluña;Barcelona;OTRAS GASOLINAS;51
2023-10;Cataluña;Barcelona;FUELÓLEO  BIA;318
2023-10;Cataluña;Barcelona;OTROS FUELÓLEOS;63589
2023-10;Cataluña;Barcelona;QUEROSENO AVIACIÓN;106838
2023-10;Cataluña;Barcelona;OTROS QUEROSENOS;0
2023-10;Cataluña;Barcelona;GLP;4470
2023-10;Cataluña;Girona;BIODIESEL;0
2023-10;Cataluña;Girona;GASÓLEO A;85693
2023-10;Cataluña;Girona;GASÓLEO B;5381
2023-10;Cataluña;Girona;GASÓLEO C;2037
2023-10;Cataluña;Girona;OTROS GASOLEOS;703
2023-10;Cataluña;Girona;BIOETANOL;0
2023-10;Cataluña;Girona;GASOLINA  AUTO. S/PB 95 I.O.;14391
2023-10;Cataluña;Girona;GASOLINA  AUTO. S/PB 98 I.O.;713
2023-10;Cataluña;Girona;OTRAS GASOLINAS;4
2023-10;Cataluña;Girona;FUELÓLEO  BIA;103
2023-10;Cataluña;Girona;OTROS FUELÓLEOS;0
2023-10;Cataluña;Girona;QUEROSENO AVIACIÓN;2783
2023-10;Cataluña;Girona;OTROS QUEROSENOS;0
2023-10;Cataluña;Girona;GLP;2009
2023-10;Cataluña;Lleida;BIODIESEL;0
2023-10;Cataluña;Lleida;GASÓLEO A;24156
2023-10;Cataluña;Lleida;GASÓLEO B;6378
2023-10;Cataluña;Lleida;GASÓLEO C;870
2023-10;Cataluña;Lleida;OTROS GASOLEOS;0
2023-10;Cataluña;Lleida;BIOETANOL;0
2023-10;Cataluña;Lleida;GASOLINA  AUTO. S/PB 95 I.O.;4874
2023-10;Cataluña;Lleida;GASOLINA  AUTO. S/PB 98 I.O.;230
2023-10;Cataluña;Lleida;OTRAS GASOLINAS;14
2023-10;Cataluña;Lleida;FUELÓLEO  BIA;0
2023-10;Cataluña;Lleida;OTROS FUELÓLEOS;0
2023-10;Cataluña;Lleida;QUEROSENO AVIACIÓN;150
2023-10;Cataluña;Lleida;OTROS QUEROSENOS;0
2023-10;Cataluña;Lleida;GLP;1296
2023-10;Cataluña;Tarragona;BIODIESEL;0
2023-10;Cataluña;Tarragona;GASÓLEO A;55264
2023-10;Cataluña;Tarragona;GASÓLEO B;4416
2023-10;Cataluña;Tarragona;GASÓLEO C;468
2023-10;Cataluña;Tarragona;OTROS GASOLEOS;1855
2023-10;Cataluña;Tarragona;BIOETANOL;0
2023-10;Cataluña;Tarragona;GASOLINA  AUTO. S/PB 95 I.O.;13032
2023-10;Cataluña;Tarragona;GASOLINA  AUTO. S/PB 98 I.O.;483
2023-10;Cataluña;Tarragona;OTRAS GASOLINAS;7
2023-10;Cataluña;Tarragona;FUELÓLEO  BIA;0
2023-10;Cataluña;Tarragona;OTROS FUELÓLEOS;100
2023-10;Cataluña;Tarragona;QUEROSENO AVIACIÓN;2038
2023-10;Cataluña;Tarragona;OTROS QUEROSENOS;0
2023-10;Cataluña;Tarragona;GLP;7405
2023-10;Ceuta;Ceuta;BIODIESEL;0
2023-10;Ceuta;Ceuta;GASÓLEO A;973
2023-10;Ceuta;Ceuta;GASÓLEO B;0
2023-10;Ceuta;Ceuta;GASÓLEO C;0
2023-10;Ceuta;Ceuta;OTROS GASOLEOS;6509
2023-10;Ceuta;Ceuta;BIOETANOL;0
2023-10;Ceuta;Ceuta;GASOLINA  AUTO. S/PB 95 I.O.;511
2023-10;Ceuta;Ceuta;GASOLINA  AUTO. S/PB 98 I.O.;43
2023-10;Ceuta;Ceuta;OTRAS GASOLINAS;0
2023-10;Ceuta;Ceuta;FUELÓLEO  BIA;2599
2023-10;Ceuta;Ceuta;OTROS FUELÓLEOS;8200
2023-10;Ceuta;Ceuta;QUEROSENO AVIACIÓN;54
2023-10;Ceuta;Ceuta;OTROS QUEROSENOS;0
2023-10;Ceuta;Ceuta;GLP;181
2023-10;Comunitat Valenciana;Alicante/Alacant;BIODIESEL;4
2023-10;Comunitat Valenciana;Alicante/Alacant;GASÓLEO A;54006
2023-10;Comunitat Valenciana;Alicante/Alacant;GASÓLEO B;4860
2023-10;Comunitat Valenciana;Alicante/Alacant;GASÓLEO C;1540
2023-10;Comunitat Valenciana;Alicante/Alacant;OTROS GASOLEOS;1581
2023-10;Comunitat Valenciana;Alicante/Alacant;BIOETANOL;0
2023-10;Comunitat Valenciana;Alicante/Alacant;GASOLINA  AUTO. S/PB 95 I.O.;23433
2023-10;Comunitat Valenciana;Alicante/Alacant;GASOLINA  AUTO. S/PB 98 I.O.;942
2023-10;Comunitat Valenciana;Alicante/Alacant;OTRAS GASOLINAS;0
2023-10;Comunitat Valenciana;Alicante/Alacant;FUELÓLEO  BIA;150
2023-10;Comunitat Valenciana;Alicante/Alacant;OTROS FUELÓLEOS;100
2023-10;Comunitat Valenciana;Alicante/Alacant;QUEROSENO AVIACIÓN;27901
2023-10;Comunitat Valenciana;Alicante/Alacant;OTROS QUEROSENOS;0
2023-10;Comunitat Valenciana;Alicante/Alacant;GLP;4680
2023-10;Comunitat Valenciana;Castellón/Castelló;BIODIESEL;0
2023-10;Comunitat Valenciana;Castellón/Castelló;GASÓLEO A;19851
2023-10;Comunitat Valenciana;Castellón/Castelló;GASÓLEO B;1865
2023-10;Comunitat Valenciana;Castellón/Castelló;GASÓLEO C;427
2023-10;Comunitat Valenciana;Castellón/Castelló;OTROS GASOLEOS;7118
2023-10;Comunitat Valenciana;Castellón/Castelló;BIOETANOL;0
2023-10;Comunitat Valenciana;Castellón/Castelló;GASOLINA  AUTO. S/PB 95 I.O.;6872
2023-10;Comunitat Valenciana;Castellón/Castelló;GASOLINA  AUTO. S/PB 98 I.O.;290
2023-10;Comunitat Valenciana;Castellón/Castelló;OTRAS GASOLINAS;18
2023-10;Comunitat Valenciana;Castellón/Castelló;FUELÓLEO  BIA;0
2023-10;Comunitat Valenciana;Castellón/Castelló;OTROS FUELÓLEOS;153
2023-10;Comunitat Valenciana;Castellón/Castelló;QUEROSENO AVIACIÓN;290
2023-10;Comunitat Valenciana;Castellón/Castelló;OTROS QUEROSENOS;0
2023-10;Comunitat Valenciana;Castellón/Castelló;GLP;1298
2023-10;Comunitat Valenciana;Valencia/València;BIODIESEL;13
2023-10;Comunitat Valenciana;Valencia/València;GASÓLEO A;87071
2023-10;Comunitat Valenciana;Valencia/València;GASÓLEO B;10495
2023-10;Comunitat Valenciana;Valencia/València;GASÓLEO C;877
2023-10;Comunitat Valenciana;Valencia/València;OTROS GASOLEOS;5883
2023-10;Comunitat Valenciana;Valencia/València;BIOETANOL;0
2023-10;Comunitat Valenciana;Valencia/València;GASOLINA  AUTO. S/PB 95 I.O.;26885
2023-10;Comunitat Valenciana;Valencia/València;GASOLINA  AUTO. S/PB 98 I.O.;966
2023-10;Comunitat Valenciana;Valencia/València;OTRAS GASOLINAS;6
2023-10;Comunitat Valenciana;Valencia/València;FUELÓLEO  BIA;123
2023-10;Comunitat Valenciana;Valencia/València;OTROS FUELÓLEOS;26961
2023-10;Comunitat Valenciana;Valencia/València;QUEROSENO AVIACIÓN;14144
2023-10;Comunitat Valenciana;Valencia/València;OTROS QUEROSENOS;1
2023-10;Comunitat Valenciana;Valencia/València;GLP;3695
2023-10;Extremadura;Badajoz;BIODIESEL;16
2023-10;Extremadura;Badajoz;GASÓLEO A;40140
2023-10;Extremadura;Badajoz;GASÓLEO B;7476
2023-10;Extremadura;Badajoz;GASÓLEO C;391
2023-10;Extremadura;Badajoz;OTROS GASOLEOS;0
2023-10;Extremadura;Badajoz;BIOETANOL;0
2023-10;Extremadura;Badajoz;GASOLINA  AUTO. S/PB 95 I.O.;5293
2023-10;Extremadura;Badajoz;GASOLINA  AUTO. S/PB 98 I.O.;159
2023-10;Extremadura;Badajoz;OTRAS GASOLINAS;1
2023-10;Extremadura;Badajoz;FUELÓLEO  BIA;148
2023-10;Extremadura;Badajoz;OTROS FUELÓLEOS;0
2023-10;Extremadura;Badajoz;QUEROSENO AVIACIÓN;53
2023-10;Extremadura;Badajoz;OTROS QUEROSENOS;0
2023-10;Extremadura;Badajoz;GLP;2192
2023-10;Extremadura;Cáceres;BIODIESEL;0
2023-10;Extremadura;Cáceres;GASÓLEO A;17003
2023-10;Extremadura;Cáceres;GASÓLEO B;3300
2023-10;Extremadura;Cáceres;GASÓLEO C;567
2023-10;Extremadura;Cáceres;OTROS GASOLEOS;0
2023-10;Extremadura;Cáceres;BIOETANOL;0
2023-10;Extremadura;Cáceres;GASOLINA  AUTO. S/PB 95 I.O.;3421
2023-10;Extremadura;Cáceres;GASOLINA  AUTO. S/PB 98 I.O.;97
2023-10;Extremadura;Cáceres;OTRAS GASOLINAS;0
2023-10;Extremadura;Cáceres;FUELÓLEO  BIA;103
2023-10;Extremadura;Cáceres;OTROS FUELÓLEOS;0
2023-10;Extremadura;Cáceres;QUEROSENO AVIACIÓN;0
2023-10;Extremadura;Cáceres;OTROS QUEROSENOS;0
2023-10;Extremadura;Cáceres;GLP;1337
2023-10;Galicia;Coruña, A;BIODIESEL;13
2023-10;Galicia;Coruña, A;GASÓLEO A;44252
2023-10;Galicia;Coruña, A;GASÓLEO B;8420
2023-10;Galicia;Coruña, A;GASÓLEO C;4299
2023-10;Galicia;Coruña, A;OTROS GASOLEOS;3090
2023-10;Galicia;Coruña, A;BIOETANOL;0
2023-10;Galicia;Coruña, A;GASOLINA  AUTO. S/PB 95 I.O.;9524
2023-10;Galicia;Coruña, A;GASOLINA  AUTO. S/PB 98 I.O.;386
2023-10;Galicia;Coruña, A;OTRAS GASOLINAS;4
2023-10;Galicia;Coruña, A;FUELÓLEO  BIA;7706
2023-10;Galicia;Coruña, A;OTROS FUELÓLEOS;1219
2023-10;Galicia;Coruña, A;QUEROSENO AVIACIÓN;5081
2023-10;Galicia;Coruña, A;OTROS QUEROSENOS;0
2023-10;Galicia;Coruña, A;GLP;2962
2023-10;Galicia;Lugo;BIODIESEL;0
2023-10;Galicia;Lugo;GASÓLEO A;18168
2023-10;Galicia;Lugo;GASÓLEO B;4843
2023-10;Galicia;Lugo;GASÓLEO C;2972
2023-10;Galicia;Lugo;OTROS GASOLEOS;1967
2023-10;Galicia;Lugo;BIOETANOL;0
2023-10;Galicia;Lugo;GASOLINA  AUTO. S/PB 95 I.O.;2792
2023-10;Galicia;Lugo;GASOLINA  AUTO. S/PB 98 I.O.;116
2023-10;Galicia;Lugo;OTRAS GASOLINAS;0
2023-10;Galicia;Lugo;FUELÓLEO  BIA;51
2023-10;Galicia;Lugo;OTROS FUELÓLEOS;0
2023-10;Galicia;Lugo;QUEROSENO AVIACIÓN;14
2023-10;Galicia;Lugo;OTROS QUEROSENOS;0
2023-10;Galicia;Lugo;GLP;1190
2023-10;Galicia;Ourense;BIODIESEL;0
2023-10;Galicia;Ourense;GASÓLEO A;13084
2023-10;Galicia;Ourense;GASÓLEO B;2523
2023-10;Galicia;Ourense;GASÓLEO C;4896
2023-10;Galicia;Ourense;OTROS GASOLEOS;0
2023-10;Galicia;Ourense;BIOETANOL;0
2023-10;Galicia;Ourense;GASOLINA  AUTO. S/PB 95 I.O.;2564
2023-10;Galicia;Ourense;GASOLINA  AUTO. S/PB 98 I.O.;153
2023-10;Galicia;Ourense;OTRAS GASOLINAS;0
2023-10;Galicia;Ourense;FUELÓLEO  BIA;106
2023-10;Galicia;Ourense;OTROS FUELÓLEOS;0
2023-10;Galicia;Ourense;QUEROSENO AVIACIÓN;8
2023-10;Galicia;Ourense;OTROS QUEROSENOS;0
2023-10;Galicia;Ourense;GLP;1126
2023-10;Galicia;Pontevedra;BIODIESEL;0
2023-10;Galicia;Pontevedra;GASÓLEO A;34789
2023-10;Galicia;Pontevedra;GASÓLEO B;4748
2023-10;Galicia;Pontevedra;GASÓLEO C;4542
2023-10;Galicia;Pontevedra;OTROS GASOLEOS;6227
2023-10;Galicia;Pontevedra;BIOETANOL;0
2023-10;Galicia;Pontevedra;GASOLINA  AUTO. S/PB 95 I.O.;8076
2023-10;Galicia;Pontevedra;GASOLINA  AUTO. S/PB 98 I.O.;395
2023-10;Galicia;Pontevedra;OTRAS GASOLINAS;1
2023-10;Galicia;Pontevedra;FUELÓLEO  BIA;1016
2023-10;Galicia;Pontevedra;OTROS FUELÓLEOS;130
2023-10;Galicia;Pontevedra;QUEROSENO AVIACIÓN;567
2023-10;Galicia;Pontevedra;OTROS QUEROSENOS;0
2023-10;Galicia;Pontevedra;GLP;2765
2023-10;Madrid, Comunidad de;Madrid;BIODIESEL;129
2023-10;Madrid, Comunidad de;Madrid;GASÓLEO A;156643
2023-10;Madrid, Comunidad de;Madrid;GASÓLEO B;10354
2023-10;Madrid, Comunidad de;Madrid;GASÓLEO C;10853
2023-10;Madrid, Comunidad de;Madrid;OTROS GASOLEOS;17
2023-10;Madrid, Comunidad de;Madrid;BIOETANOL;0
2023-10;Madrid, Comunidad de;Madrid;GASOLINA  AUTO. S/PB 95 I.O.;64582
2023-10;Madrid, Comunidad de;Madrid;GASOLINA  AUTO. S/PB 98 I.O.;2253
2023-10;Madrid, Comunidad de;Madrid;OTRAS GASOLINAS;48
2023-10;Madrid, Comunidad de;Madrid;FUELÓLEO  BIA;387
2023-10;Madrid, Comunidad de;Madrid;OTROS FUELÓLEOS;35
2023-10;Madrid, Comunidad de;Madrid;QUEROSENO AVIACIÓN;214327
2023-10;Madrid, Comunidad de;Madrid;OTROS QUEROSENOS;0
2023-10;Madrid, Comunidad de;Madrid;GLP;7504
2023-10;Melilla;Melilla;BIODIESEL;0
2023-10;Melilla;Melilla;GASÓLEO A;1031
2023-10;Melilla;Melilla;GASÓLEO B;0
2023-10;Melilla;Melilla;GASÓLEO C;0
2023-10;Melilla;Melilla;OTROS GASOLEOS;0
2023-10;Melilla;Melilla;BIOETANOL;0
2023-10;Melilla;Melilla;GASOLINA  AUTO. S/PB 95 I.O.;564
2023-10;Melilla;Melilla;GASOLINA  AUTO. S/PB 98 I.O.;0
2023-10;Melilla;Melilla;OTRAS GASOLINAS;0
2023-10;Melilla;Melilla;FUELÓLEO  BIA;2697
2023-10;Melilla;Melilla;OTROS FUELÓLEOS;0
2023-10;Melilla;Melilla;QUEROSENO AVIACIÓN;156
2023-10;Melilla;Melilla;OTROS QUEROSENOS;0
2023-10;Melilla;Melilla;GLP;162
2023-10;Murcia, Región de;Murcia;BIODIESEL;0
2023-10;Murcia, Región de;Murcia;GASÓLEO A;77255
2023-10;Murcia, Región de;Murcia;GASÓLEO B;12192
2023-10;Murcia, Región de;Murcia;GASÓLEO C;583
2023-10;Murcia, Región de;Murcia;OTROS GASOLEOS;2267
2023-10;Murcia, Región de;Murcia;BIOETANOL;0
2023-10;Murcia, Región de;Murcia;GASOLINA  AUTO. S/PB 95 I.O.;13569
2023-10;Murcia, Región de;Murcia;GASOLINA  AUTO. S/PB 98 I.O.;530
2023-10;Murcia, Región de;Murcia;OTRAS GASOLINAS;3
2023-10;Murcia, Región de;Murcia;FUELÓLEO  BIA;467
2023-10;Murcia, Región de;Murcia;OTROS FUELÓLEOS;362
2023-10;Murcia, Región de;Murcia;QUEROSENO AVIACIÓN;1573
2023-10;Murcia, Región de;Murcia;OTROS QUEROSENOS;0
2023-10;Murcia, Región de;Murcia;GLP;3189
2023-10;Navarra, Comunidad Foral de;Navarra;BIODIESEL;0
2023-10;Navarra, Comunidad Foral de;Navarra;GASÓLEO A;49281
2023-10;Navarra, Comunidad Foral de;Navarra;GASÓLEO B;7511
2023-10;Navarra, Comunidad Foral de;Navarra;GASÓLEO C;786
2023-10;Navarra, Comunidad Foral de;Navarra;OTROS GASOLEOS;0
2023-10;Navarra, Comunidad Foral de;Navarra;BIOETANOL;0
2023-10;Navarra, Comunidad Foral de;Navarra;GASOLINA  AUTO. S/PB 95 I.O.;6968
2023-10;Navarra, Comunidad Foral de;Navarra;GASOLINA  AUTO. S/PB 98 I.O.;228
2023-10;Navarra, Comunidad Foral de;Navarra;OTRAS GASOLINAS;2
2023-10;Navarra, Comunidad Foral de;Navarra;FUELÓLEO  BIA;269
2023-10;Navarra, Comunidad Foral de;Navarra;OTROS FUELÓLEOS;0
2023-10;Navarra, Comunidad Foral de;Navarra;QUEROSENO AVIACIÓN;162
2023-10;Navarra, Comunidad Foral de;Navarra;OTROS QUEROSENOS;0
2023-10;Navarra, Comunidad Foral de;Navarra;GLP;997
2023-10;País Vasco;Araba/Álava;BIODIESEL;18
2023-10;País Vasco;Araba/Álava;GASÓLEO A;37330
2023-10;País Vasco;Araba/Álava;GASÓLEO B;2470
2023-10;País Vasco;Araba/Álava;GASÓLEO C;536
2023-10;País Vasco;Araba/Álava;OTROS GASOLEOS;0
2023-10;País Vasco;Araba/Álava;BIOETANOL;0
2023-10;País Vasco;Araba/Álava;GASOLINA  AUTO. S/PB 95 I.O.;3020
2023-10;País Vasco;Araba/Álava;GASOLINA  AUTO. S/PB 98 I.O.;178
2023-10;País Vasco;Araba/Álava;OTRAS GASOLINAS;1
2023-10;País Vasco;Araba/Álava;FUELÓLEO  BIA;204
2023-10;País Vasco;Araba/Álava;OTROS FUELÓLEOS;0
2023-10;País Vasco;Araba/Álava;QUEROSENO AVIACIÓN;811
2023-10;País Vasco;Araba/Álava;OTROS QUEROSENOS;0
2023-10;País Vasco;Araba/Álava;GLP;694
2023-10;País Vasco;Bizkaia;BIODIESEL;34
2023-10;País Vasco;Bizkaia;GASÓLEO A;50668
2023-10;País Vasco;Bizkaia;GASÓLEO B;9003
2023-10;País Vasco;Bizkaia;GASÓLEO C;2391
2023-10;País Vasco;Bizkaia;OTROS GASOLEOS;1052
2023-10;País Vasco;Bizkaia;BIOETANOL;0
2023-10;País Vasco;Bizkaia;GASOLINA  AUTO. S/PB 95 I.O.;9598
2023-10;País Vasco;Bizkaia;GASOLINA  AUTO. S/PB 98 I.O.;399
2023-10;País Vasco;Bizkaia;OTRAS GASOLINAS;1
2023-10;País Vasco;Bizkaia;FUELÓLEO  BIA;77
2023-10;País Vasco;Bizkaia;OTROS FUELÓLEOS;0
2023-10;País Vasco;Bizkaia;QUEROSENO AVIACIÓN;7274
2023-10;País Vasco;Bizkaia;OTROS QUEROSENOS;2
2023-10;País Vasco;Bizkaia;GLP;781
2023-10;País Vasco;Gipuzkoa;BIODIESEL;0
2023-10;País Vasco;Gipuzkoa;GASÓLEO A;59852
2023-10;País Vasco;Gipuzkoa;GASÓLEO B;1977
2023-10;País Vasco;Gipuzkoa;GASÓLEO C;228
2023-10;País Vasco;Gipuzkoa;OTROS GASOLEOS;400
2023-10;País Vasco;Gipuzkoa;BIOETANOL;0
2023-10;País Vasco;Gipuzkoa;GASOLINA  AUTO. S/PB 95 I.O.;6951
2023-10;País Vasco;Gipuzkoa;GASOLINA  AUTO. S/PB 98 I.O.;345
2023-10;País Vasco;Gipuzkoa;OTRAS GASOLINAS;1
2023-10;País Vasco;Gipuzkoa;FUELÓLEO  BIA;121
2023-10;País Vasco;Gipuzkoa;OTROS FUELÓLEOS;0
2023-10;País Vasco;Gipuzkoa;QUEROSENO AVIACIÓN;516
2023-10;País Vasco;Gipuzkoa;OTROS QUEROSENOS;0
2023-10;País Vasco;Gipuzkoa;GLP;835
2023-10;Rioja, La;Rioja, La;BIODIESEL;0
2023-10;Rioja, La;Rioja, La;GASÓLEO A;13376
2023-10;Rioja, La;Rioja, La;GASÓLEO B;3101
2023-10;Rioja, La;Rioja, La;GASÓLEO C;1473
2023-10;Rioja, La;Rioja, La;OTROS GASOLEOS;0
2023-10;Rioja, La;Rioja, La;BIOETANOL;0
2023-10;Rioja, La;Rioja, La;GASOLINA  AUTO. S/PB 95 I.O.;2712
2023-10;Rioja, La;Rioja, La;GASOLINA  AUTO. S/PB 98 I.O.;111
2023-10;Rioja, La;Rioja, La;OTRAS GASOLINAS;0
2023-10;Rioja, La;Rioja, La;FUELÓLEO  BIA;37
2023-10;Rioja, La;Rioja, La;OTROS FUELÓLEOS;0
2023-10;Rioja, La;Rioja, La;QUEROSENO AVIACIÓN;9
2023-10;Rioja, La;Rioja, La;OTROS QUEROSENOS;0
2023-10;Rioja, La;Rioja, La;GLP;633
2023-11;Andalucía;Almería;BIODIESEL;0
2023-11;Andalucía;Almería;GASÓLEO A;28848
2023-11;Andalucía;Almería;GASÓLEO B;5929
2023-11;Andalucía;Almería;GASÓLEO C;318
2023-11;Andalucía;Almería;OTROS GASOLEOS;27577
2023-11;Andalucía;Almería;BIOETANOL;0
2023-11;Andalucía;Almería;GASOLINA  AUTO. S/PB 95 I.O.;5261
2023-11;Andalucía;Almería;GASOLINA  AUTO. S/PB 98 I.O.;284
2023-11;Andalucía;Almería;OTRAS GASOLINAS;1
2023-11;Andalucía;Almería;FUELÓLEO  BIA;132
2023-11;Andalucía;Almería;OTROS FUELÓLEOS;14082
2023-11;Andalucía;Almería;QUEROSENO AVIACIÓN;369
2023-11;Andalucía;Almería;OTROS QUEROSENOS;0
2023-11;Andalucía;Almería;GLP;2245
2023-11;Andalucía;Cádiz;BIODIESEL;36
2023-11;Andalucía;Cádiz;GASÓLEO A;32765
2023-11;Andalucía;Cádiz;GASÓLEO B;7783
2023-11;Andalucía;Cádiz;GASÓLEO C;298
2023-11;Andalucía;Cádiz;OTROS GASOLEOS;41530
2023-11;Andalucía;Cádiz;BIOETANOL;0
2023-11;Andalucía;Cádiz;GASOLINA  AUTO. S/PB 95 I.O.;10287
2023-11;Andalucía;Cádiz;GASOLINA  AUTO. S/PB 98 I.O.;341
2023-11;Andalucía;Cádiz;OTRAS GASOLINAS;39
2023-11;Andalucía;Cádiz;FUELÓLEO  BIA;51
2023-11;Andalucía;Cádiz;OTROS FUELÓLEOS;280773
2023-11;Andalucía;Cádiz;QUEROSENO AVIACIÓN;683
2023-11;Andalucía;Cádiz;OTROS QUEROSENOS;0
2023-11;Andalucía;Cádiz;GLP;3212
2023-11;Andalucía;Córdoba;BIODIESEL;0
2023-11;Andalucía;Córdoba;GASÓLEO A;33529
2023-11;Andalucía;Córdoba;GASÓLEO B;10582
2023-11;Andalucía;Córdoba;GASÓLEO C;777
2023-11;Andalucía;Córdoba;OTROS GASOLEOS;0
2023-11;Andalucía;Córdoba;BIOETANOL;0
2023-11;Andalucía;Córdoba;GASOLINA  AUTO. S/PB 95 I.O.;5053
2023-11;Andalucía;Córdoba;GASOLINA  AUTO. S/PB 98 I.O.;117
2023-11;Andalucía;Córdoba;OTRAS GASOLINAS;5
2023-11;Andalucía;Córdoba;FUELÓLEO  BIA;35
2023-11;Andalucía;Córdoba;OTROS FUELÓLEOS;0
2023-11;Andalucía;Córdoba;QUEROSENO AVIACIÓN;27
2023-11;Andalucía;Córdoba;OTROS QUEROSENOS;0
2023-11;Andalucía;Córdoba;GLP;2196
2023-11;Andalucía;Granada;BIODIESEL;82
2023-11;Andalucía;Granada;GASÓLEO A;34985
2023-11;Andalucía;Granada;GASÓLEO B;7471
2023-11;Andalucía;Granada;GASÓLEO C;3194
2023-11;Andalucía;Granada;OTROS GASOLEOS;335
2023-11;Andalucía;Granada;BIOETANOL;0
2023-11;Andalucía;Granada;GASOLINA  AUTO. S/PB 95 I.O.;7878
2023-11;Andalucía;Granada;GASOLINA  AUTO. S/PB 98 I.O.;311
2023-11;Andalucía;Granada;OTRAS GASOLINAS;1
2023-11;Andalucía;Granada;FUELÓLEO  BIA;208
2023-11;Andalucía;Granada;OTROS FUELÓLEOS;962
2023-11;Andalucía;Granada;QUEROSENO AVIACIÓN;834
2023-11;Andalucía;Granada;OTROS QUEROSENOS;0
2023-11;Andalucía;Granada;GLP;3023
2023-11;Andalucía;Huelva;BIODIESEL;0
2023-11;Andalucía;Huelva;GASÓLEO A;22603
2023-11;Andalucía;Huelva;GASÓLEO B;9349
2023-11;Andalucía;Huelva;GASÓLEO C;200
2023-11;Andalucía;Huelva;OTROS GASOLEOS;3716
2023-11;Andalucía;Huelva;BIOETANOL;0
2023-11;Andalucía;Huelva;GASOLINA  AUTO. S/PB 95 I.O.;4392
2023-11;Andalucía;Huelva;GASOLINA  AUTO. S/PB 98 I.O.;140
2023-11;Andalucía;Huelva;OTRAS GASOLINAS;0
2023-11;Andalucía;Huelva;FUELÓLEO  BIA;527
2023-11;Andalucía;Huelva;OTROS FUELÓLEOS;7858
2023-11;Andalucía;Huelva;QUEROSENO AVIACIÓN;99
2023-11;Andalucía;Huelva;OTROS QUEROSENOS;0
2023-11;Andalucía;Huelva;GLP;2185
2023-11;Andalucía;Jaén;BIODIESEL;16
2023-11;Andalucía;Jaén;GASÓLEO A;28226
2023-11;Andalucía;Jaén;GASÓLEO B;5118
2023-11;Andalucía;Jaén;GASÓLEO C;1477
2023-11;Andalucía;Jaén;OTROS GASOLEOS;0
2023-11;Andalucía;Jaén;BIOETANOL;0
2023-11;Andalucía;Jaén;GASOLINA  AUTO. S/PB 95 I.O.;4067
2023-11;Andalucía;Jaén;GASOLINA  AUTO. S/PB 98 I.O.;117
2023-11;Andalucía;Jaén;OTRAS GASOLINAS;0
2023-11;Andalucía;Jaén;FUELÓLEO  BIA;26
2023-11;Andalucía;Jaén;OTROS FUELÓLEOS;0
2023-11;Andalucía;Jaén;QUEROSENO AVIACIÓN;0
2023-11;Andalucía;Jaén;OTROS QUEROSENOS;0
2023-11;Andalucía;Jaén;GLP;1683
2023-11;Andalucía;Málaga;BIODIESEL;0
2023-11;Andalucía;Málaga;GASÓLEO A;46359
2023-11;Andalucía;Málaga;GASÓLEO B;5971
2023-11;Andalucía;Málaga;GASÓLEO C;382
2023-11;Andalucía;Málaga;OTROS GASOLEOS;1686
2023-11;Andalucía;Málaga;BIOETANOL;0
2023-11;Andalucía;Málaga;GASOLINA  AUTO. S/PB 95 I.O.;17537
2023-11;Andalucía;Málaga;GASOLINA  AUTO. S/PB 98 I.O.;1101
2023-11;Andalucía;Málaga;OTRAS GASOLINAS;27
2023-11;Andalucía;Málaga;FUELÓLEO  BIA;0
2023-11;Andalucía;Málaga;OTROS FUELÓLEOS;1563
2023-11;Andalucía;Málaga;QUEROSENO AVIACIÓN;29870
2023-11;Andalucía;Málaga;OTROS QUEROSENOS;0
2023-11;Andalucía;Málaga;GLP;4836
2023-11;Andalucía;Sevilla;BIODIESEL;25
2023-11;Andalucía;Sevilla;GASÓLEO A;56961
2023-11;Andalucía;Sevilla;GASÓLEO B;10318
2023-11;Andalucía;Sevilla;GASÓLEO C;566
2023-11;Andalucía;Sevilla;OTROS GASOLEOS;1261
2023-11;Andalucía;Sevilla;BIOETANOL;0
2023-11;Andalucía;Sevilla;GASOLINA  AUTO. S/PB 95 I.O.;14777
2023-11;Andalucía;Sevilla;GASOLINA  AUTO. S/PB 98 I.O.;347
2023-11;Andalucía;Sevilla;OTRAS GASOLINAS;4
2023-11;Andalucía;Sevilla;FUELÓLEO  BIA;508
2023-11;Andalucía;Sevilla;OTROS FUELÓLEOS;416
2023-11;Andalucía;Sevilla;QUEROSENO AVIACIÓN;11173
2023-11;Andalucía;Sevilla;OTROS QUEROSENOS;0
2023-11;Andalucía;Sevilla;GLP;4858
2023-11;Aragón;Huesca;BIODIESEL;0
2023-11;Aragón;Huesca;GASÓLEO A;14083
2023-11;Aragón;Huesca;GASÓLEO B;8892
2023-11;Aragón;Huesca;GASÓLEO C;1724
2023-11;Aragón;Huesca;OTROS GASOLEOS;0
2023-11;Aragón;Huesca;BIOETANOL;0
2023-11;Aragón;Huesca;GASOLINA  AUTO. S/PB 95 I.O.;2595
2023-11;Aragón;Huesca;GASOLINA  AUTO. S/PB 98 I.O.;117
2023-11;Aragón;Huesca;OTRAS GASOLINAS;0
2023-11;Aragón;Huesca;FUELÓLEO  BIA;37
2023-11;Aragón;Huesca;OTROS FUELÓLEOS;0
2023-11;Aragón;Huesca;QUEROSENO AVIACIÓN;24
2023-11;Aragón;Huesca;OTROS QUEROSENOS;0
2023-11;Aragón;Huesca;GLP;1634
2023-11;Aragón;Teruel;BIODIESEL;0
2023-11;Aragón;Teruel;GASÓLEO A;8570
2023-11;Aragón;Teruel;GASÓLEO B;4975
2023-11;Aragón;Teruel;GASÓLEO C;1550
2023-11;Aragón;Teruel;OTROS GASOLEOS;0
2023-11;Aragón;Teruel;BIOETANOL;0
2023-11;Aragón;Teruel;GASOLINA  AUTO. S/PB 95 I.O.;1441
2023-11;Aragón;Teruel;GASOLINA  AUTO. S/PB 98 I.O.;76
2023-11;Aragón;Teruel;OTRAS GASOLINAS;0
2023-11;Aragón;Teruel;FUELÓLEO  BIA;141
2023-11;Aragón;Teruel;OTROS FUELÓLEOS;0
2023-11;Aragón;Teruel;QUEROSENO AVIACIÓN;160
2023-11;Aragón;Teruel;OTROS QUEROSENOS;1
2023-11;Aragón;Teruel;GLP;558
2023-11;Aragón;Zaragoza;BIODIESEL;51
2023-11;Aragón;Zaragoza;GASÓLEO A;42370
2023-11;Aragón;Zaragoza;GASÓLEO B;11252
2023-11;Aragón;Zaragoza;GASÓLEO C;5596
2023-11;Aragón;Zaragoza;OTROS GASOLEOS;0
2023-11;Aragón;Zaragoza;BIOETANOL;0
2023-11;Aragón;Zaragoza;GASOLINA  AUTO. S/PB 95 I.O.;8298
2023-11;Aragón;Zaragoza;GASOLINA  AUTO. S/PB 98 I.O.;260
2023-11;Aragón;Zaragoza;OTRAS GASOLINAS;2
2023-11;Aragón;Zaragoza;FUELÓLEO  BIA;6
2023-11;Aragón;Zaragoza;OTROS FUELÓLEOS;0
2023-11;Aragón;Zaragoza;QUEROSENO AVIACIÓN;9268
2023-11;Aragón;Zaragoza;OTROS QUEROSENOS;0
2023-11;Aragón;Zaragoza;GLP;1913
2023-11;Asturias, Principado de;Asturias;BIODIESEL;19
2023-11;Asturias, Principado de;Asturias;GASÓLEO A;32136
2023-11;Asturias, Principado de;Asturias;GASÓLEO B;5345
2023-11;Asturias, Principado de;Asturias;GASÓLEO C;3297
2023-11;Asturias, Principado de;Asturias;OTROS GASOLEOS;2413
2023-11;Asturias, Principado de;Asturias;BIOETANOL;0
2023-11;Asturias, Principado de;Asturias;GASOLINA  AUTO. S/PB 95 I.O.;8131
2023-11;Asturias, Principado de;Asturias;GASOLINA  AUTO. S/PB 98 I.O.;397
2023-11;Asturias, Principado de;Asturias;OTRAS GASOLINAS;0
2023-11;Asturias, Principado de;Asturias;FUELÓLEO  BIA;810
2023-11;Asturias, Principado de;Asturias;OTROS FUELÓLEOS;240
2023-11;Asturias, Principado de;Asturias;QUEROSENO AVIACIÓN;866
2023-11;Asturias, Principado de;Asturias;OTROS QUEROSENOS;0
2023-11;Asturias, Principado de;Asturias;GLP;2414
2023-11;Balears, Illes;Balears, Illes;BIODIESEL;0
2023-11;Balears, Illes;Balears, Illes;GASÓLEO A;24687
2023-11;Balears, Illes;Balears, Illes;GASÓLEO B;3517
2023-11;Balears, Illes;Balears, Illes;GASÓLEO C;11654
2023-11;Balears, Illes;Balears, Illes;OTROS GASOLEOS;2192
2023-11;Balears, Illes;Balears, Illes;BIOETANOL;0
2023-11;Balears, Illes;Balears, Illes;GASOLINA  AUTO. S/PB 95 I.O.;15930
2023-11;Balears, Illes;Balears, Illes;GASOLINA  AUTO. S/PB 98 I.O.;734
2023-11;Balears, Illes;Balears, Illes;OTRAS GASOLINAS;13
2023-11;Balears, Illes;Balears, Illes;FUELÓLEO  BIA;0
2023-11;Balears, Illes;Balears, Illes;OTROS FUELÓLEOS;0
2023-11;Balears, Illes;Balears, Illes;QUEROSENO AVIACIÓN;16946
2023-11;Balears, Illes;Balears, Illes;OTROS QUEROSENOS;0
2023-11;Balears, Illes;Balears, Illes;GLP;3235
2023-11;Canarias;Palmas, Las;BIODIESEL;0
2023-11;Canarias;Palmas, Las;GASÓLEO A;28533
2023-11;Canarias;Palmas, Las;GASÓLEO B;0
2023-11;Canarias;Palmas, Las;GASÓLEO C;0
2023-11;Canarias;Palmas, Las;OTROS GASOLEOS;123819
2023-11;Canarias;Palmas, Las;BIOETANOL;0
2023-11;Canarias;Palmas, Las;GASOLINA  AUTO. S/PB 95 I.O.;18987
2023-11;Canarias;Palmas, Las;GASOLINA  AUTO. S/PB 98 I.O.;3328
2023-11;Canarias;Palmas, Las;OTRAS GASOLINAS;9
2023-11;Canarias;Palmas, Las;FUELÓLEO  BIA;65332
2023-11;Canarias;Palmas, Las;OTROS FUELÓLEOS;51869
2023-11;Canarias;Palmas, Las;QUEROSENO AVIACIÓN;58392
2023-11;Canarias;Palmas, Las;OTROS QUEROSENOS;0
2023-11;Canarias;Palmas, Las;GLP;2993
2023-11;Canarias;Santa Cruz de Tenerife;BIODIESEL;0
2023-11;Canarias;Santa Cruz de Tenerife;GASÓLEO A;27501
2023-11;Canarias;Santa Cruz de Tenerife;GASÓLEO B;0
2023-11;Canarias;Santa Cruz de Tenerife;GASÓLEO C;0
2023-11;Canarias;Santa Cruz de Tenerife;OTROS GASOLEOS;66244
2023-11;Canarias;Santa Cruz de Tenerife;BIOETANOL;0
2023-11;Canarias;Santa Cruz de Tenerife;GASOLINA  AUTO. S/PB 95 I.O.;17552
2023-11;Canarias;Santa Cruz de Tenerife;GASOLINA  AUTO. S/PB 98 I.O.;4772
2023-11;Canarias;Santa Cruz de Tenerife;OTRAS GASOLINAS;3
2023-11;Canarias;Santa Cruz de Tenerife;FUELÓLEO  BIA;16394
2023-11;Canarias;Santa Cruz de Tenerife;OTROS FUELÓLEOS;21841
2023-11;Canarias;Santa Cruz de Tenerife;QUEROSENO AVIACIÓN;54854
2023-11;Canarias;Santa Cruz de Tenerife;OTROS QUEROSENOS;0
2023-11;Canarias;Santa Cruz de Tenerife;GLP;3457
2023-11;Cantabria;Cantabria;BIODIESEL;0
2023-11;Cantabria;Cantabria;GASÓLEO A;21886
2023-11;Cantabria;Cantabria;GASÓLEO B;4324
2023-11;Cantabria;Cantabria;GASÓLEO C;231
2023-11;Cantabria;Cantabria;OTROS GASOLEOS;629
2023-11;Cantabria;Cantabria;BIOETANOL;0
2023-11;Cantabria;Cantabria;GASOLINA  AUTO. S/PB 95 I.O.;5691
2023-11;Cantabria;Cantabria;GASOLINA  AUTO. S/PB 98 I.O.;213
2023-11;Cantabria;Cantabria;OTRAS GASOLINAS;1
2023-11;Cantabria;Cantabria;FUELÓLEO  BIA;699
2023-11;Cantabria;Cantabria;OTROS FUELÓLEOS;426
2023-11;Cantabria;Cantabria;QUEROSENO AVIACIÓN;557
2023-11;Cantabria;Cantabria;OTROS QUEROSENOS;0
2023-11;Cantabria;Cantabria;GLP;1299
2023-11;Castilla - La Mancha;Albacete;BIODIESEL;0
2023-11;Castilla - La Mancha;Albacete;GASÓLEO A;15394
2023-11;Castilla - La Mancha;Albacete;GASÓLEO B;6477
2023-11;Castilla - La Mancha;Albacete;GASÓLEO C;2481
2023-11;Castilla - La Mancha;Albacete;OTROS GASOLEOS;0
2023-11;Castilla - La Mancha;Albacete;BIOETANOL;0
2023-11;Castilla - La Mancha;Albacete;GASOLINA  AUTO. S/PB 95 I.O.;2892
2023-11;Castilla - La Mancha;Albacete;GASOLINA  AUTO. S/PB 98 I.O.;131
2023-11;Castilla - La Mancha;Albacete;OTRAS GASOLINAS;0
2023-11;Castilla - La Mancha;Albacete;FUELÓLEO  BIA;103
2023-11;Castilla - La Mancha;Albacete;OTROS FUELÓLEOS;0
2023-11;Castilla - La Mancha;Albacete;QUEROSENO AVIACIÓN;27
2023-11;Castilla - La Mancha;Albacete;OTROS QUEROSENOS;0
2023-11;Castilla - La Mancha;Albacete;GLP;965
2023-11;Castilla - La Mancha;Ciudad Real;BIODIESEL;3
2023-11;Castilla - La Mancha;Ciudad Real;GASÓLEO A;22913
2023-11;Castilla - La Mancha;Ciudad Real;GASÓLEO B;10424
2023-11;Castilla - La Mancha;Ciudad Real;GASÓLEO C;2786
2023-11;Castilla - La Mancha;Ciudad Real;OTROS GASOLEOS;0
2023-11;Castilla - La Mancha;Ciudad Real;BIOETANOL;0
2023-11;Castilla - La Mancha;Ciudad Real;GASOLINA  AUTO. S/PB 95 I.O.;3696
2023-11;Castilla - La Mancha;Ciudad Real;GASOLINA  AUTO. S/PB 98 I.O.;103
2023-11;Castilla - La Mancha;Ciudad Real;OTRAS GASOLINAS;0
2023-11;Castilla - La Mancha;Ciudad Real;FUELÓLEO  BIA;108
2023-11;Castilla - La Mancha;Ciudad Real;OTROS FUELÓLEOS;0
2023-11;Castilla - La Mancha;Ciudad Real;QUEROSENO AVIACIÓN;68
2023-11;Castilla - La Mancha;Ciudad Real;OTROS QUEROSENOS;0
2023-11;Castilla - La Mancha;Ciudad Real;GLP;1200
2023-11;Castilla - La Mancha;Cuenca;BIODIESEL;0
2023-11;Castilla - La Mancha;Cuenca;GASÓLEO A;13923
2023-11;Castilla - La Mancha;Cuenca;GASÓLEO B;9802
2023-11;Castilla - La Mancha;Cuenca;GASÓLEO C;1318
2023-11;Castilla - La Mancha;Cuenca;OTROS GASOLEOS;0
2023-11;Castilla - La Mancha;Cuenca;BIOETANOL;0
2023-11;Castilla - La Mancha;Cuenca;GASOLINA  AUTO. S/PB 95 I.O.;2087
2023-11;Castilla - La Mancha;Cuenca;GASOLINA  AUTO. S/PB 98 I.O.;73
2023-11;Castilla - La Mancha;Cuenca;OTRAS GASOLINAS;0
2023-11;Castilla - La Mancha;Cuenca;FUELÓLEO  BIA;0
2023-11;Castilla - La Mancha;Cuenca;OTROS FUELÓLEOS;0
2023-11;Castilla - La Mancha;Cuenca;QUEROSENO AVIACIÓN;10
2023-11;Castilla - La Mancha;Cuenca;OTROS QUEROSENOS;0
2023-11;Castilla - La Mancha;Cuenca;GLP;896
2023-11;Castilla - La Mancha;Guadalajara;BIODIESEL;19
2023-11;Castilla - La Mancha;Guadalajara;GASÓLEO A;12287
2023-11;Castilla - La Mancha;Guadalajara;GASÓLEO B;4882
2023-11;Castilla - La Mancha;Guadalajara;GASÓLEO C;3193
2023-11;Castilla - La Mancha;Guadalajara;OTROS GASOLEOS;0
2023-11;Castilla - La Mancha;Guadalajara;BIOETANOL;0
2023-11;Castilla - La Mancha;Guadalajara;GASOLINA  AUTO. S/PB 95 I.O.;3044
2023-11;Castilla - La Mancha;Guadalajara;GASOLINA  AUTO. S/PB 98 I.O.;89
2023-11;Castilla - La Mancha;Guadalajara;OTRAS GASOLINAS;0
2023-11;Castilla - La Mancha;Guadalajara;FUELÓLEO  BIA;0
2023-11;Castilla - La Mancha;Guadalajara;OTROS FUELÓLEOS;0
2023-11;Castilla - La Mancha;Guadalajara;QUEROSENO AVIACIÓN;0
2023-11;Castilla - La Mancha;Guadalajara;OTROS QUEROSENOS;0
2023-11;Castilla - La Mancha;Guadalajara;GLP;552
2023-11;Castilla - La Mancha;Toledo;BIODIESEL;0
2023-11;Castilla - La Mancha;Toledo;GASÓLEO A;35341
2023-11;Castilla - La Mancha;Toledo;GASÓLEO B;13995
2023-11;Castilla - La Mancha;Toledo;GASÓLEO C;6577
2023-11;Castilla - La Mancha;Toledo;OTROS GASOLEOS;0
2023-11;Castilla - La Mancha;Toledo;BIOETANOL;0
2023-11;Castilla - La Mancha;Toledo;GASOLINA  AUTO. S/PB 95 I.O.;6834
2023-11;Castilla - La Mancha;Toledo;GASOLINA  AUTO. S/PB 98 I.O.;263
2023-11;Castilla - La Mancha;Toledo;OTRAS GASOLINAS;23
2023-11;Castilla - La Mancha;Toledo;FUELÓLEO  BIA;295
2023-11;Castilla - La Mancha;Toledo;OTROS FUELÓLEOS;0
2023-11;Castilla - La Mancha;Toledo;QUEROSENO AVIACIÓN;0
2023-11;Castilla - La Mancha;Toledo;OTROS QUEROSENOS;0
2023-11;Castilla - La Mancha;Toledo;GLP;2044
2023-11;Castilla y León;Ávila;BIODIESEL;0
2023-11;Castilla y León;Ávila;GASÓLEO A;7111
2023-11;Castilla y León;Ávila;GASÓLEO B;3553
2023-11;Castilla y León;Ávila;GASÓLEO C;1259
2023-11;Castilla y León;Ávila;OTROS GASOLEOS;0
2023-11;Castilla y León;Ávila;BIOETANOL;0
2023-11;Castilla y León;Ávila;GASOLINA  AUTO. S/PB 95 I.O.;1610
2023-11;Castilla y León;Ávila;GASOLINA  AUTO. S/PB 98 I.O.;52
2023-11;Castilla y León;Ávila;OTRAS GASOLINAS;0
2023-11;Castilla y León;Ávila;FUELÓLEO  BIA;52
2023-11;Castilla y León;Ávila;OTROS FUELÓLEOS;0
2023-11;Castilla y León;Ávila;QUEROSENO AVIACIÓN;0
2023-11;Castilla y León;Ávila;OTROS QUEROSENOS;0
2023-11;Castilla y León;Ávila;GLP;725
2023-11;Castilla y León;Burgos;BIODIESEL;4
2023-11;Castilla y León;Burgos;GASÓLEO A;21384
2023-11;Castilla y León;Burgos;GASÓLEO B;8623
2023-11;Castilla y León;Burgos;GASÓLEO C;1397
2023-11;Castilla y León;Burgos;OTROS GASOLEOS;0
2023-11;Castilla y León;Burgos;BIOETANOL;0
2023-11;Castilla y León;Burgos;GASOLINA  AUTO. S/PB 95 I.O.;3948
2023-11;Castilla y León;Burgos;GASOLINA  AUTO. S/PB 98 I.O.;181
2023-11;Castilla y León;Burgos;OTRAS GASOLINAS;15
2023-11;Castilla y León;Burgos;FUELÓLEO  BIA;223
2023-11;Castilla y León;Burgos;OTROS FUELÓLEOS;0
2023-11;Castilla y León;Burgos;QUEROSENO AVIACIÓN;2
2023-11;Castilla y León;Burgos;OTROS QUEROSENOS;0
2023-11;Castilla y León;Burgos;GLP;828
2023-11;Castilla y León;León;BIODIESEL;4
2023-11;Castilla y León;León;GASÓLEO A;22300
2023-11;Castilla y León;León;GASÓLEO B;8685
2023-11;Castilla y León;León;GASÓLEO C;5207
2023-11;Castilla y León;León;OTROS GASOLEOS;0
2023-11;Castilla y León;León;BIOETANOL;0
2023-11;Castilla y León;León;GASOLINA  AUTO. S/PB 95 I.O.;4355
2023-11;Castilla y León;León;GASOLINA  AUTO. S/PB 98 I.O.;171
2023-11;Castilla y León;León;OTRAS GASOLINAS;0
2023-11;Castilla y León;León;FUELÓLEO  BIA;156
2023-11;Castilla y León;León;OTROS FUELÓLEOS;0
2023-11;Castilla y León;León;QUEROSENO AVIACIÓN;54
2023-11;Castilla y León;León;OTROS QUEROSENOS;0
2023-11;Castilla y León;León;GLP;1934
2023-11;Castilla y León;Palencia;BIODIESEL;22
2023-11;Castilla y León;Palencia;GASÓLEO A;12732
2023-11;Castilla y León;Palencia;GASÓLEO B;5810
2023-11;Castilla y León;Palencia;GASÓLEO C;835
2023-11;Castilla y León;Palencia;OTROS GASOLEOS;0
2023-11;Castilla y León;Palencia;BIOETANOL;0
2023-11;Castilla y León;Palencia;GASOLINA  AUTO. S/PB 95 I.O.;1487
2023-11;Castilla y León;Palencia;GASOLINA  AUTO. S/PB 98 I.O.;64
2023-11;Castilla y León;Palencia;OTRAS GASOLINAS;0
2023-11;Castilla y León;Palencia;FUELÓLEO  BIA;203
2023-11;Castilla y León;Palencia;OTROS FUELÓLEOS;0
2023-11;Castilla y León;Palencia;QUEROSENO AVIACIÓN;0
2023-11;Castilla y León;Palencia;OTROS QUEROSENOS;0
2023-11;Castilla y León;Palencia;GLP;475
2023-11;Castilla y León;Salamanca;BIODIESEL;4
2023-11;Castilla y León;Salamanca;GASÓLEO A;20122
2023-11;Castilla y León;Salamanca;GASÓLEO B;5957
2023-11;Castilla y León;Salamanca;GASÓLEO C;3049
2023-11;Castilla y León;Salamanca;OTROS GASOLEOS;0
2023-11;Castilla y León;Salamanca;BIOETANOL;0
2023-11;Castilla y León;Salamanca;GASOLINA  AUTO. S/PB 95 I.O.;2669
2023-11;Castilla y León;Salamanca;GASOLINA  AUTO. S/PB 98 I.O.;81
2023-11;Castilla y León;Salamanca;OTRAS GASOLINAS;11
2023-11;Castilla y León;Salamanca;FUELÓLEO  BIA;53
2023-11;Castilla y León;Salamanca;OTROS FUELÓLEOS;0
2023-11;Castilla y León;Salamanca;QUEROSENO AVIACIÓN;25
2023-11;Castilla y León;Salamanca;OTROS QUEROSENOS;0
2023-11;Castilla y León;Salamanca;GLP;987
2023-11;Castilla y León;Segovia;BIODIESEL;0
2023-11;Castilla y León;Segovia;GASÓLEO A;9574
2023-11;Castilla y León;Segovia;GASÓLEO B;4412
2023-11;Castilla y León;Segovia;GASÓLEO C;2011
2023-11;Castilla y León;Segovia;OTROS GASOLEOS;0
2023-11;Castilla y León;Segovia;BIOETANOL;0
2023-11;Castilla y León;Segovia;GASOLINA  AUTO. S/PB 95 I.O.;1988
2023-11;Castilla y León;Segovia;GASOLINA  AUTO. S/PB 98 I.O.;68
2023-11;Castilla y León;Segovia;OTRAS GASOLINAS;0
2023-11;Castilla y León;Segovia;FUELÓLEO  BIA;26
2023-11;Castilla y León;Segovia;OTROS FUELÓLEOS;0
2023-11;Castilla y León;Segovia;QUEROSENO AVIACIÓN;0
2023-11;Castilla y León;Segovia;OTROS QUEROSENOS;0
2023-11;Castilla y León;Segovia;GLP;802
2023-11;Castilla y León;Soria;BIODIESEL;0
2023-11;Castilla y León;Soria;GASÓLEO A;5868
2023-11;Castilla y León;Soria;GASÓLEO B;3321
2023-11;Castilla y León;Soria;GASÓLEO C;912
2023-11;Castilla y León;Soria;OTROS GASOLEOS;0
2023-11;Castilla y León;Soria;BIOETANOL;0
2023-11;Castilla y León;Soria;GASOLINA  AUTO. S/PB 95 I.O.;981
2023-11;Castilla y León;Soria;GASOLINA  AUTO. S/PB 98 I.O.;43
2023-11;Castilla y León;Soria;OTRAS GASOLINAS;8
2023-11;Castilla y León;Soria;FUELÓLEO  BIA;0
2023-11;Castilla y León;Soria;OTROS FUELÓLEOS;0
2023-11;Castilla y León;Soria;QUEROSENO AVIACIÓN;0
2023-11;Castilla y León;Soria;OTROS QUEROSENOS;0
2023-11;Castilla y León;Soria;GLP;328
2023-11;Castilla y León;Valladolid;BIODIESEL;4
2023-11;Castilla y León;Valladolid;GASÓLEO A;22218
2023-11;Castilla y León;Valladolid;GASÓLEO B;6959
2023-11;Castilla y León;Valladolid;GASÓLEO C;2573
2023-11;Castilla y León;Valladolid;OTROS GASOLEOS;0
2023-11;Castilla y León;Valladolid;BIOETANOL;0
2023-11;Castilla y León;Valladolid;GASOLINA  AUTO. S/PB 95 I.O.;4665
2023-11;Castilla y León;Valladolid;GASOLINA  AUTO. S/PB 98 I.O.;175
2023-11;Castilla y León;Valladolid;OTRAS GASOLINAS;2
2023-11;Castilla y León;Valladolid;FUELÓLEO  BIA;150
2023-11;Castilla y León;Valladolid;OTROS FUELÓLEOS;0
2023-11;Castilla y León;Valladolid;QUEROSENO AVIACIÓN;150
2023-11;Castilla y León;Valladolid;OTROS QUEROSENOS;0
2023-11;Castilla y León;Valladolid;GLP;1088
2023-11;Castilla y León;Zamora;BIODIESEL;4
2023-11;Castilla y León;Zamora;GASÓLEO A;15867
2023-11;Castilla y León;Zamora;GASÓLEO B;5938
2023-11;Castilla y León;Zamora;GASÓLEO C;785
2023-11;Castilla y León;Zamora;OTROS GASOLEOS;0
2023-11;Castilla y León;Zamora;BIOETANOL;0
2023-11;Castilla y León;Zamora;GASOLINA  AUTO. S/PB 95 I.O.;1644
2023-11;Castilla y León;Zamora;GASOLINA  AUTO. S/PB 98 I.O.;67
2023-11;Castilla y León;Zamora;OTRAS GASOLINAS;0
2023-11;Castilla y León;Zamora;FUELÓLEO  BIA;54
2023-11;Castilla y León;Zamora;OTROS FUELÓLEOS;0
2023-11;Castilla y León;Zamora;QUEROSENO AVIACIÓN;0
2023-11;Castilla y León;Zamora;OTROS QUEROSENOS;0
2023-11;Castilla y León;Zamora;GLP;662
2023-11;Cataluña;Barcelona;BIODIESEL;82
2023-11;Cataluña;Barcelona;GASÓLEO A;164248
2023-11;Cataluña;Barcelona;GASÓLEO B;20266
2023-11;Cataluña;Barcelona;GASÓLEO C;5624
2023-11;Cataluña;Barcelona;OTROS GASOLEOS;44345
2023-11;Cataluña;Barcelona;BIOETANOL;0
2023-11;Cataluña;Barcelona;GASOLINA  AUTO. S/PB 95 I.O.;53227
2023-11;Cataluña;Barcelona;GASOLINA  AUTO. S/PB 98 I.O.;2373
2023-11;Cataluña;Barcelona;OTRAS GASOLINAS;43
2023-11;Cataluña;Barcelona;FUELÓLEO  BIA;231
2023-11;Cataluña;Barcelona;OTROS FUELÓLEOS;60715
2023-11;Cataluña;Barcelona;QUEROSENO AVIACIÓN;91132
2023-11;Cataluña;Barcelona;OTROS QUEROSENOS;0
2023-11;Cataluña;Barcelona;GLP;5835
2023-11;Cataluña;Girona;BIODIESEL;0
2023-11;Cataluña;Girona;GASÓLEO A;90620
2023-11;Cataluña;Girona;GASÓLEO B;6563
2023-11;Cataluña;Girona;GASÓLEO C;3293
2023-11;Cataluña;Girona;OTROS GASOLEOS;520
2023-11;Cataluña;Girona;BIOETANOL;0
2023-11;Cataluña;Girona;GASOLINA  AUTO. S/PB 95 I.O.;13140
2023-11;Cataluña;Girona;GASOLINA  AUTO. S/PB 98 I.O.;596
2023-11;Cataluña;Girona;OTRAS GASOLINAS;3
2023-11;Cataluña;Girona;FUELÓLEO  BIA;40
2023-11;Cataluña;Girona;OTROS FUELÓLEOS;0
2023-11;Cataluña;Girona;QUEROSENO AVIACIÓN;602
2023-11;Cataluña;Girona;OTROS QUEROSENOS;0
2023-11;Cataluña;Girona;GLP;2836
2023-11;Cataluña;Lleida;BIODIESEL;0
2023-11;Cataluña;Lleida;GASÓLEO A;22683
2023-11;Cataluña;Lleida;GASÓLEO B;7529
2023-11;Cataluña;Lleida;GASÓLEO C;1303
2023-11;Cataluña;Lleida;OTROS GASOLEOS;0
2023-11;Cataluña;Lleida;BIOETANOL;0
2023-11;Cataluña;Lleida;GASOLINA  AUTO. S/PB 95 I.O.;4384
2023-11;Cataluña;Lleida;GASOLINA  AUTO. S/PB 98 I.O.;189
2023-11;Cataluña;Lleida;OTRAS GASOLINAS;1
2023-11;Cataluña;Lleida;FUELÓLEO  BIA;27
2023-11;Cataluña;Lleida;OTROS FUELÓLEOS;0
2023-11;Cataluña;Lleida;QUEROSENO AVIACIÓN;46
2023-11;Cataluña;Lleida;OTROS QUEROSENOS;1
2023-11;Cataluña;Lleida;GLP;2410
2023-11;Cataluña;Tarragona;BIODIESEL;2
2023-11;Cataluña;Tarragona;GASÓLEO A;52111
2023-11;Cataluña;Tarragona;GASÓLEO B;4875
2023-11;Cataluña;Tarragona;GASÓLEO C;842
2023-11;Cataluña;Tarragona;OTROS GASOLEOS;2365
2023-11;Cataluña;Tarragona;BIOETANOL;0
2023-11;Cataluña;Tarragona;GASOLINA  AUTO. S/PB 95 I.O.;10986
2023-11;Cataluña;Tarragona;GASOLINA  AUTO. S/PB 98 I.O.;417
2023-11;Cataluña;Tarragona;OTRAS GASOLINAS;9
2023-11;Cataluña;Tarragona;FUELÓLEO  BIA;49
2023-11;Cataluña;Tarragona;OTROS FUELÓLEOS;330
2023-11;Cataluña;Tarragona;QUEROSENO AVIACIÓN;183
2023-11;Cataluña;Tarragona;OTROS QUEROSENOS;0
2023-11;Cataluña;Tarragona;GLP;3441
2023-11;Ceuta;Ceuta;BIODIESEL;0
2023-11;Ceuta;Ceuta;GASÓLEO A;945
2023-11;Ceuta;Ceuta;GASÓLEO B;0
2023-11;Ceuta;Ceuta;GASÓLEO C;27
2023-11;Ceuta;Ceuta;OTROS GASOLEOS;20026
2023-11;Ceuta;Ceuta;BIOETANOL;0
2023-11;Ceuta;Ceuta;GASOLINA  AUTO. S/PB 95 I.O.;475
2023-11;Ceuta;Ceuta;GASOLINA  AUTO. S/PB 98 I.O.;39
2023-11;Ceuta;Ceuta;OTRAS GASOLINAS;0
2023-11;Ceuta;Ceuta;FUELÓLEO  BIA;2496
2023-11;Ceuta;Ceuta;OTROS FUELÓLEOS;5978
2023-11;Ceuta;Ceuta;QUEROSENO AVIACIÓN;54
2023-11;Ceuta;Ceuta;OTROS QUEROSENOS;0
2023-11;Ceuta;Ceuta;GLP;202
2023-11;Comunitat Valenciana;Alicante/Alacant;BIODIESEL;0
2023-11;Comunitat Valenciana;Alicante/Alacant;GASÓLEO A;50596
2023-11;Comunitat Valenciana;Alicante/Alacant;GASÓLEO B;5187
2023-11;Comunitat Valenciana;Alicante/Alacant;GASÓLEO C;2430
2023-11;Comunitat Valenciana;Alicante/Alacant;OTROS GASOLEOS;1591
2023-11;Comunitat Valenciana;Alicante/Alacant;BIOETANOL;0
2023-11;Comunitat Valenciana;Alicante/Alacant;GASOLINA  AUTO. S/PB 95 I.O.;20917
2023-11;Comunitat Valenciana;Alicante/Alacant;GASOLINA  AUTO. S/PB 98 I.O.;825
2023-11;Comunitat Valenciana;Alicante/Alacant;OTRAS GASOLINAS;11
2023-11;Comunitat Valenciana;Alicante/Alacant;FUELÓLEO  BIA;134
2023-11;Comunitat Valenciana;Alicante/Alacant;OTROS FUELÓLEOS;0
2023-11;Comunitat Valenciana;Alicante/Alacant;QUEROSENO AVIACIÓN;20323
2023-11;Comunitat Valenciana;Alicante/Alacant;OTROS QUEROSENOS;0
2023-11;Comunitat Valenciana;Alicante/Alacant;GLP;5734
2023-11;Comunitat Valenciana;Castellón/Castelló;BIODIESEL;0
2023-11;Comunitat Valenciana;Castellón/Castelló;GASÓLEO A;19767
2023-11;Comunitat Valenciana;Castellón/Castelló;GASÓLEO B;1840
2023-11;Comunitat Valenciana;Castellón/Castelló;GASÓLEO C;645
2023-11;Comunitat Valenciana;Castellón/Castelló;OTROS GASOLEOS;10795
2023-11;Comunitat Valenciana;Castellón/Castelló;BIOETANOL;0
2023-11;Comunitat Valenciana;Castellón/Castelló;GASOLINA  AUTO. S/PB 95 I.O.;6205
2023-11;Comunitat Valenciana;Castellón/Castelló;GASOLINA  AUTO. S/PB 98 I.O.;277
2023-11;Comunitat Valenciana;Castellón/Castelló;OTRAS GASOLINAS;8
2023-11;Comunitat Valenciana;Castellón/Castelló;FUELÓLEO  BIA;0
2023-11;Comunitat Valenciana;Castellón/Castelló;OTROS FUELÓLEOS;101
2023-11;Comunitat Valenciana;Castellón/Castelló;QUEROSENO AVIACIÓN;185
2023-11;Comunitat Valenciana;Castellón/Castelló;OTROS QUEROSENOS;0
2023-11;Comunitat Valenciana;Castellón/Castelló;GLP;1614
2023-11;Comunitat Valenciana;Valencia/València;BIODIESEL;0
2023-11;Comunitat Valenciana;Valencia/València;GASÓLEO A;89062
2023-11;Comunitat Valenciana;Valencia/València;GASÓLEO B;11408
2023-11;Comunitat Valenciana;Valencia/València;GASÓLEO C;1407
2023-11;Comunitat Valenciana;Valencia/València;OTROS GASOLEOS;3202
2023-11;Comunitat Valenciana;Valencia/València;BIOETANOL;0
2023-11;Comunitat Valenciana;Valencia/València;GASOLINA  AUTO. S/PB 95 I.O.;24939
2023-11;Comunitat Valenciana;Valencia/València;GASOLINA  AUTO. S/PB 98 I.O.;910
2023-11;Comunitat Valenciana;Valencia/València;OTRAS GASOLINAS;7
2023-11;Comunitat Valenciana;Valencia/València;FUELÓLEO  BIA;93
2023-11;Comunitat Valenciana;Valencia/València;OTROS FUELÓLEOS;25230
2023-11;Comunitat Valenciana;Valencia/València;QUEROSENO AVIACIÓN;11066
2023-11;Comunitat Valenciana;Valencia/València;OTROS QUEROSENOS;1
2023-11;Comunitat Valenciana;Valencia/València;GLP;4679
2023-11;Extremadura;Badajoz;BIODIESEL;0
2023-11;Extremadura;Badajoz;GASÓLEO A;38296
2023-11;Extremadura;Badajoz;GASÓLEO B;9708
2023-11;Extremadura;Badajoz;GASÓLEO C;744
2023-11;Extremadura;Badajoz;OTROS GASOLEOS;0
2023-11;Extremadura;Badajoz;BIOETANOL;0
2023-11;Extremadura;Badajoz;GASOLINA  AUTO. S/PB 95 I.O.;5149
2023-11;Extremadura;Badajoz;GASOLINA  AUTO. S/PB 98 I.O.;135
2023-11;Extremadura;Badajoz;OTRAS GASOLINAS;0
2023-11;Extremadura;Badajoz;FUELÓLEO  BIA;177
2023-11;Extremadura;Badajoz;OTROS FUELÓLEOS;0
2023-11;Extremadura;Badajoz;QUEROSENO AVIACIÓN;93
2023-11;Extremadura;Badajoz;OTROS QUEROSENOS;0
2023-11;Extremadura;Badajoz;GLP;2894
2023-11;Extremadura;Cáceres;BIODIESEL;0
2023-11;Extremadura;Cáceres;GASÓLEO A;18849
2023-11;Extremadura;Cáceres;GASÓLEO B;3812
2023-11;Extremadura;Cáceres;GASÓLEO C;1072
2023-11;Extremadura;Cáceres;OTROS GASOLEOS;0
2023-11;Extremadura;Cáceres;BIOETANOL;0
2023-11;Extremadura;Cáceres;GASOLINA  AUTO. S/PB 95 I.O.;3126
2023-11;Extremadura;Cáceres;GASOLINA  AUTO. S/PB 98 I.O.;83
2023-11;Extremadura;Cáceres;OTRAS GASOLINAS;0
2023-11;Extremadura;Cáceres;FUELÓLEO  BIA;232
2023-11;Extremadura;Cáceres;OTROS FUELÓLEOS;0
2023-11;Extremadura;Cáceres;QUEROSENO AVIACIÓN;0
2023-11;Extremadura;Cáceres;OTROS QUEROSENOS;0
2023-11;Extremadura;Cáceres;GLP;1910
2023-11;Galicia;Coruña, A;BIODIESEL;13
2023-11;Galicia;Coruña, A;GASÓLEO A;41218
2023-11;Galicia;Coruña, A;GASÓLEO B;8018
2023-11;Galicia;Coruña, A;GASÓLEO C;5946
2023-11;Galicia;Coruña, A;OTROS GASOLEOS;3296
2023-11;Galicia;Coruña, A;BIOETANOL;0
2023-11;Galicia;Coruña, A;GASOLINA  AUTO. S/PB 95 I.O.;8765
2023-11;Galicia;Coruña, A;GASOLINA  AUTO. S/PB 98 I.O.;362
2023-11;Galicia;Coruña, A;OTRAS GASOLINAS;2
2023-11;Galicia;Coruña, A;FUELÓLEO  BIA;7266
2023-11;Galicia;Coruña, A;OTROS FUELÓLEOS;994
2023-11;Galicia;Coruña, A;QUEROSENO AVIACIÓN;2968
2023-11;Galicia;Coruña, A;OTROS QUEROSENOS;0
2023-11;Galicia;Coruña, A;GLP;3696
2023-11;Galicia;Lugo;BIODIESEL;0
2023-11;Galicia;Lugo;GASÓLEO A;18267
2023-11;Galicia;Lugo;GASÓLEO B;4434
2023-11;Galicia;Lugo;GASÓLEO C;3576
2023-11;Galicia;Lugo;OTROS GASOLEOS;1524
2023-11;Galicia;Lugo;BIOETANOL;0
2023-11;Galicia;Lugo;GASOLINA  AUTO. S/PB 95 I.O.;2497
2023-11;Galicia;Lugo;GASOLINA  AUTO. S/PB 98 I.O.;91
2023-11;Galicia;Lugo;OTRAS GASOLINAS;0
2023-11;Galicia;Lugo;FUELÓLEO  BIA;108
2023-11;Galicia;Lugo;OTROS FUELÓLEOS;0
2023-11;Galicia;Lugo;QUEROSENO AVIACIÓN;0
2023-11;Galicia;Lugo;OTROS QUEROSENOS;0
2023-11;Galicia;Lugo;GLP;1659
2023-11;Galicia;Ourense;BIODIESEL;0
2023-11;Galicia;Ourense;GASÓLEO A;13006
2023-11;Galicia;Ourense;GASÓLEO B;2289
2023-11;Galicia;Ourense;GASÓLEO C;5361
2023-11;Galicia;Ourense;OTROS GASOLEOS;54
2023-11;Galicia;Ourense;BIOETANOL;0
2023-11;Galicia;Ourense;GASOLINA  AUTO. S/PB 95 I.O.;2276
2023-11;Galicia;Ourense;GASOLINA  AUTO. S/PB 98 I.O.;120
2023-11;Galicia;Ourense;OTRAS GASOLINAS;0
2023-11;Galicia;Ourense;FUELÓLEO  BIA;53
2023-11;Galicia;Ourense;OTROS FUELÓLEOS;0
2023-11;Galicia;Ourense;QUEROSENO AVIACIÓN;9
2023-11;Galicia;Ourense;OTROS QUEROSENOS;0
2023-11;Galicia;Ourense;GLP;1497
2023-11;Galicia;Pontevedra;BIODIESEL;0
2023-11;Galicia;Pontevedra;GASÓLEO A;34934
2023-11;Galicia;Pontevedra;GASÓLEO B;5512
2023-11;Galicia;Pontevedra;GASÓLEO C;6027
2023-11;Galicia;Pontevedra;OTROS GASOLEOS;4982
2023-11;Galicia;Pontevedra;BIOETANOL;0
2023-11;Galicia;Pontevedra;GASOLINA  AUTO. S/PB 95 I.O.;7347
2023-11;Galicia;Pontevedra;GASOLINA  AUTO. S/PB 98 I.O.;342
2023-11;Galicia;Pontevedra;OTRAS GASOLINAS;1
2023-11;Galicia;Pontevedra;FUELÓLEO  BIA;924
2023-11;Galicia;Pontevedra;OTROS FUELÓLEOS;682
2023-11;Galicia;Pontevedra;QUEROSENO AVIACIÓN;423
2023-11;Galicia;Pontevedra;OTROS QUEROSENOS;0
2023-11;Galicia;Pontevedra;GLP;3373
2023-11;Madrid, Comunidad de;Madrid;BIODIESEL;74
2023-11;Madrid, Comunidad de;Madrid;GASÓLEO A;154413
2023-11;Madrid, Comunidad de;Madrid;GASÓLEO B;12222
2023-11;Madrid, Comunidad de;Madrid;GASÓLEO C;18308
2023-11;Madrid, Comunidad de;Madrid;OTROS GASOLEOS;0
2023-11;Madrid, Comunidad de;Madrid;BIOETANOL;0
2023-11;Madrid, Comunidad de;Madrid;GASOLINA  AUTO. S/PB 95 I.O.;63219
2023-11;Madrid, Comunidad de;Madrid;GASOLINA  AUTO. S/PB 98 I.O.;2281
2023-11;Madrid, Comunidad de;Madrid;OTRAS GASOLINAS;42
2023-11;Madrid, Comunidad de;Madrid;FUELÓLEO  BIA;324
2023-11;Madrid, Comunidad de;Madrid;OTROS FUELÓLEOS;38
2023-11;Madrid, Comunidad de;Madrid;QUEROSENO AVIACIÓN;200393
2023-11;Madrid, Comunidad de;Madrid;OTROS QUEROSENOS;0
2023-11;Madrid, Comunidad de;Madrid;GLP;10784
2023-11;Melilla;Melilla;BIODIESEL;0
2023-11;Melilla;Melilla;GASÓLEO A;975
2023-11;Melilla;Melilla;GASÓLEO B;0
2023-11;Melilla;Melilla;GASÓLEO C;0
2023-11;Melilla;Melilla;OTROS GASOLEOS;0
2023-11;Melilla;Melilla;BIOETANOL;0
2023-11;Melilla;Melilla;GASOLINA  AUTO. S/PB 95 I.O.;525
2023-11;Melilla;Melilla;GASOLINA  AUTO. S/PB 98 I.O.;0
2023-11;Melilla;Melilla;OTRAS GASOLINAS;0
2023-11;Melilla;Melilla;FUELÓLEO  BIA;2788
2023-11;Melilla;Melilla;OTROS FUELÓLEOS;0
2023-11;Melilla;Melilla;QUEROSENO AVIACIÓN;156
2023-11;Melilla;Melilla;OTROS QUEROSENOS;0
2023-11;Melilla;Melilla;GLP;181
2023-11;Murcia, Región de;Murcia;BIODIESEL;46
2023-11;Murcia, Región de;Murcia;GASÓLEO A;82138
2023-11;Murcia, Región de;Murcia;GASÓLEO B;12395
2023-11;Murcia, Región de;Murcia;GASÓLEO C;979
2023-11;Murcia, Región de;Murcia;OTROS GASOLEOS;1481
2023-11;Murcia, Región de;Murcia;BIOETANOL;0
2023-11;Murcia, Región de;Murcia;GASOLINA  AUTO. S/PB 95 I.O.;12450
2023-11;Murcia, Región de;Murcia;GASOLINA  AUTO. S/PB 98 I.O.;538
2023-11;Murcia, Región de;Murcia;OTRAS GASOLINAS;0
2023-11;Murcia, Región de;Murcia;FUELÓLEO  BIA;276
2023-11;Murcia, Región de;Murcia;OTROS FUELÓLEOS;129
2023-11;Murcia, Región de;Murcia;QUEROSENO AVIACIÓN;540
2023-11;Murcia, Región de;Murcia;OTROS QUEROSENOS;0
2023-11;Murcia, Región de;Murcia;GLP;3603
2023-11;Navarra, Comunidad Foral de;Navarra;BIODIESEL;60
2023-11;Navarra, Comunidad Foral de;Navarra;GASÓLEO A;47889
2023-11;Navarra, Comunidad Foral de;Navarra;GASÓLEO B;7585
2023-11;Navarra, Comunidad Foral de;Navarra;GASÓLEO C;1105
2023-11;Navarra, Comunidad Foral de;Navarra;OTROS GASOLEOS;0
2023-11;Navarra, Comunidad Foral de;Navarra;BIOETANOL;0
2023-11;Navarra, Comunidad Foral de;Navarra;GASOLINA  AUTO. S/PB 95 I.O.;6365
2023-11;Navarra, Comunidad Foral de;Navarra;GASOLINA  AUTO. S/PB 98 I.O.;199
2023-11;Navarra, Comunidad Foral de;Navarra;OTRAS GASOLINAS;2
2023-11;Navarra, Comunidad Foral de;Navarra;FUELÓLEO  BIA;209
2023-11;Navarra, Comunidad Foral de;Navarra;OTROS FUELÓLEOS;0
2023-11;Navarra, Comunidad Foral de;Navarra;QUEROSENO AVIACIÓN;114
2023-11;Navarra, Comunidad Foral de;Navarra;OTROS QUEROSENOS;0
2023-11;Navarra, Comunidad Foral de;Navarra;GLP;1284
2023-11;País Vasco;Araba/Álava;BIODIESEL;28
2023-11;País Vasco;Araba/Álava;GASÓLEO A;39357
2023-11;País Vasco;Araba/Álava;GASÓLEO B;2830
2023-11;País Vasco;Araba/Álava;GASÓLEO C;1018
2023-11;País Vasco;Araba/Álava;OTROS GASOLEOS;0
2023-11;País Vasco;Araba/Álava;BIOETANOL;0
2023-11;País Vasco;Araba/Álava;GASOLINA  AUTO. S/PB 95 I.O.;2913
2023-11;País Vasco;Araba/Álava;GASOLINA  AUTO. S/PB 98 I.O.;103
2023-11;País Vasco;Araba/Álava;OTRAS GASOLINAS;0
2023-11;País Vasco;Araba/Álava;FUELÓLEO  BIA;237
2023-11;País Vasco;Araba/Álava;OTROS FUELÓLEOS;0
2023-11;País Vasco;Araba/Álava;QUEROSENO AVIACIÓN;683
2023-11;País Vasco;Araba/Álava;OTROS QUEROSENOS;0
2023-11;País Vasco;Araba/Álava;GLP;1158
2023-11;País Vasco;Bizkaia;BIODIESEL;552
2023-11;País Vasco;Bizkaia;GASÓLEO A;61772
2023-11;País Vasco;Bizkaia;GASÓLEO B;10155
2023-11;País Vasco;Bizkaia;GASÓLEO C;4936
2023-11;País Vasco;Bizkaia;OTROS GASOLEOS;1106
2023-11;País Vasco;Bizkaia;BIOETANOL;0
2023-11;País Vasco;Bizkaia;GASOLINA  AUTO. S/PB 95 I.O.;8690
2023-11;País Vasco;Bizkaia;GASOLINA  AUTO. S/PB 98 I.O.;334
2023-11;País Vasco;Bizkaia;OTRAS GASOLINAS;1
2023-11;País Vasco;Bizkaia;FUELÓLEO  BIA;291
2023-11;País Vasco;Bizkaia;OTROS FUELÓLEOS;0
2023-11;País Vasco;Bizkaia;QUEROSENO AVIACIÓN;5082
2023-11;País Vasco;Bizkaia;OTROS QUEROSENOS;2
2023-11;País Vasco;Bizkaia;GLP;1166
2023-11;País Vasco;Gipuzkoa;BIODIESEL;2
2023-11;País Vasco;Gipuzkoa;GASÓLEO A;58127
2023-11;País Vasco;Gipuzkoa;GASÓLEO B;1908
2023-11;País Vasco;Gipuzkoa;GASÓLEO C;415
2023-11;País Vasco;Gipuzkoa;OTROS GASOLEOS;541
2023-11;País Vasco;Gipuzkoa;BIOETANOL;0
2023-11;País Vasco;Gipuzkoa;GASOLINA  AUTO. S/PB 95 I.O.;6325
2023-11;País Vasco;Gipuzkoa;GASOLINA  AUTO. S/PB 98 I.O.;336
2023-11;País Vasco;Gipuzkoa;OTRAS GASOLINAS;0
2023-11;País Vasco;Gipuzkoa;FUELÓLEO  BIA;152
2023-11;País Vasco;Gipuzkoa;OTROS FUELÓLEOS;100
2023-11;País Vasco;Gipuzkoa;QUEROSENO AVIACIÓN;433
2023-11;País Vasco;Gipuzkoa;OTROS QUEROSENOS;0
2023-11;País Vasco;Gipuzkoa;GLP;1362
2023-11;Rioja, La;Rioja, La;BIODIESEL;0
2023-11;Rioja, La;Rioja, La;GASÓLEO A;12640
2023-11;Rioja, La;Rioja, La;GASÓLEO B;3813
2023-11;Rioja, La;Rioja, La;GASÓLEO C;1710
2023-11;Rioja, La;Rioja, La;OTROS GASOLEOS;0
2023-11;Rioja, La;Rioja, La;BIOETANOL;0
2023-11;Rioja, La;Rioja, La;GASOLINA  AUTO. S/PB 95 I.O.;2480
2023-11;Rioja, La;Rioja, La;GASOLINA  AUTO. S/PB 98 I.O.;72
2023-11;Rioja, La;Rioja, La;OTRAS GASOLINAS;0
2023-11;Rioja, La;Rioja, La;FUELÓLEO  BIA;98
2023-11;Rioja, La;Rioja, La;OTROS FUELÓLEOS;0
2023-11;Rioja, La;Rioja, La;QUEROSENO AVIACIÓN;15
2023-11;Rioja, La;Rioja, La;OTROS QUEROSENOS;0
2023-11;Rioja, La;Rioja, La;GLP;515
2023-12;Andalucía;Almería;BIODIESEL;0
2023-12;Andalucía;Almería;GASÓLEO A;28087
2023-12;Andalucía;Almería;GASÓLEO B;5670
2023-12;Andalucía;Almería;GASÓLEO C;689
2023-12;Andalucía;Almería;OTROS GASOLEOS;1308
2023-12;Andalucía;Almería;BIOETANOL;0
2023-12;Andalucía;Almería;GASOLINA  AUTO. S/PB 95 I.O.;5594
2023-12;Andalucía;Almería;GASOLINA  AUTO. S/PB 98 I.O.;294
2023-12;Andalucía;Almería;OTRAS GASOLINAS;1
2023-12;Andalucía;Almería;FUELÓLEO  BIA;267
2023-12;Andalucía;Almería;OTROS FUELÓLEOS;1570
2023-12;Andalucía;Almería;QUEROSENO AVIACIÓN;217
2023-12;Andalucía;Almería;OTROS QUEROSENOS;0
2023-12;Andalucía;Almería;GLP;2734
2023-12;Andalucía;Cádiz;BIODIESEL;42
2023-12;Andalucía;Cádiz;GASÓLEO A;32179
2023-12;Andalucía;Cádiz;GASÓLEO B;7084
2023-12;Andalucía;Cádiz;GASÓLEO C;283
2023-12;Andalucía;Cádiz;OTROS GASOLEOS;72731
2023-12;Andalucía;Cádiz;BIOETANOL;0
2023-12;Andalucía;Cádiz;GASOLINA  AUTO. S/PB 95 I.O.;10651
2023-12;Andalucía;Cádiz;GASOLINA  AUTO. S/PB 98 I.O.;362
2023-12;Andalucía;Cádiz;OTRAS GASOLINAS;27
2023-12;Andalucía;Cádiz;FUELÓLEO  BIA;0
2023-12;Andalucía;Cádiz;OTROS FUELÓLEOS;283569
2023-12;Andalucía;Cádiz;QUEROSENO AVIACIÓN;611
2023-12;Andalucía;Cádiz;OTROS QUEROSENOS;0
2023-12;Andalucía;Cádiz;GLP;4131
2023-12;Andalucía;Córdoba;BIODIESEL;0
2023-12;Andalucía;Córdoba;GASÓLEO A;34129
2023-12;Andalucía;Córdoba;GASÓLEO B;8665
2023-12;Andalucía;Córdoba;GASÓLEO C;1122
2023-12;Andalucía;Córdoba;OTROS GASOLEOS;0
2023-12;Andalucía;Córdoba;BIOETANOL;0
2023-12;Andalucía;Córdoba;GASOLINA  AUTO. S/PB 95 I.O.;5550
2023-12;Andalucía;Córdoba;GASOLINA  AUTO. S/PB 98 I.O.;109
2023-12;Andalucía;Córdoba;OTRAS GASOLINAS;12
2023-12;Andalucía;Córdoba;FUELÓLEO  BIA;25
2023-12;Andalucía;Córdoba;OTROS FUELÓLEOS;0
2023-12;Andalucía;Córdoba;QUEROSENO AVIACIÓN;18
2023-12;Andalucía;Córdoba;OTROS QUEROSENOS;0
2023-12;Andalucía;Córdoba;GLP;2855
2023-12;Andalucía;Granada;BIODIESEL;2
2023-12;Andalucía;Granada;GASÓLEO A;37480
2023-12;Andalucía;Granada;GASÓLEO B;7176
2023-12;Andalucía;Granada;GASÓLEO C;4239
2023-12;Andalucía;Granada;OTROS GASOLEOS;359
2023-12;Andalucía;Granada;BIOETANOL;0
2023-12;Andalucía;Granada;GASOLINA  AUTO. S/PB 95 I.O.;8623
2023-12;Andalucía;Granada;GASOLINA  AUTO. S/PB 98 I.O.;374
2023-12;Andalucía;Granada;OTRAS GASOLINAS;8
2023-12;Andalucía;Granada;FUELÓLEO  BIA;156
2023-12;Andalucía;Granada;OTROS FUELÓLEOS;485
2023-12;Andalucía;Granada;QUEROSENO AVIACIÓN;790
2023-12;Andalucía;Granada;OTROS QUEROSENOS;0
2023-12;Andalucía;Granada;GLP;3925
2023-12;Andalucía;Huelva;BIODIESEL;0
2023-12;Andalucía;Huelva;GASÓLEO A;22450
2023-12;Andalucía;Huelva;GASÓLEO B;8060
2023-12;Andalucía;Huelva;GASÓLEO C;204
2023-12;Andalucía;Huelva;OTROS GASOLEOS;3728
2023-12;Andalucía;Huelva;BIOETANOL;0
2023-12;Andalucía;Huelva;GASOLINA  AUTO. S/PB 95 I.O.;4517
2023-12;Andalucía;Huelva;GASOLINA  AUTO. S/PB 98 I.O.;133
2023-12;Andalucía;Huelva;OTRAS GASOLINAS;0
2023-12;Andalucía;Huelva;FUELÓLEO  BIA;536
2023-12;Andalucía;Huelva;OTROS FUELÓLEOS;7488
2023-12;Andalucía;Huelva;QUEROSENO AVIACIÓN;0
2023-12;Andalucía;Huelva;OTROS QUEROSENOS;0
2023-12;Andalucía;Huelva;GLP;2817
2023-12;Andalucía;Jaén;BIODIESEL;28
2023-12;Andalucía;Jaén;GASÓLEO A;26501
2023-12;Andalucía;Jaén;GASÓLEO B;5190
2023-12;Andalucía;Jaén;GASÓLEO C;1788
2023-12;Andalucía;Jaén;OTROS GASOLEOS;0
2023-12;Andalucía;Jaén;BIOETANOL;0
2023-12;Andalucía;Jaén;GASOLINA  AUTO. S/PB 95 I.O.;5115
2023-12;Andalucía;Jaén;GASOLINA  AUTO. S/PB 98 I.O.;138
2023-12;Andalucía;Jaén;OTRAS GASOLINAS;0
2023-12;Andalucía;Jaén;FUELÓLEO  BIA;0
2023-12;Andalucía;Jaén;OTROS FUELÓLEOS;0
2023-12;Andalucía;Jaén;QUEROSENO AVIACIÓN;0
2023-12;Andalucía;Jaén;OTROS QUEROSENOS;0
2023-12;Andalucía;Jaén;GLP;1898
2023-12;Andalucía;Málaga;BIODIESEL;13
2023-12;Andalucía;Málaga;GASÓLEO A;45915
2023-12;Andalucía;Málaga;GASÓLEO B;5123
2023-12;Andalucía;Málaga;GASÓLEO C;438
2023-12;Andalucía;Málaga;OTROS GASOLEOS;942
2023-12;Andalucía;Málaga;BIOETANOL;0
2023-12;Andalucía;Málaga;GASOLINA  AUTO. S/PB 95 I.O.;17013
2023-12;Andalucía;Málaga;GASOLINA  AUTO. S/PB 98 I.O.;1089
2023-12;Andalucía;Málaga;OTRAS GASOLINAS;1
2023-12;Andalucía;Málaga;FUELÓLEO  BIA;27
2023-12;Andalucía;Málaga;OTROS FUELÓLEOS;1213
2023-12;Andalucía;Málaga;QUEROSENO AVIACIÓN;30290
2023-12;Andalucía;Málaga;OTROS QUEROSENOS;0
2023-12;Andalucía;Málaga;GLP;5730
2023-12;Andalucía;Sevilla;BIODIESEL;0
2023-12;Andalucía;Sevilla;GASÓLEO A;56113
2023-12;Andalucía;Sevilla;GASÓLEO B;7840
2023-12;Andalucía;Sevilla;GASÓLEO C;673
2023-12;Andalucía;Sevilla;OTROS GASOLEOS;999
2023-12;Andalucía;Sevilla;BIOETANOL;0
2023-12;Andalucía;Sevilla;GASOLINA  AUTO. S/PB 95 I.O.;15635
2023-12;Andalucía;Sevilla;GASOLINA  AUTO. S/PB 98 I.O.;383
2023-12;Andalucía;Sevilla;OTRAS GASOLINAS;4
2023-12;Andalucía;Sevilla;FUELÓLEO  BIA;298
2023-12;Andalucía;Sevilla;OTROS FUELÓLEOS;54
2023-12;Andalucía;Sevilla;QUEROSENO AVIACIÓN;10427
2023-12;Andalucía;Sevilla;OTROS QUEROSENOS;0
2023-12;Andalucía;Sevilla;GLP;6010
2023-12;Aragón;Huesca;BIODIESEL;0
2023-12;Aragón;Huesca;GASÓLEO A;13934
2023-12;Aragón;Huesca;GASÓLEO B;8058
2023-12;Aragón;Huesca;GASÓLEO C;2305
2023-12;Aragón;Huesca;OTROS GASOLEOS;0
2023-12;Aragón;Huesca;BIOETANOL;0
2023-12;Aragón;Huesca;GASOLINA  AUTO. S/PB 95 I.O.;3081
2023-12;Aragón;Huesca;GASOLINA  AUTO. S/PB 98 I.O.;190
2023-12;Aragón;Huesca;OTRAS GASOLINAS;0
2023-12;Aragón;Huesca;FUELÓLEO  BIA;0
2023-12;Aragón;Huesca;OTROS FUELÓLEOS;0
2023-12;Aragón;Huesca;QUEROSENO AVIACIÓN;0
2023-12;Aragón;Huesca;OTROS QUEROSENOS;0
2023-12;Aragón;Huesca;GLP;2582
2023-12;Aragón;Teruel;BIODIESEL;0
2023-12;Aragón;Teruel;GASÓLEO A;8329
2023-12;Aragón;Teruel;GASÓLEO B;4079
2023-12;Aragón;Teruel;GASÓLEO C;2505
2023-12;Aragón;Teruel;OTROS GASOLEOS;0
2023-12;Aragón;Teruel;BIOETANOL;0
2023-12;Aragón;Teruel;GASOLINA  AUTO. S/PB 95 I.O.;1524
2023-12;Aragón;Teruel;GASOLINA  AUTO. S/PB 98 I.O.;53
2023-12;Aragón;Teruel;OTRAS GASOLINAS;0
2023-12;Aragón;Teruel;FUELÓLEO  BIA;17
2023-12;Aragón;Teruel;OTROS FUELÓLEOS;0
2023-12;Aragón;Teruel;QUEROSENO AVIACIÓN;195
2023-12;Aragón;Teruel;OTROS QUEROSENOS;0
2023-12;Aragón;Teruel;GLP;708
2023-12;Aragón;Zaragoza;BIODIESEL;54
2023-12;Aragón;Zaragoza;GASÓLEO A;41419
2023-12;Aragón;Zaragoza;GASÓLEO B;10628
2023-12;Aragón;Zaragoza;GASÓLEO C;8202
2023-12;Aragón;Zaragoza;OTROS GASOLEOS;17
2023-12;Aragón;Zaragoza;BIOETANOL;0
2023-12;Aragón;Zaragoza;GASOLINA  AUTO. S/PB 95 I.O.;9438
2023-12;Aragón;Zaragoza;GASOLINA  AUTO. S/PB 98 I.O.;340
2023-12;Aragón;Zaragoza;OTRAS GASOLINAS;1
2023-12;Aragón;Zaragoza;FUELÓLEO  BIA;25
2023-12;Aragón;Zaragoza;OTROS FUELÓLEOS;0
2023-12;Aragón;Zaragoza;QUEROSENO AVIACIÓN;7724
2023-12;Aragón;Zaragoza;OTROS QUEROSENOS;0
2023-12;Aragón;Zaragoza;GLP;2664
2023-12;Asturias, Principado de;Asturias;BIODIESEL;0
2023-12;Asturias, Principado de;Asturias;GASÓLEO A;32820
2023-12;Asturias, Principado de;Asturias;GASÓLEO B;6809
2023-12;Asturias, Principado de;Asturias;GASÓLEO C;4987
2023-12;Asturias, Principado de;Asturias;OTROS GASOLEOS;2176
2023-12;Asturias, Principado de;Asturias;BIOETANOL;0
2023-12;Asturias, Principado de;Asturias;GASOLINA  AUTO. S/PB 95 I.O.;8549
2023-12;Asturias, Principado de;Asturias;GASOLINA  AUTO. S/PB 98 I.O.;468
2023-12;Asturias, Principado de;Asturias;OTRAS GASOLINAS;1
2023-12;Asturias, Principado de;Asturias;FUELÓLEO  BIA;482
2023-12;Asturias, Principado de;Asturias;OTROS FUELÓLEOS;377
2023-12;Asturias, Principado de;Asturias;QUEROSENO AVIACIÓN;996
2023-12;Asturias, Principado de;Asturias;OTROS QUEROSENOS;0
2023-12;Asturias, Principado de;Asturias;GLP;3165
2023-12;Balears, Illes;Balears, Illes;BIODIESEL;0
2023-12;Balears, Illes;Balears, Illes;GASÓLEO A;22347
2023-12;Balears, Illes;Balears, Illes;GASÓLEO B;3477
2023-12;Balears, Illes;Balears, Illes;GASÓLEO C;3758
2023-12;Balears, Illes;Balears, Illes;OTROS GASOLEOS;2014
2023-12;Balears, Illes;Balears, Illes;BIOETANOL;0
2023-12;Balears, Illes;Balears, Illes;GASOLINA  AUTO. S/PB 95 I.O.;15025
2023-12;Balears, Illes;Balears, Illes;GASOLINA  AUTO. S/PB 98 I.O.;767
2023-12;Balears, Illes;Balears, Illes;OTRAS GASOLINAS;26
2023-12;Balears, Illes;Balears, Illes;FUELÓLEO  BIA;0
2023-12;Balears, Illes;Balears, Illes;OTROS FUELÓLEOS;0
2023-12;Balears, Illes;Balears, Illes;QUEROSENO AVIACIÓN;14752
2023-12;Balears, Illes;Balears, Illes;OTROS QUEROSENOS;0
2023-12;Balears, Illes;Balears, Illes;GLP;3867
2023-12;Canarias;Palmas, Las;BIODIESEL;0
2023-12;Canarias;Palmas, Las;GASÓLEO A;26718
2023-12;Canarias;Palmas, Las;GASÓLEO B;0
2023-12;Canarias;Palmas, Las;GASÓLEO C;0
2023-12;Canarias;Palmas, Las;OTROS GASOLEOS;134144
2023-12;Canarias;Palmas, Las;BIOETANOL;0
2023-12;Canarias;Palmas, Las;GASOLINA  AUTO. S/PB 95 I.O.;18497
2023-12;Canarias;Palmas, Las;GASOLINA  AUTO. S/PB 98 I.O.;3373
2023-12;Canarias;Palmas, Las;OTRAS GASOLINAS;2
2023-12;Canarias;Palmas, Las;FUELÓLEO  BIA;25033
2023-12;Canarias;Palmas, Las;OTROS FUELÓLEOS;69319
2023-12;Canarias;Palmas, Las;QUEROSENO AVIACIÓN;68203
2023-12;Canarias;Palmas, Las;OTROS QUEROSENOS;0
2023-12;Canarias;Palmas, Las;GLP;3250
2023-12;Canarias;Santa Cruz de Tenerife;BIODIESEL;0
2023-12;Canarias;Santa Cruz de Tenerife;GASÓLEO A;26090
2023-12;Canarias;Santa Cruz de Tenerife;GASÓLEO B;0
2023-12;Canarias;Santa Cruz de Tenerife;GASÓLEO C;0
2023-12;Canarias;Santa Cruz de Tenerife;OTROS GASOLEOS;55928
2023-12;Canarias;Santa Cruz de Tenerife;BIOETANOL;0
2023-12;Canarias;Santa Cruz de Tenerife;GASOLINA  AUTO. S/PB 95 I.O.;17718
2023-12;Canarias;Santa Cruz de Tenerife;GASOLINA  AUTO. S/PB 98 I.O.;4846
2023-12;Canarias;Santa Cruz de Tenerife;OTRAS GASOLINAS;3
2023-12;Canarias;Santa Cruz de Tenerife;FUELÓLEO  BIA;21610
2023-12;Canarias;Santa Cruz de Tenerife;OTROS FUELÓLEOS;23581
2023-12;Canarias;Santa Cruz de Tenerife;QUEROSENO AVIACIÓN;55312
2023-12;Canarias;Santa Cruz de Tenerife;OTROS QUEROSENOS;0
2023-12;Canarias;Santa Cruz de Tenerife;GLP;4129
2023-12;Cantabria;Cantabria;BIODIESEL;19
2023-12;Cantabria;Cantabria;GASÓLEO A;22511
2023-12;Cantabria;Cantabria;GASÓLEO B;5343
2023-12;Cantabria;Cantabria;GASÓLEO C;350
2023-12;Cantabria;Cantabria;OTROS GASOLEOS;806
2023-12;Cantabria;Cantabria;BIOETANOL;0
2023-12;Cantabria;Cantabria;GASOLINA  AUTO. S/PB 95 I.O.;6445
2023-12;Cantabria;Cantabria;GASOLINA  AUTO. S/PB 98 I.O.;259
2023-12;Cantabria;Cantabria;OTRAS GASOLINAS;1
2023-12;Cantabria;Cantabria;FUELÓLEO  BIA;287
2023-12;Cantabria;Cantabria;OTROS FUELÓLEOS;0
2023-12;Cantabria;Cantabria;QUEROSENO AVIACIÓN;617
2023-12;Cantabria;Cantabria;OTROS QUEROSENOS;0
2023-12;Cantabria;Cantabria;GLP;2611
2023-12;Castilla - La Mancha;Albacete;BIODIESEL;19
2023-12;Castilla - La Mancha;Albacete;GASÓLEO A;15867
2023-12;Castilla - La Mancha;Albacete;GASÓLEO B;6365
2023-12;Castilla - La Mancha;Albacete;GASÓLEO C;3647
2023-12;Castilla - La Mancha;Albacete;OTROS GASOLEOS;0
2023-12;Castilla - La Mancha;Albacete;BIOETANOL;0
2023-12;Castilla - La Mancha;Albacete;GASOLINA  AUTO. S/PB 95 I.O.;3164
2023-12;Castilla - La Mancha;Albacete;GASOLINA  AUTO. S/PB 98 I.O.;140
2023-12;Castilla - La Mancha;Albacete;OTRAS GASOLINAS;0
2023-12;Castilla - La Mancha;Albacete;FUELÓLEO  BIA;18
2023-12;Castilla - La Mancha;Albacete;OTROS FUELÓLEOS;0
2023-12;Castilla - La Mancha;Albacete;QUEROSENO AVIACIÓN;44
2023-12;Castilla - La Mancha;Albacete;OTROS QUEROSENOS;0
2023-12;Castilla - La Mancha;Albacete;GLP;1441
2023-12;Castilla - La Mancha;Ciudad Real;BIODIESEL;15
2023-12;Castilla - La Mancha;Ciudad Real;GASÓLEO A;26717
2023-12;Castilla - La Mancha;Ciudad Real;GASÓLEO B;10218
2023-12;Castilla - La Mancha;Ciudad Real;GASÓLEO C;3719
2023-12;Castilla - La Mancha;Ciudad Real;OTROS GASOLEOS;0
2023-12;Castilla - La Mancha;Ciudad Real;BIOETANOL;0
2023-12;Castilla - La Mancha;Ciudad Real;GASOLINA  AUTO. S/PB 95 I.O.;4505
2023-12;Castilla - La Mancha;Ciudad Real;GASOLINA  AUTO. S/PB 98 I.O.;136
2023-12;Castilla - La Mancha;Ciudad Real;OTRAS GASOLINAS;0
2023-12;Castilla - La Mancha;Ciudad Real;FUELÓLEO  BIA;21
2023-12;Castilla - La Mancha;Ciudad Real;OTROS FUELÓLEOS;0
2023-12;Castilla - La Mancha;Ciudad Real;QUEROSENO AVIACIÓN;115
2023-12;Castilla - La Mancha;Ciudad Real;OTROS QUEROSENOS;0
2023-12;Castilla - La Mancha;Ciudad Real;GLP;1605
2023-12;Castilla - La Mancha;Cuenca;BIODIESEL;0
2023-12;Castilla - La Mancha;Cuenca;GASÓLEO A;13301
2023-12;Castilla - La Mancha;Cuenca;GASÓLEO B;10536
2023-12;Castilla - La Mancha;Cuenca;GASÓLEO C;1938
2023-12;Castilla - La Mancha;Cuenca;OTROS GASOLEOS;0
2023-12;Castilla - La Mancha;Cuenca;BIOETANOL;0
2023-12;Castilla - La Mancha;Cuenca;GASOLINA  AUTO. S/PB 95 I.O.;2488
2023-12;Castilla - La Mancha;Cuenca;GASOLINA  AUTO. S/PB 98 I.O.;88
2023-12;Castilla - La Mancha;Cuenca;OTRAS GASOLINAS;3
2023-12;Castilla - La Mancha;Cuenca;FUELÓLEO  BIA;0
2023-12;Castilla - La Mancha;Cuenca;OTROS FUELÓLEOS;0
2023-12;Castilla - La Mancha;Cuenca;QUEROSENO AVIACIÓN;8
2023-12;Castilla - La Mancha;Cuenca;OTROS QUEROSENOS;0
2023-12;Castilla - La Mancha;Cuenca;GLP;1026
2023-12;Castilla - La Mancha;Guadalajara;BIODIESEL;0
2023-12;Castilla - La Mancha;Guadalajara;GASÓLEO A;11470
2023-12;Castilla - La Mancha;Guadalajara;GASÓLEO B;5456
2023-12;Castilla - La Mancha;Guadalajara;GASÓLEO C;4879
2023-12;Castilla - La Mancha;Guadalajara;OTROS GASOLEOS;0
2023-12;Castilla - La Mancha;Guadalajara;BIOETANOL;0
2023-12;Castilla - La Mancha;Guadalajara;GASOLINA  AUTO. S/PB 95 I.O.;3367
2023-12;Castilla - La Mancha;Guadalajara;GASOLINA  AUTO. S/PB 98 I.O.;122
2023-12;Castilla - La Mancha;Guadalajara;OTRAS GASOLINAS;1
2023-12;Castilla - La Mancha;Guadalajara;FUELÓLEO  BIA;51
2023-12;Castilla - La Mancha;Guadalajara;OTROS FUELÓLEOS;0
2023-12;Castilla - La Mancha;Guadalajara;QUEROSENO AVIACIÓN;0
2023-12;Castilla - La Mancha;Guadalajara;OTROS QUEROSENOS;0
2023-12;Castilla - La Mancha;Guadalajara;GLP;725
2023-12;Castilla - La Mancha;Toledo;BIODIESEL;51
2023-12;Castilla - La Mancha;Toledo;GASÓLEO A;34005
2023-12;Castilla - La Mancha;Toledo;GASÓLEO B;16332
2023-12;Castilla - La Mancha;Toledo;GASÓLEO C;9191
2023-12;Castilla - La Mancha;Toledo;OTROS GASOLEOS;0
2023-12;Castilla - La Mancha;Toledo;BIOETANOL;0
2023-12;Castilla - La Mancha;Toledo;GASOLINA  AUTO. S/PB 95 I.O.;7672
2023-12;Castilla - La Mancha;Toledo;GASOLINA  AUTO. S/PB 98 I.O.;266
2023-12;Castilla - La Mancha;Toledo;OTRAS GASOLINAS;0
2023-12;Castilla - La Mancha;Toledo;FUELÓLEO  BIA;98
2023-12;Castilla - La Mancha;Toledo;OTROS FUELÓLEOS;0
2023-12;Castilla - La Mancha;Toledo;QUEROSENO AVIACIÓN;7
2023-12;Castilla - La Mancha;Toledo;OTROS QUEROSENOS;0
2023-12;Castilla - La Mancha;Toledo;GLP;2879
2023-12;Castilla y León;Ávila;BIODIESEL;19
2023-12;Castilla y León;Ávila;GASÓLEO A;7194
2023-12;Castilla y León;Ávila;GASÓLEO B;3729
2023-12;Castilla y León;Ávila;GASÓLEO C;1787
2023-12;Castilla y León;Ávila;OTROS GASOLEOS;0
2023-12;Castilla y León;Ávila;BIOETANOL;0
2023-12;Castilla y León;Ávila;GASOLINA  AUTO. S/PB 95 I.O.;1823
2023-12;Castilla y León;Ávila;GASOLINA  AUTO. S/PB 98 I.O.;57
2023-12;Castilla y León;Ávila;OTRAS GASOLINAS;0
2023-12;Castilla y León;Ávila;FUELÓLEO  BIA;0
2023-12;Castilla y León;Ávila;OTROS FUELÓLEOS;0
2023-12;Castilla y León;Ávila;QUEROSENO AVIACIÓN;0
2023-12;Castilla y León;Ávila;OTROS QUEROSENOS;0
2023-12;Castilla y León;Ávila;GLP;1010
2023-12;Castilla y León;Burgos;BIODIESEL;18
2023-12;Castilla y León;Burgos;GASÓLEO A;18847
2023-12;Castilla y León;Burgos;GASÓLEO B;8066
2023-12;Castilla y León;Burgos;GASÓLEO C;1615
2023-12;Castilla y León;Burgos;OTROS GASOLEOS;0
2023-12;Castilla y León;Burgos;BIOETANOL;0
2023-12;Castilla y León;Burgos;GASOLINA  AUTO. S/PB 95 I.O.;4593
2023-12;Castilla y León;Burgos;GASOLINA  AUTO. S/PB 98 I.O.;284
2023-12;Castilla y León;Burgos;OTRAS GASOLINAS;11
2023-12;Castilla y León;Burgos;FUELÓLEO  BIA;196
2023-12;Castilla y León;Burgos;OTROS FUELÓLEOS;0
2023-12;Castilla y León;Burgos;QUEROSENO AVIACIÓN;8
2023-12;Castilla y León;Burgos;OTROS QUEROSENOS;0
2023-12;Castilla y León;Burgos;GLP;1146
2023-12;Castilla y León;León;BIODIESEL;0
2023-12;Castilla y León;León;GASÓLEO A;24291
2023-12;Castilla y León;León;GASÓLEO B;11085
2023-12;Castilla y León;León;GASÓLEO C;7799
2023-12;Castilla y León;León;OTROS GASOLEOS;0
2023-12;Castilla y León;León;BIOETANOL;0
2023-12;Castilla y León;León;GASOLINA  AUTO. S/PB 95 I.O.;5120
2023-12;Castilla y León;León;GASOLINA  AUTO. S/PB 98 I.O.;261
2023-12;Castilla y León;León;OTRAS GASOLINAS;0
2023-12;Castilla y León;León;FUELÓLEO  BIA;66
2023-12;Castilla y León;León;OTROS FUELÓLEOS;0
2023-12;Castilla y León;León;QUEROSENO AVIACIÓN;44
2023-12;Castilla y León;León;OTROS QUEROSENOS;0
2023-12;Castilla y León;León;GLP;2516
2023-12;Castilla y León;Palencia;BIODIESEL;2
2023-12;Castilla y León;Palencia;GASÓLEO A;11563
2023-12;Castilla y León;Palencia;GASÓLEO B;5685
2023-12;Castilla y León;Palencia;GASÓLEO C;1333
2023-12;Castilla y León;Palencia;OTROS GASOLEOS;0
2023-12;Castilla y León;Palencia;BIOETANOL;0
2023-12;Castilla y León;Palencia;GASOLINA  AUTO. S/PB 95 I.O.;1596
2023-12;Castilla y León;Palencia;GASOLINA  AUTO. S/PB 98 I.O.;91
2023-12;Castilla y León;Palencia;OTRAS GASOLINAS;0
2023-12;Castilla y León;Palencia;FUELÓLEO  BIA;52
2023-12;Castilla y León;Palencia;OTROS FUELÓLEOS;0
2023-12;Castilla y León;Palencia;QUEROSENO AVIACIÓN;0
2023-12;Castilla y León;Palencia;OTROS QUEROSENOS;0
2023-12;Castilla y León;Palencia;GLP;608
2023-12;Castilla y León;Salamanca;BIODIESEL;3
2023-12;Castilla y León;Salamanca;GASÓLEO A;20605
2023-12;Castilla y León;Salamanca;GASÓLEO B;6373
2023-12;Castilla y León;Salamanca;GASÓLEO C;4443
2023-12;Castilla y León;Salamanca;OTROS GASOLEOS;0
2023-12;Castilla y León;Salamanca;BIOETANOL;0
2023-12;Castilla y León;Salamanca;GASOLINA  AUTO. S/PB 95 I.O.;3247
2023-12;Castilla y León;Salamanca;GASOLINA  AUTO. S/PB 98 I.O.;169
2023-12;Castilla y León;Salamanca;OTRAS GASOLINAS;7
2023-12;Castilla y León;Salamanca;FUELÓLEO  BIA;27
2023-12;Castilla y León;Salamanca;OTROS FUELÓLEOS;0
2023-12;Castilla y León;Salamanca;QUEROSENO AVIACIÓN;175
2023-12;Castilla y León;Salamanca;OTROS QUEROSENOS;0
2023-12;Castilla y León;Salamanca;GLP;1176
2023-12;Castilla y León;Segovia;BIODIESEL;0
2023-12;Castilla y León;Segovia;GASÓLEO A;8244
2023-12;Castilla y León;Segovia;GASÓLEO B;4939
2023-12;Castilla y León;Segovia;GASÓLEO C;3087
2023-12;Castilla y León;Segovia;OTROS GASOLEOS;0
2023-12;Castilla y León;Segovia;BIOETANOL;0
2023-12;Castilla y León;Segovia;GASOLINA  AUTO. S/PB 95 I.O.;2197
2023-12;Castilla y León;Segovia;GASOLINA  AUTO. S/PB 98 I.O.;112
2023-12;Castilla y León;Segovia;OTRAS GASOLINAS;2
2023-12;Castilla y León;Segovia;FUELÓLEO  BIA;26
2023-12;Castilla y León;Segovia;OTROS FUELÓLEOS;0
2023-12;Castilla y León;Segovia;QUEROSENO AVIACIÓN;0
2023-12;Castilla y León;Segovia;OTROS QUEROSENOS;0
2023-12;Castilla y León;Segovia;GLP;964
2023-12;Castilla y León;Soria;BIODIESEL;0
2023-12;Castilla y León;Soria;GASÓLEO A;5606
2023-12;Castilla y León;Soria;GASÓLEO B;3161
2023-12;Castilla y León;Soria;GASÓLEO C;1220
2023-12;Castilla y León;Soria;OTROS GASOLEOS;0
2023-12;Castilla y León;Soria;BIOETANOL;0
2023-12;Castilla y León;Soria;GASOLINA  AUTO. S/PB 95 I.O.;1134
2023-12;Castilla y León;Soria;GASOLINA  AUTO. S/PB 98 I.O.;58
2023-12;Castilla y León;Soria;OTRAS GASOLINAS;10
2023-12;Castilla y León;Soria;FUELÓLEO  BIA;0
2023-12;Castilla y León;Soria;OTROS FUELÓLEOS;0
2023-12;Castilla y León;Soria;QUEROSENO AVIACIÓN;0
2023-12;Castilla y León;Soria;OTROS QUEROSENOS;0
2023-12;Castilla y León;Soria;GLP;329
2023-12;Castilla y León;Valladolid;BIODIESEL;0
2023-12;Castilla y León;Valladolid;GASÓLEO A;23059
2023-12;Castilla y León;Valladolid;GASÓLEO B;7505
2023-12;Castilla y León;Valladolid;GASÓLEO C;3496
2023-12;Castilla y León;Valladolid;OTROS GASOLEOS;0
2023-12;Castilla y León;Valladolid;BIOETANOL;0
2023-12;Castilla y León;Valladolid;GASOLINA  AUTO. S/PB 95 I.O.;5335
2023-12;Castilla y León;Valladolid;GASOLINA  AUTO. S/PB 98 I.O.;266
2023-12;Castilla y León;Valladolid;OTRAS GASOLINAS;5
2023-12;Castilla y León;Valladolid;FUELÓLEO  BIA;25
2023-12;Castilla y León;Valladolid;OTROS FUELÓLEOS;0
2023-12;Castilla y León;Valladolid;QUEROSENO AVIACIÓN;148
2023-12;Castilla y León;Valladolid;OTROS QUEROSENOS;0
2023-12;Castilla y León;Valladolid;GLP;1157
2023-12;Castilla y León;Zamora;BIODIESEL;3
2023-12;Castilla y León;Zamora;GASÓLEO A;15320
2023-12;Castilla y León;Zamora;GASÓLEO B;6592
2023-12;Castilla y León;Zamora;GASÓLEO C;1327
2023-12;Castilla y León;Zamora;OTROS GASOLEOS;0
2023-12;Castilla y León;Zamora;BIOETANOL;0
2023-12;Castilla y León;Zamora;GASOLINA  AUTO. S/PB 95 I.O.;1972
2023-12;Castilla y León;Zamora;GASOLINA  AUTO. S/PB 98 I.O.;131
2023-12;Castilla y León;Zamora;OTRAS GASOLINAS;0
2023-12;Castilla y León;Zamora;FUELÓLEO  BIA;0
2023-12;Castilla y León;Zamora;OTROS FUELÓLEOS;0
2023-12;Castilla y León;Zamora;QUEROSENO AVIACIÓN;0
2023-12;Castilla y León;Zamora;OTROS QUEROSENOS;0
2023-12;Castilla y León;Zamora;GLP;757
2023-12;Cataluña;Barcelona;BIODIESEL;81
2023-12;Cataluña;Barcelona;GASÓLEO A;139234
2023-12;Cataluña;Barcelona;GASÓLEO B;20892
2023-12;Cataluña;Barcelona;GASÓLEO C;6324
2023-12;Cataluña;Barcelona;OTROS GASOLEOS;30425
2023-12;Cataluña;Barcelona;BIOETANOL;0
2023-12;Cataluña;Barcelona;GASOLINA  AUTO. S/PB 95 I.O.;55370
2023-12;Cataluña;Barcelona;GASOLINA  AUTO. S/PB 98 I.O.;2644
2023-12;Cataluña;Barcelona;OTRAS GASOLINAS;82
2023-12;Cataluña;Barcelona;FUELÓLEO  BIA;187
2023-12;Cataluña;Barcelona;OTROS FUELÓLEOS;49040
2023-12;Cataluña;Barcelona;QUEROSENO AVIACIÓN;94634
2023-12;Cataluña;Barcelona;OTROS QUEROSENOS;3
2023-12;Cataluña;Barcelona;GLP;7464
2023-12;Cataluña;Girona;BIODIESEL;19
2023-12;Cataluña;Girona;GASÓLEO A;93944
2023-12;Cataluña;Girona;GASÓLEO B;7378
2023-12;Cataluña;Girona;GASÓLEO C;3950
2023-12;Cataluña;Girona;OTROS GASOLEOS;361
2023-12;Cataluña;Girona;BIOETANOL;0
2023-12;Cataluña;Girona;GASOLINA  AUTO. S/PB 95 I.O.;12532
2023-12;Cataluña;Girona;GASOLINA  AUTO. S/PB 98 I.O.;692
2023-12;Cataluña;Girona;OTRAS GASOLINAS;3
2023-12;Cataluña;Girona;FUELÓLEO  BIA;90
2023-12;Cataluña;Girona;OTROS FUELÓLEOS;0
2023-12;Cataluña;Girona;QUEROSENO AVIACIÓN;561
2023-12;Cataluña;Girona;OTROS QUEROSENOS;5
2023-12;Cataluña;Girona;GLP;3978
2023-12;Cataluña;Lleida;BIODIESEL;0
2023-12;Cataluña;Lleida;GASÓLEO A;22831
2023-12;Cataluña;Lleida;GASÓLEO B;8604
2023-12;Cataluña;Lleida;GASÓLEO C;1914
2023-12;Cataluña;Lleida;OTROS GASOLEOS;0
2023-12;Cataluña;Lleida;BIOETANOL;0
2023-12;Cataluña;Lleida;GASOLINA  AUTO. S/PB 95 I.O.;5044
2023-12;Cataluña;Lleida;GASOLINA  AUTO. S/PB 98 I.O.;251
2023-12;Cataluña;Lleida;OTRAS GASOLINAS;11
2023-12;Cataluña;Lleida;FUELÓLEO  BIA;0
2023-12;Cataluña;Lleida;OTROS FUELÓLEOS;0
2023-12;Cataluña;Lleida;QUEROSENO AVIACIÓN;49
2023-12;Cataluña;Lleida;OTROS QUEROSENOS;0
2023-12;Cataluña;Lleida;GLP;3798
2023-12;Cataluña;Tarragona;BIODIESEL;0
2023-12;Cataluña;Tarragona;GASÓLEO A;33497
2023-12;Cataluña;Tarragona;GASÓLEO B;4445
2023-12;Cataluña;Tarragona;GASÓLEO C;1003
2023-12;Cataluña;Tarragona;OTROS GASOLEOS;2309
2023-12;Cataluña;Tarragona;BIOETANOL;0
2023-12;Cataluña;Tarragona;GASOLINA  AUTO. S/PB 95 I.O.;12033
2023-12;Cataluña;Tarragona;GASOLINA  AUTO. S/PB 98 I.O.;457
2023-12;Cataluña;Tarragona;OTRAS GASOLINAS;7
2023-12;Cataluña;Tarragona;FUELÓLEO  BIA;51
2023-12;Cataluña;Tarragona;OTROS FUELÓLEOS;1058
2023-12;Cataluña;Tarragona;QUEROSENO AVIACIÓN;66
2023-12;Cataluña;Tarragona;OTROS QUEROSENOS;0
2023-12;Cataluña;Tarragona;GLP;6321
2023-12;Ceuta;Ceuta;BIODIESEL;0
2023-12;Ceuta;Ceuta;GASÓLEO A;1036
2023-12;Ceuta;Ceuta;GASÓLEO B;0
2023-12;Ceuta;Ceuta;GASÓLEO C;55
2023-12;Ceuta;Ceuta;OTROS GASOLEOS;20827
2023-12;Ceuta;Ceuta;BIOETANOL;0
2023-12;Ceuta;Ceuta;GASOLINA  AUTO. S/PB 95 I.O.;496
2023-12;Ceuta;Ceuta;GASOLINA  AUTO. S/PB 98 I.O.;43
2023-12;Ceuta;Ceuta;OTRAS GASOLINAS;0
2023-12;Ceuta;Ceuta;FUELÓLEO  BIA;4598
2023-12;Ceuta;Ceuta;OTROS FUELÓLEOS;10426
2023-12;Ceuta;Ceuta;QUEROSENO AVIACIÓN;54
2023-12;Ceuta;Ceuta;OTROS QUEROSENOS;0
2023-12;Ceuta;Ceuta;GLP;220
2023-12;Comunitat Valenciana;Alicante/Alacant;BIODIESEL;0
2023-12;Comunitat Valenciana;Alicante/Alacant;GASÓLEO A;49100
2023-12;Comunitat Valenciana;Alicante/Alacant;GASÓLEO B;5731
2023-12;Comunitat Valenciana;Alicante/Alacant;GASÓLEO C;2882
2023-12;Comunitat Valenciana;Alicante/Alacant;OTROS GASOLEOS;1504
2023-12;Comunitat Valenciana;Alicante/Alacant;BIOETANOL;0
2023-12;Comunitat Valenciana;Alicante/Alacant;GASOLINA  AUTO. S/PB 95 I.O.;20940
2023-12;Comunitat Valenciana;Alicante/Alacant;GASOLINA  AUTO. S/PB 98 I.O.;931
2023-12;Comunitat Valenciana;Alicante/Alacant;OTRAS GASOLINAS;12
2023-12;Comunitat Valenciana;Alicante/Alacant;FUELÓLEO  BIA;144
2023-12;Comunitat Valenciana;Alicante/Alacant;OTROS FUELÓLEOS;75
2023-12;Comunitat Valenciana;Alicante/Alacant;QUEROSENO AVIACIÓN;20555
2023-12;Comunitat Valenciana;Alicante/Alacant;OTROS QUEROSENOS;0
2023-12;Comunitat Valenciana;Alicante/Alacant;GLP;7616
2023-12;Comunitat Valenciana;Castellón/Castelló;BIODIESEL;0
2023-12;Comunitat Valenciana;Castellón/Castelló;GASÓLEO A;19751
2023-12;Comunitat Valenciana;Castellón/Castelló;GASÓLEO B;1927
2023-12;Comunitat Valenciana;Castellón/Castelló;GASÓLEO C;831
2023-12;Comunitat Valenciana;Castellón/Castelló;OTROS GASOLEOS;11223
2023-12;Comunitat Valenciana;Castellón/Castelló;BIOETANOL;0
2023-12;Comunitat Valenciana;Castellón/Castelló;GASOLINA  AUTO. S/PB 95 I.O.;6551
2023-12;Comunitat Valenciana;Castellón/Castelló;GASOLINA  AUTO. S/PB 98 I.O.;333
2023-12;Comunitat Valenciana;Castellón/Castelló;OTRAS GASOLINAS;7
2023-12;Comunitat Valenciana;Castellón/Castelló;FUELÓLEO  BIA;0
2023-12;Comunitat Valenciana;Castellón/Castelló;OTROS FUELÓLEOS;386
2023-12;Comunitat Valenciana;Castellón/Castelló;QUEROSENO AVIACIÓN;214
2023-12;Comunitat Valenciana;Castellón/Castelló;OTROS QUEROSENOS;0
2023-12;Comunitat Valenciana;Castellón/Castelló;GLP;2066
2023-12;Comunitat Valenciana;Valencia/València;BIODIESEL;0
2023-12;Comunitat Valenciana;Valencia/València;GASÓLEO A;93104
2023-12;Comunitat Valenciana;Valencia/València;GASÓLEO B;10395
2023-12;Comunitat Valenciana;Valencia/València;GASÓLEO C;1530
2023-12;Comunitat Valenciana;Valencia/València;OTROS GASOLEOS;2998
2023-12;Comunitat Valenciana;Valencia/València;BIOETANOL;0
2023-12;Comunitat Valenciana;Valencia/València;GASOLINA  AUTO. S/PB 95 I.O.;25973
2023-12;Comunitat Valenciana;Valencia/València;GASOLINA  AUTO. S/PB 98 I.O.;921
2023-12;Comunitat Valenciana;Valencia/València;OTRAS GASOLINAS;3
2023-12;Comunitat Valenciana;Valencia/València;FUELÓLEO  BIA;109
2023-12;Comunitat Valenciana;Valencia/València;OTROS FUELÓLEOS;18138
2023-12;Comunitat Valenciana;Valencia/València;QUEROSENO AVIACIÓN;11540
2023-12;Comunitat Valenciana;Valencia/València;OTROS QUEROSENOS;0
2023-12;Comunitat Valenciana;Valencia/València;GLP;6433
2023-12;Extremadura;Badajoz;BIODIESEL;0
2023-12;Extremadura;Badajoz;GASÓLEO A;40957
2023-12;Extremadura;Badajoz;GASÓLEO B;7813
2023-12;Extremadura;Badajoz;GASÓLEO C;874
2023-12;Extremadura;Badajoz;OTROS GASOLEOS;0
2023-12;Extremadura;Badajoz;BIOETANOL;0
2023-12;Extremadura;Badajoz;GASOLINA  AUTO. S/PB 95 I.O.;5852
2023-12;Extremadura;Badajoz;GASOLINA  AUTO. S/PB 98 I.O.;173
2023-12;Extremadura;Badajoz;OTRAS GASOLINAS;1
2023-12;Extremadura;Badajoz;FUELÓLEO  BIA;104
2023-12;Extremadura;Badajoz;OTROS FUELÓLEOS;0
2023-12;Extremadura;Badajoz;QUEROSENO AVIACIÓN;12
2023-12;Extremadura;Badajoz;OTROS QUEROSENOS;0
2023-12;Extremadura;Badajoz;GLP;3483
2023-12;Extremadura;Cáceres;BIODIESEL;0
2023-12;Extremadura;Cáceres;GASÓLEO A;16630
2023-12;Extremadura;Cáceres;GASÓLEO B;4040
2023-12;Extremadura;Cáceres;GASÓLEO C;1236
2023-12;Extremadura;Cáceres;OTROS GASOLEOS;0
2023-12;Extremadura;Cáceres;BIOETANOL;0
2023-12;Extremadura;Cáceres;GASOLINA  AUTO. S/PB 95 I.O.;3633
2023-12;Extremadura;Cáceres;GASOLINA  AUTO. S/PB 98 I.O.;110
2023-12;Extremadura;Cáceres;OTRAS GASOLINAS;0
2023-12;Extremadura;Cáceres;FUELÓLEO  BIA;78
2023-12;Extremadura;Cáceres;OTROS FUELÓLEOS;0
2023-12;Extremadura;Cáceres;QUEROSENO AVIACIÓN;0
2023-12;Extremadura;Cáceres;OTROS QUEROSENOS;0
2023-12;Extremadura;Cáceres;GLP;2236
2023-12;Galicia;Coruña, A;BIODIESEL;13
2023-12;Galicia;Coruña, A;GASÓLEO A;39736
2023-12;Galicia;Coruña, A;GASÓLEO B;9439
2023-12;Galicia;Coruña, A;GASÓLEO C;7297
2023-12;Galicia;Coruña, A;OTROS GASOLEOS;3606
2023-12;Galicia;Coruña, A;BIOETANOL;0
2023-12;Galicia;Coruña, A;GASOLINA  AUTO. S/PB 95 I.O.;9412
2023-12;Galicia;Coruña, A;GASOLINA  AUTO. S/PB 98 I.O.;401
2023-12;Galicia;Coruña, A;OTRAS GASOLINAS;2
2023-12;Galicia;Coruña, A;FUELÓLEO  BIA;7528
2023-12;Galicia;Coruña, A;OTROS FUELÓLEOS;2481
2023-12;Galicia;Coruña, A;QUEROSENO AVIACIÓN;3358
2023-12;Galicia;Coruña, A;OTROS QUEROSENOS;0
2023-12;Galicia;Coruña, A;GLP;4703
2023-12;Galicia;Lugo;BIODIESEL;0
2023-12;Galicia;Lugo;GASÓLEO A;17934
2023-12;Galicia;Lugo;GASÓLEO B;5106
2023-12;Galicia;Lugo;GASÓLEO C;5499
2023-12;Galicia;Lugo;OTROS GASOLEOS;1427
2023-12;Galicia;Lugo;BIOETANOL;0
2023-12;Galicia;Lugo;GASOLINA  AUTO. S/PB 95 I.O.;2670
2023-12;Galicia;Lugo;GASOLINA  AUTO. S/PB 98 I.O.;115
2023-12;Galicia;Lugo;OTRAS GASOLINAS;0
2023-12;Galicia;Lugo;FUELÓLEO  BIA;25
2023-12;Galicia;Lugo;OTROS FUELÓLEOS;0
2023-12;Galicia;Lugo;QUEROSENO AVIACIÓN;0
2023-12;Galicia;Lugo;OTROS QUEROSENOS;0
2023-12;Galicia;Lugo;GLP;2205
2023-12;Galicia;Ourense;BIODIESEL;0
2023-12;Galicia;Ourense;GASÓLEO A;13437
2023-12;Galicia;Ourense;GASÓLEO B;2236
2023-12;Galicia;Ourense;GASÓLEO C;7870
2023-12;Galicia;Ourense;OTROS GASOLEOS;0
2023-12;Galicia;Ourense;BIOETANOL;0
2023-12;Galicia;Ourense;GASOLINA  AUTO. S/PB 95 I.O.;2570
2023-12;Galicia;Ourense;GASOLINA  AUTO. S/PB 98 I.O.;202
2023-12;Galicia;Ourense;OTRAS GASOLINAS;0
2023-12;Galicia;Ourense;FUELÓLEO  BIA;53
2023-12;Galicia;Ourense;OTROS FUELÓLEOS;0
2023-12;Galicia;Ourense;QUEROSENO AVIACIÓN;0
2023-12;Galicia;Ourense;OTROS QUEROSENOS;0
2023-12;Galicia;Ourense;GLP;1979
2023-12;Galicia;Pontevedra;BIODIESEL;19
2023-12;Galicia;Pontevedra;GASÓLEO A;33939
2023-12;Galicia;Pontevedra;GASÓLEO B;6924
2023-12;Galicia;Pontevedra;GASÓLEO C;8094
2023-12;Galicia;Pontevedra;OTROS GASOLEOS;9357
2023-12;Galicia;Pontevedra;BIOETANOL;0
2023-12;Galicia;Pontevedra;GASOLINA  AUTO. S/PB 95 I.O.;8007
2023-12;Galicia;Pontevedra;GASOLINA  AUTO. S/PB 98 I.O.;426
2023-12;Galicia;Pontevedra;OTRAS GASOLINAS;1
2023-12;Galicia;Pontevedra;FUELÓLEO  BIA;1033
2023-12;Galicia;Pontevedra;OTROS FUELÓLEOS;351
2023-12;Galicia;Pontevedra;QUEROSENO AVIACIÓN;400
2023-12;Galicia;Pontevedra;OTROS QUEROSENOS;0
2023-12;Galicia;Pontevedra;GLP;4307
2023-12;Madrid, Comunidad de;Madrid;BIODIESEL;78
2023-12;Madrid, Comunidad de;Madrid;GASÓLEO A;155230
2023-12;Madrid, Comunidad de;Madrid;GASÓLEO B;13784
2023-12;Madrid, Comunidad de;Madrid;GASÓLEO C;25584
2023-12;Madrid, Comunidad de;Madrid;OTROS GASOLEOS;17
2023-12;Madrid, Comunidad de;Madrid;BIOETANOL;0
2023-12;Madrid, Comunidad de;Madrid;GASOLINA  AUTO. S/PB 95 I.O.;66320
2023-12;Madrid, Comunidad de;Madrid;GASOLINA  AUTO. S/PB 98 I.O.;2543
2023-12;Madrid, Comunidad de;Madrid;OTRAS GASOLINAS;48
2023-12;Madrid, Comunidad de;Madrid;FUELÓLEO  BIA;499
2023-12;Madrid, Comunidad de;Madrid;OTROS FUELÓLEOS;21
2023-12;Madrid, Comunidad de;Madrid;QUEROSENO AVIACIÓN;214290
2023-12;Madrid, Comunidad de;Madrid;OTROS QUEROSENOS;0
2023-12;Madrid, Comunidad de;Madrid;GLP;12715
2023-12;Melilla;Melilla;BIODIESEL;0
2023-12;Melilla;Melilla;GASÓLEO A;1289
2023-12;Melilla;Melilla;GASÓLEO B;0
2023-12;Melilla;Melilla;GASÓLEO C;0
2023-12;Melilla;Melilla;OTROS GASOLEOS;0
2023-12;Melilla;Melilla;BIOETANOL;0
2023-12;Melilla;Melilla;GASOLINA  AUTO. S/PB 95 I.O.;556
2023-12;Melilla;Melilla;GASOLINA  AUTO. S/PB 98 I.O.;0
2023-12;Melilla;Melilla;OTRAS GASOLINAS;0
2023-12;Melilla;Melilla;FUELÓLEO  BIA;5034
2023-12;Melilla;Melilla;OTROS FUELÓLEOS;0
2023-12;Melilla;Melilla;QUEROSENO AVIACIÓN;129
2023-12;Melilla;Melilla;OTROS QUEROSENOS;0
2023-12;Melilla;Melilla;GLP;200
2023-12;Murcia, Región de;Murcia;BIODIESEL;28
2023-12;Murcia, Región de;Murcia;GASÓLEO A;81843
2023-12;Murcia, Región de;Murcia;GASÓLEO B;11990
2023-12;Murcia, Región de;Murcia;GASÓLEO C;1108
2023-12;Murcia, Región de;Murcia;OTROS GASOLEOS;1473
2023-12;Murcia, Región de;Murcia;BIOETANOL;0
2023-12;Murcia, Región de;Murcia;GASOLINA  AUTO. S/PB 95 I.O.;13332
2023-12;Murcia, Región de;Murcia;GASOLINA  AUTO. S/PB 98 I.O.;598
2023-12;Murcia, Región de;Murcia;OTRAS GASOLINAS;0
2023-12;Murcia, Región de;Murcia;FUELÓLEO  BIA;331
2023-12;Murcia, Región de;Murcia;OTROS FUELÓLEOS;101
2023-12;Murcia, Región de;Murcia;QUEROSENO AVIACIÓN;542
2023-12;Murcia, Región de;Murcia;OTROS QUEROSENOS;0
2023-12;Murcia, Región de;Murcia;GLP;5080
2023-12;Navarra, Comunidad Foral de;Navarra;BIODIESEL;151
2023-12;Navarra, Comunidad Foral de;Navarra;GASÓLEO A;44404
2023-12;Navarra, Comunidad Foral de;Navarra;GASÓLEO B;8268
2023-12;Navarra, Comunidad Foral de;Navarra;GASÓLEO C;1703
2023-12;Navarra, Comunidad Foral de;Navarra;OTROS GASOLEOS;0
2023-12;Navarra, Comunidad Foral de;Navarra;BIOETANOL;0
2023-12;Navarra, Comunidad Foral de;Navarra;GASOLINA  AUTO. S/PB 95 I.O.;6768
2023-12;Navarra, Comunidad Foral de;Navarra;GASOLINA  AUTO. S/PB 98 I.O.;196
2023-12;Navarra, Comunidad Foral de;Navarra;OTRAS GASOLINAS;2
2023-12;Navarra, Comunidad Foral de;Navarra;FUELÓLEO  BIA;112
2023-12;Navarra, Comunidad Foral de;Navarra;OTROS FUELÓLEOS;0
2023-12;Navarra, Comunidad Foral de;Navarra;QUEROSENO AVIACIÓN;122
2023-12;Navarra, Comunidad Foral de;Navarra;OTROS QUEROSENOS;0
2023-12;Navarra, Comunidad Foral de;Navarra;GLP;1568
2023-12;País Vasco;Araba/Álava;BIODIESEL;38
2023-12;País Vasco;Araba/Álava;GASÓLEO A;33822
2023-12;País Vasco;Araba/Álava;GASÓLEO B;2540
2023-12;País Vasco;Araba/Álava;GASÓLEO C;1074
2023-12;País Vasco;Araba/Álava;OTROS GASOLEOS;0
2023-12;País Vasco;Araba/Álava;BIOETANOL;0
2023-12;País Vasco;Araba/Álava;GASOLINA  AUTO. S/PB 95 I.O.;3340
2023-12;País Vasco;Araba/Álava;GASOLINA  AUTO. S/PB 98 I.O.;129
2023-12;País Vasco;Araba/Álava;OTRAS GASOLINAS;0
2023-12;País Vasco;Araba/Álava;FUELÓLEO  BIA;199
2023-12;País Vasco;Araba/Álava;OTROS FUELÓLEOS;0
2023-12;País Vasco;Araba/Álava;QUEROSENO AVIACIÓN;645
2023-12;País Vasco;Araba/Álava;OTROS QUEROSENOS;0
2023-12;País Vasco;Araba/Álava;GLP;1246
2023-12;País Vasco;Bizkaia;BIODIESEL;849
2023-12;País Vasco;Bizkaia;GASÓLEO A;53653
2023-12;País Vasco;Bizkaia;GASÓLEO B;9875
2023-12;País Vasco;Bizkaia;GASÓLEO C;6470
2023-12;País Vasco;Bizkaia;OTROS GASOLEOS;918
2023-12;País Vasco;Bizkaia;BIOETANOL;0
2023-12;País Vasco;Bizkaia;GASOLINA  AUTO. S/PB 95 I.O.;8644
2023-12;País Vasco;Bizkaia;GASOLINA  AUTO. S/PB 98 I.O.;351
2023-12;País Vasco;Bizkaia;OTRAS GASOLINAS;1
2023-12;País Vasco;Bizkaia;FUELÓLEO  BIA;77
2023-12;País Vasco;Bizkaia;OTROS FUELÓLEOS;0
2023-12;País Vasco;Bizkaia;QUEROSENO AVIACIÓN;5355
2023-12;País Vasco;Bizkaia;OTROS QUEROSENOS;0
2023-12;País Vasco;Bizkaia;GLP;1940
2023-12;País Vasco;Gipuzkoa;BIODIESEL;6
2023-12;País Vasco;Gipuzkoa;GASÓLEO A;55994
2023-12;País Vasco;Gipuzkoa;GASÓLEO B;1562
2023-12;País Vasco;Gipuzkoa;GASÓLEO C;627
2023-12;País Vasco;Gipuzkoa;OTROS GASOLEOS;455
2023-12;País Vasco;Gipuzkoa;BIOETANOL;0
2023-12;País Vasco;Gipuzkoa;GASOLINA  AUTO. S/PB 95 I.O.;6811
2023-12;País Vasco;Gipuzkoa;GASOLINA  AUTO. S/PB 98 I.O.;346
2023-12;País Vasco;Gipuzkoa;OTRAS GASOLINAS;2
2023-12;País Vasco;Gipuzkoa;FUELÓLEO  BIA;76
2023-12;País Vasco;Gipuzkoa;OTROS FUELÓLEOS;0
2023-12;País Vasco;Gipuzkoa;QUEROSENO AVIACIÓN;452
2023-12;País Vasco;Gipuzkoa;OTROS QUEROSENOS;0
2023-12;País Vasco;Gipuzkoa;GLP;2213
2023-12;Rioja, La;Rioja, La;BIODIESEL;0
2023-12;Rioja, La;Rioja, La;GASÓLEO A;12192
2023-12;Rioja, La;Rioja, La;GASÓLEO B;3870
2023-12;Rioja, La;Rioja, La;GASÓLEO C;2578
2023-12;Rioja, La;Rioja, La;OTROS GASOLEOS;0
2023-12;Rioja, La;Rioja, La;BIOETANOL;0
2023-12;Rioja, La;Rioja, La;GASOLINA  AUTO. S/PB 95 I.O.;2718
2023-12;Rioja, La;Rioja, La;GASOLINA  AUTO. S/PB 98 I.O.;105
2023-12;Rioja, La;Rioja, La;OTRAS GASOLINAS;0
2023-12;Rioja, La;Rioja, La;FUELÓLEO  BIA;103
2023-12;Rioja, La;Rioja, La;OTROS FUELÓLEOS;0
2023-12;Rioja, La;Rioja, La;QUEROSENO AVIACIÓN;9
2023-12;Rioja, La;Rioja, La;OTROS QUEROSENOS;0
2023-12;Rioja, La;Rioja, La;GLP;652
