Fecha,CCAA,Consumo_Tm,Target,IPI_original,IPI_ajustado,IPC_var_anual,Tasa_paro,Precio_Brent_USD,PVP_Gasoleo_A,PVP_Gasoleo_Premium,PVP_Gasolina95,PVP_Gasolina98,PAI_Gasoleo_A,PAI_Gasoleo_Premium,PAI_Gasolina95,PAI_Gasolina98,CNMC_Biodiesel_Tm,GasoleoA_Tm,DieselPool_Tm,Biodiesel_GasoleoA_Ratio,Biodiesel_DieselPool_Share
2023-01,Andalucía,0,1,97.874,101.664,5.9,13.38,82.5,1.6952056451612902,1.7894959677419355,1.633125,1.7996330645161291,1.021959677419355,1.1,0.8770120967741936,0.9833951612903226,0.0,246092.0,374908.0,0.0,0.0
2023-01,Aragón,0,0,97.874,101.664,5.9,13.38,82.5,1.686505376344086,1.7766989247311828,1.6299032258064514,1.7948924731182796,1.0147634408602149,1.0893655913978495,0.8743440860215053,0.979505376344086,0.0,57680.0,89719.0,0.0,0.0
2023-01,"Asturias, Principado de",0,0,97.874,101.664,5.9,13.38,82.5,1.7119677419354837,1.7980645161290323,1.6844838709677419,1.8326774193548387,1.035774193548387,1.1071612903225807,0.9194193548387096,1.0106774193548387,0.0,28805.0,42995.0,0.0,0.0
2023-01,"Balears, Illes",0,0,97.874,101.664,5.9,13.38,82.5,1.7611290322580644,1.832967741935484,1.703032258064516,1.8570967741935485,1.076516129032258,1.1358387096774194,0.9347741935483872,1.030741935483871,0.0,19729.0,45192.0,0.0,0.0
2023-01,Canarias,0,0,97.874,101.664,5.9,13.38,82.5,1.3956935483870967,1.5211451612903224,1.333032258064516,1.4642903225806452,1.1478709677419354,1.2734516129032256,1.0412903225806451,1.1725645161290321,0.0,49936.0,183717.0,0.0,0.0
2023-01,Cantabria,0,0,97.874,101.664,5.9,13.38,82.5,1.7210322580645163,1.8126129032258065,1.6775806451612905,1.8338064516129031,1.0432903225806451,1.1188709677419355,0.9137096774193548,1.0116129032258063,0.0,20423.0,25304.0,0.0,0.0
2023-01,Castilla - La Mancha,0,0,97.874,101.664,5.9,13.38,82.5,1.7074903225806453,1.8016064516129033,1.6322838709677419,1.7979548387096773,1.0321354838709678,1.1099677419354839,0.8763870967741936,0.9820193548387096,0.0,92295.0,151140.0,0.0,0.0
2023-01,Castilla y León,0,0,97.874,101.664,5.9,13.38,82.5,1.7010035842293907,1.79047311827957,1.6552365591397848,1.8181039426523298,1.0267813620071684,1.1007813620071685,0.8952544802867384,0.9986666666666666,0.0,114070.0,172177.0,0.0,0.0
2023-01,Cataluña,85,1,97.874,101.664,5.9,13.38,82.5,1.6704274193548387,1.7671451612903226,1.6146693548387097,1.7919516129032258,1.0014274193548387,1.0814919354838708,0.8617983870967741,0.9770483870967742,85.0,272954.0,368441.0,0.0003114077829964,0.0002307017948599
2023-01,Ceuta,0,0,97.874,101.664,5.9,13.38,82.5,1.3720645161290321,1.409741935483871,1.2932903225806451,1.323225806451613,1.2118387096774195,1.2492580645161289,1.086290322580645,1.1007419354838708,0.0,1009.0,6794.0,0.0,0.0
2023-01,Comunitat Valenciana,52,1,97.874,101.664,5.9,13.38,82.5,1.6873655913978496,1.793,1.6361505376344088,1.8131290322580647,1.0154516129032258,1.1028817204301076,0.8795268817204301,0.9945591397849463,52.0,144586.0,185307.0,0.0003596475454055,0.0002806154111825
2023-01,ESPAÑA,167,1,97.874,101.664,5.9,13.38,82.5,1.6473149735898887,1.7351088143746463,1.5927058715336728,1.7687581192751891,1.0516952556121486,1.1260445199019053,0.9175912799471798,1.0121677419354838,167.0,1569235.0,2318637.0,0.0001064212817073,7.202507335128353e-05
2023-01,Extremadura,0,0,97.874,101.664,5.9,13.38,82.5,1.6989516129032258,1.794467741935484,1.6313548387096775,1.8076935483870968,1.0250806451612904,1.104032258064516,0.8756612903225806,0.9900967741935484,0.0,47073.0,58134.0,0.0,0.0
2023-01,Galicia,0,0,97.874,101.664,5.9,13.38,82.5,1.7128145161290322,1.8003790322580644,1.6619354838709677,1.8145887096774194,1.036556451612903,1.1089274193548389,0.9007983870967742,0.9957983870967742,0.0,94526.0,145857.0,0.0,0.0
2023-01,"Madrid, Comunidad de",26,1,97.874,101.664,5.9,13.38,82.5,1.7156129032258063,1.8106129032258065,1.6471290322580645,1.8183225806451613,1.0389032258064514,1.117483870967742,0.888483870967742,0.9989032258064516,26.0,135631.0,173564.0,0.000191696588538,0.0001498006499043
2023-01,Melilla,0,0,97.874,101.664,5.9,13.38,82.5,1.2704193548387097,1.314,1.207741935483871,,1.1573548387096775,1.1981935483870967,1.0287741935483872,,0.0,1042.0,1042.0,0.0,0.0
2023-01,"Murcia, Región de",0,0,97.874,101.664,5.9,13.38,82.5,1.6699032258064515,1.7502580645161292,1.6180322580645161,1.7746129032258064,1.0010967741935484,1.0674516129032259,0.8644838709677419,0.9625806451612903,0.0,65694.0,79291.0,0.0,0.0
2023-01,"Navarra, Comunidad Foral de",0,0,97.874,101.664,5.9,13.38,82.5,1.6873225806451613,1.788741935483871,1.6531935483870968,1.8277096774193549,1.0154193548387096,1.0993225806451614,0.8937096774193549,1.0066129032258064,0.0,47704.0,56486.0,0.0,0.0
2023-01,País Vasco,4,0,97.874,101.664,5.9,13.38,82.5,1.7326559139784947,1.828784946236559,1.6766881720430107,1.837763440860215,1.0529892473118279,1.1323978494623657,0.9129677419354839,1.0149139784946237,4.0,119752.0,143178.0,3.340236488743403e-05,2.79372529299194e-05
2023-01,"Rioja, La",0,0,97.874,101.664,5.9,13.38,82.5,1.7014193548387098,1.7868709677419354,1.6725483870967741,1.8301935483870968,1.027,1.0979677419354839,0.9095483870967742,1.0085806451612902,0.0,10234.0,15391.0,0.0,0.0
2023-02,Andalucía,0,1,99.947,100.678,6.0,13.38,82.59,1.6345714285714286,1.72771875,1.6342410714285713,1.8011919642857142,0.9719151785714286,1.0488660714285714,0.8779642857142856,0.9846473214285715,0.0,261675.0,371574.0,0.0,0.0
2023-02,Aragón,0,0,99.947,100.678,6.0,13.38,82.59,1.6242619047619047,1.7159880952380953,1.6381071428571428,1.7964642857142856,0.9633214285714286,1.0392261904761906,0.8811428571428572,0.9808452380952382,0.0,63296.0,103138.0,0.0,0.0
2023-02,"Asturias, Principado de",0,0,99.947,100.678,6.0,13.38,82.59,1.6502857142857141,1.7385,1.6949285714285713,1.8467142857142858,0.985,1.0577857142857143,0.9281428571428572,1.0222857142857142,0.0,31707.0,47368.0,0.0,0.0
2023-02,"Balears, Illes",0,0,99.947,100.678,6.0,13.38,82.59,1.6876071428571429,1.7647857142857144,1.7146785714285715,1.869892857142857,1.0156071428571427,1.0795,0.9444642857142858,1.0414285714285714,0.0,23260.0,43808.0,0.0,0.0
2023-02,Canarias,0,0,99.947,100.678,6.0,13.38,82.59,1.3661964285714288,1.4889464285714287,1.3208214285714284,1.4506785714285715,1.1184642857142857,1.241232142857143,1.0290714285714286,1.158982142857143,0.0,50882.0,217562.0,0.0,0.0
2023-02,Cantabria,0,0,99.947,100.678,6.0,13.38,82.59,1.6428571428571428,1.739,1.6849642857142857,1.8406785714285714,0.9787142857142858,1.0582142857142858,0.91975,1.0173214285714285,0.0,22830.0,29381.0,0.0,0.0
2023-02,Castilla - La Mancha,0,0,99.947,100.678,6.0,13.38,82.59,1.6470642857142856,1.7397285714285715,1.6387999999999998,1.8021571428571428,0.98225,1.0587714285714287,0.8817071428571429,0.9854714285714287,0.0,97967.0,167478.0,0.0,0.0
2023-02,Castilla y León,0,0,99.947,100.678,6.0,13.38,82.59,1.629857142857143,1.717126984126984,1.6544642857142857,1.8129841269841271,0.9679761904761905,1.0400793650793652,0.8946111111111111,0.9944206349206349,0.0,126882.0,211041.0,0.0,0.0
2023-02,Cataluña,82,1,99.947,100.678,6.0,13.38,82.59,1.6000357142857144,1.6973660714285714,1.6265714285714286,1.802642857142857,0.9433392857142857,1.0238035714285714,0.8715714285714286,0.9858214285714285,82.0,320105.0,426088.0,0.0002561659455491,0.0001924485082893
2023-02,Ceuta,0,0,99.947,100.678,6.0,13.38,82.59,1.33,1.3675714285714287,1.3279285714285716,1.3615714285714287,1.17,1.2075714285714285,1.1209285714285715,1.1385714285714286,0.0,975.0,6938.0,0.0,0.0
2023-02,Comunitat Valenciana,50,1,99.947,100.678,6.0,13.38,82.59,1.6217142857142857,1.7270357142857142,1.6425,1.8197380952380953,0.96125,1.0483095238095237,0.8846904761904762,0.9999404761904762,50.0,155581.0,210002.0,0.0003213760034965,0.0002380929705431
2023-02,ESPAÑA,162,1,99.947,100.678,6.0,13.38,82.59,1.5846719298245615,1.6729755586883877,1.6006641290726815,1.774300424382716,0.9991272713032581,1.0738267335004177,0.9245941311612365,1.016959198633157,162.0,1710109.0,2574059.0,9.473080370900334e-05,6.293562035679835e-05
2023-02,Extremadura,0,0,99.947,100.678,6.0,13.38,82.59,1.6291071428571429,1.722232142857143,1.6348928571428571,1.809642857142857,0.9673571428571428,1.044357142857143,0.878357142857143,0.9916964285714285,0.0,48148.0,63287.0,0.0,0.0
2023-02,Galicia,0,0,99.947,100.678,6.0,13.38,82.59,1.6430535714285714,1.7312857142857143,1.6613749999999998,1.8107053571428573,0.9789374999999999,1.0517410714285715,0.9003035714285714,0.9925714285714285,0.0,100826.0,163712.0,0.0,0.0
2023-02,"Madrid, Comunidad de",26,1,99.947,100.678,6.0,13.38,82.59,1.6505357142857144,1.7440714285714287,1.6585357142857142,1.8277142857142858,0.9850714285714286,1.0624642857142856,0.8981071428571429,1.0066071428571428,26.0,143849.0,185809.0,0.0001807450868619,0.0001399286363954
2023-02,Melilla,0,0,99.947,100.678,6.0,13.38,82.59,1.2345357142857143,1.2782142857142857,1.249857142857143,,1.1240357142857142,1.1648571428571428,1.0679285714285716,,0.0,1050.0,1050.0,0.0,0.0
2023-02,"Murcia, Región de",0,0,99.947,100.678,6.0,13.38,82.59,1.5983214285714287,1.679857142857143,1.6151071428571429,1.7714642857142857,0.9418928571428572,1.0092857142857141,0.8620714285714285,0.9600714285714285,0.0,72698.0,87779.0,0.0,0.0
2023-02,"Navarra, Comunidad Foral de",0,0,99.947,100.678,6.0,13.38,82.59,1.615892857142857,1.7195714285714288,1.6567142857142856,1.8355714285714286,0.9564642857142857,1.0422857142857143,0.8966071428571428,1.013,0.0,50361.0,62342.0,0.0,0.0
2023-02,País Vasco,4,0,99.947,100.678,6.0,13.38,82.59,1.6593690476190477,1.7545000000000002,1.6820238095238094,1.8456309523809526,0.9924285714285714,1.071,0.9174404761904762,1.021404761904762,4.0,125814.0,155954.0,3.179296421701877e-05,2.564858868640753e-05
2023-02,"Rioja, La",0,0,99.947,100.678,6.0,13.38,82.59,1.6435,1.7330357142857142,1.6761071428571428,1.8319642857142857,0.9793928571428571,1.0533571428571429,0.9124285714285715,1.0101785714285714,0.0,12203.0,19748.0,0.0,0.0
2023-03,Andalucía,0,1,113.733,102.479,3.3,13.38,78.43,1.5831129032258064,1.6788427419354839,1.62925,1.797391129032258,0.929366935483871,1.0084314516129032,0.8738024193548387,0.9815403225806452,0.0,302382.0,437949.0,0.0,0.0
2023-03,Aragón,28,0,113.733,102.479,3.3,13.38,78.43,1.5775376344086023,1.6719569892473116,1.6400537634408603,1.8022903225806453,0.9246989247311828,1.0027311827956988,0.8828279569892472,0.9855591397849462,28.0,69624.0,101054.0,0.0004021601746524,0.000277079581214
2023-03,"Asturias, Principado de",0,0,113.733,102.479,3.3,13.38,78.43,1.616709677419355,1.7060967741935484,1.6902903225806452,1.8430645161290322,0.9571612903225807,1.0310645161290324,0.9243225806451613,1.0194193548387096,0.0,35776.0,50534.0,0.0,0.0
2023-03,"Balears, Illes",0,0,113.733,102.479,3.3,13.38,78.43,1.626258064516129,1.7036774193548387,1.7186451612903226,1.8768387096774195,0.9650645161290323,1.0289354838709677,0.9477741935483871,1.0473870967741936,0.0,27515.0,51007.0,0.0,0.0
2023-03,Canarias,0,0,113.733,102.479,3.3,13.38,78.43,1.3223870967741935,1.4462580645161291,1.2936451612903226,1.4230806451612903,1.0746129032258065,1.1985645161290324,1.0018709677419355,1.1313387096774195,0.0,59954.0,235764.0,0.0,0.0
2023-03,Cantabria,0,0,113.733,102.479,3.3,13.38,78.43,1.5711612903225807,1.6698387096774194,1.6741935483870967,1.8313225806451614,0.9193870967741936,1.0010967741935484,0.9108709677419355,1.0096129032258063,0.0,25866.0,32230.0,0.0,0.0
2023-03,Castilla - La Mancha,0,0,113.733,102.479,3.3,13.38,78.43,1.5967161290322582,1.693309677419355,1.6404451612903226,1.8060580645161293,0.9405870967741935,1.020458064516129,0.8831225806451614,0.9887032258064515,0.0,109586.0,159030.0,0.0,0.0
2023-03,Castilla y León,0,0,113.733,102.479,3.3,13.38,78.43,1.5720071684587813,1.6625412186379929,1.6395448028673836,1.798594982078853,0.9201182795698926,0.9949820788530465,0.8822867383512545,0.9825197132616487,0.0,142701.0,214008.0,0.0,0.0
2023-03,Cataluña,119,1,113.733,102.479,3.3,13.38,78.43,1.5472983870967743,1.647540322580645,1.6324354838709678,1.8099516129032258,0.89975,0.9826370967741935,0.8764274193548388,0.9919516129032258,119.0,310829.0,395484.0,0.0003828471603357,0.0003008971285816
2023-03,Ceuta,0,0,113.733,102.479,3.3,13.38,78.43,1.3090322580645162,1.346516129032258,1.3438064516129034,1.3763870967741936,1.1490322580645163,1.186516129032258,1.1368064516129033,1.1533870967741935,0.0,1130.0,10429.0,0.0,0.0
2023-03,Comunitat Valenciana,25,1,113.733,102.479,3.3,13.38,78.43,1.5777419354838709,1.6891612903225808,1.6476021505376344,1.8300645161290323,0.9249032258064517,1.0169354838709679,0.8889892473118279,1.0085913978494623,25.0,176509.0,221806.0,0.000141635837266,0.0001127111079051
2023-03,ESPAÑA,205,1,113.733,102.479,3.3,13.38,78.43,1.535814808526693,1.6261390822486324,1.5981406715714017,1.7712980037833532,0.9580848754951896,1.0344369317109978,0.9225770750801736,1.014370061728395,205.0,1898666.0,2705321.0,0.0001079705435289,7.577658991299e-05
2023-03,Extremadura,0,0,113.733,102.479,3.3,13.38,78.43,1.5696290322580644,1.6671451612903225,1.6295,1.8048225806451612,0.918258064516129,0.9987419354838709,0.8739516129032259,0.9876612903225807,0.0,55816.0,70332.0,0.0,0.0
2023-03,Galicia,0,0,113.733,102.479,3.3,13.38,78.43,1.589975806451613,1.6799193548387097,1.648959677419355,1.79925,0.9349838709677419,1.0093790322580645,0.8900725806451613,0.9831290322580645,0.0,115030.0,168839.0,0.0,0.0
2023-03,"Madrid, Comunidad de",25,1,113.733,102.479,3.3,13.38,78.43,1.5989354838709677,1.696,1.6608709677419355,1.8336774193548389,0.9424193548387096,1.022516129032258,0.8998387096774193,1.011548387096774,25.0,164028.0,196784.0,0.000152413002658,0.0001270428490121
2023-03,Melilla,0,0,113.733,102.479,3.3,13.38,78.43,1.2255806451612903,1.2661935483870967,1.2760967741935483,,1.115451612903226,1.1535483870967742,1.0926451612903225,,0.0,1165.0,1165.0,0.0,0.0
2023-03,"Murcia, Región de",0,0,113.733,102.479,3.3,13.38,78.43,1.5400967741935485,1.6224193548387098,1.6131612903225807,1.7698709677419355,0.8938064516129033,0.961774193548387,0.8605483870967742,0.9587096774193548,0.0,84527.0,99687.0,0.0,0.0
2023-03,"Navarra, Comunidad Foral de",0,0,113.733,102.479,3.3,13.38,78.43,1.5641612903225806,1.6695161290322582,1.651,1.827741935483871,0.9137741935483872,1.0008387096774194,0.8918064516129033,1.0065806451612902,0.0,57972.0,67197.0,0.0,0.0
2023-03,País Vasco,8,0,113.733,102.479,3.3,13.38,78.43,1.6068817204301076,1.7049032258064518,1.679494623655914,1.8419247311827958,0.9491075268817204,1.029989247311828,0.9153548387096774,1.0183118279569894,8.0,145278.0,173098.0,5.506683737386253e-05,4.621659406810015e-05
2023-03,"Rioja, La",0,0,113.733,102.479,3.3,13.38,78.43,1.5852580645161292,1.674806451612903,1.6556774193548387,1.8110322580645162,0.9311290322580644,1.0051612903225806,0.8956451612903226,0.9927096774193549,0.0,12978.0,18924.0,0.0,0.0
2023-04,Andalucía,46,1,93.271,101.097,4.1,11.67,84.64,1.5218208333333334,1.6177208333333333,1.6325125,1.7999291666666666,0.8786666666666666,0.9579208333333333,0.8765125,0.9835999999999999,46.0,281273.0,403606.0,0.0001635421814393,0.0001139725375737
2023-04,Aragón,56,0,93.271,101.097,4.1,11.67,84.64,1.5110444444444444,1.6059333333333332,1.642822222222222,1.8055444444444444,0.869788888888889,0.9481555555555556,0.8850222222222223,0.9883444444444444,56.0,62443.0,80513.0,0.0008968178979229,0.0006955398507073
2023-04,"Asturias, Principado de",0,0,93.271,101.097,4.1,11.67,84.64,1.5509333333333333,1.6397000000000002,1.6921333333333335,1.8420666666666667,0.9027666666666667,0.9761333333333333,0.9257666666666666,1.0185,0.0,32528.0,43021.0,0.0,0.0
2023-04,"Balears, Illes",0,0,93.271,101.097,4.1,11.67,84.64,1.5649333333333333,1.6430333333333331,1.7252,1.8802666666666668,0.9142333333333333,0.9789666666666667,0.9530666666666666,1.0500333333333332,0.0,28219.0,43835.0,0.0,0.0
2023-04,Canarias,0,0,93.271,101.097,4.1,11.67,84.64,1.3012000000000001,1.4278833333333334,1.2885833333333332,1.4176666666666666,1.0535333333333332,1.1802166666666667,0.9967833333333334,1.1259666666666666,0.0,51643.0,196163.0,0.0,0.0
2023-04,Cantabria,0,0,93.271,101.097,4.1,11.67,84.64,1.5037999999999998,1.6020666666666665,1.6840000000000002,1.8337666666666665,0.8637,0.9451333333333333,0.9190333333333334,1.0116,0.0,25171.0,30659.0,0.0,0.0
2023-04,Castilla - La Mancha,0,0,93.271,101.097,4.1,11.67,84.64,1.5263533333333335,1.6239333333333335,1.6435,1.8068866666666668,0.8824466666666666,0.9630733333333332,0.88556,0.9894133333333334,0.0,99676.0,129360.0,0.0,0.0
2023-04,Castilla y León,0,0,93.271,101.097,4.1,11.67,84.64,1.5071777777777777,1.5972481481481482,1.640237037037037,1.7991777777777778,0.8665518518518518,0.9410296296296297,0.8828851851851851,0.9829851851851852,0.0,131697.0,181583.0,0.0,0.0
2023-04,Cataluña,78,1,93.271,101.097,4.1,11.67,84.64,1.4840833333333334,1.5817333333333332,1.63975,1.8179166666666666,0.8475083333333333,0.928225,0.882475,0.9984749999999999,78.0,281843.0,356403.0,0.0002767498217092,0.000218853376655
2023-04,Ceuta,0,0,93.271,101.097,4.1,11.67,84.64,1.2451666666666665,1.2806,1.3534333333333335,1.3873666666666666,1.0852666666666666,1.1206,1.1464333333333334,1.1643666666666665,0.0,917.0,10263.0,0.0,0.0
2023-04,Comunitat Valenciana,76,1,93.271,101.097,4.1,11.67,84.64,1.5142666666666666,1.6229777777777779,1.6580222222222223,1.8386555555555557,0.8723888888888889,0.9623555555555555,0.897611111111111,1.015677777777778,76.0,161264.0,198419.0,0.0004712769123921,0.0003830278350359
2023-04,ESPAÑA,260,1,93.271,101.097,4.1,11.67,84.64,1.4734299269005848,1.5636235136452241,1.6024067007797271,1.7734789660493826,0.9053420272904484,0.9816309307992203,0.9261743810916179,1.0162153497942386,260.0,1725288.0,2347447.0,0.0001506994774205,0.0001107586241563
2023-04,Extremadura,0,0,93.271,101.097,4.1,11.67,84.64,1.5122166666666668,1.6117666666666668,1.6340666666666666,1.8067666666666669,0.8707499999999999,0.9530833333333334,0.8778166666666666,0.9893,0.0,52453.0,62834.0,0.0,0.0
2023-04,Galicia,0,0,93.271,101.097,4.1,11.67,84.64,1.5249833333333334,1.61335,1.6479666666666666,1.7941333333333334,0.8813083333333334,0.9542833333333333,0.889225,0.9788583333333333,0.0,106548.0,146198.0,0.0,0.0
2023-04,"Madrid, Comunidad de",0,1,93.271,101.097,4.1,11.67,84.64,1.5304333333333333,1.6263333333333334,1.6576333333333333,1.8281,0.8857333333333333,0.9650666666666666,0.8972333333333334,1.0069000000000001,0.0,145801.0,160449.0,0.0,0.0
2023-04,Melilla,0,0,93.271,101.097,4.1,11.67,84.64,1.1574666666666666,1.1973666666666667,1.2850333333333335,,1.0519,1.0891666666666666,1.1007333333333333,,0.0,874.0,874.0,0.0,0.0
2023-04,"Murcia, Región de",0,0,93.271,101.097,4.1,11.67,84.64,1.4752666666666667,1.5574000000000001,1.6165333333333334,1.7710000000000001,0.8401666666666666,0.9080333333333334,0.8632666666666666,0.9596666666666667,0.0,74229.0,87079.0,0.0,0.0
2023-04,"Navarra, Comunidad Foral de",0,0,93.271,101.097,4.1,11.67,84.64,1.5038666666666667,1.6088666666666667,1.6578666666666666,1.8339,0.8638333333333333,0.9507666666666666,0.8975666666666666,1.0118333333333334,0.0,50543.0,56946.0,0.0,0.0
2023-04,País Vasco,4,0,93.271,101.097,4.1,11.67,84.64,1.5430888888888887,1.6401000000000001,1.6846999999999999,1.8435777777777778,0.8962222222222221,0.9764444444444444,0.9196222222222222,1.0196555555555555,4.0,125682.0,143305.0,3.1826355404910806e-05,2.791249433027459e-05
2023-04,"Rioja, La",0,0,93.271,101.097,4.1,11.67,84.64,1.5170666666666668,1.6108333333333333,1.6617333333333333,1.8158999999999998,0.8747333333333334,0.9523333333333334,0.9007000000000001,0.9967,0.0,12484.0,15937.0,0.0,0.0
2023-05,Andalucía,0,1,108.291,100.41,3.2,11.67,75.47,1.4338306451612903,1.5334556451612902,1.5813266129032257,1.747939516129032,0.8060241935483872,0.8882903225806451,0.8341895161290322,0.9407096774193549,0.0,303914.0,460176.0,0.0,0.0
2023-05,Aragón,121,0,108.291,100.41,3.2,11.67,75.47,1.4276666666666666,1.519483870967742,1.584279569892473,1.749698924731183,0.8008817204301075,0.876752688172043,0.8366559139784946,0.9421290322580644,121.0,69816.0,89229.0,0.0017331270768878,0.0013560613701823
2023-05,"Asturias, Principado de",0,0,108.291,100.41,3.2,11.67,75.47,1.4598064516129032,1.5518709677419353,1.6349677419354838,1.7856451612903226,0.8274838709677419,0.9034838709677419,0.8785161290322582,0.9718064516129031,0.0,34594.0,44094.0,0.0,0.0
2023-05,"Balears, Illes",7,0,108.291,100.41,3.2,11.67,75.47,1.5063225806451612,1.5869354838709677,1.6668064516129033,1.823483870967742,0.8659032258064516,0.9324193548387097,0.9048387096774194,1.0031935483870968,7.0,33516.0,53792.0,0.0002088554720133,0.0001301308744794
2023-05,Canarias,0,0,108.291,100.41,3.2,11.67,75.47,1.262693548387097,1.3844838709677418,1.268,1.3978064516129032,1.014967741935484,1.136790322580645,0.9762580645161291,1.106,0.0,57553.0,223232.0,0.0,0.0
2023-05,Cantabria,0,0,108.291,100.41,3.2,11.67,75.47,1.430741935483871,1.5326129032258062,1.6305806451612903,1.7874516129032259,0.803483870967742,0.8876129032258065,0.8749677419354839,0.9733548387096774,0.0,26331.0,31846.0,0.0,0.0
2023-05,Castilla - La Mancha,0,0,108.291,100.41,3.2,11.67,75.47,1.4436129032258065,1.5424258064516128,1.5874645161290324,1.7498903225806453,0.814116129032258,0.8956580645161291,0.8393225806451613,0.9422774193548387,0.0,106419.0,136591.0,0.0,0.0
2023-05,Castilla y León,0,0,108.291,100.41,3.2,11.67,75.47,1.423831541218638,1.5176630824372759,1.5868279569892474,1.7490179211469534,0.7977706093189965,0.8752473118279569,0.838752688172043,0.9415412186379928,0.0,144289.0,189936.0,0.0,0.0
2023-05,Cataluña,169,1,108.291,100.41,3.2,11.67,75.47,1.399483870967742,1.5013870967741936,1.5846370967741936,1.768024193548387,0.7776451612903226,0.8618064516129033,0.8369677419354838,0.957266129032258,169.0,312732.0,395951.0,0.0005403988079249,0.0004268204904142
2023-05,Ceuta,0,0,108.291,100.41,3.2,11.67,75.47,1.1869677419354838,1.226032258064516,1.2938709677419356,1.3271290322580644,1.0278387096774193,1.0661935483870968,1.0868709677419355,1.1043548387096773,0.0,1058.0,7593.0,0.0,0.0
2023-05,Comunitat Valenciana,76,1,108.291,100.41,3.2,11.67,75.47,1.4193440860215054,1.5291720430107527,1.6066666666666665,1.7808709677419357,0.7940322580645162,0.8847741935483872,0.8551397849462364,0.9679139784946236,76.0,174990.0,212195.0,0.0004343105320304,0.0003581611253799
2023-05,ESPAÑA,431,1,108.291,100.41,3.2,11.67,75.47,1.394680154687795,1.4871091633654026,1.5497003820033957,1.7214692901234567,0.8391302867383513,0.9171686191284664,0.8815812818336163,0.9724749900438072,431.0,1885680.0,2582956.0,0.0002285647617835,0.0001668630824528
2023-05,Extremadura,0,0,108.291,100.41,3.2,11.67,75.47,1.4339032258064517,1.534741935483871,1.581258064516129,1.7495806451612903,0.8060322580645161,0.8892741935483871,0.8341774193548387,0.9420322580645161,0.0,56813.0,67779.0,0.0,0.0
2023-05,Galicia,0,0,108.291,100.41,3.2,11.67,75.47,1.4395887096774194,1.5308629032258065,1.604233870967742,1.7523064516129032,0.8107580645161291,0.886233870967742,0.8531612903225807,0.944282258064516,0.0,114434.0,163546.0,0.0,0.0
2023-05,"Madrid, Comunidad de",0,1,108.291,100.41,3.2,11.67,75.47,1.4441612903225807,1.541483870967742,1.5977096774193549,1.768,0.8145483870967742,0.8949354838709678,0.8477419354838709,0.9572580645161289,0.0,154674.0,167662.0,0.0,0.0
2023-05,Melilla,0,0,108.291,100.41,3.2,11.67,75.47,1.1001612903225808,1.1452258064516128,1.2262580645161292,,0.9981935483870967,1.0403870967741937,1.0460967741935485,,0.0,1127.0,1127.0,0.0,0.0
2023-05,"Murcia, Región de",0,0,108.291,100.41,3.2,11.67,75.47,1.3860967741935484,1.4710645161290323,1.5661935483870968,1.720451612903226,0.766483870967742,0.8367096774193548,0.821741935483871,0.918,0.0,81132.0,94084.0,0.0,0.0
2023-05,"Navarra, Comunidad Foral de",51,0,108.291,100.41,3.2,11.67,75.47,1.4142258064516129,1.5237419354838708,1.608741935483871,1.780967741935484,0.7897741935483871,0.8801612903225806,0.8568387096774194,0.968,51.0,55177.0,61842.0,0.0009242981677148,0.0008246822547783
2023-05,País Vasco,7,0,108.291,100.41,3.2,11.67,75.47,1.457548387096774,1.5572043010752687,1.6255161290322582,1.7856666666666667,0.8256344086021504,0.9078924731182796,0.8707741935483871,0.9718172043010752,7.0,142621.0,164411.0,4.9081131109724375e-05,4.257622665150142e-05
2023-05,"Rioja, La",0,0,108.291,100.41,3.2,11.67,75.47,1.4289354838709676,1.5252258064516129,1.608967741935484,1.762516129032258,0.8019032258064517,0.8815806451612903,0.8570322580645161,0.9526129032258064,0.0,14490.0,17870.0,0.0,0.0
2023-06,Andalucía,0,1,106.84,100.78,1.9,11.67,74.84,1.4411666666666667,1.5445166666666665,1.5894416666666666,1.7576666666666665,0.8120791666666667,0.897425,0.8409333333333333,0.9487,0.0,302841.0,430416.0,0.0,0.0
2023-06,Aragón,136,0,106.84,100.78,1.9,11.67,74.84,1.434388888888889,1.5272777777777775,1.5879333333333332,1.7549666666666668,0.8064222222222223,0.8831888888888888,0.8397111111111111,0.946411111111111,136.0,68253.0,90306.0,0.0019925864064583,0.0015059907425863
2023-06,"Asturias, Principado de",0,0,106.84,100.78,1.9,11.67,74.84,1.486,1.5770333333333333,1.6509666666666665,1.8005666666666669,0.8490333333333333,0.9243666666666667,0.8915666666666666,0.9841666666666666,0.0,35245.0,44686.0,0.0,0.0
2023-06,"Balears, Illes",0,0,106.84,100.78,1.9,11.67,74.84,1.5265333333333333,1.6087666666666667,1.6809,1.8362,0.8826,0.9504666666666667,0.9164333333333334,1.0135666666666667,0.0,36609.0,62744.0,0.0,0.0
2023-06,Canarias,0,0,106.84,100.78,1.9,11.67,74.84,1.2258333333333333,1.3462,1.2458833333333332,1.3743166666666666,0.97805,1.09855,0.9541333333333333,1.0826500000000001,0.0,56078.0,210483.0,0.0,0.0
2023-06,Cantabria,0,0,106.84,100.78,1.9,11.67,74.84,1.4524666666666666,1.5582333333333334,1.6385666666666665,1.7976333333333334,0.8215333333333333,0.9088333333333334,0.8815000000000001,0.9817,0.0,23185.0,27821.0,0.0,0.0
2023-06,Castilla - La Mancha,6,0,106.84,100.78,1.9,11.67,74.84,1.4479333333333333,1.5485333333333333,1.5926466666666665,1.75876,0.8176933333333333,0.9008066666666668,0.8435999999999999,0.9496466666666666,6.0,96611.0,130821.0,6.21047292751343e-05,4.5864196115302586e-05
2023-06,Castilla y León,0,0,106.84,100.78,1.9,11.67,74.84,1.434459259259259,1.528085185185185,1.5967222222222222,1.757762962962963,0.8065185185185185,0.8838444444444444,0.8469518518518518,0.9487518518518518,0.0,142120.0,181761.0,0.0,0.0
2023-06,Cataluña,133,1,106.84,100.78,1.9,11.67,74.84,1.4113083333333334,1.5192833333333333,1.595516666666667,1.7817333333333332,0.7874333333333333,0.8765916666666667,0.8459583333333334,0.9686416666666666,133.0,329272.0,397042.0,0.0004039213780704,0.0003349771560691
2023-06,Ceuta,0,0,106.84,100.78,1.9,11.67,74.84,1.2069333333333332,1.2476666666666667,1.3089333333333333,1.3424,1.0475666666666668,1.0876666666666668,1.1019333333333334,1.1194,0.0,1042.0,9839.0,0.0,0.0
2023-06,Comunitat Valenciana,25,1,106.84,100.78,1.9,11.67,74.84,1.4380888888888888,1.5555333333333332,1.6136222222222223,1.793622222222222,0.8095444444444444,0.9065555555555556,0.8609666666666667,0.9784333333333333,25.0,171725.0,237620.0,0.0001455815984859,0.0001052099991583
2023-06,ESPAÑA,379,1,106.84,100.78,1.9,11.67,74.84,1.4054219785575048,1.5000233430799221,1.5571814035087719,1.7299225720164608,0.8479582992202729,0.9277813450292398,0.88780477582846,0.979371059670782,379.0,1922421.0,2593870.0,0.0001971472429816,0.0001461137219675
2023-06,Extremadura,0,0,106.84,100.78,1.9,11.67,74.84,1.4343,1.5377666666666665,1.5885500000000001,1.7583833333333334,0.8064166666666667,0.8917666666666667,0.8402166666666666,0.9494166666666666,0.0,59240.0,72446.0,0.0,0.0
2023-06,Galicia,4,0,106.84,100.78,1.9,11.67,74.84,1.4541499999999998,1.545925,1.613675,1.7618833333333332,0.8228166666666666,0.8985833333333333,0.8609416666666667,0.9522499999999999,4.0,115666.0,158676.0,3.458233188663912e-05,2.520860117472081e-05
2023-06,"Madrid, Comunidad de",42,1,106.84,100.78,1.9,11.67,74.84,1.4544333333333335,1.5563666666666667,1.6080333333333334,1.7794666666666668,0.8229666666666666,0.9071333333333335,0.8563333333333333,0.9666999999999999,42.0,166937.0,180294.0,0.0002515919179091,0.0002329528436886
2023-06,Melilla,0,0,106.84,100.78,1.9,11.67,74.84,1.1205,1.1619666666666668,1.2420333333333333,,1.0172666666666668,1.0562,1.0611,,0.0,1155.0,1155.0,0.0,0.0
2023-06,"Murcia, Región de",0,0,106.84,100.78,1.9,11.67,74.84,1.3983333333333332,1.4853333333333334,1.5739666666666667,1.7283000000000002,0.7766333333333333,0.8484666666666667,0.8282666666666666,0.9243666666666667,0.0,92943.0,106781.0,0.0,0.0
2023-06,"Navarra, Comunidad Foral de",0,0,106.84,100.78,1.9,11.67,74.84,1.4254,1.5378,1.6127,1.7915999999999999,0.7990333333333334,0.8919666666666667,0.8601666666666666,0.9766666666666667,0.0,49964.0,56867.0,0.0,0.0
2023-06,País Vasco,33,0,106.84,100.78,1.9,11.67,74.84,1.4714555555555557,1.5734555555555554,1.6343555555555553,1.7949444444444442,0.8371,0.9213666666666667,0.8780111111111111,0.9795444444444443,33.0,162481.0,179884.0,0.0002031006702322,0.0001834515576704
2023-06,"Rioja, La",0,0,106.84,100.78,1.9,11.67,74.84,1.4393333333333334,1.5407,1.6119999999999999,1.7684,0.8105,0.8940666666666667,0.8595666666666666,0.9576666666666667,0.0,11054.0,14228.0,0.0,0.0
2023-07,Andalucía,0,1,103.068,100.586,2.3,11.89,80.11,1.4726411290322583,1.5778185483870968,1.6093669354838709,1.7788145161290323,0.8380846774193549,0.9249233870967742,0.8573870967741936,0.9662056451612904,0.0,307739.0,452484.0,0.0,0.0
2023-07,Aragón,47,0,103.068,100.586,2.3,11.89,80.11,1.4631935483870968,1.562494623655914,1.6085053763440862,1.7749139784946237,0.830236559139785,0.912279569892473,0.8567419354838709,0.963010752688172,47.0,70725.0,93088.0,0.0006645457758925,0.0005048985905809
2023-07,"Asturias, Principado de",0,0,103.068,100.586,2.3,11.89,80.11,1.5200967741935483,1.6124193548387096,1.6648709677419353,1.8178709677419354,0.8772258064516129,0.9535806451612904,0.9031612903225806,0.9984838709677419,0.0,35760.0,45246.0,0.0,0.0
2023-07,"Balears, Illes",7,0,103.068,100.586,2.3,11.89,80.11,1.5660645161290323,1.648548387096774,1.7042580645161292,1.8581612903225806,0.9151612903225806,0.983516129032258,0.9358064516129033,1.0316129032258066,7.0,40841.0,65679.0,0.0001713963908817,0.000106578967402
2023-07,Canarias,0,0,103.068,100.586,2.3,11.89,80.11,1.2046935483870969,1.3242419354838708,1.2286290322580644,1.3582096774193548,0.9569516129032257,1.0765645161290323,0.9369354838709678,1.066483870967742,0.0,55669.0,186619.0,0.0,0.0
2023-07,Cantabria,0,0,103.068,100.586,2.3,11.89,80.11,1.489967741935484,1.5914193548387099,1.6544193548387096,1.8175806451612904,0.8523870967741936,0.9363548387096775,0.8945483870967742,0.9981612903225806,0.0,25716.0,30743.0,0.0,0.0
2023-07,Castilla - La Mancha,0,0,103.068,100.586,2.3,11.89,80.11,1.482516129032258,1.5875290322580646,1.6164,1.780825806451613,0.8462129032258063,0.9330193548387097,0.863225806451613,0.9678516129032257,0.0,105591.0,142917.0,0.0,0.0
2023-07,Castilla y León,0,0,103.068,100.586,2.3,11.89,80.11,1.4671039426523298,1.5606093189964159,1.6118494623655915,1.7750752688172042,0.8335197132616488,0.9107168458781362,0.859437275985663,0.9630645161290322,0.0,156052.0,208846.0,0.0,0.0
2023-07,Cataluña,170,1,103.068,100.586,2.3,11.89,80.11,1.4445806451612901,1.5533467741935485,1.6194032258064517,1.803790322580645,0.8149112903225807,0.9047258064516129,0.8656048387096774,0.9868467741935484,170.0,319217.0,390144.0,0.0005325530908441,0.0004357365485564
2023-07,Ceuta,0,0,103.068,100.586,2.3,11.89,80.11,1.2532258064516129,1.291225806451613,1.3417741935483871,1.3749032258064515,1.0933225806451614,1.1312258064516127,1.134774193548387,1.1519032258064517,0.0,1101.0,5255.0,0.0,0.0
2023-07,Comunitat Valenciana,0,1,103.068,100.586,2.3,11.89,80.11,1.4718602150537636,1.5931935483870967,1.632741935483871,1.8146236559139783,0.8373978494623656,0.9376989247311829,0.876752688172043,0.9958172043010753,0.0,182432.0,219782.0,0.0,0.0
2023-07,ESPAÑA,257,1,103.068,100.586,2.3,11.89,80.11,1.4368366110167894,1.532269095453688,1.5747722552348613,1.7478220131421744,0.8743389973589888,0.954893939822675,0.9026062063761554,0.9943315860215054,257.0,1932517.0,2575206.0,0.0001329871871761,9.97978414154052e-05
2023-07,Extremadura,13,0,103.068,100.586,2.3,11.89,80.11,1.4676935483870968,1.572725806451613,1.6080322580645163,1.7755806451612903,0.8339677419354838,0.9208387096774193,0.8562258064516128,0.963532258064516,13.0,60302.0,71361.0,0.0002155815727504,0.0001821723350289
2023-07,Galicia,0,0,103.068,100.586,2.3,11.89,80.11,1.4851290322580646,1.5769596774193548,1.6308306451612904,1.780725806451613,0.8483951612903226,0.92425,0.8750887096774194,0.967758064516129,0.0,116670.0,154019.0,0.0,0.0
2023-07,"Madrid, Comunidad de",12,1,103.068,100.586,2.3,11.89,80.11,1.4848387096774194,1.5881935483870968,1.627483870967742,1.8006774193548387,0.8482258064516128,0.9334838709677419,0.8723870967741936,0.9843225806451613,12.0,159358.0,171876.0,7.530214987637897e-05,6.981777560566921e-05
2023-07,Melilla,0,0,103.068,100.586,2.3,11.89,80.11,1.160741935483871,1.2034193548387095,1.2709032258064517,,1.055032258064516,1.0948064516129032,1.0877096774193549,,0.0,1237.0,1237.0,0.0,0.0
2023-07,"Murcia, Región de",0,0,103.068,100.586,2.3,11.89,80.11,1.4327419354838709,1.5208064516129032,1.5923225806451613,1.7469354838709679,0.8050645161290323,0.8779032258064516,0.8431290322580646,0.9400322580645162,0.0,89135.0,103478.0,0.0,0.0
2023-07,"Navarra, Comunidad Foral de",0,0,103.068,100.586,2.3,11.89,80.11,1.4540645161290322,1.5679354838709678,1.6176774193548389,1.7995161290322579,0.8226451612903225,0.9168064516129032,0.8641612903225807,0.9833870967741936,0.0,44222.0,50740.0,0.0,0.0
2023-07,País Vasco,8,0,103.068,100.586,2.3,11.89,80.11,1.5053225806451613,1.607516129032258,1.6531720430107528,1.8143333333333334,0.8650537634408603,0.9494838709677419,0.8935053763440861,0.9955591397849463,8.0,147261.0,164248.0,5.43253135589192e-05,4.8706833568749694e-05
2023-07,"Rioja, La",0,0,103.068,100.586,2.3,11.89,80.11,1.4734193548387098,1.5727096774193547,1.6280322580645161,1.788258064516129,0.8386451612903225,0.9208064516129033,0.8729354838709678,0.9739354838709677,0.0,13489.0,17444.0,0.0,0.0
2023-08,Andalucía,0,1,81.579,99.789,2.6,11.89,86.15,1.5994475806451613,1.7056612903225807,1.6993306451612904,1.8681491935483872,0.942883064516129,1.0306209677419356,0.9317741935483872,1.0400080645161291,0.0,301542.0,400773.0,0.0,0.0
2023-08,Aragón,76,0,81.579,99.789,2.6,11.89,86.15,1.5991935483870967,1.7036344086021504,1.6994193548387095,1.8679999999999999,0.9426129032258064,1.0289354838709677,0.931752688172043,1.0398279569892472,76.0,67283.0,84020.0,0.0011295572432858,0.0009045465365389
2023-08,"Asturias, Principado de",0,0,81.579,99.789,2.6,11.89,86.15,1.6501290322580644,1.7424516129032257,1.7574838709677418,1.9134516129032257,0.9847096774193548,1.0611290322580647,0.9798709677419354,1.0775161290322581,0.0,36596.0,46152.0,0.0,0.0
2023-08,"Balears, Illes",7,0,81.579,99.789,2.6,11.89,86.15,1.6978064516129032,1.7811612903225806,1.803193548387097,1.9548064516129033,1.0241290322580645,1.0930967741935484,1.0175806451612903,1.1116451612903224,7.0,39944.0,70063.0,0.0001752453434808,9.991008092716556e-05
2023-08,Canarias,0,0,81.579,99.789,2.6,11.89,86.15,1.2404193548387097,1.3528870967741937,1.2668387096774194,1.3909677419354838,0.9926612903225807,1.1052096774193547,0.9751290322580645,1.099193548387097,0.0,54496.0,170706.0,0.0,0.0
2023-08,Cantabria,0,0,81.579,99.789,2.6,11.89,86.15,1.6247096774193548,1.721225806451613,1.7427741935483871,1.8981935483870969,0.9636774193548386,1.0435483870967743,0.9675806451612903,1.0648709677419357,0.0,28076.0,32226.0,0.0,0.0
2023-08,Castilla - La Mancha,0,0,81.579,99.789,2.6,11.89,86.15,1.6058580645161291,1.7126322580645164,1.707574193548387,1.870116129032258,0.948174193548387,1.0364193548387097,0.9385806451612903,1.0416645161290323,0.0,102239.0,132278.0,0.0,0.0
2023-08,Castilla y León,0,0,81.579,99.789,2.6,11.89,86.15,1.6040465949820788,1.6997706093189964,1.7149032258064516,1.875953405017921,0.946695340501792,1.0258028673835127,0.9446129032258065,1.0465089605734768,0.0,148323.0,183638.0,0.0,0.0
2023-08,Cataluña,169,1,81.579,99.789,2.6,11.89,86.15,1.5724193548387095,1.6823790322580645,1.707975806451613,1.8938709677419354,0.920508064516129,1.0114112903225805,0.9388790322580646,1.061241935483871,169.0,283692.0,328108.0,0.0005957164812543,0.000515074304802
2023-08,Ceuta,0,0,81.579,99.789,2.6,11.89,86.15,1.364516129032258,1.4058387096774194,1.4060645161290324,1.4399032258064517,1.2045161290322581,1.2456129032258063,1.1990645161290323,1.2169032258064518,0.0,1147.0,8027.0,0.0,0.0
2023-08,Comunitat Valenciana,0,1,81.579,99.789,2.6,11.89,86.15,1.6036451612903226,1.7282150537634406,1.718763440860215,1.9022580645161289,0.9464193548387096,1.0492150537634408,0.9479032258064516,1.0681935483870968,0.0,161441.0,198482.0,0.0,0.0
2023-08,ESPAÑA,525,1,81.579,99.789,2.6,11.89,86.15,1.5610594274665157,1.6570602527824938,1.6611930673457838,1.835011255475906,0.9789513252216563,1.0599365685719675,0.9753841256366723,1.0673207188371168,525.0,1788313.0,2307157.0,0.0002935727694201,0.0002275527846609
2023-08,Extremadura,0,0,81.579,99.789,2.6,11.89,86.15,1.604048387096774,1.7140806451612902,1.6978870967741937,1.8654193548387097,0.946516129032258,1.0375161290322579,0.9305967741935485,1.037741935483871,0.0,58853.0,70149.0,0.0,0.0
2023-08,Galicia,0,0,81.579,99.789,2.6,11.89,86.15,1.6198790322580645,1.708733870967742,1.7255241935483872,1.8686290322580645,0.9597983870967742,1.0331693548387098,0.9534032258064515,1.040467741935484,0.0,118038.0,151569.0,0.0,0.0
2023-08,"Madrid, Comunidad de",92,1,81.579,99.789,2.6,11.89,86.15,1.6149032258064515,1.7168387096774194,1.721709677419355,1.8951612903225807,0.9556774193548387,1.0398709677419353,0.9503225806451613,1.0623548387096775,92.0,132543.0,141902.0,0.000694114362886,0.0006483347662471
2023-08,Melilla,0,0,81.579,99.789,2.6,11.89,86.15,1.270225806451613,1.3124838709677418,1.3381290322580646,,1.1570645161290323,1.1965483870967744,1.1505483870967743,,0.0,1389.0,1389.0,0.0,0.0
2023-08,"Murcia, Región de",0,0,81.579,99.789,2.6,11.89,86.15,1.5646774193548387,1.6528064516129033,1.679516129032258,1.8365806451612903,0.9141612903225808,0.9870322580645161,0.9153225806451613,1.0139677419354838,0.0,79827.0,92960.0,0.0,0.0
2023-08,"Navarra, Comunidad Foral de",0,0,81.579,99.789,2.6,11.89,86.15,1.584774193548387,1.699032258064516,1.707,1.896,0.9307096774193548,1.0251290322580646,0.9380967741935484,1.0630322580645162,0.0,40557.0,45660.0,0.0,0.0
2023-08,País Vasco,181,0,81.579,99.789,2.6,11.89,86.15,1.6361397849462365,1.7381827956989249,1.7466774193548387,1.9064516129032258,0.9731935483870968,1.05752688172043,0.9708602150537634,1.0716989247311828,181.0,119979.0,134105.0,0.0015085973378674,0.0013496886767831
2023-08,"Rioja, La",0,0,81.579,99.789,2.6,11.89,86.15,1.6032903225806452,1.7061290322580644,1.7219032258064515,1.886290322580645,0.9459677419354838,1.031,0.9504193548387098,1.054935483870968,0.0,12348.0,14950.0,0.0,0.0
2023-09,Andalucía,19,1,102.763,100.515,3.5,11.89,93.72,1.6700666666666666,1.7749541666666666,1.7444083333333333,1.9088625000000001,1.0012083333333333,1.0879166666666669,0.968975,1.07365,19.0,284714.0,391554.0,6.673363445422424e-05,4.852459686275712e-05
2023-09,Aragón,49,0,102.763,100.515,3.5,11.89,93.72,1.6727,1.7765222222222223,1.7420666666666667,1.9100333333333332,1.0033777777777777,1.0892777777777778,0.9670666666666666,1.0746777777777778,49.0,65338.0,88274.0,0.0007499464323976,0.0005550898339261
2023-09,"Asturias, Principado de",0,0,102.763,100.515,3.5,11.89,93.72,1.7192666666666667,1.8120333333333332,1.7981666666666667,1.9567333333333332,1.0419333333333334,1.1186,1.0134999999999998,1.1133,0.0,32349.0,41114.0,0.0,0.0
2023-09,"Balears, Illes",7,0,102.763,100.515,3.5,11.89,93.72,1.7660666666666667,1.8470333333333333,1.8453666666666668,1.9956333333333334,1.0806333333333336,1.1474333333333333,1.0523333333333333,1.1453333333333333,7.0,32686.0,53211.0,0.0002141589671418,0.0001315517468192
2023-09,Canarias,0,0,102.763,100.515,3.5,11.89,93.72,1.2938,1.4027999999999998,1.3165166666666666,1.43615,1.0460833333333333,1.1551,1.0248666666666666,1.1443666666666665,0.0,52979.0,171581.0,0.0,0.0
2023-09,Cantabria,0,0,102.763,100.515,3.5,11.89,93.72,1.6912666666666667,1.7831000000000001,1.7797666666666667,1.9355666666666667,1.0187,1.0945666666666667,0.9980999999999999,1.0958333333333334,0.0,24690.0,28771.0,0.0,0.0
2023-09,Castilla - La Mancha,4,0,102.763,100.515,3.5,11.89,93.72,1.67548,1.7810266666666665,1.750746666666667,1.9094533333333334,1.00564,1.0929733333333334,0.9742666666666666,1.0741933333333333,4.0,99014.0,137925.0,4.039832750924112e-05,2.900126880551024e-05
2023-09,Castilla y León,0,0,102.763,100.515,3.5,11.89,93.72,1.676659259259259,1.7713518518518518,1.7531925925925926,1.9124555555555554,1.0066592592592594,1.084937037037037,0.9762518518518517,1.0766925925925925,0.0,142563.0,195843.0,0.0,0.0
2023-09,Cataluña,109,1,102.763,100.515,3.5,11.89,93.72,1.6417083333333333,1.7501916666666666,1.751625,1.9348750000000001,0.9778249999999999,1.0675,0.9749416666666666,1.0951333333333333,109.0,304063.0,352928.0,0.0003584783416594,0.0003088448635415
2023-09,Ceuta,0,0,102.763,100.515,3.5,11.89,93.72,1.4131,1.4606666666666668,1.4421333333333335,1.4753333333333332,1.2525333333333333,1.2999,1.2346666666666666,1.2523333333333333,0.0,1036.0,8206.0,0.0,0.0
2023-09,Comunitat Valenciana,0,1,102.763,100.515,3.5,11.89,93.72,1.6607222222222222,1.779,1.7641777777777778,1.9424666666666668,0.9935111111111111,1.091288888888889,0.9853,1.1014444444444444,0.0,156903.0,202602.0,0.0,0.0
2023-09,ESPAÑA,389,1,102.763,100.515,3.5,11.89,93.72,1.628020925925926,1.7228195565302145,1.7027672709551656,1.8753652314814815,1.0354756920077974,1.115492066276803,1.0106343079922027,1.1014644958847737,389.0,1797665.0,2384967.0,0.0002163918193879,0.0001631049821653
2023-09,Extremadura,0,0,102.763,100.515,3.5,11.89,93.72,1.6784833333333333,1.78905,1.7407833333333333,1.9047166666666666,1.0081833333333334,1.0996666666666668,0.966,1.0702500000000001,0.0,57130.0,68425.0,0.0,0.0
2023-09,Galicia,0,0,102.763,100.515,3.5,11.89,93.72,1.6896666666666667,1.7791416666666668,1.76305,1.9066833333333333,1.0174833333333333,1.0914,0.98445,1.0719416666666668,0.0,115169.0,157976.0,0.0,0.0
2023-09,"Madrid, Comunidad de",26,1,102.763,100.515,3.5,11.89,93.72,1.6885000000000001,1.7874,1.7670333333333332,1.9377666666666669,1.0164666666666666,1.0982333333333334,0.9877,1.0975666666666666,26.0,152310.0,167280.0,0.0001707044842754,0.0001554280248684
2023-09,Melilla,0,0,102.763,100.515,3.5,11.89,93.72,1.3154000000000001,1.357,1.3645,,1.1996,1.2383333333333333,1.1752,,0.0,1065.0,1065.0,0.0,0.0
2023-09,"Murcia, Región de",0,0,102.763,100.515,3.5,11.89,93.72,1.6304666666666667,1.7174,1.7240666666666666,1.8765,0.9684666666666666,1.0404,0.9522333333333334,1.0469666666666666,0.0,78772.0,92381.0,0.0,0.0
2023-09,"Navarra, Comunidad Foral de",0,0,102.763,100.515,3.5,11.89,93.72,1.6622666666666668,1.7737333333333332,1.7513333333333334,1.9352333333333334,0.9947999999999999,1.0869,0.9747333333333333,1.0954000000000002,0.0,44042.0,51314.0,0.0,0.0
2023-09,País Vasco,175,0,102.763,100.515,3.5,11.89,93.72,1.7058777777777778,1.8088,1.7881444444444443,1.9476444444444445,1.0308333333333335,1.115922222222222,1.0051,1.1057111111111113,175.0,139800.0,157821.0,0.0012517882689556,0.0011088511668282
2023-09,"Rioja, La",0,0,102.763,100.515,3.5,11.89,93.72,1.6809,1.7823666666666667,1.7654999999999998,1.9304666666666668,1.0101,1.094,0.9863666666666667,1.0915666666666666,0.0,13042.0,16696.0,0.0,0.0
2023-10,Andalucía,43,1,103.78,99.789,3.5,11.8,90.6,1.6727056451612905,1.7734637096774195,1.6775766129032257,1.8360645161290323,1.0033629032258065,1.0866814516129033,0.9137298387096774,1.0134233870967742,43.0,288953.0,438285.0,0.0001488131287787,9.81096774929555e-05
2023-10,Aragón,53,0,103.78,99.789,3.5,11.8,90.6,1.6620215053763443,1.7596559139784946,1.6626236559139784,1.8270860215053764,0.9945483870967742,1.0752150537634408,0.9013978494623656,1.0061075268817203,53.0,64530.0,92168.0,0.0008213234154656,0.0005750368891589
2023-10,"Asturias, Principado de",0,0,103.78,99.789,3.5,11.8,90.6,1.7186129032258064,1.808032258064516,1.7291612903225806,1.887032258064516,1.0412903225806451,1.115258064516129,0.9562903225806452,1.0556451612903226,0.0,32891.0,43123.0,0.0,0.0
2023-10,"Balears, Illes",0,0,103.78,99.789,3.5,11.8,90.6,1.7590645161290321,1.8389032258064517,1.7598064516129033,1.910548387096774,1.0748709677419355,1.1409032258064518,0.9817419354838709,1.0750000000000002,0.0,30075.0,49937.0,0.0,0.0
2023-10,Canarias,75,0,103.78,99.789,3.5,11.8,90.6,1.3266935483870967,1.437709677419355,1.3415161290322581,1.4613548387096773,1.078983870967742,1.1900161290322582,1.0497903225806453,1.1696935483870967,75.0,54832.0,230893.0,0.0013678144149401,0.0003248257851039
2023-10,Cantabria,0,0,103.78,99.789,3.5,11.8,90.6,1.6906774193548388,1.7817096774193548,1.7124838709677421,1.8733548387096775,1.018258064516129,1.0935161290322581,0.9426129032258065,1.0443225806451613,0.0,23654.0,28229.0,0.0,0.0
2023-10,Castilla - La Mancha,4,0,103.78,99.789,3.5,11.8,90.6,1.683167741935484,1.782948387096774,1.6891225806451615,1.840432258064516,1.0120387096774193,1.0945612903225808,0.9233096774193549,1.0171161290322581,4.0,102025.0,149998.0,3.9206076941926e-05,2.6667022226963025e-05
2023-10,Castilla y León,25,0,103.78,99.789,3.5,11.8,90.6,1.6729820788530465,1.7641075268817203,1.68121146953405,1.8377921146953407,1.003573476702509,1.0789605734767027,0.9167240143369175,1.0149354838709677,25.0,142447.0,203721.0,0.0001755038716154,0.0001227168529508
2023-10,Cataluña,93,1,103.78,99.789,3.5,11.8,90.6,1.6415725806451613,1.7470161290322581,1.6744758064516128,1.853491935483871,0.9776693548387096,1.0648306451612901,0.9111693548387096,1.0278870967741935,93.0,306355.0,380451.0,0.0003035693884545,0.0002444467224425
2023-10,Ceuta,0,0,103.78,99.789,3.5,11.8,90.6,1.3998709677419354,1.4489354838709678,1.3397419354838709,1.3721612903225806,1.2397096774193548,1.2879354838709678,1.132741935483871,1.1491612903225807,0.0,973.0,7482.0,0.0,0.0
2023-10,Comunitat Valenciana,17,1,103.78,99.789,3.5,11.8,90.6,1.6549999999999998,1.766741935483871,1.6966559139784945,1.8680322580645161,0.988752688172043,1.0810967741935484,0.9294301075268817,1.0399354838709678,17.0,160928.0,195591.0,0.0001056373036388,8.691606464510126e-05
2023-10,ESPAÑA,520,1,103.78,99.789,3.5,11.8,90.6,1.6256889124693454,1.7172272637238257,1.635635365968685,1.8052306551174828,1.0336251744953782,1.1109529758536125,0.9539705763063573,1.0427256123058541,520.0,1820535.0,2560415.0,0.0002856303229545,0.0002030920768703
2023-10,Extremadura,16,0,103.78,99.789,3.5,11.8,90.6,1.6684354838709676,1.7688870967741936,1.6775967741935482,1.8315322580645161,0.9998225806451613,1.0828387096774192,0.9138548387096774,1.0097096774193548,16.0,57143.0,68893.0,0.0002799993000017,0.0002322442047813
2023-10,Galicia,13,0,103.78,99.789,3.5,11.8,90.6,1.6837903225806452,1.7718951612903227,1.6929919354838712,1.839516129032258,1.0125564516129033,1.0854435483870968,0.9264112903225806,1.0164032258064515,13.0,110293.0,158833.0,0.0001178678610609,8.184697134726411e-05
2023-10,"Madrid, Comunidad de",129,1,103.78,99.789,3.5,11.8,90.6,1.683,1.7804193548387095,1.7051290322580646,1.8681612903225806,1.0119354838709678,1.0923870967741938,0.9365161290322581,1.0400645161290323,129.0,156643.0,177996.0,0.0008235286607125,0.000724735387312
2023-10,Melilla,0,0,103.78,99.789,3.5,11.8,90.6,1.2996451612903226,1.3410967741935482,1.278516129032258,,1.1846451612903224,1.223258064516129,1.0947741935483872,,0.0,1031.0,1031.0,0.0,0.0
2023-10,"Murcia, Región de",0,0,103.78,99.789,3.5,11.8,90.6,1.6315806451612904,1.7178709677419355,1.6631612903225805,1.8114193548387096,0.9693870967741935,1.0406451612903225,0.9017741935483872,0.9930645161290322,0.0,77255.0,92297.0,0.0,0.0
2023-10,"Navarra, Comunidad Foral de",0,0,103.78,99.789,3.5,11.8,90.6,1.662032258064516,1.764774193548387,1.686032258064516,1.8512580645161292,0.9945161290322581,1.0794193548387099,0.9208709677419356,1.0260645161290323,0.0,49281.0,57578.0,0.0,0.0
2023-10,País Vasco,52,0,103.78,99.789,3.5,11.8,90.6,1.699462365591398,1.7988924731182796,1.7123978494623657,1.8699462365591397,1.02547311827957,1.1077849462365592,0.9425268817204301,1.04152688172043,52.0,147850.0,165959.0,0.0003517078119715,0.0003133304008821
2023-10,"Rioja, La",0,0,103.78,99.789,3.5,11.8,90.6,1.677774193548387,1.7742580645161292,1.6968709677419356,1.8549677419354837,1.0074838709677418,1.0873548387096774,0.9297741935483871,1.029,0.0,13376.0,17950.0,0.0,0.0
2023-11,Andalucía,159,1,107.632,101.024,3.2,11.8,82.94,1.6011458333333333,1.7031874999999999,1.6035041666666667,1.7680291666666668,0.9442875,1.0286125,0.8524958333333333,0.9572791666666666,159.0,284276.0,430273.0,0.0005593155947037,0.0003695328314814
2023-11,Aragón,51,0,107.632,101.024,3.2,11.8,82.94,1.5884777777777777,1.6885666666666668,1.5916777777777777,1.7559777777777779,0.9338333333333334,1.0165111111111111,0.8428333333333333,0.9473555555555555,51.0,65023.0,99063.0,0.0007843378496839,0.0005148238999424
2023-11,"Asturias, Principado de",19,0,107.632,101.024,3.2,11.8,82.94,1.6485333333333332,1.7401333333333333,1.6570333333333334,1.8197666666666668,0.9834666666666666,1.0591,0.8967666666666667,1.0001,19.0,32136.0,43210.0,0.0005912372417226,0.0004397130293913
2023-11,"Balears, Illes",0,0,107.632,101.024,3.2,11.8,82.94,1.6896,1.7705666666666666,1.6909333333333334,1.8436,1.0174333333333334,1.0843,0.9247666666666667,1.0197333333333334,0.0,24687.0,42050.0,0.0,0.0
2023-11,Canarias,0,0,107.632,101.024,3.2,11.8,82.94,1.30965,1.42485,1.3237999999999999,1.44655,1.06195,1.1771166666666666,1.0319999999999998,1.1548666666666667,0.0,56034.0,246097.0,0.0,0.0
2023-11,Cantabria,0,0,107.632,101.024,3.2,11.8,82.94,1.6114666666666666,1.7036333333333333,1.6405333333333334,1.8068666666666668,0.9527333333333333,1.0289333333333333,0.8830000000000001,0.9894333333333333,0.0,21886.0,27070.0,0.0,0.0
2023-11,Castilla - La Mancha,22,0,107.632,101.024,3.2,11.8,82.94,1.6148533333333335,1.7151066666666668,1.6152600000000001,1.7746866666666665,0.9556266666666666,1.0384333333333333,0.8623,0.96282,22.0,99858.0,161815.0,0.0002203128442388,0.0001359577295059
2023-11,Castilla y León,42,0,107.632,101.024,3.2,11.8,82.94,1.596,1.6905555555555556,1.607688888888889,1.7673407407407409,0.9400444444444445,1.0181703703703704,0.8559962962962963,0.9567074074074073,42.0,137176.0,208504.0,0.0003061760074648,0.0002014349844607
2023-11,Cataluña,84,1,107.632,101.024,3.2,11.8,82.94,1.5677833333333333,1.674525,1.6026333333333334,1.7845416666666667,0.9167166666666666,1.0049166666666667,0.8517583333333333,0.9708583333333334,84.0,329662.0,427271.0,0.0002548064381093,0.0001965965394328
2023-11,Ceuta,0,0,107.632,101.024,3.2,11.8,82.94,1.3162666666666667,1.3587500000000001,1.2992666666666668,1.3329666666666669,1.1562666666666666,1.1987142857142856,1.0922666666666667,1.1100666666666668,0.0,945.0,20998.0,0.0,0.0
2023-11,Comunitat Valenciana,0,1,107.632,101.024,3.2,11.8,82.94,1.5799666666666667,1.6957666666666666,1.6190666666666667,1.7998666666666667,0.926711111111111,1.0224666666666666,0.865388888888889,0.9836,0.0,159425.0,197930.0,0.0,0.0
2023-11,ESPAÑA,1152,1,107.632,101.024,3.2,11.8,82.94,1.5546401608187135,1.6481276169590644,1.5680682894736844,1.74078045781893,0.973608201754386,1.0525210491506545,0.8973510477582846,0.9889620936213992,1152.0,1832989.0,2675799.0,0.0006284816766494,0.0004305256112286
2023-11,Extremadura,0,0,107.632,101.024,3.2,11.8,82.94,1.59345,1.6923666666666668,1.6083500000000002,1.76885,0.9379500000000001,1.0195,0.8565,0.9579833333333333,0.0,57145.0,72481.0,0.0,0.0
2023-11,Galicia,13,0,107.632,101.024,3.2,11.8,82.94,1.6079583333333334,1.70055,1.6101166666666666,1.7643833333333334,0.949925,1.0263916666666666,0.8579749999999999,0.9542583333333333,13.0,107425.0,158457.0,0.0001210146613916,8.20411846747067e-05
2023-11,"Madrid, Comunidad de",74,1,107.632,101.024,3.2,11.8,82.94,1.6037333333333335,1.7078666666666666,1.6263666666666665,1.7983,0.9464333333333333,1.0324666666666666,0.8714666666666666,0.9822666666666666,74.0,154413.0,185017.0,0.000479234261364,0.0003999632466205
2023-11,Melilla,0,0,107.632,101.024,3.2,11.8,82.94,1.2285666666666666,1.2693666666666668,1.2347666666666666,,1.1179666666666668,1.1562333333333332,1.0539333333333334,,0.0,975.0,975.0,0.0,0.0
2023-11,"Murcia, Región de",46,0,107.632,101.024,3.2,11.8,82.94,1.5513000000000001,1.6415,1.5814,1.739,0.9031,0.9775666666666666,0.8342666666666666,0.9333333333333333,46.0,82138.0,97039.0,0.0005600331150015,0.0004740362122445
2023-11,"Navarra, Comunidad Foral de",60,0,107.632,101.024,3.2,11.8,82.94,1.5877000000000001,1.6966333333333334,1.6153333333333333,1.7821333333333333,0.9330999999999999,1.0231,0.8624333333333334,0.9689333333333333,60.0,47889.0,56639.0,0.0012528973250642,0.001059340736948
2023-11,País Vasco,582,0,107.632,101.024,3.2,11.8,82.94,1.6255777777777778,1.7258666666666667,1.6381666666666668,1.7980555555555555,0.9644111111111111,1.0473000000000001,0.8811555555555556,0.9820888888888888,582.0,159256.0,182747.0,0.0036544933942834,0.0031847308026944
2023-11,"Rioja, La",0,0,107.632,101.024,3.2,11.8,82.94,1.6161333333333334,1.7146333333333332,1.6274000000000002,1.7831333333333332,0.9566,1.0380666666666667,0.8723666666666666,0.9696333333333332,0.0,12640.0,18163.0,0.0,0.0
2023-12,Andalucía,85,1,89.019,99.95,3.1,11.8,77.63,1.5252943548387097,1.6314233870967743,1.5446129032258065,1.7136129032258065,0.8815564516129032,0.9693064516129033,0.8038104838709678,0.9122620967741936,85.0,282854.0,427250.0,0.0003005083894871,0.0001989467524868
2023-12,Aragón,54,0,89.019,99.95,3.1,11.8,77.63,1.5145698924731181,1.6170537634408602,1.5373763440860215,1.7029247311827957,0.8726344086021506,0.9573763440860216,0.7978172043010753,0.903483870967742,54.0,63682.0,99530.0,0.0008479633177349,0.0005425499849291
2023-12,"Asturias, Principado de",0,0,89.019,99.95,3.1,11.8,77.63,1.5732903225806452,1.6678387096774194,1.5955483870967744,1.7534193548387098,0.921258064516129,0.9993870967741935,0.846,0.9452903225806452,0.0,32820.0,46792.0,0.0,0.0
2023-12,"Balears, Illes",0,0,89.019,99.95,3.1,11.8,77.63,1.6084838709677418,1.6861935483870967,1.6314193548387097,1.785516129032258,0.9503870967741935,1.0145483870967742,0.8756774193548388,0.9718387096774194,0.0,22347.0,31596.0,0.0,0.0
2023-12,Canarias,0,0,89.019,99.95,3.1,11.8,77.63,1.2771129032258064,1.3962419354838709,1.2933709677419354,1.417790322580645,1.0292903225806451,1.148483870967742,1.0016290322580645,1.1260161290322581,0.0,52808.0,242880.0,0.0,0.0
2023-12,Cantabria,19,0,89.019,99.95,3.1,11.8,77.63,1.528741935483871,1.6283870967741934,1.5750967741935484,1.7480967741935485,0.8843870967741936,0.9666451612903225,0.8291935483870967,0.9407741935483871,19.0,22511.0,29029.0,0.0008440318066722,0.0006545178958972
2023-12,Castilla - La Mancha,85,0,89.019,99.95,3.1,11.8,77.63,1.5427548387096774,1.6478387096774194,1.5562193548387098,1.7194387096774193,0.8959483870967743,0.9828451612903226,0.8134774193548387,0.9170387096774193,85.0,101360.0,173726.0,0.0008385951065509,0.0004892762165709
2023-12,Castilla y León,45,0,89.019,99.95,3.1,11.8,77.63,1.5178602150537635,1.6153870967741935,1.5423727598566308,1.7072544802867384,0.8753978494623655,0.9560394265232975,0.802,0.9069820788530466,45.0,134729.0,218016.0,0.0003340038150657,0.0002064068692206
2023-12,Cataluña,100,1,89.019,99.95,3.1,11.8,77.63,1.493967741935484,1.6050967741935485,1.5439193548387096,1.7283064516129032,0.8556693548387097,0.9475403225806452,0.803274193548387,0.9244193548387096,100.0,289506.0,377211.0,0.00034541598447,0.0002651036157482
2023-12,Ceuta,0,0,89.019,99.95,3.1,11.8,77.63,1.2617419354838708,1.3131290322580644,1.2659032258064515,1.3023225806451613,1.1017419354838711,1.1531290322580645,1.0589032258064517,1.08,0.0,1036.0,21918.0,0.0,0.0
2023-12,Comunitat Valenciana,0,1,89.019,99.95,3.1,11.8,77.63,1.4988709677419356,1.617720430107527,1.5573010752688172,1.7448279569892473,0.859752688172043,0.9579354838709677,0.8143440860215053,0.9381397849462365,0.0,161955.0,200976.0,0.0,0.0
2023-12,ESPAÑA,1570,1,89.019,99.95,3.1,11.8,77.63,1.4813635116015846,1.5783407611771363,1.5097421146953405,1.6859645858223815,0.9118845217883419,0.9938266930767781,0.8483255659309565,0.9431162236160893,1570.0,1766668.0,2645880.0,0.0008886785745822,0.0005933753609385
2023-12,Extremadura,0,0,89.019,99.95,3.1,11.8,77.63,1.521,1.6253548387096775,1.546951612903226,1.7136612903225807,0.8779516129032258,0.9642419354838709,0.8058387096774194,0.9122903225806452,0.0,57587.0,71550.0,0.0,0.0
2023-12,Galicia,32,0,89.019,99.95,3.1,11.8,77.63,1.5306048387096773,1.626475806451613,1.5402661290322581,1.7011370967741937,0.885991935483871,0.9651854838709677,0.8002741935483871,0.9018790322580645,32.0,105046.0,171933.0,0.0003046284484892,0.0001861190114754
2023-12,"Madrid, Comunidad de",78,1,89.019,99.95,3.1,11.8,77.63,1.524741935483871,1.633709677419355,1.5686774193548387,1.7430322580645161,0.8811290322580646,0.9712258064516129,0.8237419354838709,0.9366451612903226,78.0,155230.0,194693.0,0.0005024801906847,0.0004006307365955
2023-12,Melilla,0,0,89.019,99.95,3.1,11.8,77.63,1.1635806451612902,1.2059032258064517,1.1879032258064517,,1.0577419354838709,1.0970322580645162,1.010225806451613,,0.0,1289.0,1289.0,0.0,0.0
2023-12,"Murcia, Región de",28,0,89.019,99.95,3.1,11.8,77.63,1.466741935483871,1.5601290322580643,1.5146129032258062,1.6802903225806451,0.833258064516129,0.9103548387096774,0.7791612903225806,0.8848709677419355,28.0,81843.0,96442.0,0.0003421184462935,0.000290329939238
2023-12,"Navarra, Comunidad Foral de",151,0,89.019,99.95,3.1,11.8,77.63,1.5093870967741936,1.6189354838709678,1.546483870967742,1.7183225806451614,0.8684193548387097,0.9589677419354838,0.8054193548387096,0.9162903225806452,151.0,44404.0,54526.0,0.0034005945410323,0.0027693210578439
2023-12,País Vasco,893,0,89.019,99.95,3.1,11.8,77.63,1.5431290322580644,1.6435591397849463,1.5733870967741934,1.7394086021505377,0.8962580645161291,0.9793655913978495,0.8276881720430107,0.9336451612903227,893.0,143469.0,167883.0,0.0062243411468679,0.0053191806198364
2023-12,"Rioja, La",0,0,89.019,99.95,3.1,11.8,77.63,1.5440322580645163,1.6480967741935484,1.5636774193548388,1.728,0.8970322580645161,0.9830967741935484,0.8197096774193549,0.9242258064516129,0.0,12192.0,18640.0,0.0,0.0
2024-01,Andalucía,92,1,101.649,102.249,3.4,12.29,80.12,1.501100806451613,1.6137782258064515,1.5357540322580645,1.7117016129032259,0.8615443548387097,0.9546975806451612,0.7965645161290322,0.9106774193548388,92.0,275829.0,434227.0,0.0003335399831054,0.0002118707496309
2024-01,Aragón,78,0,101.649,102.249,3.4,12.29,80.12,1.5026021505376344,1.6093118279569891,1.5375591397849462,1.7073870967741935,0.8627956989247312,0.951021505376344,0.7980322580645162,0.9071182795698925,78.0,61256.0,98524.0,0.0012733446519524,0.0007916852746538
2024-01,"Asturias, Principado de",0,0,101.649,102.249,3.4,12.29,80.12,1.5558709677419356,1.6519032258064514,1.5945806451612905,1.7541290322580645,0.9068064516129033,0.986258064516129,0.8450967741935485,0.9459677419354838,0.0,30981.0,46467.0,0.0,0.0
2024-01,"Balears, Illes",0,0,101.649,102.249,3.4,12.29,80.12,1.599193548387097,1.6751612903225805,1.6348064516129033,1.790483870967742,0.9425806451612903,1.0054193548387096,0.8783225806451613,0.9757419354838709,0.0,22011.0,38756.0,0.0,0.0
2024-01,Canarias,0,0,101.649,102.249,3.4,12.29,80.12,1.2556129032258065,1.3737903225806452,1.2731612903225806,1.3976129032258064,1.0078225806451613,1.1261451612903226,0.9813709677419354,1.1058709677419356,0.0,56418.0,255155.0,0.0,0.0
2024-01,Cantabria,0,0,101.649,102.249,3.4,12.29,80.12,1.5141935483870967,1.616483870967742,1.5741935483870966,1.748,0.872258064516129,0.9570322580645161,0.8283225806451612,0.9406451612903226,0.0,22571.0,29442.0,0.0,0.0
2024-01,Castilla - La Mancha,2,0,101.649,102.249,3.4,12.29,80.12,1.5211870967741934,1.6300322580645161,1.5513161290322581,1.7181032258064515,0.8781032258064516,0.9681741935483872,0.8094451612903226,0.9159290322580644,2.0,90379.0,159213.0,2.2129034399583972e-05,1.2561788296181844e-05
2024-01,Castilla y León,19,0,101.649,102.249,3.4,12.29,80.12,1.5000322580645162,1.599293906810036,1.539863799283154,1.7076021505376344,0.8606845878136201,0.9427204301075269,0.7999641577060932,0.9073118279569893,19.0,133128.0,205233.0,0.0001427197884742,9.25777043652824e-05
2024-01,Cataluña,96,1,101.649,102.249,3.4,12.29,80.12,1.4837983870967744,1.5946129032258065,1.5451209677419355,1.7321209677419354,0.8472258064516128,0.9389112903225806,0.8043225806451614,0.9275887096774194,96.0,295021.0,391393.0,0.0003254005647055,0.0002452777642931
2024-01,Ceuta,0,0,101.649,102.249,3.4,12.29,80.12,1.2657096774193548,1.3154193548387096,1.263741935483871,1.2966451612903225,1.1057096774193549,1.1554193548387095,1.056741935483871,1.0745806451612905,0.0,1025.0,16511.0,0.0,0.0
2024-01,Comunitat Valenciana,15,1,101.649,102.249,3.4,12.29,80.12,1.4762365591397848,1.5955483870967742,1.551268817204301,1.74347311827957,0.8410430107526882,0.9395913978494624,0.8093978494623656,0.9369784946236559,15.0,158185.0,202218.0,9.482567879381737e-05,7.417737293416016e-05
2024-01,ESPAÑA,546,1,101.649,102.249,3.4,12.29,80.12,1.465234168081494,1.5645919401999624,1.505166162044897,1.6847929211469532,0.8983191237502358,0.9822472127900396,0.8442351820411244,0.9418873357228197,546.0,1751732.0,2651144.0,0.0003116915144554,0.0002059488281285
2024-01,Extremadura,0,0,101.649,102.249,3.4,12.29,80.12,1.502016129032258,1.6114193548387097,1.5414032258064514,1.7145322580645161,0.8622096774193548,0.9528387096774193,0.8011129032258065,0.9130806451612904,0.0,55955.0,69213.0,0.0,0.0
2024-01,Galicia,13,0,101.649,102.249,3.4,12.29,80.12,1.5111854838709677,1.6108467741935484,1.5374838709677419,1.6971048387096774,0.8698709677419355,0.952241935483871,0.7979999999999999,0.8986209677419355,13.0,100305.0,162062.0,0.0001296047056477,8.021621354790141e-05
2024-01,"Madrid, Comunidad de",78,1,101.649,102.249,3.4,12.29,80.12,1.5121935483870967,1.6238709677419356,1.5679999999999998,1.7468064516129034,0.8706774193548387,0.9630967741935483,0.8231935483870967,0.9396774193548387,78.0,145384.0,187121.0,0.0005365102074506,0.0004168425777972
2024-01,Melilla,0,0,101.649,102.249,3.4,12.29,80.12,1.1574193548387095,1.1986774193548386,1.171709677419355,,1.0517419354838708,1.0900967741935483,0.9950645161290322,,0.0,1054.0,462.0,0.0,0.0
2024-01,"Murcia, Región de",9,0,101.649,102.249,3.4,12.29,80.12,1.4475806451612903,1.5435806451612903,1.5094193548387098,1.6783548387096774,0.8173548387096773,0.8965806451612903,0.7748709677419355,0.8832258064516129,9.0,80163.0,95058.0,0.0001122712473335,9.46790380609733e-05
2024-01,"Navarra, Comunidad Foral de",79,0,101.649,102.249,3.4,12.29,80.12,1.4896129032258063,1.601225806451613,1.5400645161290323,1.7155483870967743,0.8521612903225806,0.9443225806451612,0.8001935483870968,0.913741935483871,79.0,73224.0,84869.0,0.0010788812411231,0.0009308463632186
2024-01,País Vasco,65,0,101.649,102.249,3.4,12.29,80.12,1.5173870967741934,1.6251290322580645,1.5692258064516127,1.7408602150537635,0.8749569892473118,0.9640322580645161,0.8242258064516128,0.9348279569892474,65.0,135789.0,155899.0,0.0004786838403699,0.0004169366063926
2024-01,"Rioja, La",0,0,101.649,102.249,3.4,12.29,80.12,1.526516129032258,1.6371612903225805,1.5594838709677419,1.7258064516129032,0.8825161290322581,0.9740967741935483,0.8162258064516129,0.9223870967741936,0.0,13054.0,19321.0,0.0,0.0
2024-02,Andalucía,80,1,104.175,103.69,2.8,12.29,83.48,1.5528836206896552,1.6665043103448276,1.5820474137931035,1.7582931034482758,0.9043275862068966,0.9982672413793103,0.834780172413793,0.9492370689655172,80.0,267574.0,404177.0,0.0002989827113247,0.0001979330837727
2024-02,Aragón,208,0,104.175,103.69,2.8,12.29,83.48,1.5577931034482757,1.6616666666666666,1.5884597701149425,1.7557586206896552,0.9084482758620689,0.9943218390804598,0.8400919540229884,0.9471839080459771,208.0,62423.0,94326.0,0.0033321051535491,0.0022051184190997
2024-02,"Asturias, Principado de",0,0,104.175,103.69,2.8,12.29,83.48,1.6105862068965517,1.7032068965517242,1.6479310344827587,1.8061724137931034,0.9521034482758621,1.0286206896551724,0.8892068965517241,0.9888275862068965,0.0,30307.0,42603.0,0.0,0.0
2024-02,"Balears, Illes",0,0,104.175,103.69,2.8,12.29,83.48,1.664551724137931,1.7452758620689655,1.6935172413793105,1.8484137931034483,0.9967241379310344,1.0632413793103448,0.9269655172413793,1.0236206896551723,0.0,23592.0,32262.0,0.0,0.0
2024-02,Canarias,0,0,104.175,103.69,2.8,12.29,83.48,1.2624482758620688,1.377655172413793,1.2790689655172414,1.4012758620689656,1.0147758620689655,1.1298793103448277,0.9874310344827586,1.1095344827586209,0.0,51320.0,236159.0,0.0,0.0
2024-02,Cantabria,169,0,104.175,103.69,2.8,12.29,83.48,1.5637241379310345,1.6622758620689653,1.619,1.7873793103448274,0.9131724137931034,0.9946896551724138,0.8653448275862069,0.9731379310344828,169.0,22540.0,28248.0,0.0074977817213842,0.0059827244406683
2024-02,Castilla - La Mancha,16,0,104.175,103.69,2.8,12.29,83.48,1.5692896551724138,1.680951724137931,1.5976137931034482,1.7623448275862068,0.9179103448275863,1.0102275862068966,0.8477103448275861,0.9525724137931034,16.0,99280.0,157408.0,0.0001611603545527,0.0001016466761536
2024-02,Castilla y León,43,0,104.175,103.69,2.8,12.29,83.48,1.5453869731800767,1.64272030651341,1.5856206896551723,1.7506360153256706,0.8981685823754789,0.9786130268199233,0.8377739463601532,0.9429080459770115,43.0,132833.0,196430.0,0.0003237147395601,0.0002189074988545
2024-02,Cataluña,90,1,104.175,103.69,2.8,12.29,83.48,1.5375258620689656,1.64975,1.5959655172413794,1.7856293103448277,0.8917068965517242,0.9844827586206897,0.8463275862068965,0.9717672413793103,90.0,294268.0,362317.0,0.0003058436527247,0.0002484012618784
2024-02,Ceuta,0,0,104.175,103.69,2.8,12.29,83.48,1.334137931034483,1.381551724137931,1.325896551724138,1.3585517241379312,1.1741379310344826,1.2215172413793103,1.118896551724138,1.135551724137931,0.0,973.0,14225.0,0.0,0.0
2024-02,Comunitat Valenciana,43,1,104.175,103.69,2.8,12.29,83.48,1.54083908045977,1.6688505747126436,1.6033793103448275,1.8003448275862068,0.8944367816091955,1.0002183908045976,0.8523678160919539,0.9839885057471264,43.0,155000.0,192242.0,0.0002774193548387,0.0002236764078609
2024-02,ESPAÑA,1131,1,104.175,103.69,2.8,12.29,83.48,1.517241827989514,1.6163156936882437,1.553965834845735,1.7326806087696893,0.9423834644081467,1.025975277273644,0.8855118017745512,0.9820486430395913,1131.0,1732081.0,2491110.0,0.0006529717721053,0.0004540144754747
2024-02,Extremadura,0,0,104.175,103.69,2.8,12.29,83.48,1.5418620689655171,1.6517413793103448,1.586810344827586,1.7624310344827587,0.8951896551724138,0.9860689655172414,0.8387586206896551,0.9526379310344828,0.0,55985.0,67671.0,0.0,0.0
2024-02,Galicia,25,0,104.175,103.69,2.8,12.29,83.48,1.564405172413793,1.6627327586206897,1.5919482758620689,1.7459741379310343,0.9138620689655172,0.9951293103448277,0.843,0.9390689655172414,25.0,101166.0,147292.0,0.0002471185971571,0.000169730874725
2024-02,"Madrid, Comunidad de",81,1,104.175,103.69,2.8,12.29,83.48,1.573103448275862,1.682655172413793,1.6200344827586208,1.8025172413793102,0.9212068965517242,1.0116206896551725,0.866,0.9857241379310344,81.0,141903.0,176304.0,0.0005708124563962,0.0004594337054179
2024-02,Melilla,0,0,104.175,103.69,2.8,12.29,83.48,1.220655172413793,1.2613793103448274,1.2313448275862071,,1.1108275862068966,1.1488620689655173,1.0508275862068965,,0.0,990.0,990.0,0.0,0.0
2024-02,"Murcia, Región de",87,0,104.175,103.69,2.8,12.29,83.48,1.504,1.5973103448275863,1.561655172413793,1.7257931034482759,0.8638275862068965,0.9411379310344827,0.8178275862068966,0.9223793103448277,87.0,76064.0,89078.0,0.0011437736642827,0.0009766721300433
2024-02,"Navarra, Comunidad Foral de",123,0,104.175,103.69,2.8,12.29,83.48,1.5376206896551725,1.6517931034482758,1.584896551724138,1.7674482758620689,0.8917931034482759,0.9861379310344828,0.8372413793103447,0.9567586206896551,123.0,52372.0,61680.0,0.0023485832124035,0.0019941634241245
2024-02,País Vasco,166,0,104.175,103.69,2.8,12.29,83.48,1.5766781609195402,1.6849425287356323,1.6236436781609196,1.7900114942528735,0.9240114942528735,1.0135632183908045,0.8691379310344827,0.9753908045977011,166.0,150535.0,169464.0,0.0011027335835519,0.0009795590803946
2024-02,"Rioja, La",0,0,104.175,103.69,2.8,12.29,83.48,1.570103448275862,1.6770344827586208,1.6065172413793103,1.7792758620689655,0.9186551724137931,1.0069310344827587,0.8550344827586207,0.9665862068965517,0.0,12956.0,18234.0,0.0,0.0
2024-03,Andalucía,104,1,99.972,101.232,3.2,12.29,85.41,1.5529717741935485,1.6600806451612902,1.6200806451612904,1.7992540322580644,0.9044637096774194,0.9929677419354839,0.866241935483871,0.9830806451612903,104.0,287400.0,422440.0,0.0003618649965205,0.000246188807878
2024-03,Aragón,130,0,99.972,101.232,3.2,12.29,85.41,1.5529784946236558,1.6576021505376346,1.6311290322580645,1.8015591397849462,0.9043978494623657,0.991021505376344,0.8753870967741936,0.9849892473118279,130.0,64913.0,94079.0,0.0020026805108375,0.0013818174087734
2024-03,"Asturias, Principado de",13,0,99.972,101.232,3.2,12.29,85.41,1.6063225806451613,1.6973870967741935,1.688193548387097,1.8457741935483871,0.9483870967741935,1.0237096774193548,0.9223870967741936,1.0214838709677418,13.0,31634.0,45162.0,0.0004109502434089,0.0002878526194588
2024-03,"Balears, Illes",0,0,99.972,101.232,3.2,12.29,85.41,1.6573870967741935,1.7378064516129033,1.736225806451613,1.8935483870967742,0.9908064516129033,1.057258064516129,0.9621935483870968,1.060935483870968,0.0,25695.0,49392.0,0.0,0.0
2024-03,Canarias,0,0,99.972,101.232,3.2,12.29,85.41,1.2728064516129032,1.386516129032258,1.2911774193548387,1.4127096774193548,1.0251129032258064,1.138806451612903,0.9994516129032258,1.1209516129032258,0.0,54106.0,260891.0,0.0,0.0
2024-03,Cantabria,119,0,99.972,101.232,3.2,12.29,85.41,1.566741935483871,1.655967741935484,1.6659354838709677,1.8298387096774194,0.9158709677419354,0.9894838709677419,0.9040967741935484,1.0084193548387097,119.0,23481.0,29247.0,0.0050679272603381,0.0040687933805176
2024-03,Castilla - La Mancha,14,0,99.972,101.232,3.2,12.29,85.41,1.5606387096774195,1.6681483870967742,1.633683870967742,1.8006451612903227,0.9107612903225807,0.999716129032258,0.8774838709677418,0.9842193548387097,14.0,112908.0,165799.0,0.0001239947567931,8.44395925186521e-05
2024-03,Castilla y León,74,0,99.972,101.232,3.2,12.29,85.41,1.5405376344086021,1.6349749103942652,1.6228745519713261,1.7885412186379928,0.8940931899641577,0.9722150537634409,0.8685017921146954,0.9742258064516128,74.0,136739.0,206053.0,0.0005411769868142,0.0003591309032142
2024-03,Cataluña,103,1,99.972,101.232,3.2,12.29,85.41,1.5311693548387098,1.6449032258064515,1.6371290322580645,1.8263145161290322,0.8864032258064516,0.9804999999999999,0.8803225806451612,1.0054435483870967,103.0,294184.0,366548.0,0.0003501210126995,0.0002810000327378
2024-03,Ceuta,0,0,99.972,101.232,3.2,12.29,85.41,1.3125161290322582,1.359741935483871,1.3593870967741934,1.3923870967741936,1.1525161290322579,1.199741935483871,1.1523870967741934,1.1693870967741937,0.0,917.0,7966.0,0.0,0.0
2024-03,Comunitat Valenciana,78,1,99.972,101.232,3.2,12.29,85.41,1.5306129032258065,1.6507849462365591,1.6400645161290324,1.8408064516129032,0.885978494623656,0.9853870967741936,0.8827204301075269,1.0174193548387096,78.0,170499.0,206836.0,0.0004574806890362,0.0003771103676342
2024-03,ESPAÑA,1698,1,99.972,101.232,3.2,12.29,85.41,1.5126376768534238,1.6086742878702132,1.5910462271269572,1.7712250348466747,0.9383847434446331,1.0194707696661007,0.9167782493869081,1.0143401433691757,1698.0,1815360.0,2613477.0,0.0009353516657852,0.0006497091805284
2024-03,Extremadura,19,0,99.972,101.232,3.2,12.29,85.41,1.5384193548387097,1.6435645161290322,1.6264516129032258,1.8034193548387096,0.8923870967741936,0.9794193548387097,0.8713870967741935,0.9864999999999999,19.0,61796.0,75121.0,0.0003074632662308,0.0002529252805473
2024-03,Galicia,29,0,99.972,101.232,3.2,12.29,85.41,1.563540322580645,1.6562580645161291,1.6281370967741937,1.7786935483870967,0.9131854838709678,0.9898145161290323,0.8729032258064515,0.9660887096774193,29.0,105784.0,155647.0,0.000274143537775,0.0001863190424486
2024-03,"Madrid, Comunidad de",133,1,99.972,101.232,3.2,12.29,85.41,1.5712903225806452,1.677,1.6561290322580644,1.8430967741935484,0.9195161290322581,1.0069677419354839,0.896,1.0192903225806451,133.0,149187.0,181240.0,0.0008914985890191,0.0007338335908188
2024-03,Melilla,0,0,99.972,101.232,3.2,12.29,85.41,1.2055806451612903,1.2450645161290324,1.2708387096774194,,1.0968064516129032,1.133483870967742,1.0876774193548389,,0.0,952.0,952.0,0.0,0.0
2024-03,"Murcia, Región de",249,0,99.972,101.232,3.2,12.29,85.41,1.502741935483871,1.5933225806451614,1.5961612903225808,1.762741935483871,0.862774193548387,0.9379032258064516,0.8464193548387097,0.9529354838709677,249.0,90081.0,104081.0,0.0027641789056515,0.002392367483018
2024-03,"Navarra, Comunidad Foral de",205,0,99.972,101.232,3.2,12.29,85.41,1.5293548387096774,1.643548387096774,1.6222258064516129,1.8120967741935483,0.8850645161290323,0.9792903225806452,0.8679354838709677,0.9936774193548387,205.0,48059.0,57376.0,0.004265590212031,0.0035729224762967
2024-03,País Vasco,428,0,99.972,101.232,3.2,12.29,85.41,1.5747956989247311,1.6751075268817204,1.6598924731182796,1.8263010752688174,0.922494623655914,1.0053548387096773,0.8990967741935484,1.0053978494623654,428.0,143666.0,166045.0,0.0029791321537454,0.0025776145020928
2024-03,"Rioja, La",0,0,99.972,101.232,3.2,12.29,85.41,1.5697096774193549,1.677032258064516,1.6441612903225806,1.8243225806451613,0.9182903225806452,1.0069032258064516,0.8861935483870969,1.0036774193548388,0.0,13359.0,18602.0,0.0,0.0
2024-04,Andalucía,154,1,104.405,100.811,3.3,11.27,89.94,1.5620416666666666,1.66825,1.6697041666666665,1.8487916666666666,0.9119208333333334,0.9997083333333333,0.9072416666666666,1.0240458333333333,154.0,300835.0,406293.0,0.0005119085212824,0.0003790368034891
2024-04,Aragón,149,0,104.405,100.811,3.3,11.27,89.94,1.5639555555555555,1.6696555555555557,1.6856555555555557,1.8596555555555556,0.9135222222222222,1.0009222222222223,0.9204555555555557,1.0329777777777778,149.0,69796.0,94748.0,0.0021347928248037,0.0015725925613205
2024-04,"Asturias, Principado de",117,0,104.405,100.811,3.3,11.27,89.94,1.6182333333333332,1.7091,1.7454666666666665,1.9012666666666667,0.9583999999999999,1.0334999999999999,0.9699666666666666,1.0674666666666668,117.0,33428.0,45491.0,0.0035000598300825,0.0025719373062803
2024-04,"Balears, Illes",0,0,104.405,100.811,3.3,11.27,89.94,1.6696666666666666,1.7498333333333334,1.7901,1.9466666666666665,1.0010333333333332,1.0671,1.0067666666666666,1.1049,0.0,28413.0,39379.0,0.0,0.0
2024-04,Canarias,0,0,104.405,100.811,3.3,11.27,89.94,1.2954666666666665,1.4087333333333334,1.3181833333333333,1.4385166666666664,1.04765,1.16105,1.0264333333333333,1.1468166666666666,0.0,56340.0,205302.0,0.0,0.0
2024-04,Cantabria,177,0,104.405,100.811,3.3,11.27,89.94,1.5732333333333335,1.6550333333333334,1.7208666666666665,1.879333333333333,0.9212666666666667,0.9887999999999999,0.9496333333333333,1.0493999999999999,177.0,24047.0,29840.0,0.0073605855200232,0.0059316353887399
2024-04,Castilla - La Mancha,53,0,104.405,100.811,3.3,11.27,89.94,1.5693333333333335,1.67988,1.6834466666666665,1.8521933333333334,0.9179866666666667,1.0093666666666667,0.9186533333333333,1.0268533333333332,53.0,109476.0,153112.0,0.000484124374292,0.000346151836564
2024-04,Castilla y León,109,0,104.405,100.811,3.3,11.27,89.94,1.5615703703703705,1.6575814814814813,1.6793296296296296,1.8440296296296295,0.9115444444444445,0.9909111111111111,0.9152296296296296,1.0201074074074072,109.0,144786.0,209225.0,0.0007528352188747,0.0005209702473413
2024-04,Cataluña,174,1,104.405,100.811,3.3,11.27,89.94,1.5415083333333333,1.6542916666666665,1.687175,1.8765416666666668,0.8949083333333333,0.988225,0.9216916666666666,1.0469916666666665,174.0,287168.0,377536.0,0.0006059170938266,0.0004608832005424
2024-04,Ceuta,0,0,104.405,100.811,3.3,11.27,89.94,1.3239333333333334,1.3693,1.4129333333333334,1.4465333333333334,1.1639333333333333,1.2092999999999998,1.2057666666666667,1.2235333333333334,0.0,1072.0,6949.0,0.0,0.0
2024-04,Comunitat Valenciana,139,1,104.405,100.811,3.3,11.27,89.94,1.5369555555555554,1.6552444444444445,1.6890444444444446,1.8890666666666667,0.8911666666666667,0.9889777777777777,0.9232222222222223,1.057411111111111,139.0,169257.0,207871.0,0.0008212363447302,0.0006686839434072
2024-04,ESPAÑA,2277,1,104.405,100.811,3.3,11.27,89.94,1.5254392300194932,1.6207851072124757,1.6426223635477581,1.8224972633744858,0.9493384064327485,1.029776169590643,0.9604248343079922,1.0575292232510287,2277.0,1862071.0,2548084.0,0.0012228319972761,0.000893612612457
2024-04,Extremadura,13,0,104.405,100.811,3.3,11.27,89.94,1.5600833333333335,1.6692333333333333,1.6769166666666666,1.8548,0.9103166666666667,1.0005833333333334,0.9133166666666667,1.0290333333333332,13.0,65455.0,80392.0,0.0001986097318768,0.0001617076326002
2024-04,Galicia,155,0,104.405,100.811,3.3,11.27,89.94,1.5757083333333335,1.669625,1.681725,1.8299666666666667,0.9232250000000001,1.000825,0.9171833333333334,1.0085,155.0,109080.0,156714.0,0.0014209754308764,0.0009890628788748
2024-04,"Madrid, Comunidad de",140,1,104.405,100.811,3.3,11.27,89.94,1.5833333333333333,1.6879666666666668,1.7078333333333333,1.8961999999999999,0.9295666666666667,1.0159333333333334,0.9387666666666666,1.0632,140.0,155989.0,178479.0,0.0008974991826346,0.00078440600855
2024-04,Melilla,0,0,104.405,100.811,3.3,11.27,89.94,1.2110666666666667,1.2516,1.3155999999999999,,1.1021,1.1393333333333333,1.1293333333333335,,0.0,1011.0,1011.0,0.0,0.0
2024-04,"Murcia, Región de",296,0,104.405,100.811,3.3,11.27,89.94,1.5201333333333333,1.6071,1.6500333333333332,1.8135666666666665,0.8773333333333333,0.9491666666666666,0.891,0.9947999999999999,296.0,81574.0,95812.0,0.0036286071542403,0.0030893833757775
2024-04,"Navarra, Comunidad Foral de",126,0,104.405,100.811,3.3,11.27,89.94,1.5429666666666668,1.6553,1.6803333333333335,1.8650666666666667,0.8963333333333333,0.9889333333333333,0.916,1.0374333333333332,126.0,54555.0,62486.0,0.0023095958207313,0.0020164516851774
2024-04,País Vasco,475,0,104.405,100.811,3.3,11.27,89.94,1.5865222222222224,1.6827555555555556,1.715377777777778,1.8795555555555554,0.9321555555555556,1.0117111111111112,0.9450444444444445,1.0495555555555556,475.0,155538.0,178318.0,0.0030539160848152,0.0026637804371964
2024-04,"Rioja, La",0,0,104.405,100.811,3.3,11.27,89.94,1.5876333333333332,1.6944333333333332,1.7001,1.8832,0.9330666666666667,1.0214,0.9323666666666667,1.0525,0.0,14251.0,19126.0,0.0,0.0
2024-05,Andalucía,355,1,108.032,100.353,3.6,11.27,81.75,1.5137862903225805,1.6165483870967743,1.6599475806451611,1.8345,0.8720927419354838,0.9569959677419355,0.8991572580645162,1.0121935483870967,355.0,311942.0,409757.0,0.0011380320700643,0.0008663671395485
2024-05,Aragón,163,0,108.032,100.353,3.6,11.27,81.75,1.5012258064516129,1.6031827956989249,1.663215053763441,1.835290322580645,0.8616774193548387,0.9459462365591398,0.9018172043010753,1.0128064516129032,163.0,71095.0,93485.0,0.0022927069414164,0.0017435952291811
2024-05,"Asturias, Principado de",36,0,108.032,100.353,3.6,11.27,81.75,1.5671290322580647,1.6578709677419354,1.7258709677419355,1.8812903225806452,0.9161612903225806,0.9910645161290322,0.9538387096774193,1.0508709677419354,36.0,32975.0,45209.0,0.0010917361637604,0.0007963016213585
2024-05,"Balears, Illes",0,0,108.032,100.353,3.6,11.27,81.75,1.6140645161290323,1.695,1.7674193548387096,1.921483870967742,0.9549354838709677,1.021741935483871,0.9879032258064516,1.0841290322580646,0.0,33259.0,61537.0,0.0,0.0
2024-05,Canarias,0,0,108.032,100.353,3.6,11.27,81.75,1.292451612903226,1.4070967741935483,1.3218387096774196,1.4449354838709678,1.044725806451613,1.1594032258064515,1.0301290322580645,1.1531935483870968,0.0,55656.0,177135.0,0.0,0.0
2024-05,Cantabria,351,0,108.032,100.353,3.6,11.27,81.75,1.5050000000000001,1.5844516129032258,1.703225806451613,1.8686129032258065,0.8649032258064516,0.9304193548387096,0.9349032258064516,1.0404193548387097,351.0,24232.0,30606.0,0.0144849785407725,0.0114683395412664
2024-05,Castilla - La Mancha,158,0,108.032,100.353,3.6,11.27,81.75,1.518058064516129,1.6246967741935483,1.6716645161290322,1.836567741935484,0.8755935483870969,0.9636774193548387,0.9088774193548388,1.0139354838709678,158.0,108594.0,143215.0,0.0014549606792272,0.0011032363928359
2024-05,Castilla y León,148,0,108.032,100.353,3.6,11.27,81.75,1.5030752688172042,1.599516129032258,1.6607275985663084,1.8252401433691756,0.8632007168458782,0.942853046594982,0.8997885304659498,1.004537634408602,148.0,140639.0,195198.0,0.0010523396781831,0.0007582044898001
2024-05,Cataluña,184,1,108.032,100.353,3.6,11.27,81.75,1.4911935483870966,1.6031048387096773,1.6657741935483872,1.8549193548387095,0.8534274193548387,0.9459032258064516,0.9039758064516129,1.0290967741935484,184.0,319020.0,381028.0,0.0005767663469374,0.0004829041435275
2024-05,Ceuta,0,0,108.032,100.353,3.6,11.27,81.75,1.2787741935483872,1.3270645161290324,1.3763548387096776,1.4090645161290323,1.1187741935483873,1.167064516129032,1.1693548387096775,1.1860645161290322,0.0,1031.0,8005.0,0.0,0.0
2024-05,Comunitat Valenciana,116,1,108.032,100.353,3.6,11.27,81.75,1.4825053763440859,1.598204301075269,1.667,1.860440860215054,0.8461612903225806,0.941774193548387,0.9050752688172042,1.0336666666666667,116.0,178600.0,216109.0,0.000649496080627,0.000536766168924
2024-05,ESPAÑA,3382,1,108.032,100.353,3.6,11.27,81.75,1.4756064091680816,1.5697425297113752,1.6245829607621205,1.8037497809637597,0.9074339228447462,0.986931074325599,0.9450495519713262,1.0417004181600955,3382.0,1930921.0,2534883.0,0.0017514957887971,0.0013341838656853
2024-05,Extremadura,55,0,108.032,100.353,3.6,11.27,81.75,1.522225806451613,1.6271935483870967,1.6642258064516129,1.832,0.8790483870967741,0.9658225806451612,0.9027419354838709,1.0101774193548387,55.0,64383.0,79177.0,0.0008542627712284,0.0006946461724995
2024-05,Galicia,142,0,108.032,100.353,3.6,11.27,81.75,1.5200322580645163,1.6167903225806453,1.6621451612903226,1.813193548387097,0.8771774193548387,0.9571209677419354,0.9009596774193549,0.9946129032258064,142.0,111577.0,158877.0,0.0012726637210177,0.00089377317044
2024-05,"Madrid, Comunidad de",331,1,108.032,100.353,3.6,11.27,81.75,1.5289677419354837,1.6319677419354839,1.6887419354838709,1.8770322580645162,0.8845806451612903,0.9696774193548386,0.9229354838709678,1.047258064516129,331.0,154057.0,168902.0,0.0021485554048176,0.0019597162851831
2024-05,Melilla,0,0,108.032,100.353,3.6,11.27,81.75,1.1664516129032256,1.2067419354838709,1.2873225806451611,,1.0600645161290323,1.0976129032258066,1.1031612903225807,,0.0,1068.0,1068.0,0.0,0.0
2024-05,"Murcia, Región de",509,0,108.032,100.353,3.6,11.27,81.75,1.4751612903225808,1.5613225806451612,1.6391290322580645,1.8004193548387097,0.8402258064516129,0.9113225806451614,0.882,0.9838709677419355,509.0,93904.0,107850.0,0.0054204293746805,0.0047195178488641
2024-05,"Navarra, Comunidad Foral de",131,0,108.032,100.353,3.6,11.27,81.75,1.4843870967741934,1.5998709677419356,1.6588709677419353,1.8468064516129032,0.8478387096774193,0.9432903225806452,0.8983548387096775,1.0223870967741935,131.0,56653.0,63303.0,0.0023123223836337,0.0020694121921551
2024-05,País Vasco,703,0,108.032,100.353,3.6,11.27,81.75,1.5348064516129032,1.6256451612903227,1.6984086021505376,1.8625698924731182,0.8893333333333333,0.9645483870967743,0.9309677419354838,1.0353870967741936,703.0,159643.0,178087.0,0.0044035754777848,0.0039475088018777
2024-05,"Rioja, La",0,0,108.032,100.353,3.6,11.27,81.75,1.5372258064516129,1.6388387096774195,1.6851935483870968,1.8631290322580645,0.8913225806451613,0.9754516129032257,0.92,1.036,0.0,12593.0,16335.0,0.0,0.0
2024-06,Andalucía,414,1,102.129,100.857,3.4,11.27,82.25,1.4760291666666667,1.582625,1.6210291666666667,1.7954333333333332,0.8408583333333333,0.9289875,0.8669958333333334,0.9799583333333334,414.0,284813.0,381140.0,0.001453585334939,0.0010862150390932
2024-06,Aragón,512,0,102.129,100.857,3.4,11.27,82.25,1.4796444444444445,1.5838555555555556,1.6177,1.7953,0.8438777777777777,0.9299555555555555,0.8642777777777777,0.9798666666666667,512.0,65674.0,90100.0,0.0077960836860858,0.0056825749167591
2024-06,"Asturias, Principado de",29,0,102.129,100.857,3.4,11.27,82.25,1.5359,1.6286333333333334,1.6840666666666666,1.8418666666666668,0.8903333333333333,0.967,0.9191333333333334,1.0183,29.0,29828.0,40179.0,0.0009722408475258,0.0007217700788969
2024-06,"Balears, Illes",3,0,102.129,100.857,3.4,11.27,82.25,1.5805333333333336,1.6644333333333334,1.7243666666666668,1.8791666666666667,0.9270666666666667,0.9964999999999999,0.9526333333333332,1.0492,3.0,33641.0,55295.0,8.917689723848875e-05,5.425445338638213e-05
2024-06,Canarias,0,0,102.129,100.857,3.4,11.27,82.25,1.2743166666666668,1.3938166666666665,1.3020666666666665,1.4283833333333333,1.0265333333333333,1.1460499999999998,1.0103166666666668,1.1366166666666666,0.0,56460.0,179943.0,0.0,0.0
2024-06,Cantabria,299,0,102.129,100.857,3.4,11.27,82.25,1.4617333333333336,1.5403333333333333,1.6572333333333333,1.8268666666666666,0.8291,0.894,0.8967666666666667,1.0058666666666667,299.0,22211.0,27413.0,0.013461798208095,0.0109072337941852
2024-06,Castilla - La Mancha,294,0,102.129,100.857,3.4,11.27,82.25,1.4864,1.5948466666666667,1.6311733333333331,1.7952733333333333,0.8494466666666667,0.93904,0.8753866666666666,0.9797933333333333,294.0,104976.0,141441.0,0.0028006401463191,0.0020786052134812
2024-06,Castilla y León,214,0,102.129,100.857,3.4,11.27,82.25,1.466811111111111,1.563611111111111,1.6193407407407407,1.785488888888889,0.8332925925925926,0.9132037037037037,0.8655777777777778,0.9717074074074074,214.0,126024.0,168516.0,0.0016980892528407,0.0012699090887512
2024-06,Cataluña,515,1,102.129,100.857,3.4,11.27,82.25,1.4630833333333333,1.5759166666666669,1.6213333333333333,1.8147583333333333,0.830225,0.9234166666666667,0.8673083333333333,0.9959166666666666,515.0,289338.0,342163.0,0.0017799252085795,0.0015051305956517
2024-06,Ceuta,0,0,102.129,100.857,3.4,11.27,82.25,1.2666666666666666,1.3145,1.3225333333333333,1.3557,1.1066666666666667,1.1544999999999999,1.1155333333333333,1.1327,0.0,1001.0,7145.0,0.0,0.0
2024-06,Comunitat Valenciana,246,1,102.129,100.857,3.4,11.27,82.25,1.4518888888888888,1.5727222222222221,1.6293111111111112,1.8243666666666667,0.8209333333333333,0.9207111111111111,0.8738777777777778,1.0038666666666667,246.0,173084.0,208109.0,0.0014212752189688,0.0011820728560513
2024-06,ESPAÑA,5044,1,102.129,100.857,3.4,11.27,82.25,1.4460671783625731,1.5416283333333334,1.5830606091617934,1.7644546913580248,0.882734522417154,0.9634436013645223,0.9097702777777779,1.0085748868312756,5044.0,1766214.0,2332642.0,0.0028558260777006,0.0021623549605983
2024-06,Extremadura,45,0,102.129,100.857,3.4,11.27,82.25,1.48845,1.5938,1.6227000000000003,1.7915666666666668,0.8511333333333333,0.9381166666666666,0.86835,0.9767833333333333,45.0,56025.0,68492.0,0.0008032128514056,0.0006570110377854
2024-06,Galicia,97,0,102.129,100.857,3.4,11.27,82.25,1.488775,1.5870666666666666,1.6211416666666667,1.7771583333333332,0.8513333333333333,0.9325583333333333,0.8671333333333333,0.9648166666666665,97.0,98091.0,143857.0,0.0009888776748121,0.0006742807093155
2024-06,"Madrid, Comunidad de",389,1,102.129,100.857,3.4,11.27,82.25,1.4969333333333334,1.6001666666666667,1.6475,1.8345,0.8580333333333333,0.9434333333333333,0.8888333333333333,1.0121666666666667,389.0,147122.0,159998.0,0.0026440641100583,0.0024312803910048
2024-06,Melilla,0,0,102.129,100.857,3.4,11.27,82.25,1.1627,1.2041333333333335,1.2413999999999998,,1.0568,1.0954333333333333,1.06,,0.0,1062.0,1062.0,0.0,0.0
2024-06,"Murcia, Región de",758,0,102.129,100.857,3.4,11.27,82.25,1.4418,1.5283666666666667,1.6019333333333334,1.7655333333333334,0.8126666666666666,0.8839666666666667,0.8512,0.9553666666666666,758.0,76808.0,90223.0,0.0098687636704509,0.0084014054066036
2024-06,"Navarra, Comunidad Foral de",299,0,102.129,100.857,3.4,11.27,82.25,1.4528333333333334,1.5711000000000002,1.6116,1.8055999999999999,0.8216666666666667,0.9194333333333334,0.8591666666666666,0.9883333333333333,299.0,44518.0,51980.0,0.0067163843838447,0.0057522123893805
2024-06,País Vasco,906,0,102.129,100.857,3.4,11.27,82.25,1.4982777777777778,1.5840111111111113,1.6571555555555557,1.8232555555555554,0.8592222222222222,0.9301222222222222,0.8968111111111112,1.002822222222222,906.0,143538.0,159871.0,0.0063119174016636,0.0056670690744412
2024-06,"Rioja, La",24,0,102.129,100.857,3.4,11.27,82.25,1.5025000000000002,1.607,1.6445666666666665,1.8199666666666667,0.8627666666666667,0.949,0.8863333333333333,1.0002666666666666,24.0,12000.0,15715.0,0.002,0.0015272033089405
2024-07,Andalucía,616,1,107.615,99.89,2.8,11.21,85.15,1.4982741935483872,1.6021048387096775,1.6181209677419355,1.7878346774193548,0.8592096774193548,0.9450524193548386,0.8645403225806452,0.9736451612903225,616.0,305496.0,407601.0,0.0020163930133291,0.0015112818663349
2024-07,Aragón,546,0,107.615,99.89,2.8,11.21,85.15,1.5089677419354839,1.6113225806451614,1.6176989247311828,1.792247311827957,0.8680752688172042,0.9526129032258065,0.864268817204301,0.9773010752688172,546.0,72830.0,97293.0,0.007496910613758,0.0056119145262249
2024-07,"Asturias, Principado de",45,0,107.615,99.89,2.8,11.21,85.15,1.5565483870967742,1.6498387096774192,1.6778064516129032,1.8351290322580647,0.9073548387096774,0.9845483870967742,0.9139677419354839,1.0126129032258064,45.0,35516.0,46720.0,0.0012670345759657,0.0009631849315068
2024-07,"Balears, Illes",0,0,107.615,99.89,2.8,11.21,85.15,1.6044516129032258,1.6885806451612904,1.7205483870967744,1.8730967741935485,0.9469677419354838,1.0164516129032257,0.9493225806451613,1.0440645161290323,0.0,38866.0,64720.0,0.0,0.0
2024-07,Canarias,56,0,107.615,99.89,2.8,11.21,85.15,1.2613387096774193,1.3825806451612903,1.288532258064516,1.417693548387097,1.0136290322580646,1.1348709677419353,0.9966774193548387,1.1259354838709676,56.0,55533.0,174713.0,0.0010084094142221,0.0003205256620858
2024-07,Cantabria,420,0,107.615,99.89,2.8,11.21,85.15,1.495290322580645,1.5717096774193549,1.6585806451612901,1.823774193548387,0.8568064516129033,0.92,0.8981290322580646,1.0033225806451613,420.0,27310.0,33026.0,0.0153789820578542,0.0127172530733361
2024-07,Castilla - La Mancha,279,0,107.615,99.89,2.8,11.21,85.15,1.5094129032258066,1.6185870967741935,1.6256,1.7882516129032255,0.8684129032258063,0.9586516129032259,0.8707806451612904,0.9739741935483871,279.0,104132.0,141601.0,0.0026792916682671,0.0019703250683257
2024-07,Castilla y León,272,0,107.615,99.89,2.8,11.21,85.15,1.4993763440860215,1.5966917562724015,1.6165376344086022,1.781189964157706,0.8601254480286739,0.940573476702509,0.8632867383512545,0.9681469534050179,272.0,153983.0,210437.0,0.0017664287616165,0.0012925483636432
2024-07,Cataluña,903,1,107.615,99.89,2.8,11.21,85.15,1.4900645161290322,1.601556451612903,1.620516129032258,1.8120725806451614,0.8524435483870968,0.9445483870967741,0.8665967741935484,0.9936451612903225,903.0,298590.0,356383.0,0.0030242138048829,0.002533790893505
2024-07,Ceuta,0,0,107.615,99.89,2.8,11.21,85.15,1.288,1.3361935483870968,1.3321612903225806,1.3610322580645162,1.1280000000000001,1.1761935483870967,1.1251612903225807,1.1380322580645161,0.0,1144.0,8227.0,0.0,0.0
2024-07,Comunitat Valenciana,336,1,107.615,99.89,2.8,11.21,85.15,1.485225806451613,1.605795698924731,1.6348924731182795,1.8274086021505378,0.8483763440860215,0.9481612903225807,0.8784086021505377,1.0063978494623655,336.0,186191.0,224234.0,0.001804598503687,0.0014984346709241
2024-07,ESPAÑA,6683,1,107.615,99.89,2.8,11.21,85.15,1.4700631861912847,1.5646415864931145,1.5801420769666101,1.7604330595380326,0.9027152329749104,0.9826726419543481,0.907234446330881,1.0051783253683793,6683.0,1880115.0,2477812.0,0.0035545698002515,0.0026971376359465
2024-07,Extremadura,70,0,107.615,99.89,2.8,11.21,85.15,1.5174032258064516,1.6243225806451613,1.6184032258064518,1.7886129032258065,0.8750322580645161,0.9634032258064517,0.8648387096774193,0.9743548387096773,70.0,57587.0,70890.0,0.0012155521211384,0.0009874453378473
2024-07,Galicia,81,0,107.615,99.89,2.8,11.21,85.15,1.5128467741935483,1.608282258064516,1.6204838709677418,1.7759677419354838,0.871241935483871,0.9501532258064517,0.8665725806451613,0.9638629032258064,81.0,114101.0,152904.0,0.0007098973716268,0.0005297441531941
2024-07,"Madrid, Comunidad de",503,1,107.615,99.89,2.8,11.21,85.15,1.5211935483870966,1.6228387096774193,1.645741935483871,1.8285806451612903,0.878258064516129,0.9622903225806452,0.887483870967742,1.0073548387096773,503.0,148017.0,161128.0,0.0033982583081673,0.0031217417208678
2024-07,Melilla,0,0,107.615,99.89,2.8,11.21,85.15,1.1797741935483872,1.2194193548387096,1.2205483870967744,,1.0725806451612903,1.109483870967742,1.0408387096774192,,0.0,1395.0,1395.0,0.0,0.0
2024-07,"Murcia, Región de",968,0,107.615,99.89,2.8,11.21,85.15,1.4685806451612904,1.551258064516129,1.6019032258064516,1.7646129032258062,0.8346774193548387,0.9030645161290323,0.8512580645161291,0.9544838709677419,968.0,82202.0,97307.0,0.0117758692002627,0.0099478968625073
2024-07,"Navarra, Comunidad Foral de",400,0,107.615,99.89,2.8,11.21,85.15,1.4856129032258065,1.5999032258064516,1.613483870967742,1.8021290322580645,0.8488387096774194,0.9433548387096774,0.860741935483871,0.9854838709677419,400.0,47745.0,55362.0,0.0083778406115823,0.0072251725009934
2024-07,País Vasco,1118,0,107.615,99.89,2.8,11.21,85.15,1.5287096774193547,1.614236559139785,1.6558494623655915,1.8198709677419354,0.8843655913978494,0.9551075268817205,0.8957741935483872,1.000075268817204,1118.0,136690.0,157339.0,0.0081790913746433,0.0071056762786086
2024-07,"Rioja, La",70,0,107.615,99.89,2.8,11.21,85.15,1.5201290322580645,1.6229677419354838,1.635290322580645,1.8082903225806453,0.8771935483870968,0.9622580645161289,0.8788064516129032,0.990516129032258,70.0,12787.0,16532.0,0.0054743098459372,0.0042342124364868
2024-08,Andalucía,582,1,78.449,99.159,2.3,11.21,80.36,1.4604435483870968,1.5639354838709678,1.5783709677419353,1.7514314516129033,0.8279677419354838,0.9134959677419354,0.83175,0.9435604838709678,582.0,307270.0,401856.0,0.001894099651772,0.0014482799808886
2024-08,Aragón,433,0,78.449,99.159,2.3,11.21,80.36,1.4630215053763442,1.5779569892473118,1.571795698924731,1.7523978494623658,0.8300645161290322,0.9250860215053763,0.8263763440860215,0.9443440860215053,433.0,67617.0,87212.0,0.0064037150420752,0.0049649130853552
2024-08,"Asturias, Principado de",57,0,78.449,99.159,2.3,11.21,80.36,1.5116129032258063,1.6066451612903225,1.6347096774193548,1.795225806451613,0.870225806451613,0.9488064516129032,0.8783870967741936,0.9799032258064516,57.0,36746.0,46629.0,0.0015511892450879,0.001222415235154
2024-08,"Balears, Illes",0,0,78.449,99.159,2.3,11.21,80.36,1.5590967741935484,1.644,1.6829354838709678,1.8355806451612904,0.909483870967742,0.9797741935483871,0.9182258064516129,1.0130645161290321,0.0,37971.0,63420.0,0.0,0.0
2024-08,Canarias,0,0,78.449,99.159,2.3,11.21,80.36,1.237258064516129,1.3607258064516128,1.2632096774193549,1.3957903225806452,0.9894193548387097,1.1130645161290322,0.9714677419354839,1.1040967741935486,0.0,54123.0,182652.0,0.0,0.0
2024-08,Cantabria,533,0,78.449,99.159,2.3,11.21,80.36,1.479741935483871,1.5503225806451613,1.622741935483871,1.7941612903225805,0.8438709677419355,0.9022580645161291,0.8684516129032258,0.9789354838709676,533.0,29394.0,35084.0,0.0181329523031911,0.0151921103636985
2024-08,Castilla - La Mancha,209,0,78.449,99.159,2.3,11.21,80.36,1.466451612903226,1.574174193548387,1.5867290322580645,1.7517612903225808,0.8329870967741936,0.9218516129032258,0.8386709677419355,0.9438193548387097,209.0,104715.0,138867.0,0.0019958936160053,0.0015050371938617
2024-08,Castilla y León,284,0,78.449,99.159,2.3,11.21,80.36,1.4627670250896059,1.5656057347670251,1.582179211469534,1.7569390681003583,0.8299068100358422,0.9148745519713262,0.8348888888888889,0.9481433691756271,284.0,160174.0,205660.0,0.0017730717844344,0.0013809199649907
2024-08,Cataluña,1036,1,78.449,99.159,2.3,11.21,80.36,1.4445483870967741,1.5599112903225807,1.5796209677419355,1.7734596774193547,0.8148709677419355,0.9101290322580645,0.8327661290322581,0.961725806451613,1036.0,289272.0,343715.0,0.0035814043529964,0.003014125074553
2024-08,Ceuta,0,0,78.449,99.159,2.3,11.21,80.36,1.2349032258064514,1.2831935483870969,1.2922903225806452,1.3259032258064516,1.0749032258064517,1.123193548387097,1.0852903225806454,1.103258064516129,0.0,1185.0,9075.0,0.0,0.0
2024-08,Comunitat Valenciana,403,1,78.449,99.159,2.3,11.21,80.36,1.4393010752688171,1.5559247311827957,1.5949677419354837,1.7864516129032257,0.8105483870967742,0.9068709677419354,0.8454731182795698,0.9724946236559139,403.0,176663.0,212610.0,0.0022811794207049,0.0018954893937256
2024-08,ESPAÑA,6946,1,78.449,99.159,2.3,11.21,80.36,1.4272985757404264,1.5233251461988304,1.5396130258441802,1.725056157905217,0.866357177890964,0.9474709441614789,0.8728059234106773,0.9754254231381919,6946.0,1847407.0,2412021.0,0.0037598645019749,0.0028797427551418
2024-08,Extremadura,53,0,78.449,99.159,2.3,11.21,80.36,1.4769193548387096,1.5837258064516129,1.5793387096774194,1.7478387096774193,0.8416129032258064,0.9298225806451613,0.832516129032258,0.9405806451612904,53.0,60487.0,72935.0,0.0008762213368161,0.0007266744361417
2024-08,Galicia,84,0,78.449,99.159,2.3,11.21,80.36,1.468467741935484,1.569475806451613,1.5812419354838712,1.7451774193548386,0.8345806451612903,0.9180645161290323,0.8341129032258064,0.9384193548387098,84.0,121369.0,161510.0,0.000692104244082,0.0005200916351928
2024-08,"Madrid, Comunidad de",598,1,78.449,99.159,2.3,11.21,80.36,1.4653548387096775,1.5680322580645163,1.5964193548387098,1.7875806451612903,0.8320645161290323,0.9168387096774194,0.8466774193548388,0.9734516129032258,598.0,134104.0,146188.0,0.004459225675595,0.0040906230333543
2024-08,Melilla,0,0,78.449,99.159,2.3,11.21,80.36,1.1211612903225807,1.1616129032258065,1.1603548387096774,,1.0177419354838708,1.0552580645161291,0.984516129032258,,0.0,1255.0,1255.0,0.0,0.0
2024-08,"Murcia, Región de",1055,0,78.449,99.159,2.3,11.21,80.36,1.423741935483871,1.507516129032258,1.5593548387096776,1.7271290322580646,0.7976451612903226,0.8667741935483871,0.816,0.9233548387096775,1055.0,79765.0,92673.0,0.0132263524102049,0.0113841140353716
2024-08,"Navarra, Comunidad Foral de",362,0,78.449,99.159,2.3,11.21,80.36,1.4385161290322581,1.5522258064516128,1.5721612903225808,1.7629354838709677,0.8099999999999999,0.9038709677419354,0.8266129032258065,0.9530967741935483,362.0,44164.0,50738.0,0.0081967213114754,0.0071346919468642
2024-08,País Vasco,1180,0,78.449,99.159,2.3,11.21,80.36,1.484462365591398,1.571032258064516,1.616741935483871,1.785731182795699,0.8479247311827957,0.9193333333333333,0.8635483870967742,0.972021505376344,1180.0,129848.0,145382.0,0.0090875485182675,0.008116548128379
2024-08,"Rioja, La",77,0,78.449,99.159,2.3,11.21,80.36,1.4809032258064516,1.5871612903225807,1.597483870967742,1.7755161290322579,0.8449677419354839,0.9325806451612904,0.8475806451612903,0.9633870967741935,77.0,11285.0,14560.0,0.0068232166592822,0.0052884615384615
2024-09,Andalucía,440,1,102.926,101.1,1.5,11.21,74.02,1.3954416666666667,1.501825,1.5054166666666666,1.6810375,0.7742833333333333,0.862175,0.7714416666666667,0.8853708333333333,440.0,283332.0,380686.0,0.0015529484844634,0.001155808198883
2024-09,Aragón,801,0,102.926,101.1,1.5,11.21,74.02,1.4006777777777777,1.5110888888888887,1.501188888888889,1.6816444444444445,0.7786222222222223,0.8697999999999999,0.7679555555555555,0.8859111111111111,801.0,66566.0,92074.0,0.0120331700868311,0.0086995242956752
2024-09,"Asturias, Principado de",32,0,102.926,101.1,1.5,11.21,74.02,1.4452,1.5413,1.5664666666666667,1.726,0.8153666666666667,0.8948,0.822,0.9224,32.0,32606.0,43416.0,0.0009814144635956,0.0007370554634236
2024-09,"Balears, Illes",0,0,102.926,101.1,1.5,11.21,74.02,1.5005666666666668,1.5850333333333333,1.6162999999999998,1.7661666666666667,0.8612,0.9308333333333334,0.8630666666666666,0.9558333333333332,0.0,30877.0,52186.0,0.0,0.0
2024-09,Canarias,0,0,102.926,101.1,1.5,11.21,74.02,1.2117666666666667,1.3360666666666667,1.2355333333333334,1.3689,0.9639833333333333,1.0883666666666667,0.9437833333333334,1.0772166666666665,0.0,51883.0,179915.0,0.0,0.0
2024-09,Cantabria,422,0,102.926,101.1,1.5,11.21,74.02,1.4157333333333333,1.4969333333333334,1.5468333333333333,1.7251333333333332,0.7909,0.8582,0.8058,0.9218333333333334,422.0,24737.0,30187.0,0.0170594655778792,0.0139795276112233
2024-09,Castilla - La Mancha,335,0,102.926,101.1,1.5,11.21,74.02,1.4106,1.5196133333333335,1.5210733333333333,1.6850333333333334,0.78676,0.8768400000000001,0.7843666666666667,0.8886,335.0,105236.0,150083.0,0.0031833212968945,0.0022320982389744
2024-09,Castilla y León,239,0,102.926,101.1,1.5,11.21,74.02,1.395085185185185,1.501525925925926,1.5056592592592593,1.6823148148148148,0.7739814814814815,0.8619074074074075,0.7716592592592593,0.8864074074074074,239.0,143855.0,201948.0,0.0016613951548434,0.0011834729732406
2024-09,Cataluña,775,1,102.926,101.1,1.5,11.21,74.02,1.3742333333333332,1.483225,1.5024416666666667,1.6936083333333334,0.7567833333333334,0.8468,0.769025,0.8958083333333333,775.0,273210.0,341642.0,0.0028366458035943,0.0022684564544171
2024-09,Ceuta,0,0,102.926,101.1,1.5,11.21,74.02,1.1933,1.2412666666666667,1.2333666666666667,1.2668,1.0341666666666667,1.0813,1.0270333333333332,1.0448,0.0,1114.0,20207.0,0.0,0.0
2024-09,Comunitat Valenciana,442,1,102.926,101.1,1.5,11.21,74.02,1.3629555555555555,1.4829777777777777,1.5099666666666667,1.7009888888888889,0.7473666666666667,0.8466333333333333,0.7751666666666667,0.9019,442.0,166212.0,200482.0,0.002659254446129,0.0022046867050408
2024-09,ESPAÑA,7044,1,102.926,101.1,1.5,11.21,74.02,1.3662582846003897,1.4640393469785575,1.4705730604288498,1.6553516718106995,0.8151651949317739,0.8977159454191033,0.8148424463937621,0.9170009516460905,7044.0,1772806.0,2416237.0,0.003973362003513,0.0029152769368236
2024-09,Extremadura,41,0,102.926,101.1,1.5,11.21,74.02,1.4200833333333334,1.52545,1.5082166666666665,1.67415,0.79455,0.8817166666666666,0.7737333333333333,0.87975,41.0,57890.0,70357.0,0.0007082397650716,0.0005827422999843
2024-09,Galicia,110,0,102.926,101.1,1.5,11.21,74.02,1.397575,1.5039083333333332,1.5044916666666666,1.6725083333333333,0.7760750000000001,0.8639083333333333,0.770675,0.878275,110.0,108072.0,162010.0,0.0010178399585461,0.0006789704339238
2024-09,"Madrid, Comunidad de",980,1,102.926,101.1,1.5,11.21,74.02,1.3980333333333332,1.5055333333333332,1.5189666666666666,1.7186,0.7764666666666666,0.8652333333333334,0.7827666666666667,0.9163333333333334,980.0,145069.0,164061.0,0.0067554060481563,0.0059733879471659
2024-09,Melilla,0,0,102.926,101.1,1.5,11.21,74.02,1.0905666666666667,1.1310666666666667,1.1345999999999998,,0.9893666666666666,1.0268666666666666,0.9603666666666667,,0.0,1146.0,1376.0,0.0,0.0
2024-09,"Murcia, Región de",964,0,102.926,101.1,1.5,11.21,74.02,1.3502333333333332,1.4366333333333332,1.4863,1.6571333333333333,0.7368333333333333,0.8083333333333333,0.7556666666666667,0.8656,964.0,76186.0,91023.0,0.0126532433780484,0.0105907298155411
2024-09,"Navarra, Comunidad Foral de",402,0,102.926,101.1,1.5,11.21,74.02,1.3649,1.4819,1.4865666666666668,1.6849333333333334,0.7489666666666667,0.8455999999999999,0.756,0.8885333333333333,402.0,48444.0,56916.0,0.0082982412682685,0.0070630402698713
2024-09,País Vasco,963,0,102.926,101.1,1.5,11.21,74.02,1.4148222222222222,1.5084,1.5354,1.712011111111111,0.7903,0.8675888888888889,0.7962666666666667,0.9110111111111111,963.0,144126.0,161004.0,0.006681653553141,0.0059812178579414
2024-09,"Rioja, La",98,0,102.926,101.1,1.5,11.21,74.02,1.4171333333333334,1.523,1.5220999999999998,1.6993666666666667,0.7921666666666667,0.8797,0.7852333333333334,0.9004333333333334,98.0,12245.0,16664.0,0.0080032666394446,0.005880940950552
2024-10,Andalucía,510,1,110.402,102.212,1.8,10.61,75.63,1.3889596774193549,1.4948185483870968,1.4963830645161291,1.6735806451612902,0.7688790322580645,0.856375,0.763991935483871,0.8791532258064516,510.0,288499.0,407178.0,0.0017677704255474,0.0012525234663955
2024-10,Aragón,724,0,110.402,102.212,1.8,10.61,75.63,1.396032258064516,1.5029462365591397,1.5023225806451614,1.684258064516129,0.7747419354838709,0.8630645161290322,0.7688924731182796,0.8879677419354839,724.0,72798.0,104416.0,0.0099453281683562,0.0069338032485442
2024-10,"Asturias, Principado de",35,0,110.402,102.212,1.8,10.61,75.63,1.4464193548387096,1.5409032258064517,1.5630322580645162,1.7206774193548386,0.8163548387096774,0.8942580645161291,0.8191290322580645,0.9180645161290323,35.0,36100.0,49757.0,0.0009695290858725,0.0007034186144663
2024-10,"Balears, Illes",0,0,110.402,102.212,1.8,10.61,75.63,1.4951290322580644,1.5810322580645162,1.6036451612903226,1.760774193548387,0.8566129032258064,0.9274516129032259,0.8526451612903225,0.9513870967741935,0.0,30846.0,49017.0,0.0,0.0
2024-10,Canarias,0,0,110.402,102.212,1.8,10.61,75.63,1.199951612903226,1.3248064516129032,1.2207741935483871,1.3530645161290322,0.952241935483871,1.0771290322580644,0.9290322580645162,1.0613548387096774,0.0,58655.0,199786.0,0.0,0.0
2024-10,Cantabria,421,0,110.402,102.212,1.8,10.61,75.63,1.4100967741935484,1.4890645161290323,1.5388064516129032,1.7153548387096775,0.7865483870967743,0.8515806451612904,0.7990322580645163,0.913741935483871,421.0,24484.0,30853.0,0.0171949027936611,0.0136453505331734
2024-10,Castilla - La Mancha,503,0,110.402,102.212,1.8,10.61,75.63,1.4086967741935483,1.5199677419354838,1.5141354838709677,1.6816516129032257,0.7852064516129033,0.8771225806451614,0.7786322580645162,0.8858129032258064,503.0,110234.0,171036.0,0.0045630204836983,0.002940901330714
2024-10,Castilla y León,214,0,110.402,102.212,1.8,10.61,75.63,1.4001756272401433,1.4982473118279571,1.4968566308243727,1.6681971326164875,0.7781863799283154,0.8592258064516128,0.764336917562724,0.8747240143369176,214.0,138956.0,213458.0,0.0015400558450156,0.0010025391411893
2024-10,Cataluña,1449,1,110.402,102.212,1.8,10.61,75.63,1.3814274193548386,1.4910403225806452,1.5021693548387096,1.6933790322580646,0.7627016129032258,0.8532822580645162,0.7687903225806452,0.8955161290322581,1449.0,303182.0,382606.0,0.0047793074786761,0.0037871857733543
2024-10,Ceuta,0,0,110.402,102.212,1.8,10.61,75.63,1.1936451612903225,1.2405806451612902,1.2426451612903227,1.2763225806451612,1.0346451612903225,1.0805806451612903,1.0356451612903226,1.0543225806451613,0.0,1132.0,6881.0,0.0,0.0
2024-10,Comunitat Valenciana,344,1,110.402,102.212,1.8,10.61,75.63,1.366774193548387,1.4867741935483871,1.5058709677419353,1.7023333333333335,0.7506344086021505,0.8497849462365592,0.7718387096774194,0.9029462365591399,344.0,160065.0,197578.0,0.0021491269171898,0.0017410845337031
2024-10,ESPAÑA,8124,1,110.402,102.212,1.8,10.61,75.63,1.368024551971326,1.464009974533107,1.4662688973778533,1.651050438072481,0.8166150443312583,0.8976434776457272,0.8112500754574609,0.91337391477499,8124.0,1842277.0,2585218.0,0.0044097603129171,0.0031424816011647
2024-10,Extremadura,63,0,110.402,102.212,1.8,10.61,75.63,1.4182580645161291,1.5263387096774192,1.5004193548387097,1.6731451612903225,0.7930967741935484,0.8824354838709677,0.7673387096774194,0.8788548387096774,63.0,56717.0,71801.0,0.0011107780735934,0.0008774251054999
2024-10,Galicia,69,0,110.402,102.212,1.8,10.61,75.63,1.4023629032258065,1.5027016129032258,1.4967580645161291,1.6601370967741935,0.7800403225806453,0.8629677419354839,0.764241935483871,0.8680564516129032,69.0,114645.0,176226.0,0.0006018579091979,0.0003915426781519
2024-10,"Madrid, Comunidad de",1335,1,110.402,102.212,1.8,10.61,75.63,1.4055806451612904,1.515290322580645,1.5215806451612903,1.7186774193548389,0.7826774193548388,0.8733225806451613,0.7848709677419354,0.9165483870967742,1335.0,152310.0,179276.0,0.0087650187118377,0.0074466186215667
2024-10,Melilla,0,0,110.402,102.212,1.8,10.61,75.63,1.1046774193548388,1.1455483870967742,1.1442903225806451,,1.0023225806451612,1.040258064516129,0.9696774193548386,,0.0,1122.0,1167.0,0.0,0.0
2024-10,"Murcia, Región de",971,0,110.402,102.212,1.8,10.61,75.63,1.3525483870967743,1.4358387096774194,1.4786774193548387,1.649548387096774,0.7387741935483871,0.8077096774193548,0.7492903225806452,0.8592580645161291,971.0,76873.0,92668.0,0.0126312229261249,0.0104782664997625
2024-10,"Navarra, Comunidad Foral de",401,0,110.402,102.212,1.8,10.61,75.63,1.377741935483871,1.487258064516129,1.488709677419355,1.6852903225806453,0.7595806451612903,0.85,0.7576129032258064,0.8888709677419355,401.0,56484.0,66559.0,0.0070993555697188,0.0060247299388512
2024-10,País Vasco,1006,0,110.402,102.212,1.8,10.61,75.63,1.4200860215053766,1.5070322580645161,1.5246451612903227,1.7095806451612905,0.7946344086021505,0.866516129032258,0.7874301075268818,0.908989247311828,1006.0,145639.0,165750.0,0.0069074904386874,0.0060693815987933
2024-10,"Rioja, La",79,0,110.402,102.212,1.8,10.61,75.63,1.4239032258064515,1.526,1.5173870967741936,1.6929354838709678,0.7978064516129033,0.8821612903225807,0.7813225806451612,0.8951612903225806,79.0,13536.0,19205.0,0.0058362884160756,0.0041135121062223
2024-11,Andalucía,608,1,103.868,99.901,2.4,10.61,74.35,1.4145,1.515325,1.5049166666666667,1.6760541666666666,0.7900625,0.873325,0.7710125,0.881225,608.0,280760.0,385605.0,0.0021655506482404,0.0015767430401576
2024-11,Aragón,1015,0,103.868,99.901,2.4,10.61,74.35,1.4152444444444445,1.5126666666666666,1.5123999999999997,1.6865222222222223,0.7906111111111112,0.8711777777777778,0.7771555555555556,0.8898,1015.0,69728.0,101127.0,0.0145565626434144,0.0100368843137836
2024-11,"Asturias, Principado de",48,0,103.868,99.901,2.4,10.61,74.35,1.4622,1.5566333333333333,1.5638666666666665,1.7218333333333333,0.8293666666666667,0.9074333333333334,0.8196333333333333,0.9191,48.0,32415.0,44204.0,0.0014807959278111,0.0010858745814858
2024-11,"Balears, Illes",0,0,103.868,99.901,2.4,10.61,74.35,1.5081666666666667,1.5931333333333335,1.5986333333333334,1.7593999999999999,0.8674333333333333,0.9376,0.8486999999999999,0.9503,0.0,23621.0,37313.0,0.0,0.0
2024-11,Canarias,56,0,103.868,99.901,2.4,10.61,74.35,1.1968,1.3211166666666665,1.2149666666666665,1.3468166666666666,0.9489833333333333,1.0734,0.9231333333333333,1.0551,56.0,54911.0,223965.0,0.0010198320919305,0.0002500390686044
2024-11,Cantabria,522,0,103.868,99.901,2.4,10.61,74.35,1.4298,1.5062,1.5445666666666669,1.7140666666666668,0.8027000000000001,0.8658333333333333,0.8040666666666667,0.9126666666666667,522.0,25091.0,30631.0,0.0208042724482882,0.0170415592047272
2024-11,Castilla - La Mancha,690,0,103.868,99.901,2.4,10.61,74.35,1.4330733333333334,1.53868,1.5235666666666667,1.6871200000000002,0.8054266666666667,0.8925866666666668,0.7864333333333333,0.89038,690.0,108626.0,160798.0,0.0063520704067166,0.0042910981479869
2024-11,Castilla y León,432,0,103.868,99.901,2.4,10.61,74.35,1.425262962962963,1.5204185185185184,1.5050777777777777,1.671385185185185,0.7989444444444445,0.8775222222222223,0.7711629629629629,0.8773444444444445,432.0,133442.0,201620.0,0.0032373615503364,0.0021426445789108
2024-11,Cataluña,1843,1,103.868,99.901,2.4,10.61,74.35,1.407025,1.513475,1.5131416666666666,1.6979916666666668,0.7838499999999999,0.8717666666666666,0.7779416666666668,0.8994083333333334,1843.0,278124.0,348364.0,0.0066265406796968,0.005290443329391
2024-11,Ceuta,0,0,103.868,99.901,2.4,10.61,74.35,1.2171999999999998,1.2667000000000002,1.2610333333333335,1.2936666666666667,1.0576,1.1067,1.0540333333333334,1.0716666666666665,0.0,833.0,7702.0,0.0,0.0
2024-11,Comunitat Valenciana,435,1,103.868,99.901,2.4,10.61,74.35,1.3941666666666666,1.507688888888889,1.5139444444444443,1.7008666666666667,0.7732666666666668,0.8670222222222221,0.7785222222222223,0.9017555555555555,435.0,157594.0,191296.0,0.0027602573702044,0.002273962863834
2024-11,ESPAÑA,10408,1,103.868,99.901,2.4,10.61,74.35,1.3894932846003898,1.4815880799220273,1.4735500000000001,1.6544747479423867,0.8345655116959064,0.9124661111111111,0.8174663986354777,0.9163086111111112,10408.0,1771612.0,2471080.0,0.0058748755370814,0.0042119235314113
2024-11,Extremadura,95,0,103.868,99.901,2.4,10.61,74.35,1.4408666666666667,1.5472166666666667,1.5057166666666668,1.6775833333333334,0.8117666666666667,0.8996666666666667,0.7716,0.8824500000000001,95.0,56005.0,70340.0,0.0016962771181144,0.001350582883139
2024-11,Galicia,156,0,103.868,99.901,2.4,10.61,74.35,1.4300333333333333,1.5231416666666666,1.506675,1.66415,0.8029,0.8797666666666667,0.7724666666666666,0.8713916666666666,156.0,107307.0,148680.0,0.0014537728200396,0.001049233252623
2024-11,"Madrid, Comunidad de",1635,1,103.868,99.901,2.4,10.61,74.35,1.4348666666666667,1.5332666666666666,1.5338333333333334,1.7255333333333334,0.8069333333333334,0.8882,0.7949666666666667,0.9221,1635.0,144854.0,171776.0,0.0112872271390503,0.0095182097615499
2024-11,Melilla,0,0,103.868,99.901,2.4,10.61,74.35,1.1149333333333333,1.1555666666666666,1.1555,,1.0117333333333332,1.05,0.9803,,0.0,972.0,972.0,0.0,0.0
2024-11,"Murcia, Región de",1149,0,103.868,99.901,2.4,10.61,74.35,1.3821333333333332,1.4608333333333334,1.4906000000000001,1.6565666666666665,0.7633,0.8284,0.7592333333333333,0.8651666666666666,1149.0,74503.0,88786.0,0.0154221977638484,0.0129412294731151
2024-11,"Navarra, Comunidad Foral de",528,0,103.868,99.901,2.4,10.61,74.35,1.4056333333333333,1.5128,1.4969333333333334,1.6916,0.7826333333333333,0.8712,0.7646,0.894,528.0,62112.0,71654.0,0.008500772797527,0.0073687442431685
2024-11,País Vasco,1068,0,103.868,99.901,2.4,10.61,74.35,1.4469999999999998,1.5269777777777778,1.5309444444444444,1.7105222222222223,0.8169,0.8829222222222222,0.7925333333333333,0.9097000000000001,1068.0,147907.0,167787.0,0.0072207535816425,0.0063652130379588
2024-11,"Rioja, La",128,0,103.868,99.901,2.4,10.61,74.35,1.4414666666666667,1.5383333333333333,1.5211333333333334,1.6988666666666667,0.8123333333333334,0.8923333333333333,0.7843666666666668,0.9,128.0,12807.0,18460.0,0.0099945342390879,0.0069339111592632
2024-12,Andalucía,684,1,92.81,102.184,2.8,10.61,73.86,1.4473790322580644,1.545891129032258,1.5219314516129032,1.693818548387097,0.8172096774193549,0.8985645161290322,0.7850927419354838,0.8958991935483871,684.0,290874.0,398625.0,0.0023515336537469,0.0017158984007525
2024-12,Aragón,1303,0,92.81,102.184,2.8,10.61,73.86,1.4399569892473119,1.537967741935484,1.543720430107527,1.7164516129032257,0.8111075268817205,0.8920215053763441,0.8031612903225807,0.9146021505376345,1303.0,68836.0,111252.0,0.0189290487535591,0.0117121489950742
2024-12,"Asturias, Principado de",161,0,92.81,102.184,2.8,10.61,73.86,1.4847741935483871,1.5762580645161293,1.5755806451612904,1.7317741935483872,0.8480322580645161,0.9237096774193548,0.8294838709677419,0.9272903225806453,161.0,31725.0,46110.0,0.0050748620961386,0.0034916504012144
2024-12,"Balears, Illes",0,0,92.81,102.184,2.8,10.61,73.86,1.5314838709677419,1.6159354838709679,1.6093225806451614,1.7693225806451611,0.8867741935483872,0.9565483870967741,0.857258064516129,0.9583548387096774,0.0,22304.0,39989.0,0.0,0.0
2024-12,Canarias,111,0,92.81,102.184,2.8,10.61,73.86,1.1942419354838711,1.3182419354838708,1.2119032258064517,1.3424516129032258,0.9464677419354838,1.0705967741935483,0.9201129032258065,1.0506935483870967,111.0,54533.0,206093.0,0.0020354647644545,0.0005385918007889
2024-12,Cantabria,718,0,92.81,102.184,2.8,10.61,73.86,1.4484193548387099,1.5179354838709676,1.5539354838709676,1.721483870967742,0.8180967741935483,0.8755483870967742,0.8115806451612902,0.9187741935483872,718.0,23191.0,29998.0,0.0309602863179681,0.0239349289952663
2024-12,Castilla - La Mancha,1161,0,92.81,102.184,2.8,10.61,73.86,1.4578451612903227,1.5601935483870968,1.5393548387096774,1.7024774193548389,0.8258774193548387,0.910341935483871,0.7995354838709677,0.903,1161.0,111900.0,179205.0,0.0103753351206434,0.0064786138779609
2024-12,Castilla y León,533,0,92.81,102.184,2.8,10.61,73.86,1.4511003584229392,1.5430143369175626,1.5256200716845878,1.689032258064516,0.8202724014336917,0.8962114695340502,0.7881218637992832,0.8919534050179212,533.0,132054.0,215712.0,0.004036227603859,0.0024708871087375
2024-12,Cataluña,2176,1,92.81,102.184,2.8,10.61,73.86,1.4260887096774195,1.5280806451612903,1.5185806451612904,1.701024193548387,0.7996129032258065,0.8838790322580645,0.7823709677419356,0.9018790322580645,2176.0,286945.0,368875.0,0.0075833347854118,0.0058990172822771
2024-12,Ceuta,0,0,92.81,102.184,2.8,10.61,73.86,1.2406129032258066,1.2899354838709678,1.275741935483871,1.3098387096774196,1.0806129032258065,1.1299354838709676,1.068741935483871,1.0877419354838709,0.0,1113.0,10256.0,0.0,0.0
2024-12,Comunitat Valenciana,549,1,92.81,102.184,2.8,10.61,73.86,1.4281612903225804,1.541010752688172,1.5192258064516126,1.7018172043010753,0.8013010752688172,0.89447311827957,0.7829569892473118,0.9025161290322581,549.0,165596.0,203730.0,0.0033152974709534,0.0026947430422618
2024-12,ESPAÑA,13441,1,92.81,102.184,2.8,10.61,73.86,1.4120680154687795,1.5020654829277493,1.4858360450858328,1.6648787485065712,0.8535006696849651,0.9296796642142993,0.8278187653272968,0.9250161539227401,13441.0,1775775.0,2570894.0,0.0075690895524489,0.0052281424282759
2024-12,Extremadura,109,0,92.81,102.184,2.8,10.61,73.86,1.4694999999999998,1.5730483870967742,1.5216451612903226,1.6924516129032259,0.8354354838709677,0.9210322580645162,0.7848709677419354,0.8946774193548387,109.0,54544.0,69498.0,0.0019983866236432,0.0015683904572793
2024-12,Galicia,160,0,92.81,102.184,2.8,10.61,73.86,1.4583951612903225,1.549,1.5228387096774194,1.6785725806451612,0.8263145161290322,0.9011048387096775,0.7858387096774194,0.8833064516129032,160.0,110764.0,169097.0,0.0014445126575421,0.0009462024755022
2024-12,"Madrid, Comunidad de",2067,1,92.81,102.184,2.8,10.61,73.86,1.4564193548387097,1.5503548387096775,1.5408709677419354,1.7313225806451613,0.8246774193548386,0.9024193548387097,0.8006774193548387,0.9268709677419354,2067.0,144663.0,187607.0,0.0142883805810746,0.0110177125586998
2024-12,Melilla,0,0,92.81,102.184,2.8,10.61,73.86,1.1304516129032256,1.1707419354838708,1.1714516129032257,,1.0264516129032257,1.0644516129032258,0.9952580645161291,,0.0,1170.0,1170.0,0.0,0.0
2024-12,"Murcia, Región de",1455,0,92.81,102.184,2.8,10.61,73.86,1.4081935483870966,1.4850645161290321,1.5010967741935484,1.6662903225806451,0.7849677419354839,0.8483225806451612,0.7678709677419355,0.873225806451613,1455.0,76402.0,92955.0,0.0190440040836627,0.0156527351944489
2024-12,"Navarra, Comunidad Foral de",871,0,92.81,102.184,2.8,10.61,73.86,1.4288709677419356,1.5369032258064517,1.504741935483871,1.697258064516129,0.8018064516129033,0.8910645161290323,0.7708709677419355,0.8988709677419355,871.0,57112.0,68473.0,0.0152507353971144,0.0127203423247119
2024-12,País Vasco,1220,0,92.81,102.184,2.8,10.61,73.86,1.4751075268817204,1.5522150537634407,1.5427741935483872,1.7154623655913979,0.8401720430107527,0.9038494623655915,0.8024301075268818,0.9137956989247312,1220.0,129687.0,152417.0,0.0094072651846368,0.0080043564694227
2024-12,"Rioja, La",163,0,92.81,102.184,2.8,10.61,73.86,1.4522903225806452,1.5474516129032256,1.530548387096774,1.706967741935484,0.8213225806451613,0.8998387096774193,0.7923225806451614,0.9068387096774194,163.0,12362.0,19832.0,0.0131855686782074,0.0082190399354578
2025-01,Andalucía,590,1,100.252,101.358,2.9,11.36,79.27,1.4995645161290323,1.6016895161290323,1.568423387096774,1.7415524193548386,0.8603024193548386,0.9447459677419354,0.8235443548387097,0.9353750000000001,590.0,277526.0,382355.0,0.0021259269401785,0.0015430686142459
2025-01,Aragón,1231,0,100.252,101.358,2.9,11.36,79.27,1.49247311827957,1.5910215053763441,1.5919677419354838,1.7653333333333332,0.8544516129032258,0.9358602150537634,0.8429569892473118,0.9550430107526882,1231.0,70715.0,112846.0,0.0174079049706568,0.0109086719954628
2025-01,"Asturias, Principado de",193,0,100.252,101.358,2.9,11.36,79.27,1.5366451612903225,1.626774193548387,1.6193548387096774,1.7774516129032258,0.8909354838709678,0.9654516129032258,0.8655483870967742,0.9649677419354838,193.0,31310.0,47426.0,0.0061641648035771,0.0040694977438535
2025-01,"Balears, Illes",0,0,100.252,101.358,2.9,11.36,79.27,1.5829354838709677,1.6664516129032256,1.6570645161290323,1.8167096774193547,0.9292258064516129,0.998258064516129,0.8968709677419355,0.9976451612903225,0.0,20516.0,36103.0,0.0,0.0
2025-01,Canarias,142,0,100.252,101.358,2.9,11.36,79.27,1.2067903225806451,1.3236290322580644,1.2241451612903227,1.3500645161290323,0.9590645161290322,1.0759354838709678,0.9324032258064515,1.058274193548387,142.0,53947.0,198941.0,0.0026322130980406,0.0007137794622526
2025-01,Cantabria,518,0,100.252,101.358,2.9,11.36,79.27,1.4964193548387097,1.561774193548387,1.5933548387096774,1.7613548387096774,0.857741935483871,0.9116129032258065,0.8442258064516129,0.9518064516129032,518.0,21430.0,28155.0,0.0241717218852076,0.0183981530811578
2025-01,Castilla - La Mancha,874,0,100.252,101.358,2.9,11.36,79.27,1.5082387096774192,1.6090322580645162,1.5858258064516129,1.7515096774193548,0.8674322580645161,0.9507741935483871,0.8378709677419355,0.9436258064516129,874.0,99060.0,168272.0,0.0088229355945891,0.0051939716649234
2025-01,Castilla y León,372,0,100.252,101.358,2.9,11.36,79.27,1.501336917562724,1.5938817204301075,1.5736917562724015,1.73815770609319,0.8617383512544802,0.9382437275985662,0.8278924731182795,0.9325878136200717,372.0,129700.0,206487.0,0.0028681572860447,0.0018015662002934
2025-01,Cataluña,1894,1,100.252,101.358,2.9,11.36,79.27,1.4710564516129032,1.574959677419355,1.5575887096774192,1.7425564516129033,0.8367096774193548,0.9225645161290322,0.8145725806451614,0.9362903225806452,1894.0,275636.0,358190.0,0.0068713810968088,0.0052876964739384
2025-01,Ceuta,0,0,100.252,101.358,2.9,11.36,79.27,1.2779677419354838,1.3249354838709677,1.3119677419354838,1.3443548387096773,1.1179677419354836,1.1649354838709678,1.1049677419354837,1.1213548387096774,0.0,962.0,9279.0,0.0,0.0
2025-01,Comunitat Valenciana,462,1,100.252,101.358,2.9,11.36,79.27,1.4835913978494621,1.5977956989247313,1.560193548387097,1.7462043010752688,0.8470752688172042,0.9414838709677419,0.8168172043010753,0.9392688172043011,462.0,156582.0,195623.0,0.0029505307123424,0.0023616854868803
2025-01,ESPAÑA,11376,1,100.252,101.358,2.9,11.36,79.27,1.4590154404829276,1.5481756508206,1.5274784993397472,1.707198740541617,0.8928893557819279,0.9683289709488775,0.8628870260328239,0.9603770858223815,11376.0,1717928.0,2501136.0,0.006621930604775,0.0045483332373769
2025-01,Extremadura,107,0,100.252,101.358,2.9,11.36,79.27,1.5151129032258064,1.6201451612903226,1.568532258064516,1.7378064516129033,0.8731290322580645,0.9600161290322581,0.8236612903225806,0.9321774193548388,107.0,52711.0,66174.0,0.0020299368253305,0.0016169492549944
2025-01,Galicia,129,0,100.252,101.358,2.9,11.36,79.27,1.5131612903225806,1.6050645161290322,1.5702500000000001,1.7238870967741935,0.8714677419354838,0.947508064516129,0.8250483870967742,0.9207903225806452,129.0,103697.0,159236.0,0.0012440089877238,0.0008101183149539
2025-01,"Madrid, Comunidad de",1663,1,100.252,101.358,2.9,11.36,79.27,1.5103548387096775,1.6003870967741936,1.5840967741935483,1.7754516129032258,0.8690967741935484,0.9435806451612904,0.8365483870967741,0.963516129032258,1663.0,135841.0,182285.0,0.0122422538114413,0.0091230765010834
2025-01,Melilla,0,0,100.252,101.358,2.9,11.36,79.27,1.1634193548387097,1.2051612903225806,1.2068387096774194,,1.0574193548387096,1.096225806451613,1.0280967741935483,,0.0,1024.0,1024.0,0.0,0.0
2025-01,"Murcia, Región de",1123,0,100.252,101.358,2.9,11.36,79.27,1.4563225806451614,1.530516129032258,1.5398064516129033,1.7066451612903226,0.824516129032258,0.8859354838709677,0.7999677419354838,0.9065161290322581,1123.0,76544.0,93503.0,0.014671300167224,0.0120103098296311
2025-01,"Navarra, Comunidad Foral de",919,0,100.252,101.358,2.9,11.36,79.27,1.4788709677419354,1.5876451612903226,1.5471612903225804,1.7395483870967743,0.8430645161290322,0.9329999999999999,0.8059032258064517,0.933741935483871,919.0,59108.0,71085.0,0.0155478107870339,0.0129281845677709
2025-01,País Vasco,1042,0,100.252,101.358,2.9,11.36,79.27,1.5244838709677417,1.5995053763440858,1.587763440860215,1.7591505376344085,0.8808494623655914,0.9429569892473119,0.8395376344086022,0.9499354838709677,1042.0,139964.0,165359.0,0.0074447715126746,0.0063014411069249
2025-01,"Rioja, La",117,0,100.252,101.358,2.9,11.36,79.27,1.5025483870967742,1.594967741935484,1.5740645161290323,1.7518387096774195,0.8627096774193548,0.9391612903225807,0.8284193548387095,0.9438709677419355,117.0,11655.0,18793.0,0.01003861003861,0.0062257223434257
2025-02,Andalucía,498,1,101.758,102.243,3.0,11.36,75.44,1.5118125,1.6137008928571428,1.5722589285714286,1.7419107142857142,0.8703839285714287,0.9546651785714285,0.8267098214285714,0.9356785714285715,498.0,270673.0,368589.0,0.0018398584269579,0.001351098377868
2025-02,Aragón,1446,0,101.758,102.243,3.0,11.36,75.44,1.5065119047619047,1.6059404761904763,1.5831071428571428,1.7537142857142858,0.8659642857142857,0.9481785714285713,0.8356666666666667,0.9454404761904762,1446.0,73228.0,108642.0,0.0197465450374173,0.013309769702325
2025-02,"Asturias, Principado de",199,0,101.758,102.243,3.0,11.36,75.44,1.5454642857142855,1.6354642857142856,1.6178214285714285,1.7792142857142856,0.8980357142857143,0.9724642857142857,0.8644285714285714,0.9664285714285714,199.0,30258.0,43882.0,0.006576773084804,0.0045348890205551
2025-02,"Balears, Illes",0,0,101.758,102.243,3.0,11.36,75.44,1.5992142857142857,1.6787857142857143,1.670785714285714,1.8257857142857143,0.9426428571428571,1.0084285714285712,0.9079285714285714,1.005,0.0,22921.0,38236.0,0.0,0.0
2025-02,Canarias,0,0,101.758,102.243,3.0,11.36,75.44,1.2188392857142856,1.3358392857142858,1.2395,1.36675,0.9711071428571428,1.0881071428571427,0.9477321428571429,1.0749642857142858,0.0,51268.0,163247.0,0.0,0.0
2025-02,Cantabria,389,0,101.758,102.243,3.0,11.36,75.44,1.5137142857142858,1.5764285714285715,1.6002500000000002,1.773035714285714,0.8720357142857144,0.9239642857142858,0.8498571428571429,0.9614285714285714,389.0,22217.0,28591.0,0.0175091146419408,0.0136056801091252
2025-02,Castilla - La Mancha,628,0,101.758,102.243,3.0,11.36,75.44,1.5154,1.6127785714285716,1.5847928571428571,1.7449714285714286,0.8733928571428572,0.9538571428571428,0.8370714285714286,0.9381571428571429,628.0,99005.0,156000.0,0.0063431139841422,0.004025641025641
2025-02,Castilla y León,378,0,101.758,102.243,3.0,11.36,75.44,1.5069603174603174,1.596638888888889,1.5730357142857143,1.733472222222222,0.8664206349206349,0.9405198412698412,0.8274285714285714,0.9287301587301587,378.0,129244.0,196056.0,0.0029247005663705,0.0019280205655526
2025-02,Cataluña,1882,1,101.758,102.243,3.0,11.36,75.44,1.4818392857142857,1.586517857142857,1.5715267857142856,1.7575,0.8456785714285714,0.9321517857142857,0.8261696428571428,0.9485714285714285,1882.0,274454.0,344426.0,0.0068572511240499,0.0054641635648876
2025-02,Ceuta,0,0,101.758,102.243,3.0,11.36,75.44,1.3501785714285715,1.401,1.38475,1.4156785714285713,1.1901785714285715,1.2403928571428573,1.17775,1.1926785714285715,0.0,840.0,12185.0,0.0,0.0
2025-02,Comunitat Valenciana,506,1,101.758,102.243,3.0,11.36,75.44,1.501059523809524,1.6159285714285714,1.5730595238095237,1.7615476190476191,0.8615119047619049,0.9565238095238096,0.8274166666666667,0.9519880952380952,506.0,157842.0,198727.0,0.0032057373829525,0.002546206605041
2025-02,ESPAÑA,10716,1,101.758,102.243,3.0,11.36,75.44,1.4757678675856307,1.5649672253550542,1.5393752192982455,1.7159176697530865,0.9078011173767753,0.9832816677109439,0.8738179041353383,0.968411397707231,10716.0,1706204.0,2388522.0,0.0062806088838145,0.0044864564781065
2025-02,Extremadura,92,0,101.758,102.243,3.0,11.36,75.44,1.5236785714285712,1.6256964285714286,1.570482142857143,1.7359107142857142,0.8802321428571428,0.9645892857142856,0.8252321428571429,0.9306607142857144,92.0,52362.0,64719.0,0.0017569993506741,0.0014215299989184
2025-02,Galicia,119,0,101.758,102.243,3.0,11.36,75.44,1.5221785714285716,1.6146696428571428,1.5725089285714287,1.7257410714285715,0.8789464285714287,0.9554732142857142,0.8269464285714285,0.9223571428571429,119.0,102405.0,152111.0,0.0011620526341487,0.00078232343486
2025-02,"Madrid, Comunidad de",1640,1,101.758,102.243,3.0,11.36,75.44,1.5182499999999999,1.6055357142857143,1.5930357142857143,1.7870357142857143,0.87575,0.9477142857142856,0.8438928571428571,0.973,1640.0,131958.0,170884.0,0.012428196850513,0.009597153624681
2025-02,Melilla,0,0,101.758,102.243,3.0,11.36,75.44,1.2149642857142857,1.2610357142857143,1.2597857142857143,,1.1054642857142858,1.1483571428571426,1.0775000000000001,,0.0,893.0,893.0,0.0,0.0
2025-02,"Murcia, Región de",917,0,101.758,102.243,3.0,11.36,75.44,1.4698571428571428,1.5456785714285712,1.5478571428571428,1.711285714285714,0.83575,0.8984285714285714,0.8066071428571429,0.9102142857142858,917.0,74291.0,89438.0,0.0123433524922265,0.0102529126322144
2025-02,"Navarra, Comunidad Foral de",1075,0,101.758,102.243,3.0,11.36,75.44,1.48925,1.5986428571428573,1.5602857142857143,1.7520357142857144,0.8518214285714285,0.9420714285714286,0.8169285714285713,0.9440714285714285,1075.0,58027.0,68793.0,0.0185258586520068,0.0156265899146715
2025-02,País Vasco,863,0,101.758,102.243,3.0,11.36,75.44,1.5337023809523809,1.6101309523809524,1.5982857142857143,1.77225,0.8884404761904763,0.9516428571428571,0.8482380952380952,0.96075,863.0,141846.0,164552.0,0.0060840629978991,0.0052445427585201
2025-02,"Rioja, La",84,0,101.758,102.243,3.0,11.36,75.44,1.5167142857142857,1.6139642857142857,1.575,1.7486785714285715,0.8744642857142857,0.9548214285714286,0.8290357142857142,0.9412857142857142,84.0,12472.0,18551.0,0.0067350865939704,0.0045280577866422
2025-03,Andalucía,804,1,108.195,101.829,2.3,11.36,72.73,1.4675725806451614,1.5701532258064517,1.5247701612903224,1.6987298387096774,0.8338709677419354,0.918633064516129,0.7874435483870967,0.8999556451612903,804.0,289011.0,389437.0,0.0027819010349087,0.0020645187796742
2025-03,Aragón,1596,0,108.195,101.829,2.3,11.36,72.73,1.4588064516129033,1.5622903225806453,1.5282043010752686,1.7027849462365592,0.8265376344086021,0.9120967741935484,0.790236559139785,0.903279569892473,1596.0,71753.0,104448.0,0.0222429724192716,0.0152803308823529
2025-03,"Asturias, Principado de",23,0,108.195,101.829,2.3,11.36,72.73,1.5014838709677418,1.5938064516129034,1.5693225806451614,1.7356774193548385,0.8619354838709677,0.9381290322580645,0.824258064516129,0.9305161290322581,23.0,32733.0,48226.0,0.0007026548131854,0.0004769211628582
2025-03,"Balears, Illes",0,0,108.195,101.829,2.3,11.36,72.73,1.5618387096774193,1.6419032258064516,1.627,1.7798709677419355,0.911741935483871,0.9779354838709677,0.8719354838709678,0.9670645161290322,0.0,24796.0,46357.0,0.0,0.0
2025-03,Canarias,66,0,108.195,101.829,2.3,11.36,72.73,1.2120000000000002,1.3309677419354837,1.2331935483870968,1.3631612903225807,0.964258064516129,1.0832580645161292,0.9414516129032258,1.0715000000000001,66.0,53784.0,178827.0,0.001227130745203,0.000369071784462
2025-03,Cantabria,382,0,108.195,101.829,2.3,11.36,72.73,1.4845806451612902,1.5510645161290322,1.5547741935483872,1.7356774193548385,0.8478709677419355,0.9028064516129033,0.8123548387096774,0.9305806451612902,382.0,24400.0,31467.0,0.015655737704918,0.0121397019099373
2025-03,Castilla - La Mancha,731,0,108.195,101.829,2.3,11.36,72.73,1.4784451612903224,1.5798451612903226,1.5365096774193547,1.6988451612903228,0.8428516129032257,0.926625806451613,0.7971806451612904,0.900083870967742,731.0,103859.0,159928.0,0.0070383885845232,0.0045708068630883
2025-03,Castilla y León,357,0,108.195,101.829,2.3,11.36,72.73,1.4642150537634409,1.557021505376344,1.522451612903226,1.6886810035842295,0.8310931899641577,0.9077562724014338,0.7855448028673835,0.8916559139784946,357.0,137076.0,207586.0,0.0026043946423881,0.0017197691559161
2025-03,Cataluña,2130,1,108.195,101.829,2.3,11.36,72.73,1.4311693548387097,1.5376854838709677,1.5213145161290322,1.7131774193548386,0.8038225806451613,0.8916935483870968,0.7846290322580645,0.9119112903225807,2130.0,294047.0,371402.0,0.0072437399463351,0.0057350256595279
2025-03,Ceuta,0,0,108.195,101.829,2.3,11.36,72.73,1.3646451612903225,1.4130322580645163,1.3996451612903225,1.4300967741935484,1.2046451612903226,1.252258064516129,1.1926451612903226,1.2070967741935485,0.0,834.0,8998.0,0.0,0.0
2025-03,Comunitat Valenciana,538,1,108.195,101.829,2.3,11.36,72.73,1.452204301075269,1.5663225806451613,1.5285591397849463,1.7156021505376342,0.8212258064516128,0.915494623655914,0.7906344086021505,0.9139784946236559,538.0,163045.0,203667.0,0.0032997025361096,0.0026415668714126
2025-03,ESPAÑA,12389,1,108.195,101.829,2.3,11.36,72.73,1.4365964346349744,1.5279407753254102,1.4959967600452746,1.6768460623257666,0.875220354650066,0.9524538247500471,0.8377303150348991,0.936237261051374,12389.0,1813023.0,2536887.0,0.0068333385732006,0.0048835442808449
2025-03,Extremadura,91,0,108.195,101.829,2.3,11.36,72.73,1.4771774193548388,1.5805967741935485,1.521516129032258,1.6925806451612904,0.8417903225806451,0.9272741935483871,0.7847741935483871,0.895016129032258,91.0,54538.0,66253.0,0.0016685613700539,0.0013735227084056
2025-03,Galicia,118,0,108.195,101.829,2.3,11.36,72.73,1.4803225806451612,1.5743790322580646,1.5219677419354838,1.6809354838709678,0.8444032258064517,0.9221451612903226,0.7851209677419355,0.8853629032258065,118.0,110039.0,167975.0,0.0010723470769454,0.000702485488912
2025-03,"Madrid, Comunidad de",2037,1,108.195,101.829,2.3,11.36,72.73,1.4714193548387096,1.5616129032258064,1.5427096774193547,1.740225806451613,0.837,0.9115806451612903,0.8023225806451613,0.934225806451613,2037.0,147066.0,188174.0,0.0138509240749051,0.0108250874190908
2025-03,Melilla,0,0,108.195,101.829,2.3,11.36,72.73,1.1623870967741936,1.2086451612903226,1.205709677419355,,1.056290322580645,1.0996129032258064,1.0268709677419354,,0.0,933.0,933.0,0.0,0.0
2025-03,"Murcia, Región de",1405,0,108.195,101.829,2.3,11.36,72.73,1.4291935483870968,1.508,1.5038387096774193,1.6673870967741935,0.8021935483870969,0.8673225806451613,0.7701935483870969,0.8740322580645161,1405.0,75430.0,90490.0,0.0186265411639931,0.0155265775223781
2025-03,"Navarra, Comunidad Foral de",985,0,108.195,101.829,2.3,11.36,72.73,1.4399032258064517,1.5524516129032258,1.5089677419354839,1.7055806451612903,0.8110967741935484,0.9041290322580646,0.7744193548387097,0.9056774193548387,985.0,63716.0,74450.0,0.0154592253123234,0.0132303559435863
2025-03,País Vasco,1039,0,108.195,101.829,2.3,11.36,72.73,1.4856451612903225,1.566709677419355,1.5459032258064516,1.7260860215053764,0.848752688172043,0.9158064516129032,0.8050215053763441,0.9226559139784947,1039.0,152359.0,178313.0,0.0068194199226826,0.0058268325921273
2025-03,"Rioja, La",87,0,108.195,101.829,2.3,11.36,72.73,1.4723225806451614,1.5743870967741935,1.5275806451612903,1.7081290322580645,0.8378064516129031,0.9220645161290323,0.7898387096774193,0.9076774193548388,87.0,13604.0,19956.0,0.0063951778888562,0.0043595911004209
2025-04,Andalucía,919,1,98.442,101.399,2.2,10.29,68.13,1.4150958333333332,1.5188708333333334,1.4907291666666667,1.6745708333333333,0.7905208333333333,0.8762291666666666,0.7593375000000001,0.8800166666666667,919.0,299715.0,412372.0,0.0030662462672872,0.0022285703200023
2025-04,Aragón,1384,0,98.442,101.399,2.2,10.29,68.13,1.4141444444444444,1.5216444444444446,1.4933444444444446,1.6723999999999999,0.7897333333333334,0.8785666666666666,0.7614555555555557,0.8782111111111112,1384.0,65558.0,93814.0,0.0211110772140699,0.01475259556143
2025-04,"Asturias, Principado de",387,0,98.442,101.399,2.2,10.29,68.13,1.4572,1.549,1.5407333333333333,1.7069333333333332,0.8254666666666667,0.9011666666666667,0.8006,0.9067000000000001,387.0,33879.0,47011.0,0.0114230054015761,0.0082321158877709
2025-04,"Balears, Illes",0,0,98.442,101.399,2.2,10.29,68.13,1.5161666666666667,1.5991666666666666,1.5949333333333333,1.7505666666666668,0.8740333333333333,0.9426666666666667,0.8454999999999999,0.9429333333333333,0.0,27856.0,43359.0,0.0,0.0
2025-04,Canarias,87,0,98.442,101.399,2.2,10.29,68.13,1.1804333333333332,1.2982833333333335,1.20015,1.33115,0.9327333333333333,1.0505833333333332,0.9083833333333333,1.03945,87.0,53726.0,225708.0,0.0016193276998101,0.0003854537721303
2025-04,Cantabria,485,0,98.442,101.399,2.2,10.29,68.13,1.4391333333333334,1.5130333333333332,1.5239,1.7097666666666667,0.8104333333333333,0.8713333333333334,0.7867333333333334,0.9090333333333334,485.0,24278.0,31180.0,0.0199769338495757,0.0155548428479794
2025-04,Castilla - La Mancha,960,0,98.442,101.399,2.2,10.29,68.13,1.43424,1.5397733333333334,1.5048666666666666,1.6721,0.8063,0.8935533333333334,0.7710333333333333,0.87794,960.0,109255.0,155978.0,0.0087867832135829,0.0061547141263511
2025-04,Castilla y León,535,0,98.442,101.399,2.2,10.29,68.13,1.4222777777777778,1.5174777777777777,1.4930962962962964,1.6618444444444445,0.7964555555555556,0.8751148148148148,0.7612666666666666,0.8694740740740741,535.0,140467.0,203983.0,0.0038087237571814,0.0026227675835731
2025-04,Cataluña,2682,1,98.442,101.399,2.2,10.29,68.13,1.3874250000000001,1.4987333333333335,1.4912666666666667,1.6892083333333334,0.767675,0.8596166666666666,0.7597166666666666,0.8921333333333333,2682.0,300313.0,380699.0,0.0089306823214446,0.0070449357628992
2025-04,Ceuta,0,0,98.442,101.399,2.2,10.29,68.13,1.3552,1.4018333333333333,1.3901999999999999,1.4218666666666666,1.1952,1.2415333333333334,1.1832,1.1988666666666667,0.0,995.0,9719.0,0.0,0.0
2025-04,Comunitat Valenciana,673,1,98.442,101.399,2.2,10.29,68.13,1.404211111111111,1.5217666666666667,1.4914222222222224,1.686611111111111,0.7814555555555556,0.8786444444444445,0.7599444444444444,0.8900333333333332,673.0,170997.0,218913.0,0.0039357415627174,0.003074280650304
2025-04,ESPAÑA,14145,1,98.442,101.399,2.2,10.29,68.13,1.3921436988304092,1.4857521783625731,1.4657694688109162,1.650509336419753,0.8378654239766082,0.9169435721247564,0.8122041666666666,0.9140734670781894,14145.0,1836554.0,2569282.0,0.0077019243648702,0.0055054291432392
2025-04,Extremadura,151,0,98.442,101.399,2.2,10.29,68.13,1.4246833333333333,1.5316833333333333,1.4892666666666665,1.6678333333333333,0.7984333333333333,0.8869,0.7581166666666667,0.8744,151.0,57951.0,72063.0,0.0026056496005245,0.0020953887570597
2025-04,Galicia,226,0,98.442,101.399,2.2,10.29,68.13,1.4330749999999999,1.5301250000000002,1.4941666666666669,1.6563166666666667,0.8053583333333333,0.8855416666666667,0.7621249999999999,0.864875,226.0,111227.0,157090.0,0.0020318807483794,0.0014386657330192
2025-04,"Madrid, Comunidad de",2431,1,98.442,101.399,2.2,10.29,68.13,1.418,1.5085666666666666,1.5031,1.7066000000000001,0.7929666666666667,0.8677666666666667,0.7696000000000001,0.9064666666666666,2431.0,148497.0,176335.0,0.0163707010916045,0.0137862591090821
2025-04,Melilla,0,0,98.442,101.399,2.2,10.29,68.13,1.1165999999999998,1.1612666666666667,1.1816333333333333,,1.0135666666666667,1.0550333333333333,1.0042333333333333,,0.0,1025.0,1025.0,0.0,0.0
2025-04,"Murcia, Región de",1545,0,98.442,101.399,2.2,10.29,68.13,1.3785999999999998,1.4604,1.4647333333333334,1.6391,0.7602333333333333,0.8280666666666666,0.7379666666666667,0.8507666666666667,1545.0,77398.0,93706.0,0.0199617561177291,0.0164877382451497
2025-04,"Navarra, Comunidad Foral de",453,0,98.442,101.399,2.2,10.29,68.13,1.3913,1.5092,1.4850333333333334,1.6819333333333333,0.7707666666666667,0.8682333333333333,0.7546333333333333,0.8860333333333333,453.0,59200.0,68000.0,0.007652027027027,0.0066617647058823
2025-04,País Vasco,1112,0,98.442,101.399,2.2,10.29,68.13,1.4404444444444442,1.5197666666666667,1.5167444444444445,1.6993666666666667,0.8114777777777777,0.8769444444444444,0.7809,0.9004888888888889,1112.0,141229.0,160697.0,0.0078737369803652,0.0069198553800008
2025-04,"Rioja, La",115,0,98.442,101.399,2.2,10.29,68.13,1.4224999999999999,1.5287,1.5003,1.681,0.7966333333333334,0.8844333333333334,0.7671333333333333,0.8855000000000001,115.0,12988.0,17630.0,0.0088543270711425,0.0065229722064662
2025-05,Andalucía,1591,1,106.927,102.056,2.0,10.29,64.45,1.377165322580645,1.4785,1.4612096774193548,1.6441774193548386,0.7591451612903226,0.8429032258064516,0.7348709677419355,0.8549395161290323,1591.0,314491.0,450923.0,0.0050589683011596,0.0035283185821082
2025-05,Aragón,1975,0,106.927,102.056,2.0,10.29,64.45,1.3681612903225806,1.4740537634408601,1.4615913978494623,1.637516129032258,0.7516989247311828,0.8392150537634409,0.7352043010752688,0.8494193548387097,1975.0,70188.0,96641.0,0.0281387131703425,0.0204364607154313
2025-05,"Asturias, Principado de",68,0,106.927,102.056,2.0,10.29,64.45,1.4218709677419354,1.5126129032258064,1.509516129032258,1.6756451612903225,0.7962903225806452,0.8711612903225806,0.7748387096774193,0.8808064516129032,68.0,34631.0,46205.0,0.001963558661315,0.0014717021967319
2025-05,"Balears, Illes",0,0,106.927,102.056,2.0,10.29,64.45,1.475967741935484,1.5616451612903226,1.5593548387096776,1.716741935483871,0.8408064516129031,0.911483870967742,0.816,0.9148064516129033,0.0,30553.0,46895.0,0.0,0.0
2025-05,Canarias,56,0,106.927,102.056,2.0,10.29,64.45,1.1418225806451614,1.264016129032258,1.1581129032258064,1.2930161290322582,0.8940483870967743,1.016225806451613,0.8664032258064516,1.0012580645161289,56.0,53813.0,190163.0,0.0010406407373682,0.0002944842056551
2025-05,Cantabria,745,0,106.927,102.056,2.0,10.29,64.45,1.397225806451613,1.4699354838709677,1.4912258064516128,1.6761612903225807,0.7758064516129033,0.8358064516129032,0.7596129032258065,0.8814516129032258,745.0,25207.0,31504.0,0.0295552822628634,0.0236477907567293
2025-05,Castilla - La Mancha,1541,0,106.927,102.056,2.0,10.29,64.45,1.392316129032258,1.496,1.4708193548387096,1.6411096774193548,0.7716967741935484,0.8573870967741937,0.7428193548387096,0.8523935483870968,1541.0,109601.0,150661.0,0.0140600906926031,0.0102282607974193
2025-05,Castilla y León,999,0,106.927,102.056,2.0,10.29,64.45,1.3820681003584228,1.4791182795698925,1.460405017921147,1.6288243727598566,0.7632437275985663,0.843405017921147,0.7343297491039426,0.8422078853046595,999.0,145186.0,198258.0,0.0068808287300428,0.0050388887207578
2025-05,Cataluña,3209,1,106.927,102.056,2.0,10.29,64.45,1.3529032258064515,1.4624032258064517,1.4620000000000002,1.656225806451613,0.7391048387096775,0.8295967741935484,0.7355967741935484,0.8649193548387096,3209.0,311864.0,397222.0,0.0102897416822717,0.0080786059181012
2025-05,Ceuta,0,0,106.927,102.056,2.0,10.29,64.45,1.2500322580645162,1.297225806451613,1.2850322580645162,1.3144838709677418,1.090032258064516,1.1372258064516128,1.078032258064516,1.092258064516129,0.0,849.0,15085.0,0.0,0.0
2025-05,Comunitat Valenciana,868,1,106.927,102.056,2.0,10.29,64.45,1.3599247311827958,1.47747311827957,1.4596881720430108,1.652720430107527,0.7448924731182797,0.8419892473118279,0.7336129032258064,0.862,868.0,176110.0,228381.0,0.0049287377207427,0.0038006664302196
2025-05,ESPAÑA,18921,1,106.927,102.056,2.0,10.29,64.45,1.3494030041501603,1.4429410016977928,1.429846132805131,1.6131606133014733,0.8009729579324656,0.8800599415204677,0.7809208356913789,0.8818509906411788,18921.0,1889524.0,2600195.0,0.0100136330631418,0.0072767619351625
2025-05,Extremadura,208,0,106.927,102.056,2.0,10.29,64.45,1.3968548387096775,1.5049838709677419,1.462967741935484,1.6391451612903225,0.7754677419354838,0.8646774193548387,0.7363064516129032,0.8507096774193549,208.0,59488.0,74949.0,0.0034965034965034,0.0027752204832619
2025-05,Galicia,385,0,106.927,102.056,2.0,10.29,64.45,1.3924193548387096,1.4869435483870967,1.4633467741935484,1.622306451612903,0.7717903225806452,0.8499112903225806,0.7366854838709678,0.8367822580645161,385.0,115471.0,163027.0,0.003334170484364,0.0023615720095444
2025-05,"Madrid, Comunidad de",2961,1,106.927,102.056,2.0,10.29,64.45,1.3751612903225807,1.4682903225806452,1.4697741935483872,1.672225806451613,0.7575161290322581,0.8344838709677419,0.7419354838709677,0.8780645161290322,2961.0,150387.0,169433.0,0.0196892018592032,0.0174759344401621
2025-05,Melilla,0,0,106.927,102.056,2.0,10.29,64.45,1.070516129032258,1.1175161290322582,1.1424193548387096,,0.9703870967741935,1.014483870967742,0.9677096774193548,,0.0,984.0,984.0,0.0,0.0
2025-05,"Murcia, Región de",2131,0,106.927,102.056,2.0,10.29,64.45,1.3411612903225807,1.4221612903225807,1.435,1.6089354838709677,0.7295483870967742,0.796258064516129,0.713258064516129,0.8257096774193547,2131.0,81692.0,99040.0,0.0260857856338441,0.0215165589660743
2025-05,"Navarra, Comunidad Foral de",513,0,106.927,102.056,2.0,10.29,64.45,1.3545806451612905,1.4732903225806453,1.4586774193548389,1.6510322580645163,0.7404193548387097,0.8385483870967742,0.7326774193548388,0.8604838709677419,513.0,53544.0,61494.0,0.0095809054235768,0.0083422772953458
2025-05,País Vasco,1522,0,106.927,102.056,2.0,10.29,64.45,1.399247311827957,1.4766451612903226,1.4863870967741937,1.6666559139784947,0.7774623655913979,0.8413763440860216,0.7556989247311828,0.8734623655913979,1522.0,142402.0,161910.0,0.0106880521340992,0.0094002841084553
2025-05,"Rioja, La",149,0,106.927,102.056,2.0,10.29,64.45,1.389258064516129,1.4930645161290323,1.469548387096774,1.639967741935484,0.7691290322580645,0.855,0.7419032258064516,0.8516451612903225,149.0,13063.0,17420.0,0.0114062619612646,0.0085533869115958
2025-06,Andalucía,2162,1,106.826,102.858,2.3,10.29,71.44,1.3958875,1.4950916666666667,1.4767166666666667,1.6563291666666666,0.7746583333333333,0.8566,0.7477333333333332,0.8649916666666666,2162.0,303539.0,428939.0,0.0071226432188285,0.0050403437318593
2025-06,Aragón,2248,0,106.826,102.858,2.3,10.29,71.44,1.3911222222222224,1.4853666666666665,1.4745777777777778,1.644711111111111,0.7706666666666666,0.8485555555555556,0.7459888888888888,0.8553777777777777,2248.0,70334.0,100033.0,0.0319617823527739,0.0224725840472644
2025-06,"Asturias, Principado de",251,0,106.826,102.858,2.3,10.29,71.44,1.4316666666666669,1.5218666666666667,1.5219333333333334,1.6879666666666668,0.8041666666666667,0.8788,0.7852,0.8910333333333333,251.0,33431.0,45111.0,0.0075080015554425,0.0055640531134313
2025-06,"Balears, Illes",0,0,106.826,102.858,2.3,10.29,71.44,1.4911333333333334,1.5768666666666666,1.5802,1.7343000000000002,0.8533666666666666,0.9242333333333334,0.8332333333333334,0.9294,0.0,33357.0,58082.0,0.0,0.0
2025-06,Canarias,133,0,106.826,102.858,2.3,10.29,71.44,1.1335666666666666,1.25335,1.1530166666666666,1.2848333333333335,0.8858833333333334,1.0056333333333334,0.86125,0.9931,133.0,53025.0,186616.0,0.0025082508250825,0.0007126934453637
2025-06,Cantabria,848,0,106.826,102.858,2.3,10.29,71.44,1.4151999999999998,1.4809333333333332,1.5091666666666665,1.6899666666666666,0.7905333333333334,0.8447999999999999,0.7745333333333334,0.8926999999999999,848.0,24755.0,30719.0,0.0342557059179963,0.0276050652690517
2025-06,Castilla - La Mancha,2301,0,106.826,102.858,2.3,10.29,71.44,1.4000066666666666,1.4989133333333333,1.4856066666666667,1.6538933333333334,0.7780133333333333,0.85972,0.75504,0.86294,2301.0,109357.0,151574.0,0.0210411770622822,0.0151807038146383
2025-06,Castilla y León,1422,0,106.826,102.858,2.3,10.29,71.44,1.4069444444444446,1.5015074074074073,1.4797814814814814,1.6449333333333334,0.7837444444444444,0.8619,0.750325925925926,0.8555296296296296,1422.0,142169.0,192083.0,0.0100021805034852,0.0074030497232966
2025-06,Cataluña,3522,1,106.826,102.858,2.3,10.29,71.44,1.3707833333333332,1.4765666666666666,1.4795666666666667,1.6715916666666668,0.7538833333333332,0.84125,0.7500333333333333,0.8775666666666667,3522.0,299807.0,387670.0,0.0117475575953863,0.0090850465602187
2025-06,Ceuta,0,0,106.826,102.858,2.3,10.29,71.44,1.209266666666667,1.2603333333333333,1.2415999999999998,1.2672142857142856,1.0494999999999999,1.1003333333333336,1.0348333333333333,1.0452142857142857,0.0,893.0,11429.0,0.0,0.0
2025-06,Comunitat Valenciana,1045,1,106.826,102.858,2.3,10.29,71.44,1.3846555555555555,1.501511111111111,1.4865444444444442,1.6789222222222224,0.7652777777777777,0.8619555555555555,0.7558777777777778,0.8836111111111111,1045.0,175784.0,231742.0,0.0059447958858599,0.0045093250252435
2025-06,ESPAÑA,23356,1,106.826,102.858,2.3,10.29,71.44,1.3608694298245616,1.4506459746588694,1.4423025925925925,1.6229106856261022,0.8099631286549707,0.8859583625730995,0.7908436744639376,0.8893805878894767,23356.0,1858343.0,2563236.0,0.0125681857439665,0.0091119194643021
2025-06,Extremadura,264,0,106.826,102.858,2.3,10.29,71.44,1.4104999999999999,1.5182833333333332,1.4781666666666666,1.6527166666666666,0.7866833333333333,0.8757666666666667,0.7489166666666667,0.8619,264.0,58635.0,73152.0,0.0045024302890764,0.0036089238845144
2025-06,Galicia,478,0,106.826,102.858,2.3,10.29,71.44,1.412775,1.5055166666666666,1.4815166666666668,1.6358583333333334,0.7886333333333333,0.86525,0.7516416666666667,0.8479416666666667,478.0,114059.0,161615.0,0.0041908135263328,0.0029576462580824
2025-06,"Madrid, Comunidad de",3747,1,106.826,102.858,2.3,10.29,71.44,1.3942666666666668,1.4817333333333333,1.4941333333333333,1.6907333333333334,0.7732333333333333,0.8455666666666667,0.7621666666666668,0.8933333333333333,3747.0,154420.0,172010.0,0.0242649915814013,0.0217836172315563
2025-06,Melilla,0,0,106.826,102.858,2.3,10.29,71.44,1.0623333333333334,1.1097333333333335,1.1478333333333333,,0.963,1.0072333333333332,0.9729666666666666,,0.0,1111.0,1111.0,0.0,0.0
2025-06,"Murcia, Región de",2518,0,106.826,102.858,2.3,10.29,71.44,1.3655000000000002,1.4369666666666667,1.4598,1.6251333333333333,0.7495333333333334,0.8086666666666668,0.7337,0.8392333333333333,2518.0,79334.0,96546.0,0.0317392290821085,0.0260808319350361
2025-06,"Navarra, Comunidad Foral de",455,0,106.826,102.858,2.3,10.29,71.44,1.3751666666666666,1.4894,1.4726333333333335,1.6652666666666667,0.7576,0.8518333333333333,0.7444666666666666,0.8723666666666666,455.0,53006.0,61314.0,0.0085839338942761,0.0074208174315816
2025-06,País Vasco,1762,0,106.826,102.858,2.3,10.29,71.44,1.413111111111111,1.4833666666666667,1.5013222222222222,1.6790222222222222,0.7889222222222222,0.8468777777777777,0.7680222222222223,0.8836777777777779,1762.0,138225.0,156316.0,0.0127473322481461,0.0112720386908569
2025-06,"Rioja, La",200,0,106.826,102.858,2.3,10.29,71.44,1.3926333333333334,1.4849666666666665,1.4796333333333334,1.649,0.772,0.8482333333333333,0.7501,0.8589333333333333,200.0,13102.0,17174.0,0.0152648450618226,0.0116455106556422
2025-07,Andalucía,2664,1,110.304,102.457,2.7,10.45,71.04,1.4386895161290323,1.5364112903225806,1.4908750000000002,1.6682459677419357,0.8100040322580645,0.8907096774193549,0.7594314516129033,0.8747661290322581,2664.0,321039.0,450739.0,0.0082980572453814,0.0059102939838798
2025-07,Aragón,2556,0,110.304,102.457,2.7,10.45,71.04,1.4396021505376344,1.5304731182795699,1.4916559139784946,1.665,0.810763440860215,0.8858387096774193,0.7600430107526881,0.8721827956989248,2556.0,75597.0,103038.0,0.0338108655105361,0.024806382111454
2025-07,"Asturias, Principado de",267,0,110.304,102.457,2.7,10.45,71.04,1.48,1.5694516129032257,1.5406129032258065,1.704483870967742,0.8440967741935483,0.9179354838709677,0.8005806451612903,0.9048064516129032,267.0,37504.0,48802.0,0.0071192406143344,0.0054710872505225
2025-07,"Balears, Illes",0,0,110.304,102.457,2.7,10.45,71.04,1.5320645161290323,1.6211612903225807,1.5953548387096774,1.7496129032258065,0.8871290322580646,0.9608387096774192,0.845774193548387,0.9419032258064516,0.0,35544.0,61983.0,0.0,0.0
2025-07,Canarias,228,0,110.304,102.457,2.7,10.45,71.04,1.1393709677419352,1.2561935483870967,1.152741935483871,1.282983870967742,0.8916290322580644,1.008516129032258,0.8610483870967741,0.991241935483871,228.0,55619.0,194970.0,0.0040993185781837,0.0011694106785659
2025-07,Cantabria,979,0,110.304,102.457,2.7,10.45,71.04,1.4522580645161292,1.517548387096774,1.5163225806451612,1.705258064516129,0.8211935483870968,0.8750967741935484,0.780483870967742,0.9055806451612903,979.0,27584.0,33349.0,0.0354915893271461,0.0293562025847851
2025-07,Castilla - La Mancha,2690,0,110.304,102.457,2.7,10.45,71.04,1.4390645161290323,1.533748387096774,1.5001806451612902,1.6657032258064515,0.8103225806451614,0.8885290322580646,0.7670774193548388,0.8727225806451613,2690.0,114620.0,155543.0,0.0234688536032106,0.0172942530361379
2025-07,Castilla y León,1835,0,110.304,102.457,2.7,10.45,71.04,1.4507491039426523,1.5441612903225805,1.4932186379928316,1.6589247311827957,0.8199784946236559,0.8971433691756272,0.7613405017921148,0.8670716845878137,1835.0,158272.0,217506.0,0.0115939648200566,0.0084365488768125
2025-07,Cataluña,3811,1,110.304,102.457,2.7,10.45,71.04,1.4160806451612902,1.5202177419354839,1.4938951612903226,1.6852903225806453,0.7913548387096774,0.8773387096774194,0.7619516129032258,0.8889516129032259,3811.0,329177.0,405141.0,0.0115773580778729,0.0094066016522642
2025-07,Ceuta,0,0,110.304,102.457,2.7,10.45,71.04,1.2510645161290324,1.2934230769230768,1.2396774193548388,1.2683225806451612,1.0910645161290322,1.1334230769230769,1.0326774193548387,1.0463225806451613,0.0,1113.0,10943.0,0.0,0.0
2025-07,Comunitat Valenciana,1448,1,110.304,102.457,2.7,10.45,71.04,1.4301182795698926,1.5499247311827957,1.504075268817204,1.7011182795698925,0.8029462365591399,0.9019462365591397,0.7703978494623657,0.9019139784946236,1448.0,192698.0,242029.0,0.0075143488775181,0.0059827541327692
2025-07,ESPAÑA,27001,1,110.304,102.457,2.7,10.45,71.04,1.4012689822674966,1.4892462909755777,1.4552126532729674,1.6364502837514934,0.8439603140916808,0.9183908486062137,0.8015988917185437,0.9005689167662285,27001.0,1988635.0,2681681.0,0.0135776550246777,0.0100686845303375
2025-07,Extremadura,531,0,110.304,102.457,2.7,10.45,71.04,1.447,1.5522258064516128,1.4905645161290324,1.6617903225806452,0.8168709677419355,0.9038064516129033,0.759225806451613,0.8694677419354838,531.0,62763.0,76541.0,0.0084603986425123,0.0069374583556525
2025-07,Galicia,682,0,110.304,102.457,2.7,10.45,71.04,1.4576612903225807,1.548782258064516,1.497983870967742,1.652983870967742,0.8257741935483871,0.9010241935483871,0.7653145161290322,0.8622016129032258,682.0,123205.0,160141.0,0.0055354896311026,0.0042587469792245
2025-07,"Madrid, Comunidad de",3854,1,110.304,102.457,2.7,10.45,71.04,1.4326129032258066,1.5191612903225806,1.5094193548387098,1.7043870967741934,0.8049677419354839,0.8765483870967743,0.7747741935483872,0.9046451612903226,3854.0,153688.0,169170.0,0.0250767789287387,0.022781817107052
2025-07,Melilla,0,0,110.304,102.457,2.7,10.45,71.04,1.098741935483871,1.1464838709677418,1.1708387096774193,,0.9967096774193548,1.0415806451612903,0.9940645161290322,,0.0,1100.0,1100.0,0.0,0.0
2025-07,"Murcia, Región de",2768,0,110.304,102.457,2.7,10.45,71.04,1.4048387096774193,1.473774193548387,1.4768709677419356,1.6433225806451612,0.7821612903225806,0.8390645161290322,0.7477741935483871,0.8541935483870968,2768.0,83954.0,102527.0,0.0329704361912475,0.0269977664420103
2025-07,"Navarra, Comunidad Foral de",477,0,110.304,102.457,2.7,10.45,71.04,1.4189032258064516,1.5290000000000001,1.4787741935483871,1.6721290322580644,0.7935806451612905,0.8846129032258065,0.7495806451612903,0.8779032258064516,477.0,53814.0,61774.0,0.0088638644218976,0.0077216952115776
2025-07,País Vasco,2016,0,110.304,102.457,2.7,10.45,71.04,1.4558387096774195,1.5198602150537635,1.5144301075268816,1.694774193548387,0.8241827956989247,0.8770537634408603,0.7789354838709678,0.8967204301075269,2016.0,146220.0,166547.0,0.0137874435781698,0.0121046911682588
2025-07,"Rioja, La",195,0,110.304,102.457,2.7,10.45,71.04,1.4394516129032258,1.5336774193548386,1.4915483870967743,1.6717741935483872,0.8105161290322581,0.8884193548387097,0.7599032258064515,0.8776451612903226,195.0,15124.0,19838.0,0.0128934144406241,0.009829619921363
2025-08,Andalucía,1823,1,78.612,102.328,2.7,10.45,67.87,1.4268870967741936,1.5282620967741936,1.479068548387097,1.6630443548387097,0.8002620967741936,0.8839596774193549,0.7496491935483871,0.8704677419354839,1823.0,291734.0,414269.0,0.0062488431242158,0.0044005223659023
2025-08,Aragón,1783,0,78.612,102.328,2.7,10.45,67.87,1.4322043010752687,1.5336021505376345,1.4842473118279569,1.6633010752688173,0.8046774193548388,0.8883548387096775,0.7538709677419355,0.8707096774193548,1783.0,65430.0,84939.0,0.0272504967140455,0.0209915351016611
2025-08,"Asturias, Principado de",541,0,78.612,102.328,2.7,10.45,67.87,1.477709677419355,1.571806451612903,1.5393548387096774,1.707032258064516,0.8422580645161291,0.9197741935483872,0.7996129032258065,0.9068064516129033,541.0,36317.0,44933.0,0.0148966048957788,0.0120401486657912
2025-08,"Balears, Illes",0,0,78.612,102.328,2.7,10.45,67.87,1.5261612903225807,1.6178709677419354,1.5831935483870967,1.7446451612903227,0.8823225806451613,0.9580967741935484,0.8357419354838709,0.9379354838709678,0.0,32625.0,61746.0,0.0,0.0
2025-08,Canarias,423,0,78.612,102.328,2.7,10.45,67.87,1.131032258064516,1.2528225806451612,1.1451451612903225,1.2786935483870967,0.8833064516129032,1.0051612903225806,0.8533870967741934,0.9869677419354839,423.0,51240.0,184739.0,0.008255269320843,0.0022897168437633
2025-08,Cantabria,687,0,78.612,102.328,2.7,10.45,67.87,1.4434516129032258,1.5153548387096774,1.506032258064516,1.7051290322580646,0.8140645161290323,0.8733225806451613,0.7720322580645161,0.9053225806451614,687.0,28123.0,33027.0,0.0244284037976033,0.0208011626850758
2025-08,Castilla - La Mancha,1972,0,78.612,102.328,2.7,10.45,67.87,1.4253677419354838,1.5256451612903226,1.4896,1.6633870967741935,0.7990129032258065,0.8818258064516129,0.7584258064516128,0.8707741935483871,1972.0,101312.0,133760.0,0.019464624131396,0.0147428229665071
2025-08,Castilla y León,1331,0,78.612,102.328,2.7,10.45,67.87,1.4420752688172043,1.5438924731182795,1.4907168458781364,1.6676451612903227,0.8128279569892473,0.896899641577061,0.7592652329749104,0.8742795698924731,1331.0,151043.0,191666.0,0.0088120601418139,0.0069443719804242
2025-08,Cataluña,2919,1,78.612,102.328,2.7,10.45,67.87,1.4033225806451612,1.5136774193548388,1.4819112903225806,1.6824596774193548,0.7807983870967742,0.8719274193548388,0.752,0.886483870967742,2919.0,273798.0,343182.0,0.0106611443472925,0.0085056908579121
2025-08,Ceuta,0,0,78.612,102.328,2.7,10.45,67.87,1.2387741935483871,1.291,1.2340000000000002,1.2623225806451612,1.078774193548387,1.131,1.0273870967741936,1.0403225806451613,0.0,972.0,9504.0,0.0,0.0
2025-08,Comunitat Valenciana,954,1,78.612,102.328,2.7,10.45,67.87,1.4166666666666667,1.5401290322580645,1.4925806451612904,1.6956236559139786,0.7918602150537635,0.8937634408602151,0.7608709677419354,0.8974838709677421,954.0,164780.0,211413.0,0.0057895375652385,0.0045124945012842
2025-08,ESPAÑA,19929,1,78.612,102.328,2.7,10.45,67.87,1.3907129032258065,1.4841158036219582,1.4476999669873607,1.6356455346475507,0.8350441850594228,0.9139912092058102,0.7952932324089794,0.8997943548387097,19929.0,1748783.0,2359013.0,0.0113959250518789,0.0084480246611612
2025-08,Extremadura,325,0,78.612,102.328,2.7,10.45,67.87,1.4418387096774195,1.553774193548387,1.4819516129032257,1.661209677419355,0.8126451612903226,0.9050806451612904,0.7520483870967742,0.8689677419354839,325.0,58047.0,69834.0,0.005598911227109,0.0046538935189162
2025-08,Galicia,509,0,78.612,102.328,2.7,10.45,67.87,1.4505806451612904,1.5468467741935483,1.4975725806451614,1.6599435483870968,0.8198790322580645,0.8993870967741936,0.7649354838709678,0.8678951612903226,509.0,118846.0,151694.0,0.0042828534405869,0.0033554392395216
2025-08,"Madrid, Comunidad de",2698,1,78.612,102.328,2.7,10.45,67.87,1.4024838709677419,1.492258064516129,1.4896451612903225,1.6983548387096774,0.7800322580645161,0.8541612903225806,0.7583870967741936,0.8996129032258066,2698.0,127859.0,140662.0,0.0211013694773148,0.0191807311143023
2025-08,Melilla,0,0,78.612,102.328,2.7,10.45,67.87,1.088,1.1348387096774193,1.1742903225806451,,0.987,1.0302903225806452,0.9972258064516129,,0.0,1230.0,1230.0,0.0,0.0
2025-08,"Murcia, Región de",1860,0,78.612,102.328,2.7,10.45,67.87,1.3878709677419354,1.4578387096774192,1.4611612903225806,1.6356129032258064,0.7680967741935484,0.825741935483871,0.7348064516129033,0.8478709677419355,1860.0,73974.0,87911.0,0.0251439695027982,0.0211577618273026
2025-08,"Navarra, Comunidad Foral de",465,0,78.612,102.328,2.7,10.45,67.87,1.4048064516129033,1.519774193548387,1.4766129032258064,1.6768387096774193,0.7821612903225806,0.877,0.7477096774193548,0.8818709677419355,465.0,47013.0,52694.0,0.0098908812456129,0.0088245341025543
2025-08,País Vasco,1491,0,78.612,102.328,2.7,10.45,67.87,1.4435698924731184,1.5125806451612902,1.5084408602150536,1.695989247311828,0.814021505376344,0.8710860215053763,0.7739569892473119,0.8977849462365591,1491.0,112074.0,126221.0,0.0133037100487178,0.0118126143827096
2025-08,"Rioja, La",148,0,78.612,102.328,2.7,10.45,67.87,1.4407419354838709,1.546225806451613,1.4907741935483871,1.6803870967741934,0.8118387096774194,0.899,0.759258064516129,0.8847419354838709,148.0,12366.0,15589.0,0.0119683001779071,0.009493873885432
2025-09,Andalucía,1612,1,107.429,102.691,3.0,10.45,67.99,1.4212,1.5202666666666667,1.4799083333333334,1.6609416666666665,0.7955541666666667,0.8773708333333333,0.7503791666666667,0.8687333333333334,1612.0,291452.0,404530.0,0.0055309279057958,0.0039848713321632
2025-09,Aragón,1862,0,107.429,102.691,3.0,10.45,67.99,1.4241000000000001,1.5220555555555555,1.491488888888889,1.6655444444444445,0.797988888888889,0.8788777777777779,0.7598444444444444,0.8724777777777777,1862.0,68064.0,93836.0,0.0273566055477197,0.0198431305682254
2025-09,"Asturias, Principado de",265,0,107.429,102.691,3.0,10.45,67.99,1.4713666666666667,1.5624666666666667,1.5401666666666667,1.7050333333333334,0.8371,0.9122666666666668,0.8001,0.9051333333333333,265.0,33408.0,44464.0,0.0079322318007662,0.0059598776538323
2025-09,"Balears, Illes",0,0,107.429,102.691,3.0,10.45,67.99,1.5196,1.6089333333333333,1.5847,1.7459333333333333,0.8768999999999999,0.9507333333333333,0.8368333333333333,0.9389666666666667,0.0,30199.0,50827.0,0.0,0.0
2025-09,Canarias,520,0,107.429,102.691,3.0,10.45,67.99,1.12725,1.2456833333333333,1.1409166666666666,1.2728333333333333,0.87955,0.9980666666666667,0.8492666666666666,0.9810666666666666,520.0,52371.0,182025.0,0.0099291592675335,0.0028567504463672
2025-09,Cantabria,547,0,107.429,102.691,3.0,10.45,67.99,1.4378333333333333,1.5028666666666666,1.5080666666666667,1.7045666666666668,0.8092666666666667,0.863,0.7736666666666667,0.9048333333333333,547.0,25188.0,30546.0,0.0217166904875337,0.0179074183199109
2025-09,Castilla - La Mancha,1932,0,107.429,102.691,3.0,10.45,67.99,1.4210133333333332,1.5196666666666665,1.4912866666666666,1.66158,0.7954133333333333,0.8769600000000001,0.7598133333333333,0.86932,1932.0,105004.0,146090.0,0.0183992990743209,0.0132247244849065
2025-09,Castilla y León,1113,0,107.429,102.691,3.0,10.45,67.99,1.437537037037037,1.5355148148148148,1.4933703703703702,1.6634851851851853,0.8090851851851852,0.89,0.7614740740740741,0.8708555555555556,1113.0,146888.0,196154.0,0.0075772016774685,0.0056741131967739
2025-09,Cataluña,2503,1,107.429,102.691,3.0,10.45,67.99,1.3982916666666665,1.5049666666666668,1.4833166666666666,1.6762249999999999,0.7766416666666667,0.8647916666666667,0.753175,0.881375,2503.0,287783.0,367185.0,0.0086975255661383,0.0068167272628239
2025-09,Ceuta,0,0,107.429,102.691,3.0,10.45,67.99,1.2739666666666667,1.320304347826087,1.2689666666666668,1.2965333333333333,1.1139666666666665,1.160304347826087,1.0620333333333334,1.0745333333333336,0.0,990.0,11910.0,0.0,0.0
2025-09,Comunitat Valenciana,900,1,107.429,102.691,3.0,10.45,67.99,1.4070111111111112,1.525,1.4939111111111112,1.6920666666666666,0.7838222222222222,0.8812777777777777,0.7619444444444444,0.8945444444444445,900.0,167938.0,216959.0,0.0053591206278507,0.0041482492083757
2025-09,ESPAÑA,18836,1,107.429,102.691,3.0,10.45,67.99,1.3874546978557505,1.4775713301974744,1.451731656920078,1.6354011522633745,0.8325030653021442,0.9087229042715484,0.7989388840155945,0.8998710185185185,18836.0,1802901.0,2464031.0,0.0104476063854865,0.0076443843441904
2025-09,Extremadura,540,0,107.429,102.691,3.0,10.45,67.99,1.4385333333333332,1.5457833333333333,1.4833333333333334,1.6608333333333334,0.8097666666666666,0.8984833333333333,0.7531833333333334,0.8688166666666667,540.0,57540.0,70092.0,0.0093847758081334,0.0077041602465331
2025-09,Galicia,414,0,107.429,102.691,3.0,10.45,67.99,1.4461916666666668,1.540225,1.4972916666666667,1.6535666666666666,0.816225,0.8938583333333334,0.7647916666666668,0.8627,414.0,114860.0,164045.0,0.0036043879505484,0.0025236977658569
2025-09,"Madrid, Comunidad de",2821,1,107.429,102.691,3.0,10.45,67.99,1.4065,1.4915,1.4961,1.6981,0.7833666666666667,0.8536333333333332,0.7637333333333333,0.8994333333333333,2821.0,147429.0,165908.0,0.0191346342985437,0.0170033994744075
2025-09,Melilla,0,0,107.429,102.691,3.0,10.45,67.99,1.0709666666666668,1.1160666666666665,1.1788999999999998,,0.9709333333333333,1.0131,1.0019,,0.0,1126.0,1126.0,0.0,0.0
2025-09,"Murcia, Región de",1745,0,107.429,102.691,3.0,10.45,67.99,1.3848333333333334,1.4522000000000002,1.4619,1.6331333333333333,0.7654666666666666,0.8211999999999999,0.7355999999999999,0.8457666666666666,1745.0,74755.0,90704.0,0.0233429202060062,0.0192384018345387
2025-09,"Navarra, Comunidad Foral de",578,0,107.429,102.691,3.0,10.45,67.99,1.3994666666666666,1.5169333333333332,1.4815666666666667,1.6778333333333333,0.7777333333333334,0.8744666666666667,0.7516999999999999,0.8827,578.0,51218.0,59407.0,0.0112850950837596,0.009729493157372
2025-09,País Vasco,1348,0,107.429,102.691,3.0,10.45,67.99,1.4401444444444444,1.5070222222222223,1.5132777777777777,1.6900444444444447,0.8111777777777778,0.8665777777777778,0.7779999999999999,0.8928555555555555,1348.0,133287.0,150900.0,0.01011351444627,0.0089330682571239
2025-09,"Rioja, La",136,0,107.429,102.691,3.0,10.45,67.99,1.4358333333333335,1.5364,1.4944333333333335,1.6789666666666667,0.8076000000000001,0.8907666666666666,0.7624,0.8835666666666667,136.0,13401.0,17323.0,0.0101484963808671,0.0078508341511285
2025-10,Andalucía,1637,1,112.085,103.28,3.1,9.93,64.54,1.4108064516129033,1.5098467741935484,1.4687620967741934,1.6482580645161289,0.7869798387096774,0.8687822580645161,0.741157258064516,0.8582298387096775,1637.0,309630.0,412610.0,0.0052869553983787,0.0039674268679867
2025-10,Aragón,1867,0,112.085,103.28,3.1,9.93,64.54,1.4136774193548387,1.508978494623656,1.4783978494623657,1.652301075268817,0.7893548387096774,0.8680537634408602,0.7490860215053764,0.8616129032258064,1867.0,72072.0,105830.0,0.0259046509046509,0.0176415005197014
2025-10,"Asturias, Principado de",339,0,112.085,103.28,3.1,9.93,64.54,1.4590322580645163,1.5506774193548387,1.528483870967742,1.6946129032258066,0.8268387096774192,0.9023225806451614,0.7905806451612905,0.8965161290322581,339.0,35153.0,47488.0,0.0096435581600432,0.0071386455525606
2025-10,"Balears, Illes",0,0,112.085,103.28,3.1,9.93,64.54,1.5004193548387097,1.588451612903226,1.5764516129032258,1.7343225806451614,0.8608709677419355,0.9336774193548387,0.8301935483870967,0.9294516129032259,0.0,29509.0,47767.0,0.0,0.0
2025-10,Canarias,581,0,112.085,103.28,3.1,9.93,64.54,1.134983870967742,1.254741935483871,1.146258064516129,1.2776774193548386,0.887225806451613,1.007032258064516,0.8545645161290322,0.9859354838709677,581.0,57103.0,200591.0,0.0101745967812549,0.0028964410167953
2025-10,Cantabria,530,0,112.085,103.28,3.1,9.93,64.54,1.4271290322580645,1.4951290322580646,1.4989032258064516,1.694774193548387,0.800483870967742,0.856516129032258,0.7661290322580645,0.8966451612903226,530.0,25694.0,31653.0,0.0206273838250175,0.0167440684927179
2025-10,Castilla - La Mancha,1913,0,112.085,103.28,3.1,9.93,64.54,1.4182903225806451,1.5150645161290324,1.4799806451612902,1.6477032258064517,0.7931870967741935,0.8731161290322581,0.7504,0.8578129032258064,1913.0,113641.0,163866.0,0.016833713184502,0.0116741727997266
2025-10,Castilla y León,1199,0,112.085,103.28,3.1,9.93,64.54,1.4282222222222223,1.5252759856630824,1.478978494623656,1.646405017921147,0.8013942652329749,0.8815555555555555,0.7495878136200717,0.8567383512544803,1199.0,149309.0,212941.0,0.0080303263701451,0.0056306676497245
2025-10,Cataluña,3470,1,112.085,103.28,3.1,9.93,64.54,1.3898387096774194,1.4940967741935485,1.4709193548387096,1.664008064516129,0.7696290322580644,0.855733870967742,0.7429596774193548,0.8712983870967742,3470.0,310778.0,406085.0,0.011165526517321,0.0085450090498294
2025-10,Ceuta,0,0,112.085,103.28,3.1,9.93,64.54,1.2609677419354837,1.30875,1.255967741935484,1.285516129032258,1.100967741935484,1.1487500000000002,1.0491935483870967,1.0635161290322581,0.0,922.0,1671.0,0.0,0.0
2025-10,Comunitat Valenciana,955,1,112.085,103.28,3.1,9.93,64.54,1.396516129032258,1.512021505376344,1.4819247311827957,1.6789462365591397,0.7751612903225806,0.8706236559139785,0.7520215053763442,0.8836881720430109,955.0,174371.0,228413.0,0.0054768281422943,0.0041810229715471
2025-10,ESPAÑA,20133,1,112.085,103.28,3.1,9.93,64.54,1.3786785040558385,1.4690224485946048,1.4410529569892474,1.623675517722023,0.8252361016789285,0.9016616959064327,0.7900431475193359,0.8901053713659896,20133.0,1920834.0,2649460.0,0.0104813846485432,0.007598906947076
2025-10,Extremadura,371,0,112.085,103.28,3.1,9.93,64.54,1.4161774193548387,1.5216612903225808,1.4711129032258066,1.6496451612903225,0.7914193548387097,0.8785483870967742,0.7431129032258065,0.8594516129032258,371.0,61908.0,77106.0,0.00599276345545,0.0048115581148029
2025-10,Galicia,619,0,112.085,103.28,3.1,9.93,64.54,1.4353145161290324,1.5313225806451611,1.4834032258064516,1.6389032258064515,0.8072096774193549,0.8865161290322581,0.7533064516129032,0.8505483870967743,619.0,118728.0,173166.0,0.005213597466478,0.0035746047145513
2025-10,"Madrid, Comunidad de",2617,1,112.085,103.28,3.1,9.93,64.54,1.4163870967741936,1.5020645161290322,1.4887419354838711,1.6903870967741936,0.7915161290322581,0.8624516129032258,0.757741935483871,0.8930645161290324,2617.0,157863.0,183515.0,0.0165776654440875,0.0142604146799989
2025-10,Melilla,0,0,112.085,103.28,3.1,9.93,64.54,1.0769032258064517,1.1223870967741936,1.174741935483871,,0.976516129032258,1.0192258064516129,0.9979677419354838,,0.0,1055.0,1055.0,0.0,0.0
2025-10,"Murcia, Región de",1761,0,112.085,103.28,3.1,9.93,64.54,1.3758064516129032,1.4461290322580644,1.4514193548387098,1.621741935483871,0.7580645161290323,0.8161290322580645,0.7267741935483871,0.8363225806451612,1761.0,80682.0,97651.0,0.021826429686919,0.018033609486846
2025-10,"Navarra, Comunidad Foral de",556,0,112.085,103.28,3.1,9.93,64.54,1.3898709677419354,1.5105161290322582,1.4710645161290323,1.6635161290322582,0.769741935483871,0.8693548387096774,0.7431612903225806,0.8708064516129033,556.0,57123.0,67848.0,0.0097333823503667,0.0081947883504303
2025-10,País Vasco,1576,0,112.085,103.28,3.1,9.93,64.54,1.430516129032258,1.5032795698924732,1.4995913978494622,1.6811505376344087,0.803247311827957,0.8634086021505376,0.7666881720430109,0.8854193548387096,1576.0,149728.0,169668.0,0.0105257533661038,0.0092887285758068
2025-10,"Rioja, La",142,0,112.085,103.28,3.1,9.93,64.54,1.4140322580645162,1.5110322580645161,1.4749032258064516,1.6562903225806451,0.7896774193548387,0.8697741935483871,0.7461935483870968,0.8648387096774193,142.0,15565.0,20536.0,0.0091230324445872,0.006914686404363
2025-11,Andalucía,1565,1,106.113,104.433,3.0,9.93,63.8,1.4457583333333335,1.5430666666666668,1.4800916666666666,1.6584583333333331,0.8158666666666666,0.89625,0.7505333333333333,0.8667166666666667,1565.0,276182.0,386510.0,0.005666553214909,0.0040490543582313
2025-11,Aragón,1658,0,106.113,104.433,3.0,9.93,63.8,1.4586222222222223,1.5497333333333334,1.4890444444444446,1.6589666666666665,0.8264222222222222,0.9017333333333334,0.7579666666666667,0.8671111111111112,1658.0,64629.0,100677.0,0.0256541181203484,0.0164685081994894
2025-11,"Asturias, Principado de",377,0,106.113,104.433,3.0,9.93,63.8,1.4959333333333333,1.587,1.5384,1.7046666666666668,0.8572333333333333,0.9325666666666667,0.7987666666666667,0.9049,377.0,29885.0,42262.0,0.012615024259662,0.0089205432776489
2025-11,"Balears, Illes",0,0,106.113,104.433,3.0,9.93,63.8,1.5292,1.6197000000000001,1.5813,1.7434666666666667,0.8847333333333334,0.9596333333333332,0.8341666666666666,0.9369666666666667,0.0,22065.0,41582.0,0.0,0.0
2025-11,Canarias,585,0,106.113,104.433,3.0,9.93,63.8,1.1435833333333332,1.2598166666666666,1.1512833333333332,1.2837999999999998,0.8957333333333334,1.0121499999999999,0.8595,0.9920166666666667,585.0,51309.0,191416.0,0.0114015085072794,0.0030561708530112
2025-11,Cantabria,431,0,106.113,104.433,3.0,9.93,63.8,1.4646000000000001,1.5231666666666668,1.5121,1.7020333333333333,0.8314,0.8798666666666667,0.777,0.9027999999999999,431.0,22754.0,28323.0,0.0189417245319504,0.0152173145500123
2025-11,Castilla - La Mancha,2009,0,106.113,104.433,3.0,9.93,63.8,1.4569066666666666,1.5508533333333332,1.49258,1.6607133333333333,0.8251000000000001,0.9026333333333334,0.7608333333333334,0.8685333333333334,2009.0,101160.0,161521.0,0.0198596283115856,0.012438011156444
2025-11,Castilla y León,1363,0,106.113,104.433,3.0,9.93,63.8,1.4636185185185187,1.5572925925925927,1.4871666666666667,1.6534148148148147,0.8305851851851851,0.9080259259259259,0.756425925925926,0.8625185185185185,1363.0,133444.0,206699.0,0.01021402236144,0.0065941296281065
2025-11,Cataluña,3081,1,106.113,104.433,3.0,9.93,63.8,1.4325916666666667,1.5338916666666667,1.4825916666666668,1.6742416666666666,0.8049000000000001,0.8886833333333333,0.7526083333333333,0.8797666666666667,3081.0,290583.0,383605.0,0.0106028226014598,0.0080316992739927
2025-11,Ceuta,0,0,106.113,104.433,3.0,9.93,63.8,1.2859,1.3336666666666666,1.2785333333333333,1.3085333333333333,1.1259000000000001,1.1736666666666666,1.0715333333333334,1.0863,0.0,858.0,1809.0,0.0,0.0
2025-11,Comunitat Valenciana,1162,1,106.113,104.433,3.0,9.93,63.8,1.4372000000000003,1.558488888888889,1.4921444444444445,1.690788888888889,0.8087888888888889,0.9090111111111112,0.7605555555555555,0.8933777777777777,1162.0,161932.0,212916.0,0.0071758515920262,0.0054575513347987
2025-11,ESPAÑA,20228,1,106.113,104.433,3.0,9.93,63.8,1.4138317348927876,1.501955633528265,1.4514508479532164,1.63372841563786,0.8547017056530214,0.9293101364522416,0.7989262183235868,0.8986852880658436,20228.0,1730844.0,2484156.0,0.0116867840198192,0.0081428058463317
2025-11,Extremadura,341,0,106.113,104.433,3.0,9.93,63.8,1.4546833333333333,1.55855,1.4829333333333332,1.6613499999999999,0.8231999999999999,0.9090333333333334,0.7529,0.869,341.0,54186.0,69091.0,0.0062931384490458,0.0049355198216844
2025-11,Galicia,733,0,106.113,104.433,3.0,9.93,63.8,1.47205,1.563375,1.4910083333333333,1.6437,0.8375916666666666,0.91305,0.7596083333333333,0.8545166666666667,733.0,103023.0,151124.0,0.007114916086699,0.0048503215902173
2025-11,"Madrid, Comunidad de",3118,1,106.113,104.433,3.0,9.93,63.8,1.4601333333333335,1.5471333333333335,1.5045,1.7048999999999999,0.8276,0.8995666666666667,0.7708,0.9051333333333333,3118.0,143168.0,177130.0,0.0217786097451944,0.0176028905323773
2025-11,Melilla,0,0,106.113,104.433,3.0,9.93,63.8,1.1038,1.151,1.1802333333333332,,1.0015666666666667,1.0452333333333332,1.0032333333333332,,0.0,964.0,964.0,0.0,0.0
2025-11,"Murcia, Región de",1680,0,106.113,104.433,3.0,9.93,63.8,1.4147333333333334,1.4846666666666666,1.4645666666666666,1.6341333333333334,0.7902,0.8479333333333333,0.7376333333333334,0.8466,1680.0,74154.0,91140.0,0.0226555546565256,0.0184331797235023
2025-11,"Navarra, Comunidad Foral de",541,0,106.113,104.433,3.0,9.93,63.8,1.4285999999999999,1.5458333333333334,1.4767666666666668,1.6724333333333334,0.8016666666666666,0.8986666666666667,0.7479,0.8781666666666667,541.0,52132.0,61724.0,0.0103775032609529,0.0087648240554727
2025-11,País Vasco,1441,0,106.113,104.433,3.0,9.93,63.8,1.4732555555555555,1.5390222222222223,1.5133555555555556,1.6889111111111113,0.8385444444444444,0.8929888888888888,0.7779666666666666,0.8918444444444446,1441.0,135509.0,157208.0,0.0106339800308466,0.0091662001933743
2025-11,"Rioja, La",143,0,106.113,104.433,3.0,9.93,63.8,1.4416333333333333,1.5309,1.4789666666666668,1.6626,0.8123,0.8862,0.7496666666666666,0.8700666666666667,143.0,12907.0,18455.0,0.0110792593166498,0.0077485776212408
2025-12,Andalucía,1911,1,95.598,101.989,2.9,9.93,62.54,1.4260846774193547,1.526899193548387,1.4613951612903224,1.642516129032258,0.7996209677419356,0.8828548387096774,0.7351008064516129,0.8535443548387097,1911.0,298437.0,411046.0,0.0064033615134852,0.004649114697625
2025-12,Aragón,2130,0,95.598,101.989,2.9,9.93,62.54,1.4182150537634408,1.5187741935483872,1.468258064516129,1.6380967741935484,0.7931290322580644,0.8761612903225807,0.7407419354838709,0.8499354838709677,2130.0,66402.0,109310.0,0.0320773470678594,0.0194858658860122
2025-12,"Asturias, Principado de",412,0,95.598,101.989,2.9,9.93,62.54,1.4733870967741938,1.5598709677419356,1.5110967741935484,1.671709677419355,0.8387741935483871,0.9101612903225806,0.7761935483870969,0.8775161290322581,412.0,32054.0,46926.0,0.0128533100393086,0.0087797809316796
2025-12,"Balears, Illes",0,0,95.598,101.989,2.9,9.93,62.54,1.5116774193548388,1.6022258064516128,1.5499677419354838,1.7123870967741937,0.8702903225806451,0.9451290322580645,0.8082903225806451,0.9111935483870968,0.0,22167.0,38647.0,0.0,0.0
2025-12,Canarias,757,0,95.598,101.989,2.9,9.93,62.54,1.1618225806451614,1.2816612903225806,1.1689516129032258,1.304258064516129,0.9141612903225808,1.0339032258064518,0.877241935483871,1.0125483870967742,757.0,54686.0,206149.0,0.0138426653988223,0.0036721012471561
2025-12,Cantabria,549,0,95.598,101.989,2.9,9.93,62.54,1.4223870967741936,1.481967741935484,1.474225806451613,1.6742580645161291,0.7964838709677419,0.8456774193548386,0.7457096774193549,0.8797096774193549,549.0,24489.0,31698.0,0.0224182285924292,0.0173197047132311
2025-12,Castilla - La Mancha,2088,0,95.598,101.989,2.9,9.93,62.54,1.4280645161290322,1.5267225806451612,1.4724967741935484,1.6415612903225807,0.8012387096774194,0.8826967741935484,0.7442774193548387,0.8528,2088.0,107595.0,180757.0,0.0194061062317022,0.0115514198620247
2025-12,Castilla y León,1417,0,95.598,101.989,2.9,9.93,62.54,1.427301075268817,1.5180107526881719,1.4601863799283155,1.6276129032258064,0.8006344086021506,0.8755770609318997,0.7340860215053764,0.8412150537634409,1417.0,140425.0,231044.0,0.0100907957984689,0.00613303093783
2025-12,Cataluña,3362,1,95.598,101.989,2.9,9.93,62.54,1.3963870967741934,1.500032258064516,1.4599274193548388,1.6516209677419353,0.7750241935483871,0.8607338709677419,0.7338629032258064,0.8610645161290322,3362.0,309897.0,411257.0,0.0108487658802763,0.0081749368399808
2025-12,Ceuta,0,0,95.598,101.989,2.9,9.93,62.54,1.3363870967741935,1.3812580645161292,1.3314516129032257,1.360967741935484,1.1763870967741936,1.221258064516129,1.1244516129032258,1.137967741935484,0.0,989.0,1259.0,0.0,0.0
2025-12,Comunitat Valenciana,1273,1,95.598,101.989,2.9,9.93,62.54,1.40352688172043,1.5230967741935484,1.4689247311827958,1.6695376344086021,0.7809032258064516,0.8796989247311827,0.7412150537634408,0.8758602150537634,1273.0,168403.0,221197.0,0.0075592477568689,0.0057550509274538
2025-12,ESPAÑA,22632,1,95.598,101.989,2.9,9.93,62.54,1.391750778155065,1.4825557866440295,1.4342890681003584,1.6176651433691758,0.8371096208262592,0.9138969817015659,0.7853372524052066,0.8860854390681003,22632.0,1819307.0,2678108.0,0.0124399015669153,0.0084507420910583
2025-12,Extremadura,416,0,95.598,101.989,2.9,9.93,62.54,1.4410645161290323,1.5426612903225805,1.4710645161290323,1.6434354838709677,0.8120483870967742,0.8959193548387098,0.7431290322580645,0.8543225806451612,416.0,58227.0,73082.0,0.0071444518865818,0.0056922361183328
2025-12,Galicia,1050,0,95.598,101.989,2.9,9.93,62.54,1.434475806451613,1.5297016129032257,1.4631370967741935,1.6235483870967742,0.8066129032258064,0.8851854838709677,0.736516129032258,0.8379354838709677,1050.0,112983.0,181310.0,0.0092934335253976,0.0057911863658926
2025-12,"Madrid, Comunidad de",2975,1,95.598,101.989,2.9,9.93,62.54,1.427064516129032,1.515774193548387,1.4778064516129032,1.6763870967741934,0.8004193548387096,0.8737096774193549,0.7485806451612903,0.8815806451612903,2975.0,150534.0,200896.0,0.0197629771347336,0.0148086572156737
2025-12,Melilla,0,0,95.598,101.989,2.9,9.93,62.54,1.0989354838709677,1.1523870967741934,1.1763870967741936,,0.9969354838709678,1.046483870967742,0.9995806451612903,,0.0,1244.0,1244.0,0.0,0.0
2025-12,"Murcia, Región de",1955,0,95.598,101.989,2.9,9.93,62.54,1.3818064516129032,1.454483870967742,1.4392258064516128,1.61,0.763,0.8230322580645161,0.7167096774193549,0.8265806451612903,1955.0,79347.0,98221.0,0.0246386126759675,0.0199040938292218
2025-12,"Navarra, Comunidad Foral de",645,0,95.598,101.989,2.9,9.93,62.54,1.3918387096774194,1.5158387096774193,1.4503548387096774,1.6578709677419354,0.7713548387096774,0.8737419354838709,0.7258064516129032,0.866225806451613,645.0,51482.0,62704.0,0.0125286507905675,0.010286425108446
2025-12,País Vasco,1515,0,95.598,101.989,2.9,9.93,62.54,1.4357096774193547,1.510451612903226,1.481698924731183,1.6584623655913977,0.8075806451612904,0.8692795698924731,0.7518172043010752,0.8667311827956988,1515.0,126600.0,150467.0,0.0119668246445497,0.0100686529272199
2025-12,"Rioja, La",177,0,95.598,101.989,2.9,9.93,62.54,1.4271290322580645,1.526741935483871,1.4649354838709678,1.653741935483871,0.800483870967742,0.8828387096774193,0.7380967741935484,0.8628064516129033,177.0,13346.0,20894.0,0.0132624007193166,0.0084713314827223
