Fecha;CCAA;Provincia;Tipo Producto;Consumo Tm
2025-01;Andalucía;Almería;BIODIESEL;208
2025-01;Andalucía;Almería;GASÓLEO A;32161
2025-01;Andalucía;Almería;GASÓLEO B;6247
2025-01;Andalucía;Almería;GASÓLEO C;760
2025-01;Andalucía;Almería;OTROS GASOLEOS;875
2025-01;Andalucía;Almería;BIOETANOL;0
2025-01;Andalucía;Almería;GASOLINA  AUTO. S/PB 95 I.O.;5799
2025-01;Andalucía;Almería;GASOLINA  AUTO. S/PB 98 I.O.;269
2025-01;Andalucía;Almería;OTRAS GASOLINAS;2
2025-01;Andalucía;Almería;FUELÓLEO  BIA;147
2025-01;Andalucía;Almería;OTROS FUELÓLEOS;1552
2025-01;Andalucía;Almería;QUEROSENO AVIACIÓN;292
2025-01;Andalucía;Almería;OTROS QUEROSENOS;0
2025-01;Andalucía;Almería;GLP;3186
2025-01;Andalucía;Cádiz;BIODIESEL;73
2025-01;Andalucía;Cádiz;GASÓLEO A;29986
2025-01;Andalucía;Cádiz;GASÓLEO B;6700
2025-01;Andalucía;Cádiz;GASÓLEO C;716
2025-01;Andalucía;Cádiz;OTROS GASOLEOS;34946
2025-01;Andalucía;Cádiz;BIOETANOL;0
2025-01;Andalucía;Cádiz;GASOLINA  AUTO. S/PB 95 I.O.;10384
2025-01;Andalucía;Cádiz;GASOLINA  AUTO. S/PB 98 I.O.;355
2025-01;Andalucía;Cádiz;OTRAS GASOLINAS;20
2025-01;Andalucía;Cádiz;FUELÓLEO  BIA;34533
2025-01;Andalucía;Cádiz;OTROS FUELÓLEOS;230705
2025-01;Andalucía;Cádiz;QUEROSENO AVIACIÓN;557
2025-01;Andalucía;Cádiz;OTROS QUEROSENOS;0
2025-01;Andalucía;Cádiz;GLP;4276
2025-01;Andalucía;Córdoba;BIODIESEL;37
2025-01;Andalucía;Córdoba;GASÓLEO A;30702
2025-01;Andalucía;Córdoba;GASÓLEO B;8057
2025-01;Andalucía;Córdoba;GASÓLEO C;1150
2025-01;Andalucía;Córdoba;OTROS GASOLEOS;0
2025-01;Andalucía;Córdoba;BIOETANOL;0
2025-01;Andalucía;Córdoba;GASOLINA  AUTO. S/PB 95 I.O.;5848
2025-01;Andalucía;Córdoba;GASOLINA  AUTO. S/PB 98 I.O.;150
2025-01;Andalucía;Córdoba;OTRAS GASOLINAS;8
2025-01;Andalucía;Córdoba;FUELÓLEO  BIA;25
2025-01;Andalucía;Córdoba;OTROS FUELÓLEOS;0
2025-01;Andalucía;Córdoba;QUEROSENO AVIACIÓN;16
2025-01;Andalucía;Córdoba;OTROS QUEROSENOS;0
2025-01;Andalucía;Córdoba;GLP;2671
2025-01;Andalucía;Granada;BIODIESEL;16
2025-01;Andalucía;Granada;GASÓLEO A;32264
2025-01;Andalucía;Granada;GASÓLEO B;6905
2025-01;Andalucía;Granada;GASÓLEO C;4774
2025-01;Andalucía;Granada;OTROS GASOLEOS;335
2025-01;Andalucía;Granada;BIOETANOL;0
2025-01;Andalucía;Granada;GASOLINA  AUTO. S/PB 95 I.O.;8256
2025-01;Andalucía;Granada;GASOLINA  AUTO. S/PB 98 I.O.;355
2025-01;Andalucía;Granada;OTRAS GASOLINAS;2
2025-01;Andalucía;Granada;FUELÓLEO  BIA;52
2025-01;Andalucía;Granada;OTROS FUELÓLEOS;961
2025-01;Andalucía;Granada;QUEROSENO AVIACIÓN;1137
2025-01;Andalucía;Granada;OTROS QUEROSENOS;0
2025-01;Andalucía;Granada;GLP;4434
2025-01;Andalucía;Huelva;BIODIESEL;39
2025-01;Andalucía;Huelva;GASÓLEO A;23314
2025-01;Andalucía;Huelva;GASÓLEO B;7751
2025-01;Andalucía;Huelva;GASÓLEO C;250
2025-01;Andalucía;Huelva;OTROS GASOLEOS;2288
2025-01;Andalucía;Huelva;BIOETANOL;0
2025-01;Andalucía;Huelva;GASOLINA  AUTO. S/PB 95 I.O.;4627
2025-01;Andalucía;Huelva;GASOLINA  AUTO. S/PB 98 I.O.;150
2025-01;Andalucía;Huelva;OTRAS GASOLINAS;0
2025-01;Andalucía;Huelva;FUELÓLEO  BIA;722
2025-01;Andalucía;Huelva;OTROS FUELÓLEOS;8004
2025-01;Andalucía;Huelva;QUEROSENO AVIACIÓN;0
2025-01;Andalucía;Huelva;OTROS QUEROSENOS;0
2025-01;Andalucía;Huelva;GLP;2964
2025-01;Andalucía;Jaén;BIODIESEL;81
2025-01;Andalucía;Jaén;GASÓLEO A;28143
2025-01;Andalucía;Jaén;GASÓLEO B;5951
2025-01;Andalucía;Jaén;GASÓLEO C;1991
2025-01;Andalucía;Jaén;OTROS GASOLEOS;0
2025-01;Andalucía;Jaén;BIOETANOL;0
2025-01;Andalucía;Jaén;GASOLINA  AUTO. S/PB 95 I.O.;5280
2025-01;Andalucía;Jaén;GASOLINA  AUTO. S/PB 98 I.O.;144
2025-01;Andalucía;Jaén;OTRAS GASOLINAS;0
2025-01;Andalucía;Jaén;FUELÓLEO  BIA;0
2025-01;Andalucía;Jaén;OTROS FUELÓLEOS;0
2025-01;Andalucía;Jaén;QUEROSENO AVIACIÓN;0
2025-01;Andalucía;Jaén;OTROS QUEROSENOS;0
2025-01;Andalucía;Jaén;GLP;2019
2025-01;Andalucía;Málaga;BIODIESEL;103
2025-01;Andalucía;Málaga;GASÓLEO A;46661
2025-01;Andalucía;Málaga;GASÓLEO B;4817
2025-01;Andalucía;Málaga;GASÓLEO C;503
2025-01;Andalucía;Málaga;OTROS GASOLEOS;474
2025-01;Andalucía;Málaga;BIOETANOL;0
2025-01;Andalucía;Málaga;GASOLINA  AUTO. S/PB 95 I.O.;18493
2025-01;Andalucía;Málaga;GASOLINA  AUTO. S/PB 98 I.O.;1137
2025-01;Andalucía;Málaga;OTRAS GASOLINAS;27
2025-01;Andalucía;Málaga;FUELÓLEO  BIA;52
2025-01;Andalucía;Málaga;OTROS FUELÓLEOS;134
2025-01;Andalucía;Málaga;QUEROSENO AVIACIÓN;27315
2025-01;Andalucía;Málaga;OTROS QUEROSENOS;0
2025-01;Andalucía;Málaga;GLP;6322
2025-01;Andalucía;Sevilla;BIODIESEL;33
2025-01;Andalucía;Sevilla;GASÓLEO A;54295
2025-01;Andalucía;Sevilla;GASÓLEO B;7465
2025-01;Andalucía;Sevilla;GASÓLEO C;644
2025-01;Andalucía;Sevilla;OTROS GASOLEOS;640
2025-01;Andalucía;Sevilla;BIOETANOL;0
2025-01;Andalucía;Sevilla;GASOLINA  AUTO. S/PB 95 I.O.;15764
2025-01;Andalucía;Sevilla;GASOLINA  AUTO. S/PB 98 I.O.;331
2025-01;Andalucía;Sevilla;OTRAS GASOLINAS;4
2025-01;Andalucía;Sevilla;FUELÓLEO  BIA;405
2025-01;Andalucía;Sevilla;OTROS FUELÓLEOS;185
2025-01;Andalucía;Sevilla;QUEROSENO AVIACIÓN;10582
2025-01;Andalucía;Sevilla;OTROS QUEROSENOS;0
2025-01;Andalucía;Sevilla;GLP;6566
2025-01;Aragón;Huesca;BIODIESEL;183
2025-01;Aragón;Huesca;GASÓLEO A;13716
2025-01;Aragón;Huesca;GASÓLEO B;9028
2025-01;Aragón;Huesca;GASÓLEO C;2334
2025-01;Aragón;Huesca;OTROS GASOLEOS;0
2025-01;Aragón;Huesca;BIOETANOL;0
2025-01;Aragón;Huesca;GASOLINA  AUTO. S/PB 95 I.O.;3007
2025-01;Aragón;Huesca;GASOLINA  AUTO. S/PB 98 I.O.;140
2025-01;Aragón;Huesca;OTRAS GASOLINAS;1
2025-01;Aragón;Huesca;FUELÓLEO  BIA;0
2025-01;Aragón;Huesca;OTROS FUELÓLEOS;0
2025-01;Aragón;Huesca;QUEROSENO AVIACIÓN;27
2025-01;Aragón;Huesca;OTROS QUEROSENOS;0
2025-01;Aragón;Huesca;GLP;3461
2025-01;Aragón;Teruel;BIODIESEL;73
2025-01;Aragón;Teruel;GASÓLEO A;8808
2025-01;Aragón;Teruel;GASÓLEO B;4603
2025-01;Aragón;Teruel;GASÓLEO C;2825
2025-01;Aragón;Teruel;OTROS GASOLEOS;0
2025-01;Aragón;Teruel;BIOETANOL;0
2025-01;Aragón;Teruel;GASOLINA  AUTO. S/PB 95 I.O.;1490
2025-01;Aragón;Teruel;GASOLINA  AUTO. S/PB 98 I.O.;52
2025-01;Aragón;Teruel;OTRAS GASOLINAS;0
2025-01;Aragón;Teruel;FUELÓLEO  BIA;51
2025-01;Aragón;Teruel;OTROS FUELÓLEOS;0
2025-01;Aragón;Teruel;QUEROSENO AVIACIÓN;54
2025-01;Aragón;Teruel;OTROS QUEROSENOS;0
2025-01;Aragón;Teruel;GLP;1092
2025-01;Aragón;Zaragoza;BIODIESEL;975
2025-01;Aragón;Zaragoza;GASÓLEO A;48191
2025-01;Aragón;Zaragoza;GASÓLEO B;11815
2025-01;Aragón;Zaragoza;GASÓLEO C;10253
2025-01;Aragón;Zaragoza;OTROS GASOLEOS;42
2025-01;Aragón;Zaragoza;BIOETANOL;0
2025-01;Aragón;Zaragoza;GASOLINA  AUTO. S/PB 95 I.O.;8654
2025-01;Aragón;Zaragoza;GASOLINA  AUTO. S/PB 98 I.O.;293
2025-01;Aragón;Zaragoza;OTRAS GASOLINAS;2
2025-01;Aragón;Zaragoza;FUELÓLEO  BIA;31
2025-01;Aragón;Zaragoza;OTROS FUELÓLEOS;0
2025-01;Aragón;Zaragoza;QUEROSENO AVIACIÓN;7044
2025-01;Aragón;Zaragoza;OTROS QUEROSENOS;0
2025-01;Aragón;Zaragoza;GLP;3067
2025-01;Asturias, Principado de;Asturias;BIODIESEL;193
2025-01;Asturias, Principado de;Asturias;GASÓLEO A;31310
2025-01;Asturias, Principado de;Asturias;GASÓLEO B;7256
2025-01;Asturias, Principado de;Asturias;GASÓLEO C;4768
2025-01;Asturias, Principado de;Asturias;OTROS GASOLEOS;3899
2025-01;Asturias, Principado de;Asturias;BIOETANOL;0
2025-01;Asturias, Principado de;Asturias;GASOLINA  AUTO. S/PB 95 I.O.;8139
2025-01;Asturias, Principado de;Asturias;GASOLINA  AUTO. S/PB 98 I.O.;455
2025-01;Asturias, Principado de;Asturias;OTRAS GASOLINAS;1
2025-01;Asturias, Principado de;Asturias;FUELÓLEO  BIA;1500
2025-01;Asturias, Principado de;Asturias;OTROS FUELÓLEOS;330
2025-01;Asturias, Principado de;Asturias;QUEROSENO AVIACIÓN;1458
2025-01;Asturias, Principado de;Asturias;OTROS QUEROSENOS;0
2025-01;Asturias, Principado de;Asturias;GLP;3614
2025-01;Balears, Illes;Balears, Illes;BIODIESEL;0
2025-01;Balears, Illes;Balears, Illes;GASÓLEO A;20516
2025-01;Balears, Illes;Balears, Illes;GASÓLEO B;3661
2025-01;Balears, Illes;Balears, Illes;GASÓLEO C;9959
2025-01;Balears, Illes;Balears, Illes;OTROS GASOLEOS;1967
2025-01;Balears, Illes;Balears, Illes;BIOETANOL;0
2025-01;Balears, Illes;Balears, Illes;GASOLINA  AUTO. S/PB 95 I.O.;14629
2025-01;Balears, Illes;Balears, Illes;GASOLINA  AUTO. S/PB 98 I.O.;694
2025-01;Balears, Illes;Balears, Illes;OTRAS GASOLINAS;18
2025-01;Balears, Illes;Balears, Illes;FUELÓLEO  BIA;0
2025-01;Balears, Illes;Balears, Illes;OTROS FUELÓLEOS;0
2025-01;Balears, Illes;Balears, Illes;QUEROSENO AVIACIÓN;14403
2025-01;Balears, Illes;Balears, Illes;OTROS QUEROSENOS;0
2025-01;Balears, Illes;Balears, Illes;GLP;4849
2025-01;Canarias;Palmas, Las;BIODIESEL;142
2025-01;Canarias;Palmas, Las;GASÓLEO A;27256
2025-01;Canarias;Palmas, Las;GASÓLEO B;0
2025-01;Canarias;Palmas, Las;GASÓLEO C;0
2025-01;Canarias;Palmas, Las;OTROS GASOLEOS;84161
2025-01;Canarias;Palmas, Las;BIOETANOL;0
2025-01;Canarias;Palmas, Las;GASOLINA  AUTO. S/PB 95 I.O.;19467
2025-01;Canarias;Palmas, Las;GASOLINA  AUTO. S/PB 98 I.O.;3676
2025-01;Canarias;Palmas, Las;OTRAS GASOLINAS;3
2025-01;Canarias;Palmas, Las;FUELÓLEO  BIA;127502
2025-01;Canarias;Palmas, Las;OTROS FUELÓLEOS;66963
2025-01;Canarias;Palmas, Las;QUEROSENO AVIACIÓN;61722
2025-01;Canarias;Palmas, Las;OTROS QUEROSENOS;0
2025-01;Canarias;Palmas, Las;GLP;3638
2025-01;Canarias;Santa Cruz de Tenerife;BIODIESEL;0
2025-01;Canarias;Santa Cruz de Tenerife;GASÓLEO A;26691
2025-01;Canarias;Santa Cruz de Tenerife;GASÓLEO B;0
2025-01;Canarias;Santa Cruz de Tenerife;GASÓLEO C;0
2025-01;Canarias;Santa Cruz de Tenerife;OTROS GASOLEOS;60691
2025-01;Canarias;Santa Cruz de Tenerife;BIOETANOL;0
2025-01;Canarias;Santa Cruz de Tenerife;GASOLINA  AUTO. S/PB 95 I.O.;18696
2025-01;Canarias;Santa Cruz de Tenerife;GASOLINA  AUTO. S/PB 98 I.O.;5154
2025-01;Canarias;Santa Cruz de Tenerife;OTRAS GASOLINAS;1
2025-01;Canarias;Santa Cruz de Tenerife;FUELÓLEO  BIA;20006
2025-01;Canarias;Santa Cruz de Tenerife;OTROS FUELÓLEOS;32264
2025-01;Canarias;Santa Cruz de Tenerife;QUEROSENO AVIACIÓN;59455
2025-01;Canarias;Santa Cruz de Tenerife;OTROS QUEROSENOS;0
2025-01;Canarias;Santa Cruz de Tenerife;GLP;4316
2025-01;Cantabria;Cantabria;BIODIESEL;518
2025-01;Cantabria;Cantabria;GASÓLEO A;21430
2025-01;Cantabria;Cantabria;GASÓLEO B;5444
2025-01;Cantabria;Cantabria;GASÓLEO C;308
2025-01;Cantabria;Cantabria;OTROS GASOLEOS;455
2025-01;Cantabria;Cantabria;BIOETANOL;0
2025-01;Cantabria;Cantabria;GASOLINA  AUTO. S/PB 95 I.O.;5866
2025-01;Cantabria;Cantabria;GASOLINA  AUTO. S/PB 98 I.O.;238
2025-01;Cantabria;Cantabria;OTRAS GASOLINAS;0
2025-01;Cantabria;Cantabria;FUELÓLEO  BIA;182
2025-01;Cantabria;Cantabria;OTROS FUELÓLEOS;0
2025-01;Cantabria;Cantabria;QUEROSENO AVIACIÓN;674
2025-01;Cantabria;Cantabria;OTROS QUEROSENOS;0
2025-01;Cantabria;Cantabria;GLP;3192
2025-01;Castilla - La Mancha;Albacete;BIODIESEL;106
2025-01;Castilla - La Mancha;Albacete;GASÓLEO A;16231
2025-01;Castilla - La Mancha;Albacete;GASÓLEO B;6079
2025-01;Castilla - La Mancha;Albacete;GASÓLEO C;4016
2025-01;Castilla - La Mancha;Albacete;OTROS GASOLEOS;0
2025-01;Castilla - La Mancha;Albacete;BIOETANOL;0
2025-01;Castilla - La Mancha;Albacete;GASOLINA  AUTO. S/PB 95 I.O.;3110
2025-01;Castilla - La Mancha;Albacete;GASOLINA  AUTO. S/PB 98 I.O.;116
2025-01;Castilla - La Mancha;Albacete;OTRAS GASOLINAS;0
2025-01;Castilla - La Mancha;Albacete;FUELÓLEO  BIA;0
2025-01;Castilla - La Mancha;Albacete;OTROS FUELÓLEOS;0
2025-01;Castilla - La Mancha;Albacete;QUEROSENO AVIACIÓN;45
2025-01;Castilla - La Mancha;Albacete;OTROS QUEROSENOS;0
2025-01;Castilla - La Mancha;Albacete;GLP;1725
2025-01;Castilla - La Mancha;Ciudad Real;BIODIESEL;153
2025-01;Castilla - La Mancha;Ciudad Real;GASÓLEO A;24440
2025-01;Castilla - La Mancha;Ciudad Real;GASÓLEO B;9693
2025-01;Castilla - La Mancha;Ciudad Real;GASÓLEO C;4677
2025-01;Castilla - La Mancha;Ciudad Real;OTROS GASOLEOS;0
2025-01;Castilla - La Mancha;Ciudad Real;BIOETANOL;0
2025-01;Castilla - La Mancha;Ciudad Real;GASOLINA  AUTO. S/PB 95 I.O.;4028
2025-01;Castilla - La Mancha;Ciudad Real;GASOLINA  AUTO. S/PB 98 I.O.;127
2025-01;Castilla - La Mancha;Ciudad Real;OTRAS GASOLINAS;0
2025-01;Castilla - La Mancha;Ciudad Real;FUELÓLEO  BIA;25
2025-01;Castilla - La Mancha;Ciudad Real;OTROS FUELÓLEOS;0
2025-01;Castilla - La Mancha;Ciudad Real;QUEROSENO AVIACIÓN;0
2025-01;Castilla - La Mancha;Ciudad Real;OTROS QUEROSENOS;0
2025-01;Castilla - La Mancha;Ciudad Real;GLP;1708
2025-01;Castilla - La Mancha;Cuenca;BIODIESEL;69
2025-01;Castilla - La Mancha;Cuenca;GASÓLEO A;13435
2025-01;Castilla - La Mancha;Cuenca;GASÓLEO B;8969
2025-01;Castilla - La Mancha;Cuenca;GASÓLEO C;2117
2025-01;Castilla - La Mancha;Cuenca;OTROS GASOLEOS;0
2025-01;Castilla - La Mancha;Cuenca;BIOETANOL;0
2025-01;Castilla - La Mancha;Cuenca;GASOLINA  AUTO. S/PB 95 I.O.;2202
2025-01;Castilla - La Mancha;Cuenca;GASOLINA  AUTO. S/PB 98 I.O.;66
2025-01;Castilla - La Mancha;Cuenca;OTRAS GASOLINAS;3
2025-01;Castilla - La Mancha;Cuenca;FUELÓLEO  BIA;0
2025-01;Castilla - La Mancha;Cuenca;OTROS FUELÓLEOS;0
2025-01;Castilla - La Mancha;Cuenca;QUEROSENO AVIACIÓN;0
2025-01;Castilla - La Mancha;Cuenca;OTROS QUEROSENOS;0
2025-01;Castilla - La Mancha;Cuenca;GLP;1184
2025-01;Castilla - La Mancha;Guadalajara;BIODIESEL;214
2025-01;Castilla - La Mancha;Guadalajara;GASÓLEO A;11860
2025-01;Castilla - La Mancha;Guadalajara;GASÓLEO B;5134
2025-01;Castilla - La Mancha;Guadalajara;GASÓLEO C;3870
2025-01;Castilla - La Mancha;Guadalajara;OTROS GASOLEOS;0
2025-01;Castilla - La Mancha;Guadalajara;BIOETANOL;0
2025-01;Castilla - La Mancha;Guadalajara;GASOLINA  AUTO. S/PB 95 I.O.;3189
2025-01;Castilla - La Mancha;Guadalajara;GASOLINA  AUTO. S/PB 98 I.O.;102
2025-01;Castilla - La Mancha;Guadalajara;OTRAS GASOLINAS;0
2025-01;Castilla - La Mancha;Guadalajara;FUELÓLEO  BIA;27
2025-01;Castilla - La Mancha;Guadalajara;OTROS FUELÓLEOS;0
2025-01;Castilla - La Mancha;Guadalajara;QUEROSENO AVIACIÓN;0
2025-01;Castilla - La Mancha;Guadalajara;OTROS QUEROSENOS;0
2025-01;Castilla - La Mancha;Guadalajara;GLP;869
2025-01;Castilla - La Mancha;Toledo;BIODIESEL;332
2025-01;Castilla - La Mancha;Toledo;GASÓLEO A;33094
2025-01;Castilla - La Mancha;Toledo;GASÓLEO B;15350
2025-01;Castilla - La Mancha;Toledo;GASÓLEO C;8433
2025-01;Castilla - La Mancha;Toledo;OTROS GASOLEOS;0
2025-01;Castilla - La Mancha;Toledo;BIOETANOL;0
2025-01;Castilla - La Mancha;Toledo;GASOLINA  AUTO. S/PB 95 I.O.;7496
2025-01;Castilla - La Mancha;Toledo;GASOLINA  AUTO. S/PB 98 I.O.;254
2025-01;Castilla - La Mancha;Toledo;OTRAS GASOLINAS;0
2025-01;Castilla - La Mancha;Toledo;FUELÓLEO  BIA;92
2025-01;Castilla - La Mancha;Toledo;OTROS FUELÓLEOS;0
2025-01;Castilla - La Mancha;Toledo;QUEROSENO AVIACIÓN;12
2025-01;Castilla - La Mancha;Toledo;OTROS QUEROSENOS;0
2025-01;Castilla - La Mancha;Toledo;GLP;3373
2025-01;Castilla y León;Ávila;BIODIESEL;25
2025-01;Castilla y León;Ávila;GASÓLEO A;6399
2025-01;Castilla y León;Ávila;GASÓLEO B;3658
2025-01;Castilla y León;Ávila;GASÓLEO C;1790
2025-01;Castilla y León;Ávila;OTROS GASOLEOS;0
2025-01;Castilla y León;Ávila;BIOETANOL;0
2025-01;Castilla y León;Ávila;GASOLINA  AUTO. S/PB 95 I.O.;1493
2025-01;Castilla y León;Ávila;GASOLINA  AUTO. S/PB 98 I.O.;48
2025-01;Castilla y León;Ávila;OTRAS GASOLINAS;0
2025-01;Castilla y León;Ávila;FUELÓLEO  BIA;0
2025-01;Castilla y León;Ávila;OTROS FUELÓLEOS;0
2025-01;Castilla y León;Ávila;QUEROSENO AVIACIÓN;0
2025-01;Castilla y León;Ávila;OTROS QUEROSENOS;0
2025-01;Castilla y León;Ávila;GLP;1188
2025-01;Castilla y León;Burgos;BIODIESEL;61
2025-01;Castilla y León;Burgos;GASÓLEO A;21648
2025-01;Castilla y León;Burgos;GASÓLEO B;7397
2025-01;Castilla y León;Burgos;GASÓLEO C;1881
2025-01;Castilla y León;Burgos;OTROS GASOLEOS;0
2025-01;Castilla y León;Burgos;BIOETANOL;0
2025-01;Castilla y León;Burgos;GASOLINA  AUTO. S/PB 95 I.O.;3977
2025-01;Castilla y León;Burgos;GASOLINA  AUTO. S/PB 98 I.O.;199
2025-01;Castilla y León;Burgos;OTRAS GASOLINAS;11
2025-01;Castilla y León;Burgos;FUELÓLEO  BIA;42
2025-01;Castilla y León;Burgos;OTROS FUELÓLEOS;0
2025-01;Castilla y León;Burgos;QUEROSENO AVIACIÓN;3
2025-01;Castilla y León;Burgos;OTROS QUEROSENOS;0
2025-01;Castilla y León;Burgos;GLP;1298
2025-01;Castilla y León;León;BIODIESEL;21
2025-01;Castilla y León;León;GASÓLEO A;23687
2025-01;Castilla y León;León;GASÓLEO B;10248
2025-01;Castilla y León;León;GASÓLEO C;8122
2025-01;Castilla y León;León;OTROS GASOLEOS;0
2025-01;Castilla y León;León;BIOETANOL;0
2025-01;Castilla y León;León;GASOLINA  AUTO. S/PB 95 I.O.;4480
2025-01;Castilla y León;León;GASOLINA  AUTO. S/PB 98 I.O.;214
2025-01;Castilla y León;León;OTRAS GASOLINAS;0
2025-01;Castilla y León;León;FUELÓLEO  BIA;25
2025-01;Castilla y León;León;OTROS FUELÓLEOS;0
2025-01;Castilla y León;León;QUEROSENO AVIACIÓN;8
2025-01;Castilla y León;León;OTROS QUEROSENOS;0
2025-01;Castilla y León;León;GLP;2468
2025-01;Castilla y León;Palencia;BIODIESEL;45
2025-01;Castilla y León;Palencia;GASÓLEO A;8641
2025-01;Castilla y León;Palencia;GASÓLEO B;4794
2025-01;Castilla y León;Palencia;GASÓLEO C;1068
2025-01;Castilla y León;Palencia;OTROS GASOLEOS;0
2025-01;Castilla y León;Palencia;BIOETANOL;0
2025-01;Castilla y León;Palencia;GASOLINA  AUTO. S/PB 95 I.O.;1527
2025-01;Castilla y León;Palencia;GASOLINA  AUTO. S/PB 98 I.O.;65
2025-01;Castilla y León;Palencia;OTRAS GASOLINAS;0
2025-01;Castilla y León;Palencia;FUELÓLEO  BIA;81
2025-01;Castilla y León;Palencia;OTROS FUELÓLEOS;0
2025-01;Castilla y León;Palencia;QUEROSENO AVIACIÓN;0
2025-01;Castilla y León;Palencia;OTROS QUEROSENOS;0
2025-01;Castilla y León;Palencia;GLP;618
2025-01;Castilla y León;Salamanca;BIODIESEL;32
2025-01;Castilla y León;Salamanca;GASÓLEO A;19302
2025-01;Castilla y León;Salamanca;GASÓLEO B;5499
2025-01;Castilla y León;Salamanca;GASÓLEO C;4749
2025-01;Castilla y León;Salamanca;OTROS GASOLEOS;0
2025-01;Castilla y León;Salamanca;BIOETANOL;0
2025-01;Castilla y León;Salamanca;GASOLINA  AUTO. S/PB 95 I.O.;2827
2025-01;Castilla y León;Salamanca;GASOLINA  AUTO. S/PB 98 I.O.;150
2025-01;Castilla y León;Salamanca;OTRAS GASOLINAS;11
2025-01;Castilla y León;Salamanca;FUELÓLEO  BIA;0
2025-01;Castilla y León;Salamanca;OTROS FUELÓLEOS;0
2025-01;Castilla y León;Salamanca;QUEROSENO AVIACIÓN;11
2025-01;Castilla y León;Salamanca;OTROS QUEROSENOS;0
2025-01;Castilla y León;Salamanca;GLP;1548
2025-01;Castilla y León;Segovia;BIODIESEL;96
2025-01;Castilla y León;Segovia;GASÓLEO A;8358
2025-01;Castilla y León;Segovia;GASÓLEO B;4260
2025-01;Castilla y León;Segovia;GASÓLEO C;2957
2025-01;Castilla y León;Segovia;OTROS GASOLEOS;0
2025-01;Castilla y León;Segovia;BIOETANOL;0
2025-01;Castilla y León;Segovia;GASOLINA  AUTO. S/PB 95 I.O.;2087
2025-01;Castilla y León;Segovia;GASOLINA  AUTO. S/PB 98 I.O.;98
2025-01;Castilla y León;Segovia;OTRAS GASOLINAS;0
2025-01;Castilla y León;Segovia;FUELÓLEO  BIA;0
2025-01;Castilla y León;Segovia;OTROS FUELÓLEOS;0
2025-01;Castilla y León;Segovia;QUEROSENO AVIACIÓN;0
2025-01;Castilla y León;Segovia;OTROS QUEROSENOS;0
2025-01;Castilla y León;Segovia;GLP;1204
2025-01;Castilla y León;Soria;BIODIESEL;31
2025-01;Castilla y León;Soria;GASÓLEO A;4913
2025-01;Castilla y León;Soria;GASÓLEO B;2608
2025-01;Castilla y León;Soria;GASÓLEO C;1157
2025-01;Castilla y León;Soria;OTROS GASOLEOS;0
2025-01;Castilla y León;Soria;BIOETANOL;0
2025-01;Castilla y León;Soria;GASOLINA  AUTO. S/PB 95 I.O.;929
2025-01;Castilla y León;Soria;GASOLINA  AUTO. S/PB 98 I.O.;40
2025-01;Castilla y León;Soria;OTRAS GASOLINAS;8
2025-01;Castilla y León;Soria;FUELÓLEO  BIA;0
2025-01;Castilla y León;Soria;OTROS FUELÓLEOS;0
2025-01;Castilla y León;Soria;QUEROSENO AVIACIÓN;0
2025-01;Castilla y León;Soria;OTROS QUEROSENOS;0
2025-01;Castilla y León;Soria;GLP;424
2025-01;Castilla y León;Valladolid;BIODIESEL;49
2025-01;Castilla y León;Valladolid;GASÓLEO A;20369
2025-01;Castilla y León;Valladolid;GASÓLEO B;5946
2025-01;Castilla y León;Valladolid;GASÓLEO C;3624
2025-01;Castilla y León;Valladolid;OTROS GASOLEOS;0
2025-01;Castilla y León;Valladolid;BIOETANOL;0
2025-01;Castilla y León;Valladolid;GASOLINA  AUTO. S/PB 95 I.O.;5026
2025-01;Castilla y León;Valladolid;GASOLINA  AUTO. S/PB 98 I.O.;185
2025-01;Castilla y León;Valladolid;OTRAS GASOLINAS;2
2025-01;Castilla y León;Valladolid;FUELÓLEO  BIA;0
2025-01;Castilla y León;Valladolid;OTROS FUELÓLEOS;0
2025-01;Castilla y León;Valladolid;QUEROSENO AVIACIÓN;92
2025-01;Castilla y León;Valladolid;OTROS QUEROSENOS;0
2025-01;Castilla y León;Valladolid;GLP;1378
2025-01;Castilla y León;Zamora;BIODIESEL;12
2025-01;Castilla y León;Zamora;GASÓLEO A;16383
2025-01;Castilla y León;Zamora;GASÓLEO B;5410
2025-01;Castilla y León;Zamora;GASÓLEO C;1247
2025-01;Castilla y León;Zamora;OTROS GASOLEOS;0
2025-01;Castilla y León;Zamora;BIOETANOL;0
2025-01;Castilla y León;Zamora;GASOLINA  AUTO. S/PB 95 I.O.;1698
2025-01;Castilla y León;Zamora;GASOLINA  AUTO. S/PB 98 I.O.;92
2025-01;Castilla y León;Zamora;OTRAS GASOLINAS;0
2025-01;Castilla y León;Zamora;FUELÓLEO  BIA;0
2025-01;Castilla y León;Zamora;OTROS FUELÓLEOS;0
2025-01;Castilla y León;Zamora;QUEROSENO AVIACIÓN;0
2025-01;Castilla y León;Zamora;OTROS QUEROSENOS;0
2025-01;Castilla y León;Zamora;GLP;858
2025-01;Cataluña;Barcelona;BIODIESEL;1056
2025-01;Cataluña;Barcelona;GASÓLEO A;114712
2025-01;Cataluña;Barcelona;GASÓLEO B;25550
2025-01;Cataluña;Barcelona;GASÓLEO C;7584
2025-01;Cataluña;Barcelona;OTROS GASOLEOS;12467
2025-01;Cataluña;Barcelona;BIOETANOL;12
2025-01;Cataluña;Barcelona;GASOLINA  AUTO. S/PB 95 I.O.;55781
2025-01;Cataluña;Barcelona;GASOLINA  AUTO. S/PB 98 I.O.;2560
2025-01;Cataluña;Barcelona;OTRAS GASOLINAS;114
2025-01;Cataluña;Barcelona;FUELÓLEO  BIA;18222
2025-01;Cataluña;Barcelona;OTROS FUELÓLEOS;62705
2025-01;Cataluña;Barcelona;QUEROSENO AVIACIÓN;87252
2025-01;Cataluña;Barcelona;OTROS QUEROSENOS;0
2025-01;Cataluña;Barcelona;GLP;8684
2025-01;Cataluña;Girona;BIODIESEL;720
2025-01;Cataluña;Girona;GASÓLEO A;105399
2025-01;Cataluña;Girona;GASÓLEO B;6903
2025-01;Cataluña;Girona;GASÓLEO C;4372
2025-01;Cataluña;Girona;OTROS GASOLEOS;133
2025-01;Cataluña;Girona;BIOETANOL;0
2025-01;Cataluña;Girona;GASOLINA  AUTO. S/PB 95 I.O.;12931
2025-01;Cataluña;Girona;GASOLINA  AUTO. S/PB 98 I.O.;711
2025-01;Cataluña;Girona;OTRAS GASOLINAS;3
2025-01;Cataluña;Girona;FUELÓLEO  BIA;15
2025-01;Cataluña;Girona;OTROS FUELÓLEOS;0
2025-01;Cataluña;Girona;QUEROSENO AVIACIÓN;810
2025-01;Cataluña;Girona;OTROS QUEROSENOS;0
2025-01;Cataluña;Girona;GLP;5116
2025-01;Cataluña;Lleida;BIODIESEL;51
2025-01;Cataluña;Lleida;GASÓLEO A;23592
2025-01;Cataluña;Lleida;GASÓLEO B;11070
2025-01;Cataluña;Lleida;GASÓLEO C;2496
2025-01;Cataluña;Lleida;OTROS GASOLEOS;0
2025-01;Cataluña;Lleida;BIOETANOL;0
2025-01;Cataluña;Lleida;GASOLINA  AUTO. S/PB 95 I.O.;5478
2025-01;Cataluña;Lleida;GASOLINA  AUTO. S/PB 98 I.O.;256
2025-01;Cataluña;Lleida;OTRAS GASOLINAS;12
2025-01;Cataluña;Lleida;FUELÓLEO  BIA;27
2025-01;Cataluña;Lleida;OTROS FUELÓLEOS;0
2025-01;Cataluña;Lleida;QUEROSENO AVIACIÓN;41
2025-01;Cataluña;Lleida;OTROS QUEROSENOS;1
2025-01;Cataluña;Lleida;GLP;4456
2025-01;Cataluña;Tarragona;BIODIESEL;67
2025-01;Cataluña;Tarragona;GASÓLEO A;31933
2025-01;Cataluña;Tarragona;GASÓLEO B;6508
2025-01;Cataluña;Tarragona;GASÓLEO C;896
2025-01;Cataluña;Tarragona;OTROS GASOLEOS;2681
2025-01;Cataluña;Tarragona;BIOETANOL;0
2025-01;Cataluña;Tarragona;GASOLINA  AUTO. S/PB 95 I.O.;10615
2025-01;Cataluña;Tarragona;GASOLINA  AUTO. S/PB 98 I.O.;350
2025-01;Cataluña;Tarragona;OTRAS GASOLINAS;9
2025-01;Cataluña;Tarragona;FUELÓLEO  BIA;25
2025-01;Cataluña;Tarragona;OTROS FUELÓLEOS;0
2025-01;Cataluña;Tarragona;QUEROSENO AVIACIÓN;83
2025-01;Cataluña;Tarragona;OTROS QUEROSENOS;0
2025-01;Cataluña;Tarragona;GLP;9514
2025-01;Ceuta;Ceuta;BIODIESEL;0
2025-01;Ceuta;Ceuta;GASÓLEO A;962
2025-01;Ceuta;Ceuta;GASÓLEO B;0
2025-01;Ceuta;Ceuta;GASÓLEO C;82
2025-01;Ceuta;Ceuta;OTROS GASOLEOS;8235
2025-01;Ceuta;Ceuta;BIOETANOL;0
2025-01;Ceuta;Ceuta;GASOLINA  AUTO. S/PB 95 I.O.;480
2025-01;Ceuta;Ceuta;GASOLINA  AUTO. S/PB 98 I.O.;82
2025-01;Ceuta;Ceuta;OTRAS GASOLINAS;0
2025-01;Ceuta;Ceuta;FUELÓLEO  BIA;4793
2025-01;Ceuta;Ceuta;OTROS FUELÓLEOS;9924
2025-01;Ceuta;Ceuta;QUEROSENO AVIACIÓN;54
2025-01;Ceuta;Ceuta;OTROS QUEROSENOS;0
2025-01;Ceuta;Ceuta;GLP;212
2025-01;Comunitat Valenciana;Alicante/Alacant;BIODIESEL;233
2025-01;Comunitat Valenciana;Alicante/Alacant;GASÓLEO A;46404
2025-01;Comunitat Valenciana;Alicante/Alacant;GASÓLEO B;4181
2025-01;Comunitat Valenciana;Alicante/Alacant;GASÓLEO C;3225
2025-01;Comunitat Valenciana;Alicante/Alacant;OTROS GASOLEOS;1210
2025-01;Comunitat Valenciana;Alicante/Alacant;BIOETANOL;0
2025-01;Comunitat Valenciana;Alicante/Alacant;GASOLINA  AUTO. S/PB 95 I.O.;21815
2025-01;Comunitat Valenciana;Alicante/Alacant;GASOLINA  AUTO. S/PB 98 I.O.;961
2025-01;Comunitat Valenciana;Alicante/Alacant;OTRAS GASOLINAS;11
2025-01;Comunitat Valenciana;Alicante/Alacant;FUELÓLEO  BIA;169
2025-01;Comunitat Valenciana;Alicante/Alacant;OTROS FUELÓLEOS;0
2025-01;Comunitat Valenciana;Alicante/Alacant;QUEROSENO AVIACIÓN;20189
2025-01;Comunitat Valenciana;Alicante/Alacant;OTROS QUEROSENOS;0
2025-01;Comunitat Valenciana;Alicante/Alacant;GLP;9628
2025-01;Comunitat Valenciana;Castellón/Castelló;BIODIESEL;11
2025-01;Comunitat Valenciana;Castellón/Castelló;GASÓLEO A;19983
2025-01;Comunitat Valenciana;Castellón/Castelló;GASÓLEO B;1883
2025-01;Comunitat Valenciana;Castellón/Castelló;GASÓLEO C;998
2025-01;Comunitat Valenciana;Castellón/Castelló;OTROS GASOLEOS;9831
2025-01;Comunitat Valenciana;Castellón/Castelló;BIOETANOL;0
2025-01;Comunitat Valenciana;Castellón/Castelló;GASOLINA  AUTO. S/PB 95 I.O.;6532
2025-01;Comunitat Valenciana;Castellón/Castelló;GASOLINA  AUTO. S/PB 98 I.O.;266
2025-01;Comunitat Valenciana;Castellón/Castelló;OTRAS GASOLINAS;17
2025-01;Comunitat Valenciana;Castellón/Castelló;FUELÓLEO  BIA;241
2025-01;Comunitat Valenciana;Castellón/Castelló;OTROS FUELÓLEOS;79
2025-01;Comunitat Valenciana;Castellón/Castelló;QUEROSENO AVIACIÓN;202
2025-01;Comunitat Valenciana;Castellón/Castelló;OTROS QUEROSENOS;0
2025-01;Comunitat Valenciana;Castellón/Castelló;GLP;2450
2025-01;Comunitat Valenciana;Valencia/València;BIODIESEL;218
2025-01;Comunitat Valenciana;Valencia/València;GASÓLEO A;90195
2025-01;Comunitat Valenciana;Valencia/València;GASÓLEO B;12330
2025-01;Comunitat Valenciana;Valencia/València;GASÓLEO C;2361
2025-01;Comunitat Valenciana;Valencia/València;OTROS GASOLEOS;2560
2025-01;Comunitat Valenciana;Valencia/València;BIOETANOL;0
2025-01;Comunitat Valenciana;Valencia/València;GASOLINA  AUTO. S/PB 95 I.O.;26190
2025-01;Comunitat Valenciana;Valencia/València;GASOLINA  AUTO. S/PB 98 I.O.;965
2025-01;Comunitat Valenciana;Valencia/València;OTRAS GASOLINAS;1
2025-01;Comunitat Valenciana;Valencia/València;FUELÓLEO  BIA;549
2025-01;Comunitat Valenciana;Valencia/València;OTROS FUELÓLEOS;3121
2025-01;Comunitat Valenciana;Valencia/València;QUEROSENO AVIACIÓN;11308
2025-01;Comunitat Valenciana;Valencia/València;OTROS QUEROSENOS;1
2025-01;Comunitat Valenciana;Valencia/València;GLP;7913
2025-01;Extremadura;Badajoz;BIODIESEL;82
2025-01;Extremadura;Badajoz;GASÓLEO A;36169
2025-01;Extremadura;Badajoz;GASÓLEO B;7465
2025-01;Extremadura;Badajoz;GASÓLEO C;1025
2025-01;Extremadura;Badajoz;OTROS GASOLEOS;0
2025-01;Extremadura;Badajoz;BIOETANOL;0
2025-01;Extremadura;Badajoz;GASOLINA  AUTO. S/PB 95 I.O.;5210
2025-01;Extremadura;Badajoz;GASOLINA  AUTO. S/PB 98 I.O.;165
2025-01;Extremadura;Badajoz;OTRAS GASOLINAS;1
2025-01;Extremadura;Badajoz;FUELÓLEO  BIA;75
2025-01;Extremadura;Badajoz;OTROS FUELÓLEOS;0
2025-01;Extremadura;Badajoz;QUEROSENO AVIACIÓN;46
2025-01;Extremadura;Badajoz;OTROS QUEROSENOS;0
2025-01;Extremadura;Badajoz;GLP;3965
2025-01;Extremadura;Cáceres;BIODIESEL;25
2025-01;Extremadura;Cáceres;GASÓLEO A;16542
2025-01;Extremadura;Cáceres;GASÓLEO B;3510
2025-01;Extremadura;Cáceres;GASÓLEO C;1356
2025-01;Extremadura;Cáceres;OTROS GASOLEOS;0
2025-01;Extremadura;Cáceres;BIOETANOL;0
2025-01;Extremadura;Cáceres;GASOLINA  AUTO. S/PB 95 I.O.;3514
2025-01;Extremadura;Cáceres;GASOLINA  AUTO. S/PB 98 I.O.;120
2025-01;Extremadura;Cáceres;OTRAS GASOLINAS;0
2025-01;Extremadura;Cáceres;FUELÓLEO  BIA;208
2025-01;Extremadura;Cáceres;OTROS FUELÓLEOS;0
2025-01;Extremadura;Cáceres;QUEROSENO AVIACIÓN;0
2025-01;Extremadura;Cáceres;OTROS QUEROSENOS;0
2025-01;Extremadura;Cáceres;GLP;2333
2025-01;Galicia;Coruña, A;BIODIESEL;66
2025-01;Galicia;Coruña, A;GASÓLEO A;38821
2025-01;Galicia;Coruña, A;GASÓLEO B;7512
2025-01;Galicia;Coruña, A;GASÓLEO C;6622
2025-01;Galicia;Coruña, A;OTROS GASOLEOS;3487
2025-01;Galicia;Coruña, A;BIOETANOL;0
2025-01;Galicia;Coruña, A;GASOLINA  AUTO. S/PB 95 I.O.;9458
2025-01;Galicia;Coruña, A;GASOLINA  AUTO. S/PB 98 I.O.;410
2025-01;Galicia;Coruña, A;OTRAS GASOLINAS;5
2025-01;Galicia;Coruña, A;FUELÓLEO  BIA;3429
2025-01;Galicia;Coruña, A;OTROS FUELÓLEOS;418
2025-01;Galicia;Coruña, A;QUEROSENO AVIACIÓN;3193
2025-01;Galicia;Coruña, A;OTROS QUEROSENOS;0
2025-01;Galicia;Coruña, A;GLP;5018
2025-01;Galicia;Lugo;BIODIESEL;28
2025-01;Galicia;Lugo;GASÓLEO A;15981
2025-01;Galicia;Lugo;GASÓLEO B;4195
2025-01;Galicia;Lugo;GASÓLEO C;4959
2025-01;Galicia;Lugo;OTROS GASOLEOS;1376
2025-01;Galicia;Lugo;BIOETANOL;0
2025-01;Galicia;Lugo;GASOLINA  AUTO. S/PB 95 I.O.;2602
2025-01;Galicia;Lugo;GASOLINA  AUTO. S/PB 98 I.O.;117
2025-01;Galicia;Lugo;OTRAS GASOLINAS;0
2025-01;Galicia;Lugo;FUELÓLEO  BIA;35
2025-01;Galicia;Lugo;OTROS FUELÓLEOS;54
2025-01;Galicia;Lugo;QUEROSENO AVIACIÓN;0
2025-01;Galicia;Lugo;OTROS QUEROSENOS;0
2025-01;Galicia;Lugo;GLP;2269
2025-01;Galicia;Ourense;BIODIESEL;0
2025-01;Galicia;Ourense;GASÓLEO A;12901
2025-01;Galicia;Ourense;GASÓLEO B;2081
2025-01;Galicia;Ourense;GASÓLEO C;7004
2025-01;Galicia;Ourense;OTROS GASOLEOS;54
2025-01;Galicia;Ourense;BIOETANOL;0
2025-01;Galicia;Ourense;GASOLINA  AUTO. S/PB 95 I.O.;2464
2025-01;Galicia;Ourense;GASOLINA  AUTO. S/PB 98 I.O.;165
2025-01;Galicia;Ourense;OTRAS GASOLINAS;0
2025-01;Galicia;Ourense;FUELÓLEO  BIA;69
2025-01;Galicia;Ourense;OTROS FUELÓLEOS;0
2025-01;Galicia;Ourense;QUEROSENO AVIACIÓN;0
2025-01;Galicia;Ourense;OTROS QUEROSENOS;0
2025-01;Galicia;Ourense;GLP;2202
2025-01;Galicia;Pontevedra;BIODIESEL;35
2025-01;Galicia;Pontevedra;GASÓLEO A;35994
2025-01;Galicia;Pontevedra;GASÓLEO B;6716
2025-01;Galicia;Pontevedra;GASÓLEO C;7038
2025-01;Galicia;Pontevedra;OTROS GASOLEOS;4366
2025-01;Galicia;Pontevedra;BIOETANOL;0
2025-01;Galicia;Pontevedra;GASOLINA  AUTO. S/PB 95 I.O.;7833
2025-01;Galicia;Pontevedra;GASOLINA  AUTO. S/PB 98 I.O.;371
2025-01;Galicia;Pontevedra;OTRAS GASOLINAS;0
2025-01;Galicia;Pontevedra;FUELÓLEO  BIA;586
2025-01;Galicia;Pontevedra;OTROS FUELÓLEOS;589
2025-01;Galicia;Pontevedra;QUEROSENO AVIACIÓN;701
2025-01;Galicia;Pontevedra;OTROS QUEROSENOS;0
2025-01;Galicia;Pontevedra;GLP;4587
2025-01;Madrid, Comunidad de;Madrid;BIODIESEL;1663
2025-01;Madrid, Comunidad de;Madrid;GASÓLEO A;135841
2025-01;Madrid, Comunidad de;Madrid;GASÓLEO B;14626
2025-01;Madrid, Comunidad de;Madrid;GASÓLEO C;30155
2025-01;Madrid, Comunidad de;Madrid;OTROS GASOLEOS;0
2025-01;Madrid, Comunidad de;Madrid;BIOETANOL;0
2025-01;Madrid, Comunidad de;Madrid;GASOLINA  AUTO. S/PB 95 I.O.;66030
2025-01;Madrid, Comunidad de;Madrid;GASOLINA  AUTO. S/PB 98 I.O.;2312
2025-01;Madrid, Comunidad de;Madrid;OTRAS GASOLINAS;36
2025-01;Madrid, Comunidad de;Madrid;FUELÓLEO  BIA;178
2025-01;Madrid, Comunidad de;Madrid;OTROS FUELÓLEOS;0
2025-01;Madrid, Comunidad de;Madrid;QUEROSENO AVIACIÓN;221577
2025-01;Madrid, Comunidad de;Madrid;OTROS QUEROSENOS;0
2025-01;Madrid, Comunidad de;Madrid;GLP;13717
2025-01;Melilla;Melilla;BIODIESEL;0
2025-01;Melilla;Melilla;GASÓLEO A;1024
2025-01;Melilla;Melilla;GASÓLEO B;0
2025-01;Melilla;Melilla;GASÓLEO C;0
2025-01;Melilla;Melilla;OTROS GASOLEOS;0
2025-01;Melilla;Melilla;BIOETANOL;0
2025-01;Melilla;Melilla;GASOLINA  AUTO. S/PB 95 I.O.;526
2025-01;Melilla;Melilla;GASOLINA  AUTO. S/PB 98 I.O.;0
2025-01;Melilla;Melilla;OTRAS GASOLINAS;0
2025-01;Melilla;Melilla;FUELÓLEO  BIA;4775
2025-01;Melilla;Melilla;OTROS FUELÓLEOS;0
2025-01;Melilla;Melilla;QUEROSENO AVIACIÓN;162
2025-01;Melilla;Melilla;OTROS QUEROSENOS;0
2025-01;Melilla;Melilla;GLP;235
2025-01;Murcia, Región de;Murcia;BIODIESEL;1123
2025-01;Murcia, Región de;Murcia;GASÓLEO A;76544
2025-01;Murcia, Región de;Murcia;GASÓLEO B;12862
2025-01;Murcia, Región de;Murcia;GASÓLEO C;1318
2025-01;Murcia, Región de;Murcia;OTROS GASOLEOS;1656
2025-01;Murcia, Región de;Murcia;BIOETANOL;0
2025-01;Murcia, Región de;Murcia;GASOLINA  AUTO. S/PB 95 I.O.;13078
2025-01;Murcia, Región de;Murcia;GASOLINA  AUTO. S/PB 98 I.O.;575
2025-01;Murcia, Región de;Murcia;OTRAS GASOLINAS;3
2025-01;Murcia, Región de;Murcia;FUELÓLEO  BIA;204
2025-01;Murcia, Región de;Murcia;OTROS FUELÓLEOS;90
2025-01;Murcia, Región de;Murcia;QUEROSENO AVIACIÓN;584
2025-01;Murcia, Región de;Murcia;OTROS QUEROSENOS;0
2025-01;Murcia, Región de;Murcia;GLP;6179
2025-01;Navarra, Comunidad Foral de;Navarra;BIODIESEL;919
2025-01;Navarra, Comunidad Foral de;Navarra;GASÓLEO A;59108
2025-01;Navarra, Comunidad Foral de;Navarra;GASÓLEO B;9383
2025-01;Navarra, Comunidad Foral de;Navarra;GASÓLEO C;1675
2025-01;Navarra, Comunidad Foral de;Navarra;OTROS GASOLEOS;0
2025-01;Navarra, Comunidad Foral de;Navarra;BIOETANOL;0
2025-01;Navarra, Comunidad Foral de;Navarra;GASOLINA  AUTO. S/PB 95 I.O.;6520
2025-01;Navarra, Comunidad Foral de;Navarra;GASOLINA  AUTO. S/PB 98 I.O.;210
2025-01;Navarra, Comunidad Foral de;Navarra;OTRAS GASOLINAS;2
2025-01;Navarra, Comunidad Foral de;Navarra;FUELÓLEO  BIA;237
2025-01;Navarra, Comunidad Foral de;Navarra;OTROS FUELÓLEOS;0
2025-01;Navarra, Comunidad Foral de;Navarra;QUEROSENO AVIACIÓN;100
2025-01;Navarra, Comunidad Foral de;Navarra;OTROS QUEROSENOS;0
2025-01;Navarra, Comunidad Foral de;Navarra;GLP;1882
2025-01;País Vasco;Araba/Álava;BIODIESEL;123
2025-01;País Vasco;Araba/Álava;GASÓLEO A;48037
2025-01;País Vasco;Araba/Álava;GASÓLEO B;2975
2025-01;País Vasco;Araba/Álava;GASÓLEO C;1568
2025-01;País Vasco;Araba/Álava;OTROS GASOLEOS;0
2025-01;País Vasco;Araba/Álava;BIOETANOL;0
2025-01;País Vasco;Araba/Álava;GASOLINA  AUTO. S/PB 95 I.O.;2631
2025-01;País Vasco;Araba/Álava;GASOLINA  AUTO. S/PB 98 I.O.;144
2025-01;País Vasco;Araba/Álava;OTRAS GASOLINAS;0
2025-01;País Vasco;Araba/Álava;FUELÓLEO  BIA;27
2025-01;País Vasco;Araba/Álava;OTROS FUELÓLEOS;0
2025-01;País Vasco;Araba/Álava;QUEROSENO AVIACIÓN;1275
2025-01;País Vasco;Araba/Álava;OTROS QUEROSENOS;0
2025-01;País Vasco;Araba/Álava;GLP;1916
2025-01;País Vasco;Bizkaia;BIODIESEL;719
2025-01;País Vasco;Bizkaia;GASÓLEO A;33833
2025-01;País Vasco;Bizkaia;GASÓLEO B;9213
2025-01;País Vasco;Bizkaia;GASÓLEO C;6626
2025-01;País Vasco;Bizkaia;OTROS GASOLEOS;1267
2025-01;País Vasco;Bizkaia;BIOETANOL;0
2025-01;País Vasco;Bizkaia;GASOLINA  AUTO. S/PB 95 I.O.;10313
2025-01;País Vasco;Bizkaia;GASOLINA  AUTO. S/PB 98 I.O.;399
2025-01;País Vasco;Bizkaia;OTRAS GASOLINAS;0
2025-01;País Vasco;Bizkaia;FUELÓLEO  BIA;349
2025-01;País Vasco;Bizkaia;OTROS FUELÓLEOS;0
2025-01;País Vasco;Bizkaia;QUEROSENO AVIACIÓN;4250
2025-01;País Vasco;Bizkaia;OTROS QUEROSENOS;0
2025-01;País Vasco;Bizkaia;GLP;2300
2025-01;País Vasco;Gipuzkoa;BIODIESEL;200
2025-01;País Vasco;Gipuzkoa;GASÓLEO A;58094
2025-01;País Vasco;Gipuzkoa;GASÓLEO B;1994
2025-01;País Vasco;Gipuzkoa;GASÓLEO C;394
2025-01;País Vasco;Gipuzkoa;OTROS GASOLEOS;316
2025-01;País Vasco;Gipuzkoa;BIOETANOL;0
2025-01;País Vasco;Gipuzkoa;GASOLINA  AUTO. S/PB 95 I.O.;6594
2025-01;País Vasco;Gipuzkoa;GASOLINA  AUTO. S/PB 98 I.O.;355
2025-01;País Vasco;Gipuzkoa;OTRAS GASOLINAS;1
2025-01;País Vasco;Gipuzkoa;FUELÓLEO  BIA;26
2025-01;País Vasco;Gipuzkoa;OTROS FUELÓLEOS;0
2025-01;País Vasco;Gipuzkoa;QUEROSENO AVIACIÓN;326
2025-01;País Vasco;Gipuzkoa;OTROS QUEROSENOS;0
2025-01;País Vasco;Gipuzkoa;GLP;2648
2025-01;Rioja, La;Rioja, La;BIODIESEL;117
2025-01;Rioja, La;Rioja, La;GASÓLEO A;11655
2025-01;Rioja, La;Rioja, La;GASÓLEO B;4056
2025-01;Rioja, La;Rioja, La;GASÓLEO C;2965
2025-01;Rioja, La;Rioja, La;OTROS GASOLEOS;0
2025-01;Rioja, La;Rioja, La;BIOETANOL;0
2025-01;Rioja, La;Rioja, La;GASOLINA  AUTO. S/PB 95 I.O.;2480
2025-01;Rioja, La;Rioja, La;GASOLINA  AUTO. S/PB 98 I.O.;94
2025-01;Rioja, La;Rioja, La;OTRAS GASOLINAS;4
2025-01;Rioja, La;Rioja, La;FUELÓLEO  BIA;27
2025-01;Rioja, La;Rioja, La;OTROS FUELÓLEOS;0
2025-01;Rioja, La;Rioja, La;QUEROSENO AVIACIÓN;2
2025-01;Rioja, La;Rioja, La;OTROS QUEROSENOS;0
2025-01;Rioja, La;Rioja, La;GLP;981
2025-02;Andalucía;Almería;BIODIESEL;156
2025-02;Andalucía;Almería;GASÓLEO A;32035
2025-02;Andalucía;Almería;GASÓLEO B;5740
2025-02;Andalucía;Almería;GASÓLEO C;357
2025-02;Andalucía;Almería;OTROS GASOLEOS;981
2025-02;Andalucía;Almería;BIOETANOL;0
2025-02;Andalucía;Almería;GASOLINA  AUTO. S/PB 95 I.O.;5541
2025-02;Andalucía;Almería;GASOLINA  AUTO. S/PB 98 I.O.;308
2025-02;Andalucía;Almería;OTRAS GASOLINAS;2
2025-02;Andalucía;Almería;FUELÓLEO  BIA;65
2025-02;Andalucía;Almería;OTROS FUELÓLEOS;1015
2025-02;Andalucía;Almería;QUEROSENO AVIACIÓN;435
2025-02;Andalucía;Almería;OTROS QUEROSENOS;0
2025-02;Andalucía;Almería;GLP;2650
2025-02;Andalucía;Cádiz;BIODIESEL;52
2025-02;Andalucía;Cádiz;GASÓLEO A;30485
2025-02;Andalucía;Cádiz;GASÓLEO B;7322
2025-02;Andalucía;Cádiz;GASÓLEO C;500
2025-02;Andalucía;Cádiz;OTROS GASOLEOS;31381
2025-02;Andalucía;Cádiz;BIOETANOL;0
2025-02;Andalucía;Cádiz;GASOLINA  AUTO. S/PB 95 I.O.;10374
2025-02;Andalucía;Cádiz;GASOLINA  AUTO. S/PB 98 I.O.;457
2025-02;Andalucía;Cádiz;OTRAS GASOLINAS;36
2025-02;Andalucía;Cádiz;FUELÓLEO  BIA;28894
2025-02;Andalucía;Cádiz;OTROS FUELÓLEOS;294988
2025-02;Andalucía;Cádiz;QUEROSENO AVIACIÓN;745
2025-02;Andalucía;Cádiz;OTROS QUEROSENOS;0
2025-02;Andalucía;Cádiz;GLP;3577
2025-02;Andalucía;Córdoba;BIODIESEL;22
2025-02;Andalucía;Córdoba;GASÓLEO A;27667
2025-02;Andalucía;Córdoba;GASÓLEO B;7212
2025-02;Andalucía;Córdoba;GASÓLEO C;906
2025-02;Andalucía;Córdoba;OTROS GASOLEOS;0
2025-02;Andalucía;Córdoba;BIOETANOL;0
2025-02;Andalucía;Córdoba;GASOLINA  AUTO. S/PB 95 I.O.;5259
2025-02;Andalucía;Córdoba;GASOLINA  AUTO. S/PB 98 I.O.;119
2025-02;Andalucía;Córdoba;OTRAS GASOLINAS;12
2025-02;Andalucía;Córdoba;FUELÓLEO  BIA;35
2025-02;Andalucía;Córdoba;OTROS FUELÓLEOS;0
2025-02;Andalucía;Córdoba;QUEROSENO AVIACIÓN;19
2025-02;Andalucía;Córdoba;OTROS QUEROSENOS;0
2025-02;Andalucía;Córdoba;GLP;2047
2025-02;Andalucía;Granada;BIODIESEL;18
2025-02;Andalucía;Granada;GASÓLEO A;30736
2025-02;Andalucía;Granada;GASÓLEO B;6149
2025-02;Andalucía;Granada;GASÓLEO C;3670
2025-02;Andalucía;Granada;OTROS GASOLEOS;279
2025-02;Andalucía;Granada;BIOETANOL;0
2025-02;Andalucía;Granada;GASOLINA  AUTO. S/PB 95 I.O.;7953
2025-02;Andalucía;Granada;GASOLINA  AUTO. S/PB 98 I.O.;368
2025-02;Andalucía;Granada;OTRAS GASOLINAS;3
2025-02;Andalucía;Granada;FUELÓLEO  BIA;101
2025-02;Andalucía;Granada;OTROS FUELÓLEOS;852
2025-02;Andalucía;Granada;QUEROSENO AVIACIÓN;1145
2025-02;Andalucía;Granada;OTROS QUEROSENOS;0
2025-02;Andalucía;Granada;GLP;3441
2025-02;Andalucía;Huelva;BIODIESEL;14
2025-02;Andalucía;Huelva;GASÓLEO A;23756
2025-02;Andalucía;Huelva;GASÓLEO B;8538
2025-02;Andalucía;Huelva;GASÓLEO C;127
2025-02;Andalucía;Huelva;OTROS GASOLEOS;2927
2025-02;Andalucía;Huelva;BIOETANOL;0
2025-02;Andalucía;Huelva;GASOLINA  AUTO. S/PB 95 I.O.;4719
2025-02;Andalucía;Huelva;GASOLINA  AUTO. S/PB 98 I.O.;161
2025-02;Andalucía;Huelva;OTRAS GASOLINAS;0
2025-02;Andalucía;Huelva;FUELÓLEO  BIA;611
2025-02;Andalucía;Huelva;OTROS FUELÓLEOS;7632
2025-02;Andalucía;Huelva;QUEROSENO AVIACIÓN;0
2025-02;Andalucía;Huelva;OTROS QUEROSENOS;0
2025-02;Andalucía;Huelva;GLP;2702
2025-02;Andalucía;Jaén;BIODIESEL;62
2025-02;Andalucía;Jaén;GASÓLEO A;28558
2025-02;Andalucía;Jaén;GASÓLEO B;4785
2025-02;Andalucía;Jaén;GASÓLEO C;1518
2025-02;Andalucía;Jaén;OTROS GASOLEOS;0
2025-02;Andalucía;Jaén;BIOETANOL;0
2025-02;Andalucía;Jaén;GASOLINA  AUTO. S/PB 95 I.O.;4677
2025-02;Andalucía;Jaén;GASOLINA  AUTO. S/PB 98 I.O.;138
2025-02;Andalucía;Jaén;OTRAS GASOLINAS;0
2025-02;Andalucía;Jaén;FUELÓLEO  BIA;0
2025-02;Andalucía;Jaén;OTROS FUELÓLEOS;0
2025-02;Andalucía;Jaén;QUEROSENO AVIACIÓN;0
2025-02;Andalucía;Jaén;OTROS QUEROSENOS;0
2025-02;Andalucía;Jaén;GLP;1778
2025-02;Andalucía;Málaga;BIODIESEL;121
2025-02;Andalucía;Málaga;GASÓLEO A;44833
2025-02;Andalucía;Málaga;GASÓLEO B;4348
2025-02;Andalucía;Málaga;GASÓLEO C;512
2025-02;Andalucía;Málaga;OTROS GASOLEOS;459
2025-02;Andalucía;Málaga;BIOETANOL;0
2025-02;Andalucía;Málaga;GASOLINA  AUTO. S/PB 95 I.O.;17686
2025-02;Andalucía;Málaga;GASOLINA  AUTO. S/PB 98 I.O.;1160
2025-02;Andalucía;Málaga;OTRAS GASOLINAS;26
2025-02;Andalucía;Málaga;FUELÓLEO  BIA;80
2025-02;Andalucía;Málaga;OTROS FUELÓLEOS;50
2025-02;Andalucía;Málaga;QUEROSENO AVIACIÓN;27840
2025-02;Andalucía;Málaga;OTROS QUEROSENOS;0
2025-02;Andalucía;Málaga;GLP;5210
2025-02;Andalucía;Sevilla;BIODIESEL;53
2025-02;Andalucía;Sevilla;GASÓLEO A;52603
2025-02;Andalucía;Sevilla;GASÓLEO B;8033
2025-02;Andalucía;Sevilla;GASÓLEO C;524
2025-02;Andalucía;Sevilla;OTROS GASOLEOS;1150
2025-02;Andalucía;Sevilla;BIOETANOL;0
2025-02;Andalucía;Sevilla;GASOLINA  AUTO. S/PB 95 I.O.;15256
2025-02;Andalucía;Sevilla;GASOLINA  AUTO. S/PB 98 I.O.;386
2025-02;Andalucía;Sevilla;OTRAS GASOLINAS;8
2025-02;Andalucía;Sevilla;FUELÓLEO  BIA;355
2025-02;Andalucía;Sevilla;OTROS FUELÓLEOS;216
2025-02;Andalucía;Sevilla;QUEROSENO AVIACIÓN;10914
2025-02;Andalucía;Sevilla;OTROS QUEROSENOS;0
2025-02;Andalucía;Sevilla;GLP;5402
2025-02;Aragón;Huesca;BIODIESEL;167
2025-02;Aragón;Huesca;GASÓLEO A;13447
2025-02;Aragón;Huesca;GASÓLEO B;6873
2025-02;Aragón;Huesca;GASÓLEO C;1901
2025-02;Aragón;Huesca;OTROS GASOLEOS;0
2025-02;Aragón;Huesca;BIOETANOL;0
2025-02;Aragón;Huesca;GASOLINA  AUTO. S/PB 95 I.O.;2925
2025-02;Aragón;Huesca;GASOLINA  AUTO. S/PB 98 I.O.;142
2025-02;Aragón;Huesca;OTRAS GASOLINAS;1
2025-02;Aragón;Huesca;FUELÓLEO  BIA;50
2025-02;Aragón;Huesca;OTROS FUELÓLEOS;0
2025-02;Aragón;Huesca;QUEROSENO AVIACIÓN;0
2025-02;Aragón;Huesca;OTROS QUEROSENOS;0
2025-02;Aragón;Huesca;GLP;3030
2025-02;Aragón;Teruel;BIODIESEL;51
2025-02;Aragón;Teruel;GASÓLEO A;8425
2025-02;Aragón;Teruel;GASÓLEO B;4295
2025-02;Aragón;Teruel;GASÓLEO C;2067
2025-02;Aragón;Teruel;OTROS GASOLEOS;0
2025-02;Aragón;Teruel;BIOETANOL;0
2025-02;Aragón;Teruel;GASOLINA  AUTO. S/PB 95 I.O.;1414
2025-02;Aragón;Teruel;GASOLINA  AUTO. S/PB 98 I.O.;64
2025-02;Aragón;Teruel;OTRAS GASOLINAS;0
2025-02;Aragón;Teruel;FUELÓLEO  BIA;26
2025-02;Aragón;Teruel;OTROS FUELÓLEOS;0
2025-02;Aragón;Teruel;QUEROSENO AVIACIÓN;107
2025-02;Aragón;Teruel;OTROS QUEROSENOS;0
2025-02;Aragón;Teruel;GLP;695
2025-02;Aragón;Zaragoza;BIODIESEL;1228
2025-02;Aragón;Zaragoza;GASÓLEO A;51356
2025-02;Aragón;Zaragoza;GASÓLEO B;10574
2025-02;Aragón;Zaragoza;GASÓLEO C;8258
2025-02;Aragón;Zaragoza;OTROS GASOLEOS;0
2025-02;Aragón;Zaragoza;BIOETANOL;0
2025-02;Aragón;Zaragoza;GASOLINA  AUTO. S/PB 95 I.O.;8717
2025-02;Aragón;Zaragoza;GASOLINA  AUTO. S/PB 98 I.O.;306
2025-02;Aragón;Zaragoza;OTRAS GASOLINAS;2
2025-02;Aragón;Zaragoza;FUELÓLEO  BIA;50
2025-02;Aragón;Zaragoza;OTROS FUELÓLEOS;0
2025-02;Aragón;Zaragoza;QUEROSENO AVIACIÓN;6069
2025-02;Aragón;Zaragoza;OTROS QUEROSENOS;0
2025-02;Aragón;Zaragoza;GLP;2462
2025-02;Asturias, Principado de;Asturias;BIODIESEL;199
2025-02;Asturias, Principado de;Asturias;GASÓLEO A;30258
2025-02;Asturias, Principado de;Asturias;GASÓLEO B;6601
2025-02;Asturias, Principado de;Asturias;GASÓLEO C;4164
2025-02;Asturias, Principado de;Asturias;OTROS GASOLEOS;2660
2025-02;Asturias, Principado de;Asturias;BIOETANOL;0
2025-02;Asturias, Principado de;Asturias;GASOLINA  AUTO. S/PB 95 I.O.;7819
2025-02;Asturias, Principado de;Asturias;GASOLINA  AUTO. S/PB 98 I.O.;434
2025-02;Asturias, Principado de;Asturias;OTRAS GASOLINAS;0
2025-02;Asturias, Principado de;Asturias;FUELÓLEO  BIA;1585
2025-02;Asturias, Principado de;Asturias;OTROS FUELÓLEOS;212
2025-02;Asturias, Principado de;Asturias;QUEROSENO AVIACIÓN;1546
2025-02;Asturias, Principado de;Asturias;OTROS QUEROSENOS;0
2025-02;Asturias, Principado de;Asturias;GLP;2738
2025-02;Balears, Illes;Balears, Illes;BIODIESEL;0
2025-02;Balears, Illes;Balears, Illes;GASÓLEO A;22921
2025-02;Balears, Illes;Balears, Illes;GASÓLEO B;3567
2025-02;Balears, Illes;Balears, Illes;GASÓLEO C;10043
2025-02;Balears, Illes;Balears, Illes;OTROS GASOLEOS;1705
2025-02;Balears, Illes;Balears, Illes;BIOETANOL;0
2025-02;Balears, Illes;Balears, Illes;GASOLINA  AUTO. S/PB 95 I.O.;15427
2025-02;Balears, Illes;Balears, Illes;GASOLINA  AUTO. S/PB 98 I.O.;749
2025-02;Balears, Illes;Balears, Illes;OTRAS GASOLINAS;23
2025-02;Balears, Illes;Balears, Illes;FUELÓLEO  BIA;0
2025-02;Balears, Illes;Balears, Illes;OTROS FUELÓLEOS;0
2025-02;Balears, Illes;Balears, Illes;QUEROSENO AVIACIÓN;15962
2025-02;Balears, Illes;Balears, Illes;OTROS QUEROSENOS;0
2025-02;Balears, Illes;Balears, Illes;GLP;4179
2025-02;Canarias;Palmas, Las;BIODIESEL;0
2025-02;Canarias;Palmas, Las;GASÓLEO A;26141
2025-02;Canarias;Palmas, Las;GASÓLEO B;0
2025-02;Canarias;Palmas, Las;GASÓLEO C;0
2025-02;Canarias;Palmas, Las;OTROS GASOLEOS;68530
2025-02;Canarias;Palmas, Las;BIOETANOL;0
2025-02;Canarias;Palmas, Las;GASOLINA  AUTO. S/PB 95 I.O.;18321
2025-02;Canarias;Palmas, Las;GASOLINA  AUTO. S/PB 98 I.O.;3378
2025-02;Canarias;Palmas, Las;OTRAS GASOLINAS;4
2025-02;Canarias;Palmas, Las;FUELÓLEO  BIA;102614
2025-02;Canarias;Palmas, Las;OTROS FUELÓLEOS;41331
2025-02;Canarias;Palmas, Las;QUEROSENO AVIACIÓN;56779
2025-02;Canarias;Palmas, Las;OTROS QUEROSENOS;0
2025-02;Canarias;Palmas, Las;GLP;3205
2025-02;Canarias;Santa Cruz de Tenerife;BIODIESEL;0
2025-02;Canarias;Santa Cruz de Tenerife;GASÓLEO A;25127
2025-02;Canarias;Santa Cruz de Tenerife;GASÓLEO B;0
2025-02;Canarias;Santa Cruz de Tenerife;GASÓLEO C;0
2025-02;Canarias;Santa Cruz de Tenerife;OTROS GASOLEOS;43449
2025-02;Canarias;Santa Cruz de Tenerife;BIOETANOL;0
2025-02;Canarias;Santa Cruz de Tenerife;GASOLINA  AUTO. S/PB 95 I.O.;17355
2025-02;Canarias;Santa Cruz de Tenerife;GASOLINA  AUTO. S/PB 98 I.O.;4680
2025-02;Canarias;Santa Cruz de Tenerife;OTRAS GASOLINAS;1
2025-02;Canarias;Santa Cruz de Tenerife;FUELÓLEO  BIA;22904
2025-02;Canarias;Santa Cruz de Tenerife;OTROS FUELÓLEOS;22986
2025-02;Canarias;Santa Cruz de Tenerife;QUEROSENO AVIACIÓN;54835
2025-02;Canarias;Santa Cruz de Tenerife;OTROS QUEROSENOS;0
2025-02;Canarias;Santa Cruz de Tenerife;GLP;3938
2025-02;Cantabria;Cantabria;BIODIESEL;389
2025-02;Cantabria;Cantabria;GASÓLEO A;22217
2025-02;Cantabria;Cantabria;GASÓLEO B;5183
2025-02;Cantabria;Cantabria;GASÓLEO C;240
2025-02;Cantabria;Cantabria;OTROS GASOLEOS;562
2025-02;Cantabria;Cantabria;BIOETANOL;0
2025-02;Cantabria;Cantabria;GASOLINA  AUTO. S/PB 95 I.O.;5904
2025-02;Cantabria;Cantabria;GASOLINA  AUTO. S/PB 98 I.O.;237
2025-02;Cantabria;Cantabria;OTRAS GASOLINAS;1
2025-02;Cantabria;Cantabria;FUELÓLEO  BIA;696
2025-02;Cantabria;Cantabria;OTROS FUELÓLEOS;0
2025-02;Cantabria;Cantabria;QUEROSENO AVIACIÓN;784
2025-02;Cantabria;Cantabria;OTROS QUEROSENOS;0
2025-02;Cantabria;Cantabria;GLP;2018
2025-02;Castilla - La Mancha;Albacete;BIODIESEL;78
2025-02;Castilla - La Mancha;Albacete;GASÓLEO A;16509
2025-02;Castilla - La Mancha;Albacete;GASÓLEO B;5572
2025-02;Castilla - La Mancha;Albacete;GASÓLEO C;2858
2025-02;Castilla - La Mancha;Albacete;OTROS GASOLEOS;0
2025-02;Castilla - La Mancha;Albacete;BIOETANOL;0
2025-02;Castilla - La Mancha;Albacete;GASOLINA  AUTO. S/PB 95 I.O.;2890
2025-02;Castilla - La Mancha;Albacete;GASOLINA  AUTO. S/PB 98 I.O.;129
2025-02;Castilla - La Mancha;Albacete;OTRAS GASOLINAS;0
2025-02;Castilla - La Mancha;Albacete;FUELÓLEO  BIA;71
2025-02;Castilla - La Mancha;Albacete;OTROS FUELÓLEOS;0
2025-02;Castilla - La Mancha;Albacete;QUEROSENO AVIACIÓN;60
2025-02;Castilla - La Mancha;Albacete;OTROS QUEROSENOS;0
2025-02;Castilla - La Mancha;Albacete;GLP;1360
2025-02;Castilla - La Mancha;Ciudad Real;BIODIESEL;131
2025-02;Castilla - La Mancha;Ciudad Real;GASÓLEO A;23798
2025-02;Castilla - La Mancha;Ciudad Real;GASÓLEO B;7837
2025-02;Castilla - La Mancha;Ciudad Real;GASÓLEO C;3267
2025-02;Castilla - La Mancha;Ciudad Real;OTROS GASOLEOS;0
2025-02;Castilla - La Mancha;Ciudad Real;BIOETANOL;0
2025-02;Castilla - La Mancha;Ciudad Real;GASOLINA  AUTO. S/PB 95 I.O.;3722
2025-02;Castilla - La Mancha;Ciudad Real;GASOLINA  AUTO. S/PB 98 I.O.;107
2025-02;Castilla - La Mancha;Ciudad Real;OTRAS GASOLINAS;0
2025-02;Castilla - La Mancha;Ciudad Real;FUELÓLEO  BIA;77
2025-02;Castilla - La Mancha;Ciudad Real;OTROS FUELÓLEOS;0
2025-02;Castilla - La Mancha;Ciudad Real;QUEROSENO AVIACIÓN;0
2025-02;Castilla - La Mancha;Ciudad Real;OTROS QUEROSENOS;0
2025-02;Castilla - La Mancha;Ciudad Real;GLP;1336
2025-02;Castilla - La Mancha;Cuenca;BIODIESEL;20
2025-02;Castilla - La Mancha;Cuenca;GASÓLEO A;13654
2025-02;Castilla - La Mancha;Cuenca;GASÓLEO B;7592
2025-02;Castilla - La Mancha;Cuenca;GASÓLEO C;1711
2025-02;Castilla - La Mancha;Cuenca;OTROS GASOLEOS;0
2025-02;Castilla - La Mancha;Cuenca;BIOETANOL;0
2025-02;Castilla - La Mancha;Cuenca;GASOLINA  AUTO. S/PB 95 I.O.;2043
2025-02;Castilla - La Mancha;Cuenca;GASOLINA  AUTO. S/PB 98 I.O.;61
2025-02;Castilla - La Mancha;Cuenca;OTRAS GASOLINAS;4
2025-02;Castilla - La Mancha;Cuenca;FUELÓLEO  BIA;0
2025-02;Castilla - La Mancha;Cuenca;OTROS FUELÓLEOS;0
2025-02;Castilla - La Mancha;Cuenca;QUEROSENO AVIACIÓN;11
2025-02;Castilla - La Mancha;Cuenca;OTROS QUEROSENOS;0
2025-02;Castilla - La Mancha;Cuenca;GLP;886
2025-02;Castilla - La Mancha;Guadalajara;BIODIESEL;158
2025-02;Castilla - La Mancha;Guadalajara;GASÓLEO A;11922
2025-02;Castilla - La Mancha;Guadalajara;GASÓLEO B;4624
2025-02;Castilla - La Mancha;Guadalajara;GASÓLEO C;3054
2025-02;Castilla - La Mancha;Guadalajara;OTROS GASOLEOS;0
2025-02;Castilla - La Mancha;Guadalajara;BIOETANOL;0
2025-02;Castilla - La Mancha;Guadalajara;GASOLINA  AUTO. S/PB 95 I.O.;3162
2025-02;Castilla - La Mancha;Guadalajara;GASOLINA  AUTO. S/PB 98 I.O.;108
2025-02;Castilla - La Mancha;Guadalajara;OTRAS GASOLINAS;0
2025-02;Castilla - La Mancha;Guadalajara;FUELÓLEO  BIA;54
2025-02;Castilla - La Mancha;Guadalajara;OTROS FUELÓLEOS;0
2025-02;Castilla - La Mancha;Guadalajara;QUEROSENO AVIACIÓN;0
2025-02;Castilla - La Mancha;Guadalajara;OTROS QUEROSENOS;0
2025-02;Castilla - La Mancha;Guadalajara;GLP;798
2025-02;Castilla - La Mancha;Toledo;BIODIESEL;241
2025-02;Castilla - La Mancha;Toledo;GASÓLEO A;33122
2025-02;Castilla - La Mancha;Toledo;GASÓLEO B;13411
2025-02;Castilla - La Mancha;Toledo;GASÓLEO C;6441
2025-02;Castilla - La Mancha;Toledo;OTROS GASOLEOS;0
2025-02;Castilla - La Mancha;Toledo;BIOETANOL;0
2025-02;Castilla - La Mancha;Toledo;GASOLINA  AUTO. S/PB 95 I.O.;7205
2025-02;Castilla - La Mancha;Toledo;GASOLINA  AUTO. S/PB 98 I.O.;230
2025-02;Castilla - La Mancha;Toledo;OTRAS GASOLINAS;14
2025-02;Castilla - La Mancha;Toledo;FUELÓLEO  BIA;199
2025-02;Castilla - La Mancha;Toledo;OTROS FUELÓLEOS;0
2025-02;Castilla - La Mancha;Toledo;QUEROSENO AVIACIÓN;0
2025-02;Castilla - La Mancha;Toledo;OTROS QUEROSENOS;0
2025-02;Castilla - La Mancha;Toledo;GLP;2628
2025-02;Castilla y León;Ávila;BIODIESEL;30
2025-02;Castilla y León;Ávila;GASÓLEO A;6737
2025-02;Castilla y León;Ávila;GASÓLEO B;3094
2025-02;Castilla y León;Ávila;GASÓLEO C;1451
2025-02;Castilla y León;Ávila;OTROS GASOLEOS;0
2025-02;Castilla y León;Ávila;BIOETANOL;0
2025-02;Castilla y León;Ávila;GASOLINA  AUTO. S/PB 95 I.O.;1604
2025-02;Castilla y León;Ávila;GASOLINA  AUTO. S/PB 98 I.O.;50
2025-02;Castilla y León;Ávila;OTRAS GASOLINAS;0
2025-02;Castilla y León;Ávila;FUELÓLEO  BIA;0
2025-02;Castilla y León;Ávila;OTROS FUELÓLEOS;0
2025-02;Castilla y León;Ávila;QUEROSENO AVIACIÓN;0
2025-02;Castilla y León;Ávila;OTROS QUEROSENOS;0
2025-02;Castilla y León;Ávila;GLP;880
2025-02;Castilla y León;Burgos;BIODIESEL;56
2025-02;Castilla y León;Burgos;GASÓLEO A;22964
2025-02;Castilla y León;Burgos;GASÓLEO B;6659
2025-02;Castilla y León;Burgos;GASÓLEO C;1420
2025-02;Castilla y León;Burgos;OTROS GASOLEOS;0
2025-02;Castilla y León;Burgos;BIOETANOL;0
2025-02;Castilla y León;Burgos;GASOLINA  AUTO. S/PB 95 I.O.;3914
2025-02;Castilla y León;Burgos;GASOLINA  AUTO. S/PB 98 I.O.;182
2025-02;Castilla y León;Burgos;OTRAS GASOLINAS;19
2025-02;Castilla y León;Burgos;FUELÓLEO  BIA;57
2025-02;Castilla y León;Burgos;OTROS FUELÓLEOS;0
2025-02;Castilla y León;Burgos;QUEROSENO AVIACIÓN;4
2025-02;Castilla y León;Burgos;OTROS QUEROSENOS;0
2025-02;Castilla y León;Burgos;GLP;1061
2025-02;Castilla y León;León;BIODIESEL;17
2025-02;Castilla y León;León;GASÓLEO A;22627
2025-02;Castilla y León;León;GASÓLEO B;9243
2025-02;Castilla y León;León;GASÓLEO C;6653
2025-02;Castilla y León;León;OTROS GASOLEOS;0
2025-02;Castilla y León;León;BIOETANOL;0
2025-02;Castilla y León;León;GASOLINA  AUTO. S/PB 95 I.O.;4150
2025-02;Castilla y León;León;GASOLINA  AUTO. S/PB 98 I.O.;210
2025-02;Castilla y León;León;OTRAS GASOLINAS;0
2025-02;Castilla y León;León;FUELÓLEO  BIA;64
2025-02;Castilla y León;León;OTROS FUELÓLEOS;0
2025-02;Castilla y León;León;QUEROSENO AVIACIÓN;8
2025-02;Castilla y León;León;OTROS QUEROSENOS;0
2025-02;Castilla y León;León;GLP;1625
2025-02;Castilla y León;Palencia;BIODIESEL;33
2025-02;Castilla y León;Palencia;GASÓLEO A;8391
2025-02;Castilla y León;Palencia;GASÓLEO B;4269
2025-02;Castilla y León;Palencia;GASÓLEO C;966
2025-02;Castilla y León;Palencia;OTROS GASOLEOS;0
2025-02;Castilla y León;Palencia;BIOETANOL;0
2025-02;Castilla y León;Palencia;GASOLINA  AUTO. S/PB 95 I.O.;1409
2025-02;Castilla y León;Palencia;GASOLINA  AUTO. S/PB 98 I.O.;75
2025-02;Castilla y León;Palencia;OTRAS GASOLINAS;0
2025-02;Castilla y León;Palencia;FUELÓLEO  BIA;0
2025-02;Castilla y León;Palencia;OTROS FUELÓLEOS;0
2025-02;Castilla y León;Palencia;QUEROSENO AVIACIÓN;0
2025-02;Castilla y León;Palencia;OTROS QUEROSENOS;0
2025-02;Castilla y León;Palencia;GLP;580
2025-02;Castilla y León;Salamanca;BIODIESEL;34
2025-02;Castilla y León;Salamanca;GASÓLEO A;19445
2025-02;Castilla y León;Salamanca;GASÓLEO B;4849
2025-02;Castilla y León;Salamanca;GASÓLEO C;3873
2025-02;Castilla y León;Salamanca;OTROS GASOLEOS;0
2025-02;Castilla y León;Salamanca;BIOETANOL;0
2025-02;Castilla y León;Salamanca;GASOLINA  AUTO. S/PB 95 I.O.;2604
2025-02;Castilla y León;Salamanca;GASOLINA  AUTO. S/PB 98 I.O.;116
2025-02;Castilla y León;Salamanca;OTRAS GASOLINAS;15
2025-02;Castilla y León;Salamanca;FUELÓLEO  BIA;0
2025-02;Castilla y León;Salamanca;OTROS FUELÓLEOS;0
2025-02;Castilla y León;Salamanca;QUEROSENO AVIACIÓN;45
2025-02;Castilla y León;Salamanca;OTROS QUEROSENOS;0
2025-02;Castilla y León;Salamanca;GLP;1090
2025-02;Castilla y León;Segovia;BIODIESEL;93
2025-02;Castilla y León;Segovia;GASÓLEO A;9051
2025-02;Castilla y León;Segovia;GASÓLEO B;3984
2025-02;Castilla y León;Segovia;GASÓLEO C;2475
2025-02;Castilla y León;Segovia;OTROS GASOLEOS;0
2025-02;Castilla y León;Segovia;BIOETANOL;0
2025-02;Castilla y León;Segovia;GASOLINA  AUTO. S/PB 95 I.O.;1935
2025-02;Castilla y León;Segovia;GASOLINA  AUTO. S/PB 98 I.O.;72
2025-02;Castilla y León;Segovia;OTRAS GASOLINAS;1
2025-02;Castilla y León;Segovia;FUELÓLEO  BIA;26
2025-02;Castilla y León;Segovia;OTROS FUELÓLEOS;0
2025-02;Castilla y León;Segovia;QUEROSENO AVIACIÓN;0
2025-02;Castilla y León;Segovia;OTROS QUEROSENOS;0
2025-02;Castilla y León;Segovia;GLP;903
2025-02;Castilla y León;Soria;BIODIESEL;29
2025-02;Castilla y León;Soria;GASÓLEO A;5235
2025-02;Castilla y León;Soria;GASÓLEO B;2383
2025-02;Castilla y León;Soria;GASÓLEO C;818
2025-02;Castilla y León;Soria;OTROS GASOLEOS;0
2025-02;Castilla y León;Soria;BIOETANOL;0
2025-02;Castilla y León;Soria;GASOLINA  AUTO. S/PB 95 I.O.;908
2025-02;Castilla y León;Soria;GASOLINA  AUTO. S/PB 98 I.O.;52
2025-02;Castilla y León;Soria;OTRAS GASOLINAS;8
2025-02;Castilla y León;Soria;FUELÓLEO  BIA;0
2025-02;Castilla y León;Soria;OTROS FUELÓLEOS;0
2025-02;Castilla y León;Soria;QUEROSENO AVIACIÓN;0
2025-02;Castilla y León;Soria;OTROS QUEROSENOS;0
2025-02;Castilla y León;Soria;GLP;373
2025-02;Castilla y León;Valladolid;BIODIESEL;70
2025-02;Castilla y León;Valladolid;GASÓLEO A;19313
2025-02;Castilla y León;Valladolid;GASÓLEO B;5291
2025-02;Castilla y León;Valladolid;GASÓLEO C;2989
2025-02;Castilla y León;Valladolid;OTROS GASOLEOS;0
2025-02;Castilla y León;Valladolid;BIOETANOL;0
2025-02;Castilla y León;Valladolid;GASOLINA  AUTO. S/PB 95 I.O.;4710
2025-02;Castilla y León;Valladolid;GASOLINA  AUTO. S/PB 98 I.O.;178
2025-02;Castilla y León;Valladolid;OTRAS GASOLINAS;7
2025-02;Castilla y León;Valladolid;FUELÓLEO  BIA;77
2025-02;Castilla y León;Valladolid;OTROS FUELÓLEOS;0
2025-02;Castilla y León;Valladolid;QUEROSENO AVIACIÓN;78
2025-02;Castilla y León;Valladolid;OTROS QUEROSENOS;0
2025-02;Castilla y León;Valladolid;GLP;1025
2025-02;Castilla y León;Zamora;BIODIESEL;16
2025-02;Castilla y León;Zamora;GASÓLEO A;15481
2025-02;Castilla y León;Zamora;GASÓLEO B;4970
2025-02;Castilla y León;Zamora;GASÓLEO C;1047
2025-02;Castilla y León;Zamora;OTROS GASOLEOS;0
2025-02;Castilla y León;Zamora;BIOETANOL;0
2025-02;Castilla y León;Zamora;GASOLINA  AUTO. S/PB 95 I.O.;1558
2025-02;Castilla y León;Zamora;GASOLINA  AUTO. S/PB 98 I.O.;72
2025-02;Castilla y León;Zamora;OTRAS GASOLINAS;0
2025-02;Castilla y León;Zamora;FUELÓLEO  BIA;0
2025-02;Castilla y León;Zamora;OTROS FUELÓLEOS;0
2025-02;Castilla y León;Zamora;QUEROSENO AVIACIÓN;0
2025-02;Castilla y León;Zamora;OTROS QUEROSENOS;0
2025-02;Castilla y León;Zamora;GLP;643
2025-02;Cataluña;Barcelona;BIODIESEL;1137
2025-02;Cataluña;Barcelona;GASÓLEO A;117062
2025-02;Cataluña;Barcelona;GASÓLEO B;22057
2025-02;Cataluña;Barcelona;GASÓLEO C;5772
2025-02;Cataluña;Barcelona;OTROS GASOLEOS;11359
2025-02;Cataluña;Barcelona;BIOETANOL;0
2025-02;Cataluña;Barcelona;GASOLINA  AUTO. S/PB 95 I.O.;54723
2025-02;Cataluña;Barcelona;GASOLINA  AUTO. S/PB 98 I.O.;2329
2025-02;Cataluña;Barcelona;OTRAS GASOLINAS;82
2025-02;Cataluña;Barcelona;FUELÓLEO  BIA;23022
2025-02;Cataluña;Barcelona;OTROS FUELÓLEOS;65517
2025-02;Cataluña;Barcelona;QUEROSENO AVIACIÓN;83505
2025-02;Cataluña;Barcelona;OTROS QUEROSENOS;0
2025-02;Cataluña;Barcelona;GLP;7319
2025-02;Cataluña;Girona;BIODIESEL;685
2025-02;Cataluña;Girona;GASÓLEO A;103629
2025-02;Cataluña;Girona;GASÓLEO B;6107
2025-02;Cataluña;Girona;GASÓLEO C;3750
2025-02;Cataluña;Girona;OTROS GASOLEOS;221
2025-02;Cataluña;Girona;BIOETANOL;0
2025-02;Cataluña;Girona;GASOLINA  AUTO. S/PB 95 I.O.;12088
2025-02;Cataluña;Girona;GASOLINA  AUTO. S/PB 98 I.O.;607
2025-02;Cataluña;Girona;OTRAS GASOLINAS;3
2025-02;Cataluña;Girona;FUELÓLEO  BIA;78
2025-02;Cataluña;Girona;OTROS FUELÓLEOS;75
2025-02;Cataluña;Girona;QUEROSENO AVIACIÓN;640
2025-02;Cataluña;Girona;OTROS QUEROSENOS;0
2025-02;Cataluña;Girona;GLP;4232
2025-02;Cataluña;Lleida;BIODIESEL;23
2025-02;Cataluña;Lleida;GASÓLEO A;22717
2025-02;Cataluña;Lleida;GASÓLEO B;8475
2025-02;Cataluña;Lleida;GASÓLEO C;1732
2025-02;Cataluña;Lleida;OTROS GASOLEOS;0
2025-02;Cataluña;Lleida;BIOETANOL;0
2025-02;Cataluña;Lleida;GASOLINA  AUTO. S/PB 95 I.O.;5186
2025-02;Cataluña;Lleida;GASOLINA  AUTO. S/PB 98 I.O.;262
2025-02;Cataluña;Lleida;OTRAS GASOLINAS;13
2025-02;Cataluña;Lleida;FUELÓLEO  BIA;50
2025-02;Cataluña;Lleida;OTROS FUELÓLEOS;0
2025-02;Cataluña;Lleida;QUEROSENO AVIACIÓN;50
2025-02;Cataluña;Lleida;OTROS QUEROSENOS;0
2025-02;Cataluña;Lleida;GLP;3500
2025-02;Cataluña;Tarragona;BIODIESEL;37
2025-02;Cataluña;Tarragona;GASÓLEO A;31046
2025-02;Cataluña;Tarragona;GASÓLEO B;5690
2025-02;Cataluña;Tarragona;GASÓLEO C;778
2025-02;Cataluña;Tarragona;OTROS GASOLEOS;2149
2025-02;Cataluña;Tarragona;BIOETANOL;0
2025-02;Cataluña;Tarragona;GASOLINA  AUTO. S/PB 95 I.O.;10301
2025-02;Cataluña;Tarragona;GASOLINA  AUTO. S/PB 98 I.O.;438
2025-02;Cataluña;Tarragona;OTRAS GASOLINAS;9
2025-02;Cataluña;Tarragona;FUELÓLEO  BIA;0
2025-02;Cataluña;Tarragona;OTROS FUELÓLEOS;255
2025-02;Cataluña;Tarragona;QUEROSENO AVIACIÓN;61
2025-02;Cataluña;Tarragona;OTROS QUEROSENOS;0
2025-02;Cataluña;Tarragona;GLP;2495
2025-02;Ceuta;Ceuta;BIODIESEL;0
2025-02;Ceuta;Ceuta;GASÓLEO A;840
2025-02;Ceuta;Ceuta;GASÓLEO B;0
2025-02;Ceuta;Ceuta;GASÓLEO C;82
2025-02;Ceuta;Ceuta;OTROS GASOLEOS;11263
2025-02;Ceuta;Ceuta;BIOETANOL;0
2025-02;Ceuta;Ceuta;GASOLINA  AUTO. S/PB 95 I.O.;446
2025-02;Ceuta;Ceuta;GASOLINA  AUTO. S/PB 98 I.O.;57
2025-02;Ceuta;Ceuta;OTRAS GASOLINAS;0
2025-02;Ceuta;Ceuta;FUELÓLEO  BIA;2298
2025-02;Ceuta;Ceuta;OTROS FUELÓLEOS;7148
2025-02;Ceuta;Ceuta;QUEROSENO AVIACIÓN;27
2025-02;Ceuta;Ceuta;OTROS QUEROSENOS;0
2025-02;Ceuta;Ceuta;GLP;261
2025-02;Comunitat Valenciana;Alicante/Alacant;BIODIESEL;304
2025-02;Comunitat Valenciana;Alicante/Alacant;GASÓLEO A;48023
2025-02;Comunitat Valenciana;Alicante/Alacant;GASÓLEO B;4223
2025-02;Comunitat Valenciana;Alicante/Alacant;GASÓLEO C;2449
2025-02;Comunitat Valenciana;Alicante/Alacant;OTROS GASOLEOS;1435
2025-02;Comunitat Valenciana;Alicante/Alacant;BIOETANOL;0
2025-02;Comunitat Valenciana;Alicante/Alacant;GASOLINA  AUTO. S/PB 95 I.O.;21046
2025-02;Comunitat Valenciana;Alicante/Alacant;GASOLINA  AUTO. S/PB 98 I.O.;921
2025-02;Comunitat Valenciana;Alicante/Alacant;OTRAS GASOLINAS;12
2025-02;Comunitat Valenciana;Alicante/Alacant;FUELÓLEO  BIA;124
2025-02;Comunitat Valenciana;Alicante/Alacant;OTROS FUELÓLEOS;53
2025-02;Comunitat Valenciana;Alicante/Alacant;QUEROSENO AVIACIÓN;20318
2025-02;Comunitat Valenciana;Alicante/Alacant;OTROS QUEROSENOS;0
2025-02;Comunitat Valenciana;Alicante/Alacant;GLP;7550
2025-02;Comunitat Valenciana;Castellón/Castelló;BIODIESEL;14
2025-02;Comunitat Valenciana;Castellón/Castelló;GASÓLEO A;20530
2025-02;Comunitat Valenciana;Castellón/Castelló;GASÓLEO B;1957
2025-02;Comunitat Valenciana;Castellón/Castelló;GASÓLEO C;832
2025-02;Comunitat Valenciana;Castellón/Castelló;OTROS GASOLEOS;12859
2025-02;Comunitat Valenciana;Castellón/Castelló;BIOETANOL;0
2025-02;Comunitat Valenciana;Castellón/Castelló;GASOLINA  AUTO. S/PB 95 I.O.;6596
2025-02;Comunitat Valenciana;Castellón/Castelló;GASOLINA  AUTO. S/PB 98 I.O.;239
2025-02;Comunitat Valenciana;Castellón/Castelló;OTRAS GASOLINAS;9
2025-02;Comunitat Valenciana;Castellón/Castelló;FUELÓLEO  BIA;135
2025-02;Comunitat Valenciana;Castellón/Castelló;OTROS FUELÓLEOS;52
2025-02;Comunitat Valenciana;Castellón/Castelló;QUEROSENO AVIACIÓN;225
2025-02;Comunitat Valenciana;Castellón/Castelló;OTROS QUEROSENOS;0
2025-02;Comunitat Valenciana;Castellón/Castelló;GLP;2022
2025-02;Comunitat Valenciana;Valencia/València;BIODIESEL;188
2025-02;Comunitat Valenciana;Valencia/València;GASÓLEO A;89289
2025-02;Comunitat Valenciana;Valencia/València;GASÓLEO B;11761
2025-02;Comunitat Valenciana;Valencia/València;GASÓLEO C;1864
2025-02;Comunitat Valenciana;Valencia/València;OTROS GASOLEOS;2999
2025-02;Comunitat Valenciana;Valencia/València;BIOETANOL;0
2025-02;Comunitat Valenciana;Valencia/València;GASOLINA  AUTO. S/PB 95 I.O.;25279
2025-02;Comunitat Valenciana;Valencia/València;GASOLINA  AUTO. S/PB 98 I.O.;965
2025-02;Comunitat Valenciana;Valencia/València;OTRAS GASOLINAS;1
2025-02;Comunitat Valenciana;Valencia/València;FUELÓLEO  BIA;259
2025-02;Comunitat Valenciana;Valencia/València;OTROS FUELÓLEOS;16492
2025-02;Comunitat Valenciana;Valencia/València;QUEROSENO AVIACIÓN;11427
2025-02;Comunitat Valenciana;Valencia/València;OTROS QUEROSENOS;0
2025-02;Comunitat Valenciana;Valencia/València;GLP;5967
2025-02;Extremadura;Badajoz;BIODIESEL;63
2025-02;Extremadura;Badajoz;GASÓLEO A;35978
2025-02;Extremadura;Badajoz;GASÓLEO B;6863
2025-02;Extremadura;Badajoz;GASÓLEO C;790
2025-02;Extremadura;Badajoz;OTROS GASOLEOS;0
2025-02;Extremadura;Badajoz;BIOETANOL;0
2025-02;Extremadura;Badajoz;GASOLINA  AUTO. S/PB 95 I.O.;4937
2025-02;Extremadura;Badajoz;GASOLINA  AUTO. S/PB 98 I.O.;134
2025-02;Extremadura;Badajoz;OTRAS GASOLINAS;1
2025-02;Extremadura;Badajoz;FUELÓLEO  BIA;52
2025-02;Extremadura;Badajoz;OTROS FUELÓLEOS;0
2025-02;Extremadura;Badajoz;QUEROSENO AVIACIÓN;45
2025-02;Extremadura;Badajoz;OTROS QUEROSENOS;0
2025-02;Extremadura;Badajoz;GLP;3023
2025-02;Extremadura;Cáceres;BIODIESEL;29
2025-02;Extremadura;Cáceres;GASÓLEO A;16384
2025-02;Extremadura;Cáceres;GASÓLEO B;3519
2025-02;Extremadura;Cáceres;GASÓLEO C;1093
2025-02;Extremadura;Cáceres;OTROS GASOLEOS;0
2025-02;Extremadura;Cáceres;BIOETANOL;0
2025-02;Extremadura;Cáceres;GASOLINA  AUTO. S/PB 95 I.O.;3272
2025-02;Extremadura;Cáceres;GASOLINA  AUTO. S/PB 98 I.O.;97
2025-02;Extremadura;Cáceres;OTRAS GASOLINAS;0
2025-02;Extremadura;Cáceres;FUELÓLEO  BIA;210
2025-02;Extremadura;Cáceres;OTROS FUELÓLEOS;0
2025-02;Extremadura;Cáceres;QUEROSENO AVIACIÓN;4
2025-02;Extremadura;Cáceres;OTROS QUEROSENOS;0
2025-02;Extremadura;Cáceres;GLP;1892
2025-02;Galicia;Coruña, A;BIODIESEL;66
2025-02;Galicia;Coruña, A;GASÓLEO A;38782
2025-02;Galicia;Coruña, A;GASÓLEO B;7777
2025-02;Galicia;Coruña, A;GASÓLEO C;6205
2025-02;Galicia;Coruña, A;OTROS GASOLEOS;2287
2025-02;Galicia;Coruña, A;BIOETANOL;0
2025-02;Galicia;Coruña, A;GASOLINA  AUTO. S/PB 95 I.O.;9183
2025-02;Galicia;Coruña, A;GASOLINA  AUTO. S/PB 98 I.O.;399
2025-02;Galicia;Coruña, A;OTRAS GASOLINAS;6
2025-02;Galicia;Coruña, A;FUELÓLEO  BIA;4942
2025-02;Galicia;Coruña, A;OTROS FUELÓLEOS;485
2025-02;Galicia;Coruña, A;QUEROSENO AVIACIÓN;3728
2025-02;Galicia;Coruña, A;OTROS QUEROSENOS;0
2025-02;Galicia;Coruña, A;GLP;4305
2025-02;Galicia;Lugo;BIODIESEL;11
2025-02;Galicia;Lugo;GASÓLEO A;16758
2025-02;Galicia;Lugo;GASÓLEO B;4124
2025-02;Galicia;Lugo;GASÓLEO C;4315
2025-02;Galicia;Lugo;OTROS GASOLEOS;1513
2025-02;Galicia;Lugo;BIOETANOL;0
2025-02;Galicia;Lugo;GASOLINA  AUTO. S/PB 95 I.O.;2482
2025-02;Galicia;Lugo;GASOLINA  AUTO. S/PB 98 I.O.;118
2025-02;Galicia;Lugo;OTRAS GASOLINAS;0
2025-02;Galicia;Lugo;FUELÓLEO  BIA;25
2025-02;Galicia;Lugo;OTROS FUELÓLEOS;0
2025-02;Galicia;Lugo;QUEROSENO AVIACIÓN;6
2025-02;Galicia;Lugo;OTROS QUEROSENOS;0
2025-02;Galicia;Lugo;GLP;1864
2025-02;Galicia;Ourense;BIODIESEL;21
2025-02;Galicia;Ourense;GASÓLEO A;12152
2025-02;Galicia;Ourense;GASÓLEO B;2199
2025-02;Galicia;Ourense;GASÓLEO C;5726
2025-02;Galicia;Ourense;OTROS GASOLEOS;0
2025-02;Galicia;Ourense;BIOETANOL;0
2025-02;Galicia;Ourense;GASOLINA  AUTO. S/PB 95 I.O.;2288
2025-02;Galicia;Ourense;GASOLINA  AUTO. S/PB 98 I.O.;141
2025-02;Galicia;Ourense;OTRAS GASOLINAS;0
2025-02;Galicia;Ourense;FUELÓLEO  BIA;27
2025-02;Galicia;Ourense;OTROS FUELÓLEOS;0
2025-02;Galicia;Ourense;QUEROSENO AVIACIÓN;4
2025-02;Galicia;Ourense;OTROS QUEROSENOS;0
2025-02;Galicia;Ourense;GLP;1666
2025-02;Galicia;Pontevedra;BIODIESEL;21
2025-02;Galicia;Pontevedra;GASÓLEO A;34713
2025-02;Galicia;Pontevedra;GASÓLEO B;4999
2025-02;Galicia;Pontevedra;GASÓLEO C;6842
2025-02;Galicia;Pontevedra;OTROS GASOLEOS;3600
2025-02;Galicia;Pontevedra;BIOETANOL;0
2025-02;Galicia;Pontevedra;GASOLINA  AUTO. S/PB 95 I.O.;7556
2025-02;Galicia;Pontevedra;GASOLINA  AUTO. S/PB 98 I.O.;411
2025-02;Galicia;Pontevedra;OTRAS GASOLINAS;1
2025-02;Galicia;Pontevedra;FUELÓLEO  BIA;440
2025-02;Galicia;Pontevedra;OTROS FUELÓLEOS;128
2025-02;Galicia;Pontevedra;QUEROSENO AVIACIÓN;817
2025-02;Galicia;Pontevedra;OTROS QUEROSENOS;0
2025-02;Galicia;Pontevedra;GLP;3748
2025-02;Madrid, Comunidad de;Madrid;BIODIESEL;1640
2025-02;Madrid, Comunidad de;Madrid;GASÓLEO A;131958
2025-02;Madrid, Comunidad de;Madrid;GASÓLEO B;12499
2025-02;Madrid, Comunidad de;Madrid;GASÓLEO C;24787
2025-02;Madrid, Comunidad de;Madrid;OTROS GASOLEOS;0
2025-02;Madrid, Comunidad de;Madrid;BIOETANOL;0
2025-02;Madrid, Comunidad de;Madrid;GASOLINA  AUTO. S/PB 95 I.O.;64617
2025-02;Madrid, Comunidad de;Madrid;GASOLINA  AUTO. S/PB 98 I.O.;2360
2025-02;Madrid, Comunidad de;Madrid;OTRAS GASOLINAS;62
2025-02;Madrid, Comunidad de;Madrid;FUELÓLEO  BIA;266
2025-02;Madrid, Comunidad de;Madrid;OTROS FUELÓLEOS;0
2025-02;Madrid, Comunidad de;Madrid;QUEROSENO AVIACIÓN;200378
2025-02;Madrid, Comunidad de;Madrid;OTROS QUEROSENOS;0
2025-02;Madrid, Comunidad de;Madrid;GLP;11207
2025-02;Melilla;Melilla;BIODIESEL;0
2025-02;Melilla;Melilla;GASÓLEO A;893
2025-02;Melilla;Melilla;GASÓLEO B;0
2025-02;Melilla;Melilla;GASÓLEO C;0
2025-02;Melilla;Melilla;OTROS GASOLEOS;0
2025-02;Melilla;Melilla;BIOETANOL;0
2025-02;Melilla;Melilla;GASOLINA  AUTO. S/PB 95 I.O.;480
2025-02;Melilla;Melilla;GASOLINA  AUTO. S/PB 98 I.O.;0
2025-02;Melilla;Melilla;OTRAS GASOLINAS;0
2025-02;Melilla;Melilla;FUELÓLEO  BIA;2499
2025-02;Melilla;Melilla;OTROS FUELÓLEOS;0
2025-02;Melilla;Melilla;QUEROSENO AVIACIÓN;166
2025-02;Melilla;Melilla;OTROS QUEROSENOS;0
2025-02;Melilla;Melilla;GLP;228
2025-02;Murcia, Región de;Murcia;BIODIESEL;917
2025-02;Murcia, Región de;Murcia;GASÓLEO A;74291
2025-02;Murcia, Región de;Murcia;GASÓLEO B;11774
2025-02;Murcia, Región de;Murcia;GASÓLEO C;1141
2025-02;Murcia, Región de;Murcia;OTROS GASOLEOS;1315
2025-02;Murcia, Región de;Murcia;BIOETANOL;0
2025-02;Murcia, Región de;Murcia;GASOLINA  AUTO. S/PB 95 I.O.;12658
2025-02;Murcia, Región de;Murcia;GASOLINA  AUTO. S/PB 98 I.O.;526
2025-02;Murcia, Región de;Murcia;OTRAS GASOLINAS;7
2025-02;Murcia, Región de;Murcia;FUELÓLEO  BIA;129
2025-02;Murcia, Región de;Murcia;OTROS FUELÓLEOS;0
2025-02;Murcia, Región de;Murcia;QUEROSENO AVIACIÓN;640
2025-02;Murcia, Región de;Murcia;OTROS QUEROSENOS;0
2025-02;Murcia, Región de;Murcia;GLP;4926
2025-02;Navarra, Comunidad Foral de;Navarra;BIODIESEL;1075
2025-02;Navarra, Comunidad Foral de;Navarra;GASÓLEO A;58027
2025-02;Navarra, Comunidad Foral de;Navarra;GASÓLEO B;8093
2025-02;Navarra, Comunidad Foral de;Navarra;GASÓLEO C;1598
2025-02;Navarra, Comunidad Foral de;Navarra;OTROS GASOLEOS;0
2025-02;Navarra, Comunidad Foral de;Navarra;BIOETANOL;0
2025-02;Navarra, Comunidad Foral de;Navarra;GASOLINA  AUTO. S/PB 95 I.O.;6689
2025-02;Navarra, Comunidad Foral de;Navarra;GASOLINA  AUTO. S/PB 98 I.O.;214
2025-02;Navarra, Comunidad Foral de;Navarra;OTRAS GASOLINAS;2
2025-02;Navarra, Comunidad Foral de;Navarra;FUELÓLEO  BIA;237
2025-02;Navarra, Comunidad Foral de;Navarra;OTROS FUELÓLEOS;0
2025-02;Navarra, Comunidad Foral de;Navarra;QUEROSENO AVIACIÓN;73
2025-02;Navarra, Comunidad Foral de;Navarra;OTROS QUEROSENOS;0
2025-02;Navarra, Comunidad Foral de;Navarra;GLP;3239
2025-02;País Vasco;Araba/Álava;BIODIESEL;108
2025-02;País Vasco;Araba/Álava;GASÓLEO A;49749
2025-02;País Vasco;Araba/Álava;GASÓLEO B;2574
2025-02;País Vasco;Araba/Álava;GASÓLEO C;1394
2025-02;País Vasco;Araba/Álava;OTROS GASOLEOS;0
2025-02;País Vasco;Araba/Álava;BIOETANOL;0
2025-02;País Vasco;Araba/Álava;GASOLINA  AUTO. S/PB 95 I.O.;2607
2025-02;País Vasco;Araba/Álava;GASOLINA  AUTO. S/PB 98 I.O.;142
2025-02;País Vasco;Araba/Álava;OTRAS GASOLINAS;0
2025-02;País Vasco;Araba/Álava;FUELÓLEO  BIA;129
2025-02;País Vasco;Araba/Álava;OTROS FUELÓLEOS;0
2025-02;País Vasco;Araba/Álava;QUEROSENO AVIACIÓN;1030
2025-02;País Vasco;Araba/Álava;OTROS QUEROSENOS;0
2025-02;País Vasco;Araba/Álava;GLP;609
2025-02;País Vasco;Bizkaia;BIODIESEL;596
2025-02;País Vasco;Bizkaia;GASÓLEO A;30981
2025-02;País Vasco;Bizkaia;GASÓLEO B;7484
2025-02;País Vasco;Bizkaia;GASÓLEO C;5097
2025-02;País Vasco;Bizkaia;OTROS GASOLEOS;815
2025-02;País Vasco;Bizkaia;BIOETANOL;0
2025-02;País Vasco;Bizkaia;GASOLINA  AUTO. S/PB 95 I.O.;8909
2025-02;País Vasco;Bizkaia;GASOLINA  AUTO. S/PB 98 I.O.;391
2025-02;País Vasco;Bizkaia;OTRAS GASOLINAS;2
2025-02;País Vasco;Bizkaia;FUELÓLEO  BIA;293
2025-02;País Vasco;Bizkaia;OTROS FUELÓLEOS;0
2025-02;País Vasco;Bizkaia;QUEROSENO AVIACIÓN;5226
2025-02;País Vasco;Bizkaia;OTROS QUEROSENOS;0
2025-02;País Vasco;Bizkaia;GLP;1625
2025-02;País Vasco;Gipuzkoa;BIODIESEL;159
2025-02;País Vasco;Gipuzkoa;GASÓLEO A;61116
2025-02;País Vasco;Gipuzkoa;GASÓLEO B;3621
2025-02;País Vasco;Gipuzkoa;GASÓLEO C;444
2025-02;País Vasco;Gipuzkoa;OTROS GASOLEOS;414
2025-02;País Vasco;Gipuzkoa;BIOETANOL;0
2025-02;País Vasco;Gipuzkoa;GASOLINA  AUTO. S/PB 95 I.O.;6594
2025-02;País Vasco;Gipuzkoa;GASOLINA  AUTO. S/PB 98 I.O.;319
2025-02;País Vasco;Gipuzkoa;OTRAS GASOLINAS;0
2025-02;País Vasco;Gipuzkoa;FUELÓLEO  BIA;0
2025-02;País Vasco;Gipuzkoa;OTROS FUELÓLEOS;0
2025-02;País Vasco;Gipuzkoa;QUEROSENO AVIACIÓN;349
2025-02;País Vasco;Gipuzkoa;OTROS QUEROSENOS;0
2025-02;País Vasco;Gipuzkoa;GLP;1687
2025-02;Rioja, La;Rioja, La;BIODIESEL;84
2025-02;Rioja, La;Rioja, La;GASÓLEO A;12472
2025-02;Rioja, La;Rioja, La;GASÓLEO B;3568
2025-02;Rioja, La;Rioja, La;GASÓLEO C;2427
2025-02;Rioja, La;Rioja, La;OTROS GASOLEOS;0
2025-02;Rioja, La;Rioja, La;BIOETANOL;0
2025-02;Rioja, La;Rioja, La;GASOLINA  AUTO. S/PB 95 I.O.;2480
2025-02;Rioja, La;Rioja, La;GASOLINA  AUTO. S/PB 98 I.O.;94
2025-02;Rioja, La;Rioja, La;OTRAS GASOLINAS;6
2025-02;Rioja, La;Rioja, La;FUELÓLEO  BIA;53
2025-02;Rioja, La;Rioja, La;OTROS FUELÓLEOS;0
2025-02;Rioja, La;Rioja, La;QUEROSENO AVIACIÓN;8
2025-02;Rioja, La;Rioja, La;OTROS QUEROSENOS;0
2025-02;Rioja, La;Rioja, La;GLP;783
2025-03;Andalucía;Almería;BIODIESEL;157
2025-03;Andalucía;Almería;GASÓLEO A;34169
2025-03;Andalucía;Almería;GASÓLEO B;5546
2025-03;Andalucía;Almería;GASÓLEO C;165
2025-03;Andalucía;Almería;OTROS GASOLEOS;682
2025-03;Andalucía;Almería;BIOETANOL;0
2025-03;Andalucía;Almería;GASOLINA  AUTO. S/PB 95 I.O.;6107
2025-03;Andalucía;Almería;GASOLINA  AUTO. S/PB 98 I.O.;307
2025-03;Andalucía;Almería;OTRAS GASOLINAS;2
2025-03;Andalucía;Almería;FUELÓLEO  BIA;401
2025-03;Andalucía;Almería;OTROS FUELÓLEOS;1160
2025-03;Andalucía;Almería;QUEROSENO AVIACIÓN;418
2025-03;Andalucía;Almería;OTROS QUEROSENOS;0
2025-03;Andalucía;Almería;GLP;2626
2025-03;Andalucía;Cádiz;BIODIESEL;77
2025-03;Andalucía;Cádiz;GASÓLEO A;32086
2025-03;Andalucía;Cádiz;GASÓLEO B;6108
2025-03;Andalucía;Cádiz;GASÓLEO C;290
2025-03;Andalucía;Cádiz;OTROS GASOLEOS;39649
2025-03;Andalucía;Cádiz;BIOETANOL;0
2025-03;Andalucía;Cádiz;GASOLINA  AUTO. S/PB 95 I.O.;10716
2025-03;Andalucía;Cádiz;GASOLINA  AUTO. S/PB 98 I.O.;369
2025-03;Andalucía;Cádiz;OTRAS GASOLINAS;30
2025-03;Andalucía;Cádiz;FUELÓLEO  BIA;29689
2025-03;Andalucía;Cádiz;OTROS FUELÓLEOS;217999
2025-03;Andalucía;Cádiz;QUEROSENO AVIACIÓN;1024
2025-03;Andalucía;Cádiz;OTROS QUEROSENOS;0
2025-03;Andalucía;Cádiz;GLP;3873
2025-03;Andalucía;Córdoba;BIODIESEL;90
2025-03;Andalucía;Córdoba;GASÓLEO A;29551
2025-03;Andalucía;Córdoba;GASÓLEO B;5718
2025-03;Andalucía;Córdoba;GASÓLEO C;982
2025-03;Andalucía;Córdoba;OTROS GASOLEOS;0
2025-03;Andalucía;Córdoba;BIOETANOL;0
2025-03;Andalucía;Córdoba;GASOLINA  AUTO. S/PB 95 I.O.;5344
2025-03;Andalucía;Córdoba;GASOLINA  AUTO. S/PB 98 I.O.;141
2025-03;Andalucía;Córdoba;OTRAS GASOLINAS;6
2025-03;Andalucía;Córdoba;FUELÓLEO  BIA;25
2025-03;Andalucía;Córdoba;OTROS FUELÓLEOS;0
2025-03;Andalucía;Córdoba;QUEROSENO AVIACIÓN;12
2025-03;Andalucía;Córdoba;OTROS QUEROSENOS;0
2025-03;Andalucía;Córdoba;GLP;2190
2025-03;Andalucía;Granada;BIODIESEL;25
2025-03;Andalucía;Granada;GASÓLEO A;32456
2025-03;Andalucía;Granada;GASÓLEO B;6099
2025-03;Andalucía;Granada;GASÓLEO C;4027
2025-03;Andalucía;Granada;OTROS GASOLEOS;320
2025-03;Andalucía;Granada;BIOETANOL;0
2025-03;Andalucía;Granada;GASOLINA  AUTO. S/PB 95 I.O.;8050
2025-03;Andalucía;Granada;GASOLINA  AUTO. S/PB 98 I.O.;384
2025-03;Andalucía;Granada;OTRAS GASOLINAS;3
2025-03;Andalucía;Granada;FUELÓLEO  BIA;49
2025-03;Andalucía;Granada;OTROS FUELÓLEOS;858
2025-03;Andalucía;Granada;QUEROSENO AVIACIÓN;1356
2025-03;Andalucía;Granada;OTROS QUEROSENOS;0
2025-03;Andalucía;Granada;GLP;3607
2025-03;Andalucía;Huelva;BIODIESEL;128
2025-03;Andalucía;Huelva;GASÓLEO A;25857
2025-03;Andalucía;Huelva;GASÓLEO B;7913
2025-03;Andalucía;Huelva;GASÓLEO C;200
2025-03;Andalucía;Huelva;OTROS GASOLEOS;2517
2025-03;Andalucía;Huelva;BIOETANOL;0
2025-03;Andalucía;Huelva;GASOLINA  AUTO. S/PB 95 I.O.;4966
2025-03;Andalucía;Huelva;GASOLINA  AUTO. S/PB 98 I.O.;184
2025-03;Andalucía;Huelva;OTRAS GASOLINAS;0
2025-03;Andalucía;Huelva;FUELÓLEO  BIA;580
2025-03;Andalucía;Huelva;OTROS FUELÓLEOS;6765
2025-03;Andalucía;Huelva;QUEROSENO AVIACIÓN;0
2025-03;Andalucía;Huelva;OTROS QUEROSENOS;0
2025-03;Andalucía;Huelva;GLP;2927
2025-03;Andalucía;Jaén;BIODIESEL;178
2025-03;Andalucía;Jaén;GASÓLEO A;29935
2025-03;Andalucía;Jaén;GASÓLEO B;4061
2025-03;Andalucía;Jaén;GASÓLEO C;1539
2025-03;Andalucía;Jaén;OTROS GASOLEOS;0
2025-03;Andalucía;Jaén;BIOETANOL;0
2025-03;Andalucía;Jaén;GASOLINA  AUTO. S/PB 95 I.O.;4202
2025-03;Andalucía;Jaén;GASOLINA  AUTO. S/PB 98 I.O.;126
2025-03;Andalucía;Jaén;OTRAS GASOLINAS;1
2025-03;Andalucía;Jaén;FUELÓLEO  BIA;0
2025-03;Andalucía;Jaén;OTROS FUELÓLEOS;0
2025-03;Andalucía;Jaén;QUEROSENO AVIACIÓN;0
2025-03;Andalucía;Jaén;OTROS QUEROSENOS;0
2025-03;Andalucía;Jaén;GLP;1873
2025-03;Andalucía;Málaga;BIODIESEL;84
2025-03;Andalucía;Málaga;GASÓLEO A;48452
2025-03;Andalucía;Málaga;GASÓLEO B;4355
2025-03;Andalucía;Málaga;GASÓLEO C;628
2025-03;Andalucía;Málaga;OTROS GASOLEOS;765
2025-03;Andalucía;Málaga;BIOETANOL;0
2025-03;Andalucía;Málaga;GASOLINA  AUTO. S/PB 95 I.O.;18925
2025-03;Andalucía;Málaga;GASOLINA  AUTO. S/PB 98 I.O.;1073
2025-03;Andalucía;Málaga;OTRAS GASOLINAS;27
2025-03;Andalucía;Málaga;FUELÓLEO  BIA;79
2025-03;Andalucía;Málaga;OTROS FUELÓLEOS;108
2025-03;Andalucía;Málaga;QUEROSENO AVIACIÓN;33875
2025-03;Andalucía;Málaga;OTROS QUEROSENOS;0
2025-03;Andalucía;Málaga;GLP;5819
2025-03;Andalucía;Sevilla;BIODIESEL;65
2025-03;Andalucía;Sevilla;GASÓLEO A;56505
2025-03;Andalucía;Sevilla;GASÓLEO B;6504
2025-03;Andalucía;Sevilla;GASÓLEO C;577
2025-03;Andalucía;Sevilla;OTROS GASOLEOS;977
2025-03;Andalucía;Sevilla;BIOETANOL;0
2025-03;Andalucía;Sevilla;GASOLINA  AUTO. S/PB 95 I.O.;16582
2025-03;Andalucía;Sevilla;GASOLINA  AUTO. S/PB 98 I.O.;387
2025-03;Andalucía;Sevilla;OTRAS GASOLINAS;5
2025-03;Andalucía;Sevilla;FUELÓLEO  BIA;240
2025-03;Andalucía;Sevilla;OTROS FUELÓLEOS;0
2025-03;Andalucía;Sevilla;QUEROSENO AVIACIÓN;12879
2025-03;Andalucía;Sevilla;OTROS QUEROSENOS;0
2025-03;Andalucía;Sevilla;GLP;5770
2025-03;Aragón;Huesca;BIODIESEL;162
2025-03;Aragón;Huesca;GASÓLEO A;14176
2025-03;Aragón;Huesca;GASÓLEO B;6287
2025-03;Aragón;Huesca;GASÓLEO C;1737
2025-03;Aragón;Huesca;OTROS GASOLEOS;0
2025-03;Aragón;Huesca;BIOETANOL;0
2025-03;Aragón;Huesca;GASOLINA  AUTO. S/PB 95 I.O.;3064
2025-03;Aragón;Huesca;GASOLINA  AUTO. S/PB 98 I.O.;177
2025-03;Aragón;Huesca;OTRAS GASOLINAS;6
2025-03;Aragón;Huesca;FUELÓLEO  BIA;49
2025-03;Aragón;Huesca;OTROS FUELÓLEOS;0
2025-03;Aragón;Huesca;QUEROSENO AVIACIÓN;40
2025-03;Aragón;Huesca;OTROS QUEROSENOS;0
2025-03;Aragón;Huesca;GLP;2189
2025-03;Aragón;Teruel;BIODIESEL;56
2025-03;Aragón;Teruel;GASÓLEO A;9254
2025-03;Aragón;Teruel;GASÓLEO B;4100
2025-03;Aragón;Teruel;GASÓLEO C;2277
2025-03;Aragón;Teruel;OTROS GASOLEOS;0
2025-03;Aragón;Teruel;BIOETANOL;0
2025-03;Aragón;Teruel;GASOLINA  AUTO. S/PB 95 I.O.;1562
2025-03;Aragón;Teruel;GASOLINA  AUTO. S/PB 98 I.O.;96
2025-03;Aragón;Teruel;OTRAS GASOLINAS;0
2025-03;Aragón;Teruel;FUELÓLEO  BIA;71
2025-03;Aragón;Teruel;OTROS FUELÓLEOS;0
2025-03;Aragón;Teruel;QUEROSENO AVIACIÓN;82
2025-03;Aragón;Teruel;OTROS QUEROSENOS;0
2025-03;Aragón;Teruel;GLP;734
2025-03;Aragón;Zaragoza;BIODIESEL;1378
2025-03;Aragón;Zaragoza;GASÓLEO A;48323
2025-03;Aragón;Zaragoza;GASÓLEO B;9403
2025-03;Aragón;Zaragoza;GASÓLEO C;7295
2025-03;Aragón;Zaragoza;OTROS GASOLEOS;0
2025-03;Aragón;Zaragoza;BIOETANOL;0
2025-03;Aragón;Zaragoza;GASOLINA  AUTO. S/PB 95 I.O.;8901
2025-03;Aragón;Zaragoza;GASOLINA  AUTO. S/PB 98 I.O.;323
2025-03;Aragón;Zaragoza;OTRAS GASOLINAS;1
2025-03;Aragón;Zaragoza;FUELÓLEO  BIA;6
2025-03;Aragón;Zaragoza;OTROS FUELÓLEOS;156
2025-03;Aragón;Zaragoza;QUEROSENO AVIACIÓN;6708
2025-03;Aragón;Zaragoza;OTROS QUEROSENOS;0
2025-03;Aragón;Zaragoza;GLP;2357
2025-03;Asturias, Principado de;Asturias;BIODIESEL;23
2025-03;Asturias, Principado de;Asturias;GASÓLEO A;32733
2025-03;Asturias, Principado de;Asturias;GASÓLEO B;7561
2025-03;Asturias, Principado de;Asturias;GASÓLEO C;4275
2025-03;Asturias, Principado de;Asturias;OTROS GASOLEOS;3634
2025-03;Asturias, Principado de;Asturias;BIOETANOL;0
2025-03;Asturias, Principado de;Asturias;GASOLINA  AUTO. S/PB 95 I.O.;8516
2025-03;Asturias, Principado de;Asturias;GASOLINA  AUTO. S/PB 98 I.O.;507
2025-03;Asturias, Principado de;Asturias;OTRAS GASOLINAS;1
2025-03;Asturias, Principado de;Asturias;FUELÓLEO  BIA;1161
2025-03;Asturias, Principado de;Asturias;OTROS FUELÓLEOS;556
2025-03;Asturias, Principado de;Asturias;QUEROSENO AVIACIÓN;1862
2025-03;Asturias, Principado de;Asturias;OTROS QUEROSENOS;0
2025-03;Asturias, Principado de;Asturias;GLP;2647
2025-03;Balears, Illes;Balears, Illes;BIODIESEL;0
2025-03;Balears, Illes;Balears, Illes;GASÓLEO A;24796
2025-03;Balears, Illes;Balears, Illes;GASÓLEO B;3681
2025-03;Balears, Illes;Balears, Illes;GASÓLEO C;15632
2025-03;Balears, Illes;Balears, Illes;OTROS GASOLEOS;2248
2025-03;Balears, Illes;Balears, Illes;BIOETANOL;0
2025-03;Balears, Illes;Balears, Illes;GASOLINA  AUTO. S/PB 95 I.O.;17559
2025-03;Balears, Illes;Balears, Illes;GASOLINA  AUTO. S/PB 98 I.O.;836
2025-03;Balears, Illes;Balears, Illes;OTRAS GASOLINAS;18
2025-03;Balears, Illes;Balears, Illes;FUELÓLEO  BIA;0
2025-03;Balears, Illes;Balears, Illes;OTROS FUELÓLEOS;0
2025-03;Balears, Illes;Balears, Illes;QUEROSENO AVIACIÓN;23366
2025-03;Balears, Illes;Balears, Illes;OTROS QUEROSENOS;0
2025-03;Balears, Illes;Balears, Illes;GLP;4387
2025-03;Canarias;Palmas, Las;BIODIESEL;66
2025-03;Canarias;Palmas, Las;GASÓLEO A;27240
2025-03;Canarias;Palmas, Las;GASÓLEO B;0
2025-03;Canarias;Palmas, Las;GASÓLEO C;0
2025-03;Canarias;Palmas, Las;OTROS GASOLEOS;75382
2025-03;Canarias;Palmas, Las;BIOETANOL;0
2025-03;Canarias;Palmas, Las;GASOLINA  AUTO. S/PB 95 I.O.;19084
2025-03;Canarias;Palmas, Las;GASOLINA  AUTO. S/PB 98 I.O.;3456
2025-03;Canarias;Palmas, Las;OTRAS GASOLINAS;0
2025-03;Canarias;Palmas, Las;FUELÓLEO  BIA;162822
2025-03;Canarias;Palmas, Las;OTROS FUELÓLEOS;48815
2025-03;Canarias;Palmas, Las;QUEROSENO AVIACIÓN;64634
2025-03;Canarias;Palmas, Las;OTROS QUEROSENOS;0
2025-03;Canarias;Palmas, Las;GLP;3366
2025-03;Canarias;Santa Cruz de Tenerife;BIODIESEL;0
2025-03;Canarias;Santa Cruz de Tenerife;GASÓLEO A;26544
2025-03;Canarias;Santa Cruz de Tenerife;GASÓLEO B;0
2025-03;Canarias;Santa Cruz de Tenerife;GASÓLEO C;0
2025-03;Canarias;Santa Cruz de Tenerife;OTROS GASOLEOS;49595
2025-03;Canarias;Santa Cruz de Tenerife;BIOETANOL;0
2025-03;Canarias;Santa Cruz de Tenerife;GASOLINA  AUTO. S/PB 95 I.O.;18099
2025-03;Canarias;Santa Cruz de Tenerife;GASOLINA  AUTO. S/PB 98 I.O.;4849
2025-03;Canarias;Santa Cruz de Tenerife;OTRAS GASOLINAS;1
2025-03;Canarias;Santa Cruz de Tenerife;FUELÓLEO  BIA;23189
2025-03;Canarias;Santa Cruz de Tenerife;OTROS FUELÓLEOS;27998
2025-03;Canarias;Santa Cruz de Tenerife;QUEROSENO AVIACIÓN;60284
2025-03;Canarias;Santa Cruz de Tenerife;OTROS QUEROSENOS;0
2025-03;Canarias;Santa Cruz de Tenerife;GLP;4217
2025-03;Cantabria;Cantabria;BIODIESEL;382
2025-03;Cantabria;Cantabria;GASÓLEO A;24400
2025-03;Cantabria;Cantabria;GASÓLEO B;5584
2025-03;Cantabria;Cantabria;GASÓLEO C;129
2025-03;Cantabria;Cantabria;OTROS GASOLEOS;972
2025-03;Cantabria;Cantabria;BIOETANOL;0
2025-03;Cantabria;Cantabria;GASOLINA  AUTO. S/PB 95 I.O.;6611
2025-03;Cantabria;Cantabria;GASOLINA  AUTO. S/PB 98 I.O.;258
2025-03;Cantabria;Cantabria;OTRAS GASOLINAS;0
2025-03;Cantabria;Cantabria;FUELÓLEO  BIA;310
2025-03;Cantabria;Cantabria;OTROS FUELÓLEOS;0
2025-03;Cantabria;Cantabria;QUEROSENO AVIACIÓN;920
2025-03;Cantabria;Cantabria;OTROS QUEROSENOS;0
2025-03;Cantabria;Cantabria;GLP;1865
2025-03;Castilla - La Mancha;Albacete;BIODIESEL;81
2025-03;Castilla - La Mancha;Albacete;GASÓLEO A;17534
2025-03;Castilla - La Mancha;Albacete;GASÓLEO B;4462
2025-03;Castilla - La Mancha;Albacete;GASÓLEO C;2886
2025-03;Castilla - La Mancha;Albacete;OTROS GASOLEOS;0
2025-03;Castilla - La Mancha;Albacete;BIOETANOL;0
2025-03;Castilla - La Mancha;Albacete;GASOLINA  AUTO. S/PB 95 I.O.;3265
2025-03;Castilla - La Mancha;Albacete;GASOLINA  AUTO. S/PB 98 I.O.;124
2025-03;Castilla - La Mancha;Albacete;OTRAS GASOLINAS;0
2025-03;Castilla - La Mancha;Albacete;FUELÓLEO  BIA;48
2025-03;Castilla - La Mancha;Albacete;OTROS FUELÓLEOS;0
2025-03;Castilla - La Mancha;Albacete;QUEROSENO AVIACIÓN;25
2025-03;Castilla - La Mancha;Albacete;OTROS QUEROSENOS;0
2025-03;Castilla - La Mancha;Albacete;GLP;1258
2025-03;Castilla - La Mancha;Ciudad Real;BIODIESEL;139
2025-03;Castilla - La Mancha;Ciudad Real;GASÓLEO A;24542
2025-03;Castilla - La Mancha;Ciudad Real;GASÓLEO B;6742
2025-03;Castilla - La Mancha;Ciudad Real;GASÓLEO C;3295
2025-03;Castilla - La Mancha;Ciudad Real;OTROS GASOLEOS;0
2025-03;Castilla - La Mancha;Ciudad Real;BIOETANOL;0
2025-03;Castilla - La Mancha;Ciudad Real;GASOLINA  AUTO. S/PB 95 I.O.;4043
2025-03;Castilla - La Mancha;Ciudad Real;GASOLINA  AUTO. S/PB 98 I.O.;122
2025-03;Castilla - La Mancha;Ciudad Real;OTRAS GASOLINAS;0
2025-03;Castilla - La Mancha;Ciudad Real;FUELÓLEO  BIA;52
2025-03;Castilla - La Mancha;Ciudad Real;OTROS FUELÓLEOS;0
2025-03;Castilla - La Mancha;Ciudad Real;QUEROSENO AVIACIÓN;16
2025-03;Castilla - La Mancha;Ciudad Real;OTROS QUEROSENOS;0
2025-03;Castilla - La Mancha;Ciudad Real;GLP;1382
2025-03;Castilla - La Mancha;Cuenca;BIODIESEL;87
2025-03;Castilla - La Mancha;Cuenca;GASÓLEO A;14304
2025-03;Castilla - La Mancha;Cuenca;GASÓLEO B;7627
2025-03;Castilla - La Mancha;Cuenca;GASÓLEO C;1658
2025-03;Castilla - La Mancha;Cuenca;OTROS GASOLEOS;0
2025-03;Castilla - La Mancha;Cuenca;BIOETANOL;0
2025-03;Castilla - La Mancha;Cuenca;GASOLINA  AUTO. S/PB 95 I.O.;2259
2025-03;Castilla - La Mancha;Cuenca;GASOLINA  AUTO. S/PB 98 I.O.;96
2025-03;Castilla - La Mancha;Cuenca;OTRAS GASOLINAS;0
2025-03;Castilla - La Mancha;Cuenca;FUELÓLEO  BIA;0
2025-03;Castilla - La Mancha;Cuenca;OTROS FUELÓLEOS;0
2025-03;Castilla - La Mancha;Cuenca;QUEROSENO AVIACIÓN;0
2025-03;Castilla - La Mancha;Cuenca;OTROS QUEROSENOS;0
2025-03;Castilla - La Mancha;Cuenca;GLP;912
2025-03;Castilla - La Mancha;Guadalajara;BIODIESEL;166
2025-03;Castilla - La Mancha;Guadalajara;GASÓLEO A;12846
2025-03;Castilla - La Mancha;Guadalajara;GASÓLEO B;4573
2025-03;Castilla - La Mancha;Guadalajara;GASÓLEO C;3515
2025-03;Castilla - La Mancha;Guadalajara;OTROS GASOLEOS;0
2025-03;Castilla - La Mancha;Guadalajara;BIOETANOL;0
2025-03;Castilla - La Mancha;Guadalajara;GASOLINA  AUTO. S/PB 95 I.O.;3387
2025-03;Castilla - La Mancha;Guadalajara;GASOLINA  AUTO. S/PB 98 I.O.;106
2025-03;Castilla - La Mancha;Guadalajara;OTRAS GASOLINAS;0
2025-03;Castilla - La Mancha;Guadalajara;FUELÓLEO  BIA;0
2025-03;Castilla - La Mancha;Guadalajara;OTROS FUELÓLEOS;0
2025-03;Castilla - La Mancha;Guadalajara;QUEROSENO AVIACIÓN;0
2025-03;Castilla - La Mancha;Guadalajara;OTROS QUEROSENOS;0
2025-03;Castilla - La Mancha;Guadalajara;GLP;739
2025-03;Castilla - La Mancha;Toledo;BIODIESEL;258
2025-03;Castilla - La Mancha;Toledo;GASÓLEO A;34633
2025-03;Castilla - La Mancha;Toledo;GASÓLEO B;13804
2025-03;Castilla - La Mancha;Toledo;GASÓLEO C;6776
2025-03;Castilla - La Mancha;Toledo;OTROS GASOLEOS;0
2025-03;Castilla - La Mancha;Toledo;BIOETANOL;0
2025-03;Castilla - La Mancha;Toledo;GASOLINA  AUTO. S/PB 95 I.O.;7648
2025-03;Castilla - La Mancha;Toledo;GASOLINA  AUTO. S/PB 98 I.O.;279
2025-03;Castilla - La Mancha;Toledo;OTRAS GASOLINAS;1
2025-03;Castilla - La Mancha;Toledo;FUELÓLEO  BIA;118
2025-03;Castilla - La Mancha;Toledo;OTROS FUELÓLEOS;0
2025-03;Castilla - La Mancha;Toledo;QUEROSENO AVIACIÓN;14
2025-03;Castilla - La Mancha;Toledo;OTROS QUEROSENOS;0
2025-03;Castilla - La Mancha;Toledo;GLP;2640
2025-03;Castilla y León;Ávila;BIODIESEL;51
2025-03;Castilla y León;Ávila;GASÓLEO A;6850
2025-03;Castilla y León;Ávila;GASÓLEO B;3076
2025-03;Castilla y León;Ávila;GASÓLEO C;1671
2025-03;Castilla y León;Ávila;OTROS GASOLEOS;0
2025-03;Castilla y León;Ávila;BIOETANOL;0
2025-03;Castilla y León;Ávila;GASOLINA  AUTO. S/PB 95 I.O.;1645
2025-03;Castilla y León;Ávila;GASOLINA  AUTO. S/PB 98 I.O.;63
2025-03;Castilla y León;Ávila;OTRAS GASOLINAS;0
2025-03;Castilla y León;Ávila;FUELÓLEO  BIA;0
2025-03;Castilla y León;Ávila;OTROS FUELÓLEOS;0
2025-03;Castilla y León;Ávila;QUEROSENO AVIACIÓN;0
2025-03;Castilla y León;Ávila;OTROS QUEROSENOS;0
2025-03;Castilla y León;Ávila;GLP;921
2025-03;Castilla y León;Burgos;BIODIESEL;59
2025-03;Castilla y León;Burgos;GASÓLEO A;25139
2025-03;Castilla y León;Burgos;GASÓLEO B;7250
2025-03;Castilla y León;Burgos;GASÓLEO C;1728
2025-03;Castilla y León;Burgos;OTROS GASOLEOS;0
2025-03;Castilla y León;Burgos;BIOETANOL;0
2025-03;Castilla y León;Burgos;GASOLINA  AUTO. S/PB 95 I.O.;4244
2025-03;Castilla y León;Burgos;GASOLINA  AUTO. S/PB 98 I.O.;233
2025-03;Castilla y León;Burgos;OTRAS GASOLINAS;13
2025-03;Castilla y León;Burgos;FUELÓLEO  BIA;51
2025-03;Castilla y León;Burgos;OTROS FUELÓLEOS;0
2025-03;Castilla y León;Burgos;QUEROSENO AVIACIÓN;4
2025-03;Castilla y León;Burgos;OTROS QUEROSENOS;0
2025-03;Castilla y León;Burgos;GLP;1004
2025-03;Castilla y León;León;BIODIESEL;36
2025-03;Castilla y León;León;GASÓLEO A;22187
2025-03;Castilla y León;León;GASÓLEO B;9684
2025-03;Castilla y León;León;GASÓLEO C;6695
2025-03;Castilla y León;León;OTROS GASOLEOS;0
2025-03;Castilla y León;León;BIOETANOL;0
2025-03;Castilla y León;León;GASOLINA  AUTO. S/PB 95 I.O.;4732
2025-03;Castilla y León;León;GASOLINA  AUTO. S/PB 98 I.O.;217
2025-03;Castilla y León;León;OTRAS GASOLINAS;0
2025-03;Castilla y León;León;FUELÓLEO  BIA;52
2025-03;Castilla y León;León;OTROS FUELÓLEOS;0
2025-03;Castilla y León;León;QUEROSENO AVIACIÓN;12
2025-03;Castilla y León;León;OTROS QUEROSENOS;0
2025-03;Castilla y León;León;GLP;1516
2025-03;Castilla y León;Palencia;BIODIESEL;31
2025-03;Castilla y León;Palencia;GASÓLEO A;9461
2025-03;Castilla y León;Palencia;GASÓLEO B;4547
2025-03;Castilla y León;Palencia;GASÓLEO C;995
2025-03;Castilla y León;Palencia;OTROS GASOLEOS;0
2025-03;Castilla y León;Palencia;BIOETANOL;0
2025-03;Castilla y León;Palencia;GASOLINA  AUTO. S/PB 95 I.O.;1651
2025-03;Castilla y León;Palencia;GASOLINA  AUTO. S/PB 98 I.O.;74
2025-03;Castilla y León;Palencia;OTRAS GASOLINAS;0
2025-03;Castilla y León;Palencia;FUELÓLEO  BIA;0
2025-03;Castilla y León;Palencia;OTROS FUELÓLEOS;0
2025-03;Castilla y León;Palencia;QUEROSENO AVIACIÓN;0
2025-03;Castilla y León;Palencia;OTROS QUEROSENOS;0
2025-03;Castilla y León;Palencia;GLP;552
2025-03;Castilla y León;Salamanca;BIODIESEL;12
2025-03;Castilla y León;Salamanca;GASÓLEO A;20961
2025-03;Castilla y León;Salamanca;GASÓLEO B;5043
2025-03;Castilla y León;Salamanca;GASÓLEO C;3796
2025-03;Castilla y León;Salamanca;OTROS GASOLEOS;0
2025-03;Castilla y León;Salamanca;BIOETANOL;0
2025-03;Castilla y León;Salamanca;GASOLINA  AUTO. S/PB 95 I.O.;3016
2025-03;Castilla y León;Salamanca;GASOLINA  AUTO. S/PB 98 I.O.;127
2025-03;Castilla y León;Salamanca;OTRAS GASOLINAS;23
2025-03;Castilla y León;Salamanca;FUELÓLEO  BIA;0
2025-03;Castilla y León;Salamanca;OTROS FUELÓLEOS;0
2025-03;Castilla y León;Salamanca;QUEROSENO AVIACIÓN;33
2025-03;Castilla y León;Salamanca;OTROS QUEROSENOS;0
2025-03;Castilla y León;Salamanca;GLP;1083
2025-03;Castilla y León;Segovia;BIODIESEL;99
2025-03;Castilla y León;Segovia;GASÓLEO A;9361
2025-03;Castilla y León;Segovia;GASÓLEO B;4112
2025-03;Castilla y León;Segovia;GASÓLEO C;2559
2025-03;Castilla y León;Segovia;OTROS GASOLEOS;0
2025-03;Castilla y León;Segovia;BIOETANOL;0
2025-03;Castilla y León;Segovia;GASOLINA  AUTO. S/PB 95 I.O.;2094
2025-03;Castilla y León;Segovia;GASOLINA  AUTO. S/PB 98 I.O.;87
2025-03;Castilla y León;Segovia;OTRAS GASOLINAS;0
2025-03;Castilla y León;Segovia;FUELÓLEO  BIA;26
2025-03;Castilla y León;Segovia;OTROS FUELÓLEOS;0
2025-03;Castilla y León;Segovia;QUEROSENO AVIACIÓN;0
2025-03;Castilla y León;Segovia;OTROS QUEROSENOS;0
2025-03;Castilla y León;Segovia;GLP;972
2025-03;Castilla y León;Soria;BIODIESEL;31
2025-03;Castilla y León;Soria;GASÓLEO A;6009
2025-03;Castilla y León;Soria;GASÓLEO B;2630
2025-03;Castilla y León;Soria;GASÓLEO C;1043
2025-03;Castilla y León;Soria;OTROS GASOLEOS;0
2025-03;Castilla y León;Soria;BIOETANOL;0
2025-03;Castilla y León;Soria;GASOLINA  AUTO. S/PB 95 I.O.;1083
2025-03;Castilla y León;Soria;GASOLINA  AUTO. S/PB 98 I.O.;71
2025-03;Castilla y León;Soria;OTRAS GASOLINAS;8
2025-03;Castilla y León;Soria;FUELÓLEO  BIA;0
2025-03;Castilla y León;Soria;OTROS FUELÓLEOS;0
2025-03;Castilla y León;Soria;QUEROSENO AVIACIÓN;0
2025-03;Castilla y León;Soria;OTROS QUEROSENOS;0
2025-03;Castilla y León;Soria;GLP;325
2025-03;Castilla y León;Valladolid;BIODIESEL;36
2025-03;Castilla y León;Valladolid;GASÓLEO A;20468
2025-03;Castilla y León;Valladolid;GASÓLEO B;5806
2025-03;Castilla y León;Valladolid;GASÓLEO C;3045
2025-03;Castilla y León;Valladolid;OTROS GASOLEOS;0
2025-03;Castilla y León;Valladolid;BIOETANOL;0
2025-03;Castilla y León;Valladolid;GASOLINA  AUTO. S/PB 95 I.O.;5025
2025-03;Castilla y León;Valladolid;GASOLINA  AUTO. S/PB 98 I.O.;229
2025-03;Castilla y León;Valladolid;OTRAS GASOLINAS;3
2025-03;Castilla y León;Valladolid;FUELÓLEO  BIA;154
2025-03;Castilla y León;Valladolid;OTROS FUELÓLEOS;0
2025-03;Castilla y León;Valladolid;QUEROSENO AVIACIÓN;101
2025-03;Castilla y León;Valladolid;OTROS QUEROSENOS;0
2025-03;Castilla y León;Valladolid;GLP;1024
2025-03;Castilla y León;Zamora;BIODIESEL;2
2025-03;Castilla y León;Zamora;GASÓLEO A;16640
2025-03;Castilla y León;Zamora;GASÓLEO B;5432
2025-03;Castilla y León;Zamora;GASÓLEO C;1041
2025-03;Castilla y León;Zamora;OTROS GASOLEOS;0
2025-03;Castilla y León;Zamora;BIOETANOL;0
2025-03;Castilla y León;Zamora;GASOLINA  AUTO. S/PB 95 I.O.;1719
2025-03;Castilla y León;Zamora;GASOLINA  AUTO. S/PB 98 I.O.;89
2025-03;Castilla y León;Zamora;OTRAS GASOLINAS;0
2025-03;Castilla y León;Zamora;FUELÓLEO  BIA;0
2025-03;Castilla y León;Zamora;OTROS FUELÓLEOS;0
2025-03;Castilla y León;Zamora;QUEROSENO AVIACIÓN;14
2025-03;Castilla y León;Zamora;OTROS QUEROSENOS;0
2025-03;Castilla y León;Zamora;GLP;630
2025-03;Cataluña;Barcelona;BIODIESEL;1228
2025-03;Cataluña;Barcelona;GASÓLEO A;127284
2025-03;Cataluña;Barcelona;GASÓLEO B;22566
2025-03;Cataluña;Barcelona;GASÓLEO C;5574
2025-03;Cataluña;Barcelona;OTROS GASOLEOS;18298
2025-03;Cataluña;Barcelona;BIOETANOL;0
2025-03;Cataluña;Barcelona;GASOLINA  AUTO. S/PB 95 I.O.;59415
2025-03;Cataluña;Barcelona;GASOLINA  AUTO. S/PB 98 I.O.;2574
2025-03;Cataluña;Barcelona;OTRAS GASOLINAS;48
2025-03;Cataluña;Barcelona;FUELÓLEO  BIA;24698
2025-03;Cataluña;Barcelona;OTROS FUELÓLEOS;73835
2025-03;Cataluña;Barcelona;QUEROSENO AVIACIÓN;95171
2025-03;Cataluña;Barcelona;OTROS QUEROSENOS;3
2025-03;Cataluña;Barcelona;GLP;6966
2025-03;Cataluña;Girona;BIODIESEL;663
2025-03;Cataluña;Girona;GASÓLEO A;111416
2025-03;Cataluña;Girona;GASÓLEO B;6195
2025-03;Cataluña;Girona;GASÓLEO C;4290
2025-03;Cataluña;Girona;OTROS GASOLEOS;479
2025-03;Cataluña;Girona;BIOETANOL;0
2025-03;Cataluña;Girona;GASOLINA  AUTO. S/PB 95 I.O.;13255
2025-03;Cataluña;Girona;GASOLINA  AUTO. S/PB 98 I.O.;700
2025-03;Cataluña;Girona;OTRAS GASOLINAS;2
2025-03;Cataluña;Girona;FUELÓLEO  BIA;72
2025-03;Cataluña;Girona;OTROS FUELÓLEOS;0
2025-03;Cataluña;Girona;QUEROSENO AVIACIÓN;886
2025-03;Cataluña;Girona;OTROS QUEROSENOS;0
2025-03;Cataluña;Girona;GLP;4041
2025-03;Cataluña;Lleida;BIODIESEL;72
2025-03;Cataluña;Lleida;GASÓLEO A;23732
2025-03;Cataluña;Lleida;GASÓLEO B;7630
2025-03;Cataluña;Lleida;GASÓLEO C;1433
2025-03;Cataluña;Lleida;OTROS GASOLEOS;0
2025-03;Cataluña;Lleida;BIOETANOL;0
2025-03;Cataluña;Lleida;GASOLINA  AUTO. S/PB 95 I.O.;5333
2025-03;Cataluña;Lleida;GASOLINA  AUTO. S/PB 98 I.O.;293
2025-03;Cataluña;Lleida;OTRAS GASOLINAS;9
2025-03;Cataluña;Lleida;FUELÓLEO  BIA;50
2025-03;Cataluña;Lleida;OTROS FUELÓLEOS;0
2025-03;Cataluña;Lleida;QUEROSENO AVIACIÓN;262
2025-03;Cataluña;Lleida;OTROS QUEROSENOS;0
2025-03;Cataluña;Lleida;GLP;2808
2025-03;Cataluña;Tarragona;BIODIESEL;167
2025-03;Cataluña;Tarragona;GASÓLEO A;31615
2025-03;Cataluña;Tarragona;GASÓLEO B;5691
2025-03;Cataluña;Tarragona;GASÓLEO C;655
2025-03;Cataluña;Tarragona;OTROS GASOLEOS;2414
2025-03;Cataluña;Tarragona;BIOETANOL;0
2025-03;Cataluña;Tarragona;GASOLINA  AUTO. S/PB 95 I.O.;11151
2025-03;Cataluña;Tarragona;GASOLINA  AUTO. S/PB 98 I.O.;418
2025-03;Cataluña;Tarragona;OTRAS GASOLINAS;7
2025-03;Cataluña;Tarragona;FUELÓLEO  BIA;25
2025-03;Cataluña;Tarragona;OTROS FUELÓLEOS;0
2025-03;Cataluña;Tarragona;QUEROSENO AVIACIÓN;189
2025-03;Cataluña;Tarragona;OTROS QUEROSENOS;0
2025-03;Cataluña;Tarragona;GLP;2454
2025-03;Ceuta;Ceuta;BIODIESEL;0
2025-03;Ceuta;Ceuta;GASÓLEO A;834
2025-03;Ceuta;Ceuta;GASÓLEO B;0
2025-03;Ceuta;Ceuta;GASÓLEO C;55
2025-03;Ceuta;Ceuta;OTROS GASOLEOS;8109
2025-03;Ceuta;Ceuta;BIOETANOL;0
2025-03;Ceuta;Ceuta;GASOLINA  AUTO. S/PB 95 I.O.;413
2025-03;Ceuta;Ceuta;GASOLINA  AUTO. S/PB 98 I.O.;28
2025-03;Ceuta;Ceuta;OTRAS GASOLINAS;0
2025-03;Ceuta;Ceuta;FUELÓLEO  BIA;2380
2025-03;Ceuta;Ceuta;OTROS FUELÓLEOS;17820
2025-03;Ceuta;Ceuta;QUEROSENO AVIACIÓN;54
2025-03;Ceuta;Ceuta;OTROS QUEROSENOS;0
2025-03;Ceuta;Ceuta;GLP;233
2025-03;Comunitat Valenciana;Alicante/Alacant;BIODIESEL;297
2025-03;Comunitat Valenciana;Alicante/Alacant;GASÓLEO A;51348
2025-03;Comunitat Valenciana;Alicante/Alacant;GASÓLEO B;4087
2025-03;Comunitat Valenciana;Alicante/Alacant;GASÓLEO C;2628
2025-03;Comunitat Valenciana;Alicante/Alacant;OTROS GASOLEOS;1417
2025-03;Comunitat Valenciana;Alicante/Alacant;BIOETANOL;0
2025-03;Comunitat Valenciana;Alicante/Alacant;GASOLINA  AUTO. S/PB 95 I.O.;23123
2025-03;Comunitat Valenciana;Alicante/Alacant;GASOLINA  AUTO. S/PB 98 I.O.;1003
2025-03;Comunitat Valenciana;Alicante/Alacant;OTRAS GASOLINAS;0
2025-03;Comunitat Valenciana;Alicante/Alacant;FUELÓLEO  BIA;178
2025-03;Comunitat Valenciana;Alicante/Alacant;OTROS FUELÓLEOS;0
2025-03;Comunitat Valenciana;Alicante/Alacant;QUEROSENO AVIACIÓN;24435
2025-03;Comunitat Valenciana;Alicante/Alacant;OTROS QUEROSENOS;7
2025-03;Comunitat Valenciana;Alicante/Alacant;GLP;7562
2025-03;Comunitat Valenciana;Castellón/Castelló;BIODIESEL;12
2025-03;Comunitat Valenciana;Castellón/Castelló;GASÓLEO A;20328
2025-03;Comunitat Valenciana;Castellón/Castelló;GASÓLEO B;1579
2025-03;Comunitat Valenciana;Castellón/Castelló;GASÓLEO C;806
2025-03;Comunitat Valenciana;Castellón/Castelló;OTROS GASOLEOS;10504
2025-03;Comunitat Valenciana;Castellón/Castelló;BIOETANOL;0
2025-03;Comunitat Valenciana;Castellón/Castelló;GASOLINA  AUTO. S/PB 95 I.O.;6527
2025-03;Comunitat Valenciana;Castellón/Castelló;GASOLINA  AUTO. S/PB 98 I.O.;296
2025-03;Comunitat Valenciana;Castellón/Castelló;OTRAS GASOLINAS;17
2025-03;Comunitat Valenciana;Castellón/Castelló;FUELÓLEO  BIA;240
2025-03;Comunitat Valenciana;Castellón/Castelló;OTROS FUELÓLEOS;0
2025-03;Comunitat Valenciana;Castellón/Castelló;QUEROSENO AVIACIÓN;241
2025-03;Comunitat Valenciana;Castellón/Castelló;OTROS QUEROSENOS;0
2025-03;Comunitat Valenciana;Castellón/Castelló;GLP;2064
2025-03;Comunitat Valenciana;Valencia/València;BIODIESEL;229
2025-03;Comunitat Valenciana;Valencia/València;GASÓLEO A;91369
2025-03;Comunitat Valenciana;Valencia/València;GASÓLEO B;11122
2025-03;Comunitat Valenciana;Valencia/València;GASÓLEO C;1813
2025-03;Comunitat Valenciana;Valencia/València;OTROS GASOLEOS;6128
2025-03;Comunitat Valenciana;Valencia/València;BIOETANOL;0
2025-03;Comunitat Valenciana;Valencia/València;GASOLINA  AUTO. S/PB 95 I.O.;26231
2025-03;Comunitat Valenciana;Valencia/València;GASOLINA  AUTO. S/PB 98 I.O.;976
2025-03;Comunitat Valenciana;Valencia/València;OTRAS GASOLINAS;4
2025-03;Comunitat Valenciana;Valencia/València;FUELÓLEO  BIA;141
2025-03;Comunitat Valenciana;Valencia/València;OTROS FUELÓLEOS;18974
2025-03;Comunitat Valenciana;Valencia/València;QUEROSENO AVIACIÓN;13203
2025-03;Comunitat Valenciana;Valencia/València;OTROS QUEROSENOS;0
2025-03;Comunitat Valenciana;Valencia/València;GLP;6179
2025-03;Extremadura;Badajoz;BIODIESEL;63
2025-03;Extremadura;Badajoz;GASÓLEO A;36851
2025-03;Extremadura;Badajoz;GASÓLEO B;5817
2025-03;Extremadura;Badajoz;GASÓLEO C;772
2025-03;Extremadura;Badajoz;OTROS GASOLEOS;0
2025-03;Extremadura;Badajoz;BIOETANOL;0
2025-03;Extremadura;Badajoz;GASOLINA  AUTO. S/PB 95 I.O.;5254
2025-03;Extremadura;Badajoz;GASOLINA  AUTO. S/PB 98 I.O.;159
2025-03;Extremadura;Badajoz;OTRAS GASOLINAS;1
2025-03;Extremadura;Badajoz;FUELÓLEO  BIA;25
2025-03;Extremadura;Badajoz;OTROS FUELÓLEOS;0
2025-03;Extremadura;Badajoz;QUEROSENO AVIACIÓN;32
2025-03;Extremadura;Badajoz;OTROS QUEROSENOS;0
2025-03;Extremadura;Badajoz;GLP;3263
2025-03;Extremadura;Cáceres;BIODIESEL;28
2025-03;Extremadura;Cáceres;GASÓLEO A;17687
2025-03;Extremadura;Cáceres;GASÓLEO B;3830
2025-03;Extremadura;Cáceres;GASÓLEO C;1205
2025-03;Extremadura;Cáceres;OTROS GASOLEOS;0
2025-03;Extremadura;Cáceres;BIOETANOL;0
2025-03;Extremadura;Cáceres;GASOLINA  AUTO. S/PB 95 I.O.;3553
2025-03;Extremadura;Cáceres;GASOLINA  AUTO. S/PB 98 I.O.;111
2025-03;Extremadura;Cáceres;OTRAS GASOLINAS;0
2025-03;Extremadura;Cáceres;FUELÓLEO  BIA;106
2025-03;Extremadura;Cáceres;OTROS FUELÓLEOS;0
2025-03;Extremadura;Cáceres;QUEROSENO AVIACIÓN;0
2025-03;Extremadura;Cáceres;OTROS QUEROSENOS;0
2025-03;Extremadura;Cáceres;GLP;1960
2025-03;Galicia;Coruña, A;BIODIESEL;42
2025-03;Galicia;Coruña, A;GASÓLEO A;42191
2025-03;Galicia;Coruña, A;GASÓLEO B;9180
2025-03;Galicia;Coruña, A;GASÓLEO C;6806
2025-03;Galicia;Coruña, A;OTROS GASOLEOS;4501
2025-03;Galicia;Coruña, A;BIOETANOL;0
2025-03;Galicia;Coruña, A;GASOLINA  AUTO. S/PB 95 I.O.;10173
2025-03;Galicia;Coruña, A;GASOLINA  AUTO. S/PB 98 I.O.;449
2025-03;Galicia;Coruña, A;OTRAS GASOLINAS;7
2025-03;Galicia;Coruña, A;FUELÓLEO  BIA;4316
2025-03;Galicia;Coruña, A;OTROS FUELÓLEOS;1165
2025-03;Galicia;Coruña, A;QUEROSENO AVIACIÓN;4543
2025-03;Galicia;Coruña, A;OTROS QUEROSENOS;0
2025-03;Galicia;Coruña, A;GLP;4184
2025-03;Galicia;Lugo;BIODIESEL;14
2025-03;Galicia;Lugo;GASÓLEO A;18234
2025-03;Galicia;Lugo;GASÓLEO B;5198
2025-03;Galicia;Lugo;GASÓLEO C;4206
2025-03;Galicia;Lugo;OTROS GASOLEOS;1373
2025-03;Galicia;Lugo;BIOETANOL;0
2025-03;Galicia;Lugo;GASOLINA  AUTO. S/PB 95 I.O.;2805
2025-03;Galicia;Lugo;GASOLINA  AUTO. S/PB 98 I.O.;109
2025-03;Galicia;Lugo;OTRAS GASOLINAS;0
2025-03;Galicia;Lugo;FUELÓLEO  BIA;35
2025-03;Galicia;Lugo;OTROS FUELÓLEOS;0
2025-03;Galicia;Lugo;QUEROSENO AVIACIÓN;7
2025-03;Galicia;Lugo;OTROS QUEROSENOS;0
2025-03;Galicia;Lugo;GLP;1756
2025-03;Galicia;Ourense;BIODIESEL;47
2025-03;Galicia;Ourense;GASÓLEO A;13227
2025-03;Galicia;Ourense;GASÓLEO B;2584
2025-03;Galicia;Ourense;GASÓLEO C;6327
2025-03;Galicia;Ourense;OTROS GASOLEOS;0
2025-03;Galicia;Ourense;BIOETANOL;0
2025-03;Galicia;Ourense;GASOLINA  AUTO. S/PB 95 I.O.;2617
2025-03;Galicia;Ourense;GASOLINA  AUTO. S/PB 98 I.O.;157
2025-03;Galicia;Ourense;OTRAS GASOLINAS;0
2025-03;Galicia;Ourense;FUELÓLEO  BIA;0
2025-03;Galicia;Ourense;OTROS FUELÓLEOS;0
2025-03;Galicia;Ourense;QUEROSENO AVIACIÓN;20
2025-03;Galicia;Ourense;OTROS QUEROSENOS;0
2025-03;Galicia;Ourense;GLP;1735
2025-03;Galicia;Pontevedra;BIODIESEL;15
2025-03;Galicia;Pontevedra;GASÓLEO A;36387
2025-03;Galicia;Pontevedra;GASÓLEO B;5835
2025-03;Galicia;Pontevedra;GASÓLEO C;6194
2025-03;Galicia;Pontevedra;OTROS GASOLEOS;5614
2025-03;Galicia;Pontevedra;BIOETANOL;0
2025-03;Galicia;Pontevedra;GASOLINA  AUTO. S/PB 95 I.O.;8881
2025-03;Galicia;Pontevedra;GASOLINA  AUTO. S/PB 98 I.O.;469
2025-03;Galicia;Pontevedra;OTRAS GASOLINAS;1
2025-03;Galicia;Pontevedra;FUELÓLEO  BIA;503
2025-03;Galicia;Pontevedra;OTROS FUELÓLEOS;1231
2025-03;Galicia;Pontevedra;QUEROSENO AVIACIÓN;1148
2025-03;Galicia;Pontevedra;OTROS QUEROSENOS;0
2025-03;Galicia;Pontevedra;GLP;3780
2025-03;Madrid, Comunidad de;Madrid;BIODIESEL;2037
2025-03;Madrid, Comunidad de;Madrid;GASÓLEO A;147066
2025-03;Madrid, Comunidad de;Madrid;GASÓLEO B;13191
2025-03;Madrid, Comunidad de;Madrid;GASÓLEO C;25849
2025-03;Madrid, Comunidad de;Madrid;OTROS GASOLEOS;31
2025-03;Madrid, Comunidad de;Madrid;BIOETANOL;0
2025-03;Madrid, Comunidad de;Madrid;GASOLINA  AUTO. S/PB 95 I.O.;71915
2025-03;Madrid, Comunidad de;Madrid;GASOLINA  AUTO. S/PB 98 I.O.;2576
2025-03;Madrid, Comunidad de;Madrid;OTRAS GASOLINAS;37
2025-03;Madrid, Comunidad de;Madrid;FUELÓLEO  BIA;557
2025-03;Madrid, Comunidad de;Madrid;OTROS FUELÓLEOS;0
2025-03;Madrid, Comunidad de;Madrid;QUEROSENO AVIACIÓN;222050
2025-03;Madrid, Comunidad de;Madrid;OTROS QUEROSENOS;0
2025-03;Madrid, Comunidad de;Madrid;GLP;12232
2025-03;Melilla;Melilla;BIODIESEL;0
2025-03;Melilla;Melilla;GASÓLEO A;933
2025-03;Melilla;Melilla;GASÓLEO B;0
2025-03;Melilla;Melilla;GASÓLEO C;0
2025-03;Melilla;Melilla;OTROS GASOLEOS;0
2025-03;Melilla;Melilla;BIOETANOL;0
2025-03;Melilla;Melilla;GASOLINA  AUTO. S/PB 95 I.O.;514
2025-03;Melilla;Melilla;GASOLINA  AUTO. S/PB 98 I.O.;0
2025-03;Melilla;Melilla;OTRAS GASOLINAS;0
2025-03;Melilla;Melilla;FUELÓLEO  BIA;2387
2025-03;Melilla;Melilla;OTROS FUELÓLEOS;0
2025-03;Melilla;Melilla;QUEROSENO AVIACIÓN;154
2025-03;Melilla;Melilla;OTROS QUEROSENOS;0
2025-03;Melilla;Melilla;GLP;211
2025-03;Murcia, Región de;Murcia;BIODIESEL;1405
2025-03;Murcia, Región de;Murcia;GASÓLEO A;75430
2025-03;Murcia, Región de;Murcia;GASÓLEO B;10698
2025-03;Murcia, Región de;Murcia;GASÓLEO C;1157
2025-03;Murcia, Región de;Murcia;OTROS GASOLEOS;1800
2025-03;Murcia, Región de;Murcia;BIOETANOL;0
2025-03;Murcia, Región de;Murcia;GASOLINA  AUTO. S/PB 95 I.O.;13302
2025-03;Murcia, Región de;Murcia;GASOLINA  AUTO. S/PB 98 I.O.;628
2025-03;Murcia, Región de;Murcia;OTRAS GASOLINAS;2
2025-03;Murcia, Región de;Murcia;FUELÓLEO  BIA;205
2025-03;Murcia, Región de;Murcia;OTROS FUELÓLEOS;0
2025-03;Murcia, Región de;Murcia;QUEROSENO AVIACIÓN;696
2025-03;Murcia, Región de;Murcia;OTROS QUEROSENOS;0
2025-03;Murcia, Región de;Murcia;GLP;4799
2025-03;Navarra, Comunidad Foral de;Navarra;BIODIESEL;985
2025-03;Navarra, Comunidad Foral de;Navarra;GASÓLEO A;63716
2025-03;Navarra, Comunidad Foral de;Navarra;GASÓLEO B;8251
2025-03;Navarra, Comunidad Foral de;Navarra;GASÓLEO C;1498
2025-03;Navarra, Comunidad Foral de;Navarra;OTROS GASOLEOS;0
2025-03;Navarra, Comunidad Foral de;Navarra;BIOETANOL;0
2025-03;Navarra, Comunidad Foral de;Navarra;GASOLINA  AUTO. S/PB 95 I.O.;7196
2025-03;Navarra, Comunidad Foral de;Navarra;GASOLINA  AUTO. S/PB 98 I.O.;254
2025-03;Navarra, Comunidad Foral de;Navarra;OTRAS GASOLINAS;1
2025-03;Navarra, Comunidad Foral de;Navarra;FUELÓLEO  BIA;262
2025-03;Navarra, Comunidad Foral de;Navarra;OTROS FUELÓLEOS;0
2025-03;Navarra, Comunidad Foral de;Navarra;QUEROSENO AVIACIÓN;104
2025-03;Navarra, Comunidad Foral de;Navarra;OTROS QUEROSENOS;0
2025-03;Navarra, Comunidad Foral de;Navarra;GLP;1367
2025-03;País Vasco;Araba/Álava;BIODIESEL;155
2025-03;País Vasco;Araba/Álava;GASÓLEO A;55849
2025-03;País Vasco;Araba/Álava;GASÓLEO B;3136
2025-03;País Vasco;Araba/Álava;GASÓLEO C;1253
2025-03;País Vasco;Araba/Álava;OTROS GASOLEOS;0
2025-03;País Vasco;Araba/Álava;BIOETANOL;0
2025-03;País Vasco;Araba/Álava;GASOLINA  AUTO. S/PB 95 I.O.;2690
2025-03;País Vasco;Araba/Álava;GASOLINA  AUTO. S/PB 98 I.O.;118
2025-03;País Vasco;Araba/Álava;OTRAS GASOLINAS;0
2025-03;País Vasco;Araba/Álava;FUELÓLEO  BIA;52
2025-03;País Vasco;Araba/Álava;OTROS FUELÓLEOS;0
2025-03;País Vasco;Araba/Álava;QUEROSENO AVIACIÓN;1201
2025-03;País Vasco;Araba/Álava;OTROS QUEROSENOS;0
2025-03;País Vasco;Araba/Álava;GLP;573
2025-03;País Vasco;Bizkaia;BIODIESEL;649
2025-03;País Vasco;Bizkaia;GASÓLEO A;30595
2025-03;País Vasco;Bizkaia;GASÓLEO B;7870
2025-03;País Vasco;Bizkaia;GASÓLEO C;5616
2025-03;País Vasco;Bizkaia;OTROS GASOLEOS;1380
2025-03;País Vasco;Bizkaia;BIOETANOL;0
2025-03;País Vasco;Bizkaia;GASOLINA  AUTO. S/PB 95 I.O.;8803
2025-03;País Vasco;Bizkaia;GASOLINA  AUTO. S/PB 98 I.O.;433
2025-03;País Vasco;Bizkaia;OTRAS GASOLINAS;0
2025-03;País Vasco;Bizkaia;FUELÓLEO  BIA;211
2025-03;País Vasco;Bizkaia;OTROS FUELÓLEOS;0
2025-03;País Vasco;Bizkaia;QUEROSENO AVIACIÓN;6501
2025-03;País Vasco;Bizkaia;OTROS QUEROSENOS;2
2025-03;País Vasco;Bizkaia;GLP;1615
2025-03;País Vasco;Gipuzkoa;BIODIESEL;235
2025-03;País Vasco;Gipuzkoa;GASÓLEO A;65915
2025-03;País Vasco;Gipuzkoa;GASÓLEO B;4064
2025-03;País Vasco;Gipuzkoa;GASÓLEO C;275
2025-03;País Vasco;Gipuzkoa;OTROS GASOLEOS;1321
2025-03;País Vasco;Gipuzkoa;BIOETANOL;0
2025-03;País Vasco;Gipuzkoa;GASOLINA  AUTO. S/PB 95 I.O.;6762
2025-03;País Vasco;Gipuzkoa;GASOLINA  AUTO. S/PB 98 I.O.;396
2025-03;País Vasco;Gipuzkoa;OTRAS GASOLINAS;1
2025-03;País Vasco;Gipuzkoa;FUELÓLEO  BIA;77
2025-03;País Vasco;Gipuzkoa;OTROS FUELÓLEOS;0
2025-03;País Vasco;Gipuzkoa;QUEROSENO AVIACIÓN;457
2025-03;País Vasco;Gipuzkoa;OTROS QUEROSENOS;0
2025-03;País Vasco;Gipuzkoa;GLP;1872
2025-03;Rioja, La;Rioja, La;BIODIESEL;87
2025-03;Rioja, La;Rioja, La;GASÓLEO A;13604
2025-03;Rioja, La;Rioja, La;GASÓLEO B;3988
2025-03;Rioja, La;Rioja, La;GASÓLEO C;2277
2025-03;Rioja, La;Rioja, La;OTROS GASOLEOS;0
2025-03;Rioja, La;Rioja, La;BIOETANOL;0
2025-03;Rioja, La;Rioja, La;GASOLINA  AUTO. S/PB 95 I.O.;2642
2025-03;Rioja, La;Rioja, La;GASOLINA  AUTO. S/PB 98 I.O.;100
2025-03;Rioja, La;Rioja, La;OTRAS GASOLINAS;6
2025-03;Rioja, La;Rioja, La;FUELÓLEO  BIA;27
2025-03;Rioja, La;Rioja, La;OTROS FUELÓLEOS;0
2025-03;Rioja, La;Rioja, La;QUEROSENO AVIACIÓN;18
2025-03;Rioja, La;Rioja, La;OTROS QUEROSENOS;0
2025-03;Rioja, La;Rioja, La;GLP;608
2025-04;Andalucía;Almería;BIODIESEL;173
2025-04;Andalucía;Almería;GASÓLEO A;35634
2025-04;Andalucía;Almería;GASÓLEO B;5716
2025-04;Andalucía;Almería;GASÓLEO C;102
2025-04;Andalucía;Almería;OTROS GASOLEOS;804
2025-04;Andalucía;Almería;BIOETANOL;0
2025-04;Andalucía;Almería;GASOLINA  AUTO. S/PB 95 I.O.;6877
2025-04;Andalucía;Almería;GASOLINA  AUTO. S/PB 98 I.O.;352
2025-04;Andalucía;Almería;OTRAS GASOLINAS;2
2025-04;Andalucía;Almería;FUELÓLEO  BIA;111
2025-04;Andalucía;Almería;OTROS FUELÓLEOS;1032
2025-04;Andalucía;Almería;QUEROSENO AVIACIÓN;832
2025-04;Andalucía;Almería;OTROS QUEROSENOS;0
2025-04;Andalucía;Almería;GLP;2276
2025-04;Andalucía;Cádiz;BIODIESEL;53
2025-04;Andalucía;Cádiz;GASÓLEO A;34779
2025-04;Andalucía;Cádiz;GASÓLEO B;8291
2025-04;Andalucía;Cádiz;GASÓLEO C;351
2025-04;Andalucía;Cádiz;OTROS GASOLEOS;42904
2025-04;Andalucía;Cádiz;BIOETANOL;0
2025-04;Andalucía;Cádiz;GASOLINA  AUTO. S/PB 95 I.O.;13182
2025-04;Andalucía;Cádiz;GASOLINA  AUTO. S/PB 98 I.O.;574
2025-04;Andalucía;Cádiz;OTRAS GASOLINAS;32
2025-04;Andalucía;Cádiz;FUELÓLEO  BIA;29204
2025-04;Andalucía;Cádiz;OTROS FUELÓLEOS;246326
2025-04;Andalucía;Cádiz;QUEROSENO AVIACIÓN;1283
2025-04;Andalucía;Cádiz;OTROS QUEROSENOS;0
2025-04;Andalucía;Cádiz;GLP;3562
2025-04;Andalucía;Córdoba;BIODIESEL;80
2025-04;Andalucía;Córdoba;GASÓLEO A;29806
2025-04;Andalucía;Córdoba;GASÓLEO B;8408
2025-04;Andalucía;Córdoba;GASÓLEO C;640
2025-04;Andalucía;Córdoba;OTROS GASOLEOS;0
2025-04;Andalucía;Córdoba;BIOETANOL;0
2025-04;Andalucía;Córdoba;GASOLINA  AUTO. S/PB 95 I.O.;6034
2025-04;Andalucía;Córdoba;GASOLINA  AUTO. S/PB 98 I.O.;157
2025-04;Andalucía;Córdoba;OTRAS GASOLINAS;6
2025-04;Andalucía;Córdoba;FUELÓLEO  BIA;25
2025-04;Andalucía;Córdoba;OTROS FUELÓLEOS;0
2025-04;Andalucía;Córdoba;QUEROSENO AVIACIÓN;52
2025-04;Andalucía;Córdoba;OTROS QUEROSENOS;0
2025-04;Andalucía;Córdoba;GLP;1860
2025-04;Andalucía;Granada;BIODIESEL;21
2025-04;Andalucía;Granada;GASÓLEO A;34111
2025-04;Andalucía;Granada;GASÓLEO B;6255
2025-04;Andalucía;Granada;GASÓLEO C;1442
2025-04;Andalucía;Granada;OTROS GASOLEOS;553
2025-04;Andalucía;Granada;BIOETANOL;0
2025-04;Andalucía;Granada;GASOLINA  AUTO. S/PB 95 I.O.;9603
2025-04;Andalucía;Granada;GASOLINA  AUTO. S/PB 98 I.O.;467
2025-04;Andalucía;Granada;OTRAS GASOLINAS;7
2025-04;Andalucía;Granada;FUELÓLEO  BIA;78
2025-04;Andalucía;Granada;OTROS FUELÓLEOS;747
2025-04;Andalucía;Granada;QUEROSENO AVIACIÓN;1181
2025-04;Andalucía;Granada;OTROS QUEROSENOS;0
2025-04;Andalucía;Granada;GLP;2991
2025-04;Andalucía;Huelva;BIODIESEL;97
2025-04;Andalucía;Huelva;GASÓLEO A;27432
2025-04;Andalucía;Huelva;GASÓLEO B;9453
2025-04;Andalucía;Huelva;GASÓLEO C;177
2025-04;Andalucía;Huelva;OTROS GASOLEOS;3169
2025-04;Andalucía;Huelva;BIOETANOL;0
2025-04;Andalucía;Huelva;GASOLINA  AUTO. S/PB 95 I.O.;5701
2025-04;Andalucía;Huelva;GASOLINA  AUTO. S/PB 98 I.O.;198
2025-04;Andalucía;Huelva;OTRAS GASOLINAS;0
2025-04;Andalucía;Huelva;FUELÓLEO  BIA;724
2025-04;Andalucía;Huelva;OTROS FUELÓLEOS;6026
2025-04;Andalucía;Huelva;QUEROSENO AVIACIÓN;0
2025-04;Andalucía;Huelva;OTROS QUEROSENOS;0
2025-04;Andalucía;Huelva;GLP;2651
2025-04;Andalucía;Jaén;BIODIESEL;200
2025-04;Andalucía;Jaén;GASÓLEO A;30277
2025-04;Andalucía;Jaén;GASÓLEO B;4866
2025-04;Andalucía;Jaén;GASÓLEO C;617
2025-04;Andalucía;Jaén;OTROS GASOLEOS;0
2025-04;Andalucía;Jaén;BIOETANOL;0
2025-04;Andalucía;Jaén;GASOLINA  AUTO. S/PB 95 I.O.;5297
2025-04;Andalucía;Jaén;GASOLINA  AUTO. S/PB 98 I.O.;204
2025-04;Andalucía;Jaén;OTRAS GASOLINAS;0
2025-04;Andalucía;Jaén;FUELÓLEO  BIA;27
2025-04;Andalucía;Jaén;OTROS FUELÓLEOS;0
2025-04;Andalucía;Jaén;QUEROSENO AVIACIÓN;0
2025-04;Andalucía;Jaén;OTROS QUEROSENOS;0
2025-04;Andalucía;Jaén;GLP;1554
2025-04;Andalucía;Málaga;BIODIESEL;190
2025-04;Andalucía;Málaga;GASÓLEO A;49895
2025-04;Andalucía;Málaga;GASÓLEO B;4725
2025-04;Andalucía;Málaga;GASÓLEO C;551
2025-04;Andalucía;Málaga;OTROS GASOLEOS;1096
2025-04;Andalucía;Málaga;BIOETANOL;0
2025-04;Andalucía;Málaga;GASOLINA  AUTO. S/PB 95 I.O.;21897
2025-04;Andalucía;Málaga;GASOLINA  AUTO. S/PB 98 I.O.;1368
2025-04;Andalucía;Málaga;OTRAS GASOLINAS;26
2025-04;Andalucía;Málaga;FUELÓLEO  BIA;151
2025-04;Andalucía;Málaga;OTROS FUELÓLEOS;0
2025-04;Andalucía;Málaga;QUEROSENO AVIACIÓN;41777
2025-04;Andalucía;Málaga;OTROS QUEROSENOS;0
2025-04;Andalucía;Málaga;GLP;5131
2025-04;Andalucía;Sevilla;BIODIESEL;105
2025-04;Andalucía;Sevilla;GASÓLEO A;57781
2025-04;Andalucía;Sevilla;GASÓLEO B;9986
2025-04;Andalucía;Sevilla;GASÓLEO C;496
2025-04;Andalucía;Sevilla;OTROS GASOLEOS;1136
2025-04;Andalucía;Sevilla;BIOETANOL;0
2025-04;Andalucía;Sevilla;GASOLINA  AUTO. S/PB 95 I.O.;18060
2025-04;Andalucía;Sevilla;GASOLINA  AUTO. S/PB 98 I.O.;522
2025-04;Andalucía;Sevilla;OTRAS GASOLINAS;7
2025-04;Andalucía;Sevilla;FUELÓLEO  BIA;326
2025-04;Andalucía;Sevilla;OTROS FUELÓLEOS;108
2025-04;Andalucía;Sevilla;QUEROSENO AVIACIÓN;13102
2025-04;Andalucía;Sevilla;OTROS QUEROSENOS;0
2025-04;Andalucía;Sevilla;GLP;4783
2025-04;Aragón;Huesca;BIODIESEL;183
2025-04;Aragón;Huesca;GASÓLEO A;14051
2025-04;Aragón;Huesca;GASÓLEO B;6319
2025-04;Aragón;Huesca;GASÓLEO C;1104
2025-04;Aragón;Huesca;OTROS GASOLEOS;0
2025-04;Aragón;Huesca;BIOETANOL;0
2025-04;Aragón;Huesca;GASOLINA  AUTO. S/PB 95 I.O.;3572
2025-04;Aragón;Huesca;GASOLINA  AUTO. S/PB 98 I.O.;182
2025-04;Aragón;Huesca;OTRAS GASOLINAS;1
2025-04;Aragón;Huesca;FUELÓLEO  BIA;99
2025-04;Aragón;Huesca;OTROS FUELÓLEOS;0
2025-04;Aragón;Huesca;QUEROSENO AVIACIÓN;6
2025-04;Aragón;Huesca;OTROS QUEROSENOS;0
2025-04;Aragón;Huesca;GLP;1620
2025-04;Aragón;Teruel;BIODIESEL;71
2025-04;Aragón;Teruel;GASÓLEO A;9657
2025-04;Aragón;Teruel;GASÓLEO B;4565
2025-04;Aragón;Teruel;GASÓLEO C;1354
2025-04;Aragón;Teruel;OTROS GASOLEOS;0
2025-04;Aragón;Teruel;BIOETANOL;0
2025-04;Aragón;Teruel;GASOLINA  AUTO. S/PB 95 I.O.;2098
2025-04;Aragón;Teruel;GASOLINA  AUTO. S/PB 98 I.O.;99
2025-04;Aragón;Teruel;OTRAS GASOLINAS;0
2025-04;Aragón;Teruel;FUELÓLEO  BIA;50
2025-04;Aragón;Teruel;OTROS FUELÓLEOS;0
2025-04;Aragón;Teruel;QUEROSENO AVIACIÓN;80
2025-04;Aragón;Teruel;OTROS QUEROSENOS;0
2025-04;Aragón;Teruel;GLP;679
2025-04;Aragón;Zaragoza;BIODIESEL;1130
2025-04;Aragón;Zaragoza;GASÓLEO A;41850
2025-04;Aragón;Zaragoza;GASÓLEO B;9792
2025-04;Aragón;Zaragoza;GASÓLEO C;3738
2025-04;Aragón;Zaragoza;OTROS GASOLEOS;0
2025-04;Aragón;Zaragoza;BIOETANOL;0
2025-04;Aragón;Zaragoza;GASOLINA  AUTO. S/PB 95 I.O.;10386
2025-04;Aragón;Zaragoza;GASOLINA  AUTO. S/PB 98 I.O.;418
2025-04;Aragón;Zaragoza;OTRAS GASOLINAS;2
2025-04;Aragón;Zaragoza;FUELÓLEO  BIA;23
2025-04;Aragón;Zaragoza;OTROS FUELÓLEOS;470
2025-04;Aragón;Zaragoza;QUEROSENO AVIACIÓN;6911
2025-04;Aragón;Zaragoza;OTROS QUEROSENOS;0
2025-04;Aragón;Zaragoza;GLP;1648
2025-04;Asturias, Principado de;Asturias;BIODIESEL;387
2025-04;Asturias, Principado de;Asturias;GASÓLEO A;33879
2025-04;Asturias, Principado de;Asturias;GASÓLEO B;6700
2025-04;Asturias, Principado de;Asturias;GASÓLEO C;2953
2025-04;Asturias, Principado de;Asturias;OTROS GASOLEOS;3092
2025-04;Asturias, Principado de;Asturias;BIOETANOL;0
2025-04;Asturias, Principado de;Asturias;GASOLINA  AUTO. S/PB 95 I.O.;9557
2025-04;Asturias, Principado de;Asturias;GASOLINA  AUTO. S/PB 98 I.O.;582
2025-04;Asturias, Principado de;Asturias;OTRAS GASOLINAS;2
2025-04;Asturias, Principado de;Asturias;FUELÓLEO  BIA;844
2025-04;Asturias, Principado de;Asturias;OTROS FUELÓLEOS;556
2025-04;Asturias, Principado de;Asturias;QUEROSENO AVIACIÓN;1870
2025-04;Asturias, Principado de;Asturias;OTROS QUEROSENOS;0
2025-04;Asturias, Principado de;Asturias;GLP;2230
2025-04;Balears, Illes;Balears, Illes;BIODIESEL;0
2025-04;Balears, Illes;Balears, Illes;GASÓLEO A;27856
2025-04;Balears, Illes;Balears, Illes;GASÓLEO B;3722
2025-04;Balears, Illes;Balears, Illes;GASÓLEO C;8850
2025-04;Balears, Illes;Balears, Illes;OTROS GASOLEOS;2931
2025-04;Balears, Illes;Balears, Illes;BIOETANOL;0
2025-04;Balears, Illes;Balears, Illes;GASOLINA  AUTO. S/PB 95 I.O.;22458
2025-04;Balears, Illes;Balears, Illes;GASOLINA  AUTO. S/PB 98 I.O.;1064
2025-04;Balears, Illes;Balears, Illes;OTRAS GASOLINAS;28
2025-04;Balears, Illes;Balears, Illes;FUELÓLEO  BIA;0
2025-04;Balears, Illes;Balears, Illes;OTROS FUELÓLEOS;0
2025-04;Balears, Illes;Balears, Illes;QUEROSENO AVIACIÓN;54775
2025-04;Balears, Illes;Balears, Illes;OTROS QUEROSENOS;0
2025-04;Balears, Illes;Balears, Illes;GLP;4311
2025-04;Canarias;Palmas, Las;BIODIESEL;87
2025-04;Canarias;Palmas, Las;GASÓLEO A;27140
2025-04;Canarias;Palmas, Las;GASÓLEO B;0
2025-04;Canarias;Palmas, Las;GASÓLEO C;0
2025-04;Canarias;Palmas, Las;OTROS GASOLEOS;112586
2025-04;Canarias;Palmas, Las;BIOETANOL;0
2025-04;Canarias;Palmas, Las;GASOLINA  AUTO. S/PB 95 I.O.;19315
2025-04;Canarias;Palmas, Las;GASOLINA  AUTO. S/PB 98 I.O.;3631
2025-04;Canarias;Palmas, Las;OTRAS GASOLINAS;6
2025-04;Canarias;Palmas, Las;FUELÓLEO  BIA;165999
2025-04;Canarias;Palmas, Las;OTROS FUELÓLEOS;71895
2025-04;Canarias;Palmas, Las;QUEROSENO AVIACIÓN;52852
2025-04;Canarias;Palmas, Las;OTROS QUEROSENOS;0
2025-04;Canarias;Palmas, Las;GLP;3264
2025-04;Canarias;Santa Cruz de Tenerife;BIODIESEL;0
2025-04;Canarias;Santa Cruz de Tenerife;GASÓLEO A;26586
2025-04;Canarias;Santa Cruz de Tenerife;GASÓLEO B;0
2025-04;Canarias;Santa Cruz de Tenerife;GASÓLEO C;0
2025-04;Canarias;Santa Cruz de Tenerife;OTROS GASOLEOS;59309
2025-04;Canarias;Santa Cruz de Tenerife;BIOETANOL;0
2025-04;Canarias;Santa Cruz de Tenerife;GASOLINA  AUTO. S/PB 95 I.O.;17917
2025-04;Canarias;Santa Cruz de Tenerife;GASOLINA  AUTO. S/PB 98 I.O.;4830
2025-04;Canarias;Santa Cruz de Tenerife;OTRAS GASOLINAS;0
2025-04;Canarias;Santa Cruz de Tenerife;FUELÓLEO  BIA;16699
2025-04;Canarias;Santa Cruz de Tenerife;OTROS FUELÓLEOS;33831
2025-04;Canarias;Santa Cruz de Tenerife;QUEROSENO AVIACIÓN;49875
2025-04;Canarias;Santa Cruz de Tenerife;OTROS QUEROSENOS;0
2025-04;Canarias;Santa Cruz de Tenerife;GLP;3964
2025-04;Cantabria;Cantabria;BIODIESEL;485
2025-04;Cantabria;Cantabria;GASÓLEO A;24278
2025-04;Cantabria;Cantabria;GASÓLEO B;4768
2025-04;Cantabria;Cantabria;GASÓLEO C;114
2025-04;Cantabria;Cantabria;OTROS GASOLEOS;1535
2025-04;Cantabria;Cantabria;BIOETANOL;0
2025-04;Cantabria;Cantabria;GASOLINA  AUTO. S/PB 95 I.O.;7549
2025-04;Cantabria;Cantabria;GASOLINA  AUTO. S/PB 98 I.O.;328
2025-04;Cantabria;Cantabria;OTRAS GASOLINAS;1
2025-04;Cantabria;Cantabria;FUELÓLEO  BIA;185
2025-04;Cantabria;Cantabria;OTROS FUELÓLEOS;0
2025-04;Cantabria;Cantabria;QUEROSENO AVIACIÓN;1093
2025-04;Cantabria;Cantabria;OTROS QUEROSENOS;0
2025-04;Cantabria;Cantabria;GLP;1571
2025-04;Castilla - La Mancha;Albacete;BIODIESEL;136
2025-04;Castilla - La Mancha;Albacete;GASÓLEO A;18221
2025-04;Castilla - La Mancha;Albacete;GASÓLEO B;6000
2025-04;Castilla - La Mancha;Albacete;GASÓLEO C;1328
2025-04;Castilla - La Mancha;Albacete;OTROS GASOLEOS;0
2025-04;Castilla - La Mancha;Albacete;BIOETANOL;0
2025-04;Castilla - La Mancha;Albacete;GASOLINA  AUTO. S/PB 95 I.O.;4159
2025-04;Castilla - La Mancha;Albacete;GASOLINA  AUTO. S/PB 98 I.O.;197
2025-04;Castilla - La Mancha;Albacete;OTRAS GASOLINAS;0
2025-04;Castilla - La Mancha;Albacete;FUELÓLEO  BIA;71
2025-04;Castilla - La Mancha;Albacete;OTROS FUELÓLEOS;0
2025-04;Castilla - La Mancha;Albacete;QUEROSENO AVIACIÓN;81
2025-04;Castilla - La Mancha;Albacete;OTROS QUEROSENOS;0
2025-04;Castilla - La Mancha;Albacete;GLP;1164
2025-04;Castilla - La Mancha;Ciudad Real;BIODIESEL;254
2025-04;Castilla - La Mancha;Ciudad Real;GASÓLEO A;25329
2025-04;Castilla - La Mancha;Ciudad Real;GASÓLEO B;7540
2025-04;Castilla - La Mancha;Ciudad Real;GASÓLEO C;1844
2025-04;Castilla - La Mancha;Ciudad Real;OTROS GASOLEOS;0
2025-04;Castilla - La Mancha;Ciudad Real;BIOETANOL;0
2025-04;Castilla - La Mancha;Ciudad Real;GASOLINA  AUTO. S/PB 95 I.O.;5027
2025-04;Castilla - La Mancha;Ciudad Real;GASOLINA  AUTO. S/PB 98 I.O.;173
2025-04;Castilla - La Mancha;Ciudad Real;OTRAS GASOLINAS;0
2025-04;Castilla - La Mancha;Ciudad Real;FUELÓLEO  BIA;88
2025-04;Castilla - La Mancha;Ciudad Real;OTROS FUELÓLEOS;0
2025-04;Castilla - La Mancha;Ciudad Real;QUEROSENO AVIACIÓN;0
2025-04;Castilla - La Mancha;Ciudad Real;OTROS QUEROSENOS;0
2025-04;Castilla - La Mancha;Ciudad Real;GLP;1196
2025-04;Castilla - La Mancha;Cuenca;BIODIESEL;44
2025-04;Castilla - La Mancha;Cuenca;GASÓLEO A;15135
2025-04;Castilla - La Mancha;Cuenca;GASÓLEO B;7048
2025-04;Castilla - La Mancha;Cuenca;GASÓLEO C;1084
2025-04;Castilla - La Mancha;Cuenca;OTROS GASOLEOS;0
2025-04;Castilla - La Mancha;Cuenca;BIOETANOL;0
2025-04;Castilla - La Mancha;Cuenca;GASOLINA  AUTO. S/PB 95 I.O.;3280
2025-04;Castilla - La Mancha;Cuenca;GASOLINA  AUTO. S/PB 98 I.O.;121
2025-04;Castilla - La Mancha;Cuenca;OTRAS GASOLINAS;0
2025-04;Castilla - La Mancha;Cuenca;FUELÓLEO  BIA;0
2025-04;Castilla - La Mancha;Cuenca;OTROS FUELÓLEOS;0
2025-04;Castilla - La Mancha;Cuenca;QUEROSENO AVIACIÓN;22
2025-04;Castilla - La Mancha;Cuenca;OTROS QUEROSENOS;0
2025-04;Castilla - La Mancha;Cuenca;GLP;796
2025-04;Castilla - La Mancha;Guadalajara;BIODIESEL;197
2025-04;Castilla - La Mancha;Guadalajara;GASÓLEO A;14970
2025-04;Castilla - La Mancha;Guadalajara;GASÓLEO B;3585
2025-04;Castilla - La Mancha;Guadalajara;GASÓLEO C;1787
2025-04;Castilla - La Mancha;Guadalajara;OTROS GASOLEOS;0
2025-04;Castilla - La Mancha;Guadalajara;BIOETANOL;0
2025-04;Castilla - La Mancha;Guadalajara;GASOLINA  AUTO. S/PB 95 I.O.;3764
2025-04;Castilla - La Mancha;Guadalajara;GASOLINA  AUTO. S/PB 98 I.O.;141
2025-04;Castilla - La Mancha;Guadalajara;OTRAS GASOLINAS;1
2025-04;Castilla - La Mancha;Guadalajara;FUELÓLEO  BIA;27
2025-04;Castilla - La Mancha;Guadalajara;OTROS FUELÓLEOS;0
2025-04;Castilla - La Mancha;Guadalajara;QUEROSENO AVIACIÓN;0
2025-04;Castilla - La Mancha;Guadalajara;OTROS QUEROSENOS;0
2025-04;Castilla - La Mancha;Guadalajara;GLP;539
2025-04;Castilla - La Mancha;Toledo;BIODIESEL;329
2025-04;Castilla - La Mancha;Toledo;GASÓLEO A;35600
2025-04;Castilla - La Mancha;Toledo;GASÓLEO B;11824
2025-04;Castilla - La Mancha;Toledo;GASÓLEO C;3723
2025-04;Castilla - La Mancha;Toledo;OTROS GASOLEOS;0
2025-04;Castilla - La Mancha;Toledo;BIOETANOL;0
2025-04;Castilla - La Mancha;Toledo;GASOLINA  AUTO. S/PB 95 I.O.;9013
2025-04;Castilla - La Mancha;Toledo;GASOLINA  AUTO. S/PB 98 I.O.;333
2025-04;Castilla - La Mancha;Toledo;OTRAS GASOLINAS;17
2025-04;Castilla - La Mancha;Toledo;FUELÓLEO  BIA;143
2025-04;Castilla - La Mancha;Toledo;OTROS FUELÓLEOS;0
2025-04;Castilla - La Mancha;Toledo;QUEROSENO AVIACIÓN;0
2025-04;Castilla - La Mancha;Toledo;OTROS QUEROSENOS;0
2025-04;Castilla - La Mancha;Toledo;GLP;1904
2025-04;Castilla y León;Ávila;BIODIESEL;48
2025-04;Castilla y León;Ávila;GASÓLEO A;7274
2025-04;Castilla y León;Ávila;GASÓLEO B;3198
2025-04;Castilla y León;Ávila;GASÓLEO C;1125
2025-04;Castilla y León;Ávila;OTROS GASOLEOS;0
2025-04;Castilla y León;Ávila;BIOETANOL;0
2025-04;Castilla y León;Ávila;GASOLINA  AUTO. S/PB 95 I.O.;2170
2025-04;Castilla y León;Ávila;GASOLINA  AUTO. S/PB 98 I.O.;78
2025-04;Castilla y León;Ávila;OTRAS GASOLINAS;0
2025-04;Castilla y León;Ávila;FUELÓLEO  BIA;0
2025-04;Castilla y León;Ávila;OTROS FUELÓLEOS;0
2025-04;Castilla y León;Ávila;QUEROSENO AVIACIÓN;8
2025-04;Castilla y León;Ávila;OTROS QUEROSENOS;0
2025-04;Castilla y León;Ávila;GLP;938
2025-04;Castilla y León;Burgos;BIODIESEL;113
2025-04;Castilla y León;Burgos;GASÓLEO A;25294
2025-04;Castilla y León;Burgos;GASÓLEO B;6393
2025-04;Castilla y León;Burgos;GASÓLEO C;1101
2025-04;Castilla y León;Burgos;OTROS GASOLEOS;0
2025-04;Castilla y León;Burgos;BIOETANOL;0
2025-04;Castilla y León;Burgos;GASOLINA  AUTO. S/PB 95 I.O.;5612
2025-04;Castilla y León;Burgos;GASOLINA  AUTO. S/PB 98 I.O.;286
2025-04;Castilla y León;Burgos;OTRAS GASOLINAS;19
2025-04;Castilla y León;Burgos;FUELÓLEO  BIA;67
2025-04;Castilla y León;Burgos;OTROS FUELÓLEOS;0
2025-04;Castilla y León;Burgos;QUEROSENO AVIACIÓN;12
2025-04;Castilla y León;Burgos;OTROS QUEROSENOS;0
2025-04;Castilla y León;Burgos;GLP;814
2025-04;Castilla y León;León;BIODIESEL;16
2025-04;Castilla y León;León;GASÓLEO A;24166
2025-04;Castilla y León;León;GASÓLEO B;10286
2025-04;Castilla y León;León;GASÓLEO C;3992
2025-04;Castilla y León;León;OTROS GASOLEOS;0
2025-04;Castilla y León;León;BIOETANOL;0
2025-04;Castilla y León;León;GASOLINA  AUTO. S/PB 95 I.O.;5767
2025-04;Castilla y León;León;GASOLINA  AUTO. S/PB 98 I.O.;299
2025-04;Castilla y León;León;OTRAS GASOLINAS;1
2025-04;Castilla y León;León;FUELÓLEO  BIA;133
2025-04;Castilla y León;León;OTROS FUELÓLEOS;0
2025-04;Castilla y León;León;QUEROSENO AVIACIÓN;69
2025-04;Castilla y León;León;OTROS QUEROSENOS;0
2025-04;Castilla y León;León;GLP;1222
2025-04;Castilla y León;Palencia;BIODIESEL;56
2025-04;Castilla y León;Palencia;GASÓLEO A;9355
2025-04;Castilla y León;Palencia;GASÓLEO B;5217
2025-04;Castilla y León;Palencia;GASÓLEO C;589
2025-04;Castilla y León;Palencia;OTROS GASOLEOS;0
2025-04;Castilla y León;Palencia;BIOETANOL;0
2025-04;Castilla y León;Palencia;GASOLINA  AUTO. S/PB 95 I.O.;2012
2025-04;Castilla y León;Palencia;GASOLINA  AUTO. S/PB 98 I.O.;108
2025-04;Castilla y León;Palencia;OTRAS GASOLINAS;0
2025-04;Castilla y León;Palencia;FUELÓLEO  BIA;0
2025-04;Castilla y León;Palencia;OTROS FUELÓLEOS;0
2025-04;Castilla y León;Palencia;QUEROSENO AVIACIÓN;0
2025-04;Castilla y León;Palencia;OTROS QUEROSENOS;0
2025-04;Castilla y León;Palencia;GLP;420
2025-04;Castilla y León;Salamanca;BIODIESEL;62
2025-04;Castilla y León;Salamanca;GASÓLEO A;21515
2025-04;Castilla y León;Salamanca;GASÓLEO B;5335
2025-04;Castilla y León;Salamanca;GASÓLEO C;2652
2025-04;Castilla y León;Salamanca;OTROS GASOLEOS;0
2025-04;Castilla y León;Salamanca;BIOETANOL;0
2025-04;Castilla y León;Salamanca;GASOLINA  AUTO. S/PB 95 I.O.;3752
2025-04;Castilla y León;Salamanca;GASOLINA  AUTO. S/PB 98 I.O.;199
2025-04;Castilla y León;Salamanca;OTRAS GASOLINAS;38
2025-04;Castilla y León;Salamanca;FUELÓLEO  BIA;0
2025-04;Castilla y León;Salamanca;OTROS FUELÓLEOS;0
2025-04;Castilla y León;Salamanca;QUEROSENO AVIACIÓN;39
2025-04;Castilla y León;Salamanca;OTROS QUEROSENOS;0
2025-04;Castilla y León;Salamanca;GLP;964
2025-04;Castilla y León;Segovia;BIODIESEL;109
2025-04;Castilla y León;Segovia;GASÓLEO A;9267
2025-04;Castilla y León;Segovia;GASÓLEO B;4203
2025-04;Castilla y León;Segovia;GASÓLEO C;1892
2025-04;Castilla y León;Segovia;OTROS GASOLEOS;0
2025-04;Castilla y León;Segovia;BIOETANOL;0
2025-04;Castilla y León;Segovia;GASOLINA  AUTO. S/PB 95 I.O.;2660
2025-04;Castilla y León;Segovia;GASOLINA  AUTO. S/PB 98 I.O.;128
2025-04;Castilla y León;Segovia;OTRAS GASOLINAS;0
2025-04;Castilla y León;Segovia;FUELÓLEO  BIA;26
2025-04;Castilla y León;Segovia;OTROS FUELÓLEOS;0
2025-04;Castilla y León;Segovia;QUEROSENO AVIACIÓN;0
2025-04;Castilla y León;Segovia;OTROS QUEROSENOS;0
2025-04;Castilla y León;Segovia;GLP;803
2025-04;Castilla y León;Soria;BIODIESEL;43
2025-04;Castilla y León;Soria;GASÓLEO A;6065
2025-04;Castilla y León;Soria;GASÓLEO B;2310
2025-04;Castilla y León;Soria;GASÓLEO C;651
2025-04;Castilla y León;Soria;OTROS GASOLEOS;0
2025-04;Castilla y León;Soria;BIOETANOL;0
2025-04;Castilla y León;Soria;GASOLINA  AUTO. S/PB 95 I.O.;1427
2025-04;Castilla y León;Soria;GASOLINA  AUTO. S/PB 98 I.O.;80
2025-04;Castilla y León;Soria;OTRAS GASOLINAS;16
2025-04;Castilla y León;Soria;FUELÓLEO  BIA;0
2025-04;Castilla y León;Soria;OTROS FUELÓLEOS;0
2025-04;Castilla y León;Soria;QUEROSENO AVIACIÓN;0
2025-04;Castilla y León;Soria;OTROS QUEROSENOS;0
2025-04;Castilla y León;Soria;GLP;300
2025-04;Castilla y León;Valladolid;BIODIESEL;61
2025-04;Castilla y León;Valladolid;GASÓLEO A;20174
2025-04;Castilla y León;Valladolid;GASÓLEO B;5860
2025-04;Castilla y León;Valladolid;GASÓLEO C;1513
2025-04;Castilla y León;Valladolid;OTROS GASOLEOS;0
2025-04;Castilla y León;Valladolid;BIOETANOL;0
2025-04;Castilla y León;Valladolid;GASOLINA  AUTO. S/PB 95 I.O.;5648
2025-04;Castilla y León;Valladolid;GASOLINA  AUTO. S/PB 98 I.O.;265
2025-04;Castilla y León;Valladolid;OTRAS GASOLINAS;3
2025-04;Castilla y León;Valladolid;FUELÓLEO  BIA;77
2025-04;Castilla y León;Valladolid;OTROS FUELÓLEOS;0
2025-04;Castilla y León;Valladolid;QUEROSENO AVIACIÓN;171
2025-04;Castilla y León;Valladolid;OTROS QUEROSENOS;0
2025-04;Castilla y León;Valladolid;GLP;923
2025-04;Castilla y León;Zamora;BIODIESEL;27
2025-04;Castilla y León;Zamora;GASÓLEO A;17357
2025-04;Castilla y León;Zamora;GASÓLEO B;5997
2025-04;Castilla y León;Zamora;GASÓLEO C;667
2025-04;Castilla y León;Zamora;OTROS GASOLEOS;0
2025-04;Castilla y León;Zamora;BIOETANOL;0
2025-04;Castilla y León;Zamora;GASOLINA  AUTO. S/PB 95 I.O.;2570
2025-04;Castilla y León;Zamora;GASOLINA  AUTO. S/PB 98 I.O.;157
2025-04;Castilla y León;Zamora;OTRAS GASOLINAS;0
2025-04;Castilla y León;Zamora;FUELÓLEO  BIA;0
2025-04;Castilla y León;Zamora;OTROS FUELÓLEOS;0
2025-04;Castilla y León;Zamora;QUEROSENO AVIACIÓN;0
2025-04;Castilla y León;Zamora;OTROS QUEROSENOS;0
2025-04;Castilla y León;Zamora;GLP;544
2025-04;Cataluña;Barcelona;BIODIESEL;1390
2025-04;Cataluña;Barcelona;GASÓLEO A;141638
2025-04;Cataluña;Barcelona;GASÓLEO B;17886
2025-04;Cataluña;Barcelona;GASÓLEO C;2709
2025-04;Cataluña;Barcelona;OTROS GASOLEOS;32784
2025-04;Cataluña;Barcelona;BIOETANOL;0
2025-04;Cataluña;Barcelona;GASOLINA  AUTO. S/PB 95 I.O.;61877
2025-04;Cataluña;Barcelona;GASOLINA  AUTO. S/PB 98 I.O.;2925
2025-04;Cataluña;Barcelona;OTRAS GASOLINAS;79
2025-04;Cataluña;Barcelona;FUELÓLEO  BIA;24787
2025-04;Cataluña;Barcelona;OTROS FUELÓLEOS;63258
2025-04;Cataluña;Barcelona;QUEROSENO AVIACIÓN;108071
2025-04;Cataluña;Barcelona;OTROS QUEROSENOS;0
2025-04;Cataluña;Barcelona;GLP;5521
2025-04;Cataluña;Girona;BIODIESEL;1043
2025-04;Cataluña;Girona;GASÓLEO A;101592
2025-04;Cataluña;Girona;GASÓLEO B;5601
2025-04;Cataluña;Girona;GASÓLEO C;2426
2025-04;Cataluña;Girona;OTROS GASOLEOS;550
2025-04;Cataluña;Girona;BIOETANOL;0
2025-04;Cataluña;Girona;GASOLINA  AUTO. S/PB 95 I.O.;16187
2025-04;Cataluña;Girona;GASOLINA  AUTO. S/PB 98 I.O.;963
2025-04;Cataluña;Girona;OTRAS GASOLINAS;10
2025-04;Cataluña;Girona;FUELÓLEO  BIA;53
2025-04;Cataluña;Girona;OTROS FUELÓLEOS;0
2025-04;Cataluña;Girona;QUEROSENO AVIACIÓN;2801
2025-04;Cataluña;Girona;OTROS QUEROSENOS;0
2025-04;Cataluña;Girona;GLP;3191
2025-04;Cataluña;Lleida;BIODIESEL;93
2025-04;Cataluña;Lleida;GASÓLEO A;24083
2025-04;Cataluña;Lleida;GASÓLEO B;6605
2025-04;Cataluña;Lleida;GASÓLEO C;842
2025-04;Cataluña;Lleida;OTROS GASOLEOS;0
2025-04;Cataluña;Lleida;BIOETANOL;0
2025-04;Cataluña;Lleida;GASOLINA  AUTO. S/PB 95 I.O.;5837
2025-04;Cataluña;Lleida;GASOLINA  AUTO. S/PB 98 I.O.;316
2025-04;Cataluña;Lleida;OTRAS GASOLINAS;11
2025-04;Cataluña;Lleida;FUELÓLEO  BIA;50
2025-04;Cataluña;Lleida;OTROS FUELÓLEOS;0
2025-04;Cataluña;Lleida;QUEROSENO AVIACIÓN;288
2025-04;Cataluña;Lleida;OTROS QUEROSENOS;0
2025-04;Cataluña;Lleida;GLP;2269
2025-04;Cataluña;Tarragona;BIODIESEL;156
2025-04;Cataluña;Tarragona;GASÓLEO A;33000
2025-04;Cataluña;Tarragona;GASÓLEO B;5440
2025-04;Cataluña;Tarragona;GASÓLEO C;390
2025-04;Cataluña;Tarragona;OTROS GASOLEOS;2471
2025-04;Cataluña;Tarragona;BIOETANOL;0
2025-04;Cataluña;Tarragona;GASOLINA  AUTO. S/PB 95 I.O.;12984
2025-04;Cataluña;Tarragona;GASOLINA  AUTO. S/PB 98 I.O.;556
2025-04;Cataluña;Tarragona;OTRAS GASOLINAS;9
2025-04;Cataluña;Tarragona;FUELÓLEO  BIA;24
2025-04;Cataluña;Tarragona;OTROS FUELÓLEOS;0
2025-04;Cataluña;Tarragona;QUEROSENO AVIACIÓN;1877
2025-04;Cataluña;Tarragona;OTROS QUEROSENOS;0
2025-04;Cataluña;Tarragona;GLP;1981
2025-04;Ceuta;Ceuta;BIODIESEL;0
2025-04;Ceuta;Ceuta;GASÓLEO A;995
2025-04;Ceuta;Ceuta;GASÓLEO B;0
2025-04;Ceuta;Ceuta;GASÓLEO C;54
2025-04;Ceuta;Ceuta;OTROS GASOLEOS;8670
2025-04;Ceuta;Ceuta;BIOETANOL;0
2025-04;Ceuta;Ceuta;GASOLINA  AUTO. S/PB 95 I.O.;528
2025-04;Ceuta;Ceuta;GASOLINA  AUTO. S/PB 98 I.O.;35
2025-04;Ceuta;Ceuta;OTRAS GASOLINAS;0
2025-04;Ceuta;Ceuta;FUELÓLEO  BIA;4784
2025-04;Ceuta;Ceuta;OTROS FUELÓLEOS;7421
2025-04;Ceuta;Ceuta;QUEROSENO AVIACIÓN;54
2025-04;Ceuta;Ceuta;OTROS QUEROSENOS;0
2025-04;Ceuta;Ceuta;GLP;222
2025-04;Comunitat Valenciana;Alicante/Alacant;BIODIESEL;352
2025-04;Comunitat Valenciana;Alicante/Alacant;GASÓLEO A;53412
2025-04;Comunitat Valenciana;Alicante/Alacant;GASÓLEO B;4265
2025-04;Comunitat Valenciana;Alicante/Alacant;GASÓLEO C;1599
2025-04;Comunitat Valenciana;Alicante/Alacant;OTROS GASOLEOS;1967
2025-04;Comunitat Valenciana;Alicante/Alacant;BIOETANOL;0
2025-04;Comunitat Valenciana;Alicante/Alacant;GASOLINA  AUTO. S/PB 95 I.O.;25728
2025-04;Comunitat Valenciana;Alicante/Alacant;GASOLINA  AUTO. S/PB 98 I.O.;1139
2025-04;Comunitat Valenciana;Alicante/Alacant;OTRAS GASOLINAS;8
2025-04;Comunitat Valenciana;Alicante/Alacant;FUELÓLEO  BIA;144
2025-04;Comunitat Valenciana;Alicante/Alacant;OTROS FUELÓLEOS;0
2025-04;Comunitat Valenciana;Alicante/Alacant;QUEROSENO AVIACIÓN;28233
2025-04;Comunitat Valenciana;Alicante/Alacant;OTROS QUEROSENOS;-2
2025-04;Comunitat Valenciana;Alicante/Alacant;GLP;5936
2025-04;Comunitat Valenciana;Castellón/Castelló;BIODIESEL;23
2025-04;Comunitat Valenciana;Castellón/Castelló;GASÓLEO A;22756
2025-04;Comunitat Valenciana;Castellón/Castelló;GASÓLEO B;1705
2025-04;Comunitat Valenciana;Castellón/Castelló;GASÓLEO C;513
2025-04;Comunitat Valenciana;Castellón/Castelló;OTROS GASOLEOS;16869
2025-04;Comunitat Valenciana;Castellón/Castelló;BIOETANOL;0
2025-04;Comunitat Valenciana;Castellón/Castelló;GASOLINA  AUTO. S/PB 95 I.O.;7970
2025-04;Comunitat Valenciana;Castellón/Castelló;GASOLINA  AUTO. S/PB 98 I.O.;321
2025-04;Comunitat Valenciana;Castellón/Castelló;OTRAS GASOLINAS;8
2025-04;Comunitat Valenciana;Castellón/Castelló;FUELÓLEO  BIA;53
2025-04;Comunitat Valenciana;Castellón/Castelló;OTROS FUELÓLEOS;0
2025-04;Comunitat Valenciana;Castellón/Castelló;QUEROSENO AVIACIÓN;471
2025-04;Comunitat Valenciana;Castellón/Castelló;OTROS QUEROSENOS;0
2025-04;Comunitat Valenciana;Castellón/Castelló;GLP;1609
2025-04;Comunitat Valenciana;Valencia/València;BIODIESEL;298
2025-04;Comunitat Valenciana;Valencia/València;GASÓLEO A;94829
2025-04;Comunitat Valenciana;Valencia/València;GASÓLEO B;12323
2025-04;Comunitat Valenciana;Valencia/València;GASÓLEO C;1219
2025-04;Comunitat Valenciana;Valencia/València;OTROS GASOLEOS;6783
2025-04;Comunitat Valenciana;Valencia/València;BIOETANOL;1
2025-04;Comunitat Valenciana;Valencia/València;GASOLINA  AUTO. S/PB 95 I.O.;30387
2025-04;Comunitat Valenciana;Valencia/València;GASOLINA  AUTO. S/PB 98 I.O.;1166
2025-04;Comunitat Valenciana;Valencia/València;OTRAS GASOLINAS;6
2025-04;Comunitat Valenciana;Valencia/València;FUELÓLEO  BIA;17
2025-04;Comunitat Valenciana;Valencia/València;OTROS FUELÓLEOS;15516
2025-04;Comunitat Valenciana;Valencia/València;QUEROSENO AVIACIÓN;14184
2025-04;Comunitat Valenciana;Valencia/València;OTROS QUEROSENOS;1
2025-04;Comunitat Valenciana;Valencia/València;GLP;4601
2025-04;Extremadura;Badajoz;BIODIESEL;92
2025-04;Extremadura;Badajoz;GASÓLEO A;38492
2025-04;Extremadura;Badajoz;GASÓLEO B;9310
2025-04;Extremadura;Badajoz;GASÓLEO C;332
2025-04;Extremadura;Badajoz;OTROS GASOLEOS;0
2025-04;Extremadura;Badajoz;BIOETANOL;0
2025-04;Extremadura;Badajoz;GASOLINA  AUTO. S/PB 95 I.O.;6432
2025-04;Extremadura;Badajoz;GASOLINA  AUTO. S/PB 98 I.O.;207
2025-04;Extremadura;Badajoz;OTRAS GASOLINAS;1
2025-04;Extremadura;Badajoz;FUELÓLEO  BIA;200
2025-04;Extremadura;Badajoz;OTROS FUELÓLEOS;0
2025-04;Extremadura;Badajoz;QUEROSENO AVIACIÓN;423
2025-04;Extremadura;Badajoz;OTROS QUEROSENOS;0
2025-04;Extremadura;Badajoz;GLP;2623
2025-04;Extremadura;Cáceres;BIODIESEL;59
2025-04;Extremadura;Cáceres;GASÓLEO A;19459
2025-04;Extremadura;Cáceres;GASÓLEO B;3713
2025-04;Extremadura;Cáceres;GASÓLEO C;606
2025-04;Extremadura;Cáceres;OTROS GASOLEOS;0
2025-04;Extremadura;Cáceres;BIOETANOL;0
2025-04;Extremadura;Cáceres;GASOLINA  AUTO. S/PB 95 I.O.;4694
2025-04;Extremadura;Cáceres;GASOLINA  AUTO. S/PB 98 I.O.;151
2025-04;Extremadura;Cáceres;OTRAS GASOLINAS;0
2025-04;Extremadura;Cáceres;FUELÓLEO  BIA;156
2025-04;Extremadura;Cáceres;OTROS FUELÓLEOS;0
2025-04;Extremadura;Cáceres;QUEROSENO AVIACIÓN;9
2025-04;Extremadura;Cáceres;OTROS QUEROSENOS;0
2025-04;Extremadura;Cáceres;GLP;1715
2025-04;Galicia;Coruña, A;BIODIESEL;78
2025-04;Galicia;Coruña, A;GASÓLEO A;42335
2025-04;Galicia;Coruña, A;GASÓLEO B;9398
2025-04;Galicia;Coruña, A;GASÓLEO C;3744
2025-04;Galicia;Coruña, A;OTROS GASOLEOS;3776
2025-04;Galicia;Coruña, A;BIOETANOL;0
2025-04;Galicia;Coruña, A;GASOLINA  AUTO. S/PB 95 I.O.;10980
2025-04;Galicia;Coruña, A;GASOLINA  AUTO. S/PB 98 I.O.;493
2025-04;Galicia;Coruña, A;OTRAS GASOLINAS;6
2025-04;Galicia;Coruña, A;FUELÓLEO  BIA;3005
2025-04;Galicia;Coruña, A;OTROS FUELÓLEOS;787
2025-04;Galicia;Coruña, A;QUEROSENO AVIACIÓN;5263
2025-04;Galicia;Coruña, A;OTROS QUEROSENOS;0
2025-04;Galicia;Coruña, A;GLP;3374
2025-04;Galicia;Lugo;BIODIESEL;13
2025-04;Galicia;Lugo;GASÓLEO A;17648
2025-04;Galicia;Lugo;GASÓLEO B;6000
2025-04;Galicia;Lugo;GASÓLEO C;2549
2025-04;Galicia;Lugo;OTROS GASOLEOS;1530
2025-04;Galicia;Lugo;BIOETANOL;0
2025-04;Galicia;Lugo;GASOLINA  AUTO. S/PB 95 I.O.;3248
2025-04;Galicia;Lugo;GASOLINA  AUTO. S/PB 98 I.O.;166
2025-04;Galicia;Lugo;OTRAS GASOLINAS;0
2025-04;Galicia;Lugo;FUELÓLEO  BIA;50
2025-04;Galicia;Lugo;OTROS FUELÓLEOS;0
2025-04;Galicia;Lugo;QUEROSENO AVIACIÓN;0
2025-04;Galicia;Lugo;OTROS QUEROSENOS;0
2025-04;Galicia;Lugo;GLP;1466
2025-04;Galicia;Ourense;BIODIESEL;69
2025-04;Galicia;Ourense;GASÓLEO A;14215
2025-04;Galicia;Ourense;GASÓLEO B;2371
2025-04;Galicia;Ourense;GASÓLEO C;3332
2025-04;Galicia;Ourense;OTROS GASOLEOS;0
2025-04;Galicia;Ourense;BIOETANOL;0
2025-04;Galicia;Ourense;GASOLINA  AUTO. S/PB 95 I.O.;3215
2025-04;Galicia;Ourense;GASOLINA  AUTO. S/PB 98 I.O.;228
2025-04;Galicia;Ourense;OTRAS GASOLINAS;0
2025-04;Galicia;Ourense;FUELÓLEO  BIA;80
2025-04;Galicia;Ourense;OTROS FUELÓLEOS;0
2025-04;Galicia;Ourense;QUEROSENO AVIACIÓN;6
2025-04;Galicia;Ourense;OTROS QUEROSENOS;0
2025-04;Galicia;Ourense;GLP;1294
2025-04;Galicia;Pontevedra;BIODIESEL;66
2025-04;Galicia;Pontevedra;GASÓLEO A;37029
2025-04;Galicia;Pontevedra;GASÓLEO B;5295
2025-04;Galicia;Pontevedra;GASÓLEO C;3774
2025-04;Galicia;Pontevedra;OTROS GASOLEOS;3868
2025-04;Galicia;Pontevedra;BIOETANOL;0
2025-04;Galicia;Pontevedra;GASOLINA  AUTO. S/PB 95 I.O.;9411
2025-04;Galicia;Pontevedra;GASOLINA  AUTO. S/PB 98 I.O.;503
2025-04;Galicia;Pontevedra;OTRAS GASOLINAS;3
2025-04;Galicia;Pontevedra;FUELÓLEO  BIA;383
2025-04;Galicia;Pontevedra;OTROS FUELÓLEOS;1231
2025-04;Galicia;Pontevedra;QUEROSENO AVIACIÓN;982
2025-04;Galicia;Pontevedra;OTROS QUEROSENOS;0
2025-04;Galicia;Pontevedra;GLP;3020
2025-04;Madrid, Comunidad de;Madrid;BIODIESEL;2431
2025-04;Madrid, Comunidad de;Madrid;GASÓLEO A;148497
2025-04;Madrid, Comunidad de;Madrid;GASÓLEO B;10851
2025-04;Madrid, Comunidad de;Madrid;GASÓLEO C;14433
2025-04;Madrid, Comunidad de;Madrid;OTROS GASOLEOS;123
2025-04;Madrid, Comunidad de;Madrid;BIOETANOL;0
2025-04;Madrid, Comunidad de;Madrid;GASOLINA  AUTO. S/PB 95 I.O.;74104
2025-04;Madrid, Comunidad de;Madrid;GASOLINA  AUTO. S/PB 98 I.O.;2949
2025-04;Madrid, Comunidad de;Madrid;OTRAS GASOLINAS;55
2025-04;Madrid, Comunidad de;Madrid;FUELÓLEO  BIA;321
2025-04;Madrid, Comunidad de;Madrid;OTROS FUELÓLEOS;0
2025-04;Madrid, Comunidad de;Madrid;QUEROSENO AVIACIÓN;224470
2025-04;Madrid, Comunidad de;Madrid;OTROS QUEROSENOS;0
2025-04;Madrid, Comunidad de;Madrid;GLP;8938
2025-04;Melilla;Melilla;BIODIESEL;0
2025-04;Melilla;Melilla;GASÓLEO A;1025
2025-04;Melilla;Melilla;GASÓLEO B;0
2025-04;Melilla;Melilla;GASÓLEO C;0
2025-04;Melilla;Melilla;OTROS GASOLEOS;0
2025-04;Melilla;Melilla;BIOETANOL;0
2025-04;Melilla;Melilla;GASOLINA  AUTO. S/PB 95 I.O.;599
2025-04;Melilla;Melilla;GASOLINA  AUTO. S/PB 98 I.O.;0
2025-04;Melilla;Melilla;OTRAS GASOLINAS;0
2025-04;Melilla;Melilla;FUELÓLEO  BIA;4883
2025-04;Melilla;Melilla;OTROS FUELÓLEOS;0
2025-04;Melilla;Melilla;QUEROSENO AVIACIÓN;180
2025-04;Melilla;Melilla;OTROS QUEROSENOS;0
2025-04;Melilla;Melilla;GLP;197
2025-04;Murcia, Región de;Murcia;BIODIESEL;1545
2025-04;Murcia, Región de;Murcia;GASÓLEO A;77398
2025-04;Murcia, Región de;Murcia;GASÓLEO B;12696
2025-04;Murcia, Región de;Murcia;GASÓLEO C;591
2025-04;Murcia, Región de;Murcia;OTROS GASOLEOS;1476
2025-04;Murcia, Región de;Murcia;BIOETANOL;0
2025-04;Murcia, Región de;Murcia;GASOLINA  AUTO. S/PB 95 I.O.;15279
2025-04;Murcia, Región de;Murcia;GASOLINA  AUTO. S/PB 98 I.O.;632
2025-04;Murcia, Región de;Murcia;OTRAS GASOLINAS;8
2025-04;Murcia, Región de;Murcia;FUELÓLEO  BIA;163
2025-04;Murcia, Región de;Murcia;OTROS FUELÓLEOS;129
2025-04;Murcia, Región de;Murcia;QUEROSENO AVIACIÓN;1558
2025-04;Murcia, Región de;Murcia;OTROS QUEROSENOS;0
2025-04;Murcia, Región de;Murcia;GLP;3912
2025-04;Navarra, Comunidad Foral de;Navarra;BIODIESEL;453
2025-04;Navarra, Comunidad Foral de;Navarra;GASÓLEO A;59200
2025-04;Navarra, Comunidad Foral de;Navarra;GASÓLEO B;7372
2025-04;Navarra, Comunidad Foral de;Navarra;GASÓLEO C;975
2025-04;Navarra, Comunidad Foral de;Navarra;OTROS GASOLEOS;0
2025-04;Navarra, Comunidad Foral de;Navarra;BIOETANOL;0
2025-04;Navarra, Comunidad Foral de;Navarra;GASOLINA  AUTO. S/PB 95 I.O.;7906
2025-04;Navarra, Comunidad Foral de;Navarra;GASOLINA  AUTO. S/PB 98 I.O.;305
2025-04;Navarra, Comunidad Foral de;Navarra;OTRAS GASOLINAS;2
2025-04;Navarra, Comunidad Foral de;Navarra;FUELÓLEO  BIA;266
2025-04;Navarra, Comunidad Foral de;Navarra;OTROS FUELÓLEOS;0
2025-04;Navarra, Comunidad Foral de;Navarra;QUEROSENO AVIACIÓN;183
2025-04;Navarra, Comunidad Foral de;Navarra;OTROS QUEROSENOS;0
2025-04;Navarra, Comunidad Foral de;Navarra;GLP;1215
2025-04;País Vasco;Araba/Álava;BIODIESEL;175
2025-04;País Vasco;Araba/Álava;GASÓLEO A;52131
2025-04;País Vasco;Araba/Álava;GASÓLEO B;2542
2025-04;País Vasco;Araba/Álava;GASÓLEO C;906
2025-04;País Vasco;Araba/Álava;OTROS GASOLEOS;0
2025-04;País Vasco;Araba/Álava;BIOETANOL;0
2025-04;País Vasco;Araba/Álava;GASOLINA  AUTO. S/PB 95 I.O.;2793
2025-04;País Vasco;Araba/Álava;GASOLINA  AUTO. S/PB 98 I.O.;198
2025-04;País Vasco;Araba/Álava;OTRAS GASOLINAS;1
2025-04;País Vasco;Araba/Álava;FUELÓLEO  BIA;106
2025-04;País Vasco;Araba/Álava;OTROS FUELÓLEOS;0
2025-04;País Vasco;Araba/Álava;QUEROSENO AVIACIÓN;1231
2025-04;País Vasco;Araba/Álava;OTROS QUEROSENOS;0
2025-04;País Vasco;Araba/Álava;GLP;504
2025-04;País Vasco;Bizkaia;BIODIESEL;684
2025-04;País Vasco;Bizkaia;GASÓLEO A;30102
2025-04;País Vasco;Bizkaia;GASÓLEO B;8018
2025-04;País Vasco;Bizkaia;GASÓLEO C;2839
2025-04;País Vasco;Bizkaia;OTROS GASOLEOS;1499
2025-04;País Vasco;Bizkaia;BIOETANOL;0
2025-04;País Vasco;Bizkaia;GASOLINA  AUTO. S/PB 95 I.O.;9131
2025-04;País Vasco;Bizkaia;GASOLINA  AUTO. S/PB 98 I.O.;470
2025-04;País Vasco;Bizkaia;OTRAS GASOLINAS;1
2025-04;País Vasco;Bizkaia;FUELÓLEO  BIA;133
2025-04;País Vasco;Bizkaia;OTROS FUELÓLEOS;0
2025-04;País Vasco;Bizkaia;QUEROSENO AVIACIÓN;7379
2025-04;País Vasco;Bizkaia;OTROS QUEROSENOS;2
2025-04;País Vasco;Bizkaia;GLP;1192
2025-04;País Vasco;Gipuzkoa;BIODIESEL;253
2025-04;País Vasco;Gipuzkoa;GASÓLEO A;58996
2025-04;País Vasco;Gipuzkoa;GASÓLEO B;1552
2025-04;País Vasco;Gipuzkoa;GASÓLEO C;198
2025-04;País Vasco;Gipuzkoa;OTROS GASOLEOS;802
2025-04;País Vasco;Gipuzkoa;BIOETANOL;0
2025-04;País Vasco;Gipuzkoa;GASOLINA  AUTO. S/PB 95 I.O.;6990
2025-04;País Vasco;Gipuzkoa;GASOLINA  AUTO. S/PB 98 I.O.;411
2025-04;País Vasco;Gipuzkoa;OTRAS GASOLINAS;1
2025-04;País Vasco;Gipuzkoa;FUELÓLEO  BIA;27
2025-04;País Vasco;Gipuzkoa;OTROS FUELÓLEOS;0
2025-04;País Vasco;Gipuzkoa;QUEROSENO AVIACIÓN;490
2025-04;País Vasco;Gipuzkoa;OTROS QUEROSENOS;0
2025-04;País Vasco;Gipuzkoa;GLP;1251
2025-04;Rioja, La;Rioja, La;BIODIESEL;115
2025-04;Rioja, La;Rioja, La;GASÓLEO A;12988
2025-04;Rioja, La;Rioja, La;GASÓLEO B;3407
2025-04;Rioja, La;Rioja, La;GASÓLEO C;1120
2025-04;Rioja, La;Rioja, La;OTROS GASOLEOS;0
2025-04;Rioja, La;Rioja, La;BIOETANOL;0
2025-04;Rioja, La;Rioja, La;GASOLINA  AUTO. S/PB 95 I.O.;3030
2025-04;Rioja, La;Rioja, La;GASOLINA  AUTO. S/PB 98 I.O.;124
2025-04;Rioja, La;Rioja, La;OTRAS GASOLINAS;7
2025-04;Rioja, La;Rioja, La;FUELÓLEO  BIA;40
2025-04;Rioja, La;Rioja, La;OTROS FUELÓLEOS;0
2025-04;Rioja, La;Rioja, La;QUEROSENO AVIACIÓN;61
2025-04;Rioja, La;Rioja, La;OTROS QUEROSENOS;0
2025-04;Rioja, La;Rioja, La;GLP;545
2025-05;Andalucía;Almería;BIODIESEL;304
2025-05;Andalucía;Almería;GASÓLEO A;36823
2025-05;Andalucía;Almería;GASÓLEO B;6435
2025-05;Andalucía;Almería;GASÓLEO C;94
2025-05;Andalucía;Almería;OTROS GASOLEOS;1560
2025-05;Andalucía;Almería;BIOETANOL;0
2025-05;Andalucía;Almería;GASOLINA  AUTO. S/PB 95 I.O.;7095
2025-05;Andalucía;Almería;GASOLINA  AUTO. S/PB 98 I.O.;347
2025-05;Andalucía;Almería;OTRAS GASOLINAS;3
2025-05;Andalucía;Almería;FUELÓLEO  BIA;171
2025-05;Andalucía;Almería;OTROS FUELÓLEOS;1356
2025-05;Andalucía;Almería;QUEROSENO AVIACIÓN;1183
2025-05;Andalucía;Almería;OTROS QUEROSENOS;0
2025-05;Andalucía;Almería;GLP;2062
2025-05;Andalucía;Cádiz;BIODIESEL;111
2025-05;Andalucía;Cádiz;GASÓLEO A;35776
2025-05;Andalucía;Cádiz;GASÓLEO B;8369
2025-05;Andalucía;Cádiz;GASÓLEO C;268
2025-05;Andalucía;Cádiz;OTROS GASOLEOS;60900
2025-05;Andalucía;Cádiz;BIOETANOL;0
2025-05;Andalucía;Cádiz;GASOLINA  AUTO. S/PB 95 I.O.;13264
2025-05;Andalucía;Cádiz;GASOLINA  AUTO. S/PB 98 I.O.;421
2025-05;Andalucía;Cádiz;OTRAS GASOLINAS;43
2025-05;Andalucía;Cádiz;FUELÓLEO  BIA;25624
2025-05;Andalucía;Cádiz;OTROS FUELÓLEOS;192355
2025-05;Andalucía;Cádiz;QUEROSENO AVIACIÓN;2116
2025-05;Andalucía;Cádiz;OTROS QUEROSENOS;0
2025-05;Andalucía;Cádiz;GLP;3326
2025-05;Andalucía;Córdoba;BIODIESEL;218
2025-05;Andalucía;Córdoba;GASÓLEO A;31363
2025-05;Andalucía;Córdoba;GASÓLEO B;9700
2025-05;Andalucía;Córdoba;GASÓLEO C;385
2025-05;Andalucía;Córdoba;OTROS GASOLEOS;0
2025-05;Andalucía;Córdoba;BIOETANOL;0
2025-05;Andalucía;Córdoba;GASOLINA  AUTO. S/PB 95 I.O.;6246
2025-05;Andalucía;Córdoba;GASOLINA  AUTO. S/PB 98 I.O.;183
2025-05;Andalucía;Córdoba;OTRAS GASOLINAS;11
2025-05;Andalucía;Córdoba;FUELÓLEO  BIA;35
2025-05;Andalucía;Córdoba;OTROS FUELÓLEOS;0
2025-05;Andalucía;Córdoba;QUEROSENO AVIACIÓN;178
2025-05;Andalucía;Córdoba;OTROS QUEROSENOS;0
2025-05;Andalucía;Córdoba;GLP;1642
2025-05;Andalucía;Granada;BIODIESEL;55
2025-05;Andalucía;Granada;GASÓLEO A;35290
2025-05;Andalucía;Granada;GASÓLEO B;6806
2025-05;Andalucía;Granada;GASÓLEO C;914
2025-05;Andalucía;Granada;OTROS GASOLEOS;719
2025-05;Andalucía;Granada;BIOETANOL;0
2025-05;Andalucía;Granada;GASOLINA  AUTO. S/PB 95 I.O.;9580
2025-05;Andalucía;Granada;GASOLINA  AUTO. S/PB 98 I.O.;505
2025-05;Andalucía;Granada;OTRAS GASOLINAS;6
2025-05;Andalucía;Granada;FUELÓLEO  BIA;50
2025-05;Andalucía;Granada;OTROS FUELÓLEOS;1124
2025-05;Andalucía;Granada;QUEROSENO AVIACIÓN;1207
2025-05;Andalucía;Granada;OTROS QUEROSENOS;0
2025-05;Andalucía;Granada;GLP;2431
2025-05;Andalucía;Huelva;BIODIESEL;198
2025-05;Andalucía;Huelva;GASÓLEO A;27551
2025-05;Andalucía;Huelva;GASÓLEO B;10579
2025-05;Andalucía;Huelva;GASÓLEO C;572
2025-05;Andalucía;Huelva;OTROS GASOLEOS;2994
2025-05;Andalucía;Huelva;BIOETANOL;0
2025-05;Andalucía;Huelva;GASOLINA  AUTO. S/PB 95 I.O.;5873
2025-05;Andalucía;Huelva;GASOLINA  AUTO. S/PB 98 I.O.;200
2025-05;Andalucía;Huelva;OTRAS GASOLINAS;0
2025-05;Andalucía;Huelva;FUELÓLEO  BIA;700
2025-05;Andalucía;Huelva;OTROS FUELÓLEOS;3776
2025-05;Andalucía;Huelva;QUEROSENO AVIACIÓN;16
2025-05;Andalucía;Huelva;OTROS QUEROSENOS;0
2025-05;Andalucía;Huelva;GLP;2332
2025-05;Andalucía;Jaén;BIODIESEL;323
2025-05;Andalucía;Jaén;GASÓLEO A;31569
2025-05;Andalucía;Jaén;GASÓLEO B;5771
2025-05;Andalucía;Jaén;GASÓLEO C;450
2025-05;Andalucía;Jaén;OTROS GASOLEOS;0
2025-05;Andalucía;Jaén;BIOETANOL;0
2025-05;Andalucía;Jaén;GASOLINA  AUTO. S/PB 95 I.O.;5059
2025-05;Andalucía;Jaén;GASOLINA  AUTO. S/PB 98 I.O.;168
2025-05;Andalucía;Jaén;OTRAS GASOLINAS;0
2025-05;Andalucía;Jaén;FUELÓLEO  BIA;100
2025-05;Andalucía;Jaén;OTROS FUELÓLEOS;0
2025-05;Andalucía;Jaén;QUEROSENO AVIACIÓN;33
2025-05;Andalucía;Jaén;OTROS QUEROSENOS;0
2025-05;Andalucía;Jaén;GLP;1352
2025-05;Andalucía;Málaga;BIODIESEL;207
2025-05;Andalucía;Málaga;GASÓLEO A;55645
2025-05;Andalucía;Málaga;GASÓLEO B;5571
2025-05;Andalucía;Málaga;GASÓLEO C;462
2025-05;Andalucía;Málaga;OTROS GASOLEOS;412
2025-05;Andalucía;Málaga;BIOETANOL;0
2025-05;Andalucía;Málaga;GASOLINA  AUTO. S/PB 95 I.O.;22791
2025-05;Andalucía;Málaga;GASOLINA  AUTO. S/PB 98 I.O.;1515
2025-05;Andalucía;Málaga;OTRAS GASOLINAS;39
2025-05;Andalucía;Málaga;FUELÓLEO  BIA;104
2025-05;Andalucía;Málaga;OTROS FUELÓLEOS;0
2025-05;Andalucía;Málaga;QUEROSENO AVIACIÓN;46902
2025-05;Andalucía;Málaga;OTROS QUEROSENOS;0
2025-05;Andalucía;Málaga;GLP;4537
2025-05;Andalucía;Sevilla;BIODIESEL;175
2025-05;Andalucía;Sevilla;GASÓLEO A;60474
2025-05;Andalucía;Sevilla;GASÓLEO B;10578
2025-05;Andalucía;Sevilla;GASÓLEO C;436
2025-05;Andalucía;Sevilla;OTROS GASOLEOS;866
2025-05;Andalucía;Sevilla;BIOETANOL;0
2025-05;Andalucía;Sevilla;GASOLINA  AUTO. S/PB 95 I.O.;18472
2025-05;Andalucía;Sevilla;GASOLINA  AUTO. S/PB 98 I.O.;457
2025-05;Andalucía;Sevilla;OTRAS GASOLINAS;40
2025-05;Andalucía;Sevilla;FUELÓLEO  BIA;211
2025-05;Andalucía;Sevilla;OTROS FUELÓLEOS;0
2025-05;Andalucía;Sevilla;QUEROSENO AVIACIÓN;14381
2025-05;Andalucía;Sevilla;OTROS QUEROSENOS;0
2025-05;Andalucía;Sevilla;GLP;4656
2025-05;Aragón;Huesca;BIODIESEL;268
2025-05;Aragón;Huesca;GASÓLEO A;14951
2025-05;Aragón;Huesca;GASÓLEO B;6395
2025-05;Aragón;Huesca;GASÓLEO C;553
2025-05;Aragón;Huesca;OTROS GASOLEOS;0
2025-05;Aragón;Huesca;BIOETANOL;0
2025-05;Aragón;Huesca;GASOLINA  AUTO. S/PB 95 I.O.;3379
2025-05;Aragón;Huesca;GASOLINA  AUTO. S/PB 98 I.O.;161
2025-05;Aragón;Huesca;OTRAS GASOLINAS;3
2025-05;Aragón;Huesca;FUELÓLEO  BIA;125
2025-05;Aragón;Huesca;OTROS FUELÓLEOS;0
2025-05;Aragón;Huesca;QUEROSENO AVIACIÓN;23
2025-05;Aragón;Huesca;OTROS QUEROSENOS;0
2025-05;Aragón;Huesca;GLP;999
2025-05;Aragón;Teruel;BIODIESEL;101
2025-05;Aragón;Teruel;GASÓLEO A;10025
2025-05;Aragón;Teruel;GASÓLEO B;4612
2025-05;Aragón;Teruel;GASÓLEO C;884
2025-05;Aragón;Teruel;OTROS GASOLEOS;0
2025-05;Aragón;Teruel;BIOETANOL;0
2025-05;Aragón;Teruel;GASOLINA  AUTO. S/PB 95 I.O.;1924
2025-05;Aragón;Teruel;GASOLINA  AUTO. S/PB 98 I.O.;105
2025-05;Aragón;Teruel;OTRAS GASOLINAS;0
2025-05;Aragón;Teruel;FUELÓLEO  BIA;50
2025-05;Aragón;Teruel;OTROS FUELÓLEOS;0
2025-05;Aragón;Teruel;QUEROSENO AVIACIÓN;159
2025-05;Aragón;Teruel;OTROS QUEROSENOS;0
2025-05;Aragón;Teruel;GLP;432
2025-05;Aragón;Zaragoza;BIODIESEL;1606
2025-05;Aragón;Zaragoza;GASÓLEO A;45212
2025-05;Aragón;Zaragoza;GASÓLEO B;10180
2025-05;Aragón;Zaragoza;GASÓLEO C;1776
2025-05;Aragón;Zaragoza;OTROS GASOLEOS;78
2025-05;Aragón;Zaragoza;BIOETANOL;0
2025-05;Aragón;Zaragoza;GASOLINA  AUTO. S/PB 95 I.O.;10185
2025-05;Aragón;Zaragoza;GASOLINA  AUTO. S/PB 98 I.O.;389
2025-05;Aragón;Zaragoza;OTRAS GASOLINAS;3
2025-05;Aragón;Zaragoza;FUELÓLEO  BIA;25
2025-05;Aragón;Zaragoza;OTROS FUELÓLEOS;537
2025-05;Aragón;Zaragoza;QUEROSENO AVIACIÓN;7085
2025-05;Aragón;Zaragoza;OTROS QUEROSENOS;0
2025-05;Aragón;Zaragoza;GLP;1399
2025-05;Asturias, Principado de;Asturias;BIODIESEL;68
2025-05;Asturias, Principado de;Asturias;GASÓLEO A;34631
2025-05;Asturias, Principado de;Asturias;GASÓLEO B;6908
2025-05;Asturias, Principado de;Asturias;GASÓLEO C;1889
2025-05;Asturias, Principado de;Asturias;OTROS GASOLEOS;2709
2025-05;Asturias, Principado de;Asturias;BIOETANOL;10
2025-05;Asturias, Principado de;Asturias;GASOLINA  AUTO. S/PB 95 I.O.;9591
2025-05;Asturias, Principado de;Asturias;GASOLINA  AUTO. S/PB 98 I.O.;597
2025-05;Asturias, Principado de;Asturias;OTRAS GASOLINAS;1
2025-05;Asturias, Principado de;Asturias;FUELÓLEO  BIA;727
2025-05;Asturias, Principado de;Asturias;OTROS FUELÓLEOS;186
2025-05;Asturias, Principado de;Asturias;QUEROSENO AVIACIÓN;2012
2025-05;Asturias, Principado de;Asturias;OTROS QUEROSENOS;0
2025-05;Asturias, Principado de;Asturias;GLP;1944
2025-05;Balears, Illes;Balears, Illes;BIODIESEL;0
2025-05;Balears, Illes;Balears, Illes;GASÓLEO A;30553
2025-05;Balears, Illes;Balears, Illes;GASÓLEO B;3595
2025-05;Balears, Illes;Balears, Illes;GASÓLEO C;8330
2025-05;Balears, Illes;Balears, Illes;OTROS GASOLEOS;4417
2025-05;Balears, Illes;Balears, Illes;BIOETANOL;0
2025-05;Balears, Illes;Balears, Illes;GASOLINA  AUTO. S/PB 95 I.O.;24358
2025-05;Balears, Illes;Balears, Illes;GASOLINA  AUTO. S/PB 98 I.O.;1127
2025-05;Balears, Illes;Balears, Illes;OTRAS GASOLINAS;29
2025-05;Balears, Illes;Balears, Illes;FUELÓLEO  BIA;0
2025-05;Balears, Illes;Balears, Illes;OTROS FUELÓLEOS;0
2025-05;Balears, Illes;Balears, Illes;QUEROSENO AVIACIÓN;75248
2025-05;Balears, Illes;Balears, Illes;OTROS QUEROSENOS;0
2025-05;Balears, Illes;Balears, Illes;GLP;4370
2025-05;Canarias;Palmas, Las;BIODIESEL;56
2025-05;Canarias;Palmas, Las;GASÓLEO A;27438
2025-05;Canarias;Palmas, Las;GASÓLEO B;0
2025-05;Canarias;Palmas, Las;GASÓLEO C;0
2025-05;Canarias;Palmas, Las;OTROS GASOLEOS;82528
2025-05;Canarias;Palmas, Las;BIOETANOL;0
2025-05;Canarias;Palmas, Las;GASOLINA  AUTO. S/PB 95 I.O.;18976
2025-05;Canarias;Palmas, Las;GASOLINA  AUTO. S/PB 98 I.O.;3855
2025-05;Canarias;Palmas, Las;OTRAS GASOLINAS;3
2025-05;Canarias;Palmas, Las;FUELÓLEO  BIA;117268
2025-05;Canarias;Palmas, Las;OTROS FUELÓLEOS;76602
2025-05;Canarias;Palmas, Las;QUEROSENO AVIACIÓN;43390
2025-05;Canarias;Palmas, Las;OTROS QUEROSENOS;0
2025-05;Canarias;Palmas, Las;GLP;2886
2025-05;Canarias;Santa Cruz de Tenerife;BIODIESEL;0
2025-05;Canarias;Santa Cruz de Tenerife;GASÓLEO A;26375
2025-05;Canarias;Santa Cruz de Tenerife;GASÓLEO B;0
2025-05;Canarias;Santa Cruz de Tenerife;GASÓLEO C;0
2025-05;Canarias;Santa Cruz de Tenerife;OTROS GASOLEOS;53766
2025-05;Canarias;Santa Cruz de Tenerife;BIOETANOL;0
2025-05;Canarias;Santa Cruz de Tenerife;GASOLINA  AUTO. S/PB 95 I.O.;17970
2025-05;Canarias;Santa Cruz de Tenerife;GASOLINA  AUTO. S/PB 98 I.O.;5041
2025-05;Canarias;Santa Cruz de Tenerife;OTRAS GASOLINAS;0
2025-05;Canarias;Santa Cruz de Tenerife;FUELÓLEO  BIA;16534
2025-05;Canarias;Santa Cruz de Tenerife;OTROS FUELÓLEOS;16209
2025-05;Canarias;Santa Cruz de Tenerife;QUEROSENO AVIACIÓN;43611
2025-05;Canarias;Santa Cruz de Tenerife;OTROS QUEROSENOS;0
2025-05;Canarias;Santa Cruz de Tenerife;GLP;3640
2025-05;Cantabria;Cantabria;BIODIESEL;745
2025-05;Cantabria;Cantabria;GASÓLEO A;25207
2025-05;Cantabria;Cantabria;GASÓLEO B;4079
2025-05;Cantabria;Cantabria;GASÓLEO C;77
2025-05;Cantabria;Cantabria;OTROS GASOLEOS;1396
2025-05;Cantabria;Cantabria;BIOETANOL;0
2025-05;Cantabria;Cantabria;GASOLINA  AUTO. S/PB 95 I.O.;7554
2025-05;Cantabria;Cantabria;GASOLINA  AUTO. S/PB 98 I.O.;322
2025-05;Cantabria;Cantabria;OTRAS GASOLINAS;1
2025-05;Cantabria;Cantabria;FUELÓLEO  BIA;451
2025-05;Cantabria;Cantabria;OTROS FUELÓLEOS;0
2025-05;Cantabria;Cantabria;QUEROSENO AVIACIÓN;1211
2025-05;Cantabria;Cantabria;OTROS QUEROSENOS;0
2025-05;Cantabria;Cantabria;GLP;1272
2025-05;Castilla - La Mancha;Albacete;BIODIESEL;226
2025-05;Castilla - La Mancha;Albacete;GASÓLEO A;18887
2025-05;Castilla - La Mancha;Albacete;GASÓLEO B;5841
2025-05;Castilla - La Mancha;Albacete;GASÓLEO C;532
2025-05;Castilla - La Mancha;Albacete;OTROS GASOLEOS;0
2025-05;Castilla - La Mancha;Albacete;BIOETANOL;0
2025-05;Castilla - La Mancha;Albacete;GASOLINA  AUTO. S/PB 95 I.O.;3940
2025-05;Castilla - La Mancha;Albacete;GASOLINA  AUTO. S/PB 98 I.O.;171
2025-05;Castilla - La Mancha;Albacete;OTRAS GASOLINAS;0
2025-05;Castilla - La Mancha;Albacete;FUELÓLEO  BIA;126
2025-05;Castilla - La Mancha;Albacete;OTROS FUELÓLEOS;0
2025-05;Castilla - La Mancha;Albacete;QUEROSENO AVIACIÓN;102
2025-05;Castilla - La Mancha;Albacete;OTROS QUEROSENOS;0
2025-05;Castilla - La Mancha;Albacete;GLP;726
2025-05;Castilla - La Mancha;Ciudad Real;BIODIESEL;374
2025-05;Castilla - La Mancha;Ciudad Real;GASÓLEO A;25788
2025-05;Castilla - La Mancha;Ciudad Real;GASÓLEO B;8579
2025-05;Castilla - La Mancha;Ciudad Real;GASÓLEO C;667
2025-05;Castilla - La Mancha;Ciudad Real;OTROS GASOLEOS;0
2025-05;Castilla - La Mancha;Ciudad Real;BIOETANOL;0
2025-05;Castilla - La Mancha;Ciudad Real;GASOLINA  AUTO. S/PB 95 I.O.;4589
2025-05;Castilla - La Mancha;Ciudad Real;GASOLINA  AUTO. S/PB 98 I.O.;141
2025-05;Castilla - La Mancha;Ciudad Real;OTRAS GASOLINAS;0
2025-05;Castilla - La Mancha;Ciudad Real;FUELÓLEO  BIA;52
2025-05;Castilla - La Mancha;Ciudad Real;OTROS FUELÓLEOS;0
2025-05;Castilla - La Mancha;Ciudad Real;QUEROSENO AVIACIÓN;42
2025-05;Castilla - La Mancha;Ciudad Real;OTROS QUEROSENOS;0
2025-05;Castilla - La Mancha;Ciudad Real;GLP;931
2025-05;Castilla - La Mancha;Cuenca;BIODIESEL;138
2025-05;Castilla - La Mancha;Cuenca;GASÓLEO A;15141
2025-05;Castilla - La Mancha;Cuenca;GASÓLEO B;6737
2025-05;Castilla - La Mancha;Cuenca;GASÓLEO C;559
2025-05;Castilla - La Mancha;Cuenca;OTROS GASOLEOS;0
2025-05;Castilla - La Mancha;Cuenca;BIOETANOL;0
2025-05;Castilla - La Mancha;Cuenca;GASOLINA  AUTO. S/PB 95 I.O.;2968
2025-05;Castilla - La Mancha;Cuenca;GASOLINA  AUTO. S/PB 98 I.O.;101
2025-05;Castilla - La Mancha;Cuenca;OTRAS GASOLINAS;0
2025-05;Castilla - La Mancha;Cuenca;FUELÓLEO  BIA;0
2025-05;Castilla - La Mancha;Cuenca;OTROS FUELÓLEOS;0
2025-05;Castilla - La Mancha;Cuenca;QUEROSENO AVIACIÓN;0
2025-05;Castilla - La Mancha;Cuenca;OTROS QUEROSENOS;0
2025-05;Castilla - La Mancha;Cuenca;GLP;634
2025-05;Castilla - La Mancha;Guadalajara;BIODIESEL;305
2025-05;Castilla - La Mancha;Guadalajara;GASÓLEO A;13585
2025-05;Castilla - La Mancha;Guadalajara;GASÓLEO B;3702
2025-05;Castilla - La Mancha;Guadalajara;GASÓLEO C;911
2025-05;Castilla - La Mancha;Guadalajara;OTROS GASOLEOS;0
2025-05;Castilla - La Mancha;Guadalajara;BIOETANOL;0
2025-05;Castilla - La Mancha;Guadalajara;GASOLINA  AUTO. S/PB 95 I.O.;3879
2025-05;Castilla - La Mancha;Guadalajara;GASOLINA  AUTO. S/PB 98 I.O.;116
2025-05;Castilla - La Mancha;Guadalajara;OTRAS GASOLINAS;0
2025-05;Castilla - La Mancha;Guadalajara;FUELÓLEO  BIA;53
2025-05;Castilla - La Mancha;Guadalajara;OTROS FUELÓLEOS;0
2025-05;Castilla - La Mancha;Guadalajara;QUEROSENO AVIACIÓN;16
2025-05;Castilla - La Mancha;Guadalajara;OTROS QUEROSENOS;0
2025-05;Castilla - La Mancha;Guadalajara;GLP;411
2025-05;Castilla - La Mancha;Toledo;BIODIESEL;498
2025-05;Castilla - La Mancha;Toledo;GASÓLEO A;36200
2025-05;Castilla - La Mancha;Toledo;GASÓLEO B;10298
2025-05;Castilla - La Mancha;Toledo;GASÓLEO C;1693
2025-05;Castilla - La Mancha;Toledo;OTROS GASOLEOS;0
2025-05;Castilla - La Mancha;Toledo;BIOETANOL;0
2025-05;Castilla - La Mancha;Toledo;GASOLINA  AUTO. S/PB 95 I.O.;8752
2025-05;Castilla - La Mancha;Toledo;GASOLINA  AUTO. S/PB 98 I.O.;293
2025-05;Castilla - La Mancha;Toledo;OTRAS GASOLINAS;0
2025-05;Castilla - La Mancha;Toledo;FUELÓLEO  BIA;93
2025-05;Castilla - La Mancha;Toledo;OTROS FUELÓLEOS;0
2025-05;Castilla - La Mancha;Toledo;QUEROSENO AVIACIÓN;28
2025-05;Castilla - La Mancha;Toledo;OTROS QUEROSENOS;0
2025-05;Castilla - La Mancha;Toledo;GLP;1490
2025-05;Castilla y León;Ávila;BIODIESEL;127
2025-05;Castilla y León;Ávila;GASÓLEO A;7132
2025-05;Castilla y León;Ávila;GASÓLEO B;2627
2025-05;Castilla y León;Ávila;GASÓLEO C;628
2025-05;Castilla y León;Ávila;OTROS GASOLEOS;0
2025-05;Castilla y León;Ávila;BIOETANOL;0
2025-05;Castilla y León;Ávila;GASOLINA  AUTO. S/PB 95 I.O.;2098
2025-05;Castilla y León;Ávila;GASOLINA  AUTO. S/PB 98 I.O.;90
2025-05;Castilla y León;Ávila;OTRAS GASOLINAS;0
2025-05;Castilla y León;Ávila;FUELÓLEO  BIA;0
2025-05;Castilla y León;Ávila;OTROS FUELÓLEOS;0
2025-05;Castilla y León;Ávila;QUEROSENO AVIACIÓN;0
2025-05;Castilla y León;Ávila;OTROS QUEROSENOS;0
2025-05;Castilla y León;Ávila;GLP;618
2025-05;Castilla y León;Burgos;BIODIESEL;160
2025-05;Castilla y León;Burgos;GASÓLEO A;27564
2025-05;Castilla y León;Burgos;GASÓLEO B;5720
2025-05;Castilla y León;Burgos;GASÓLEO C;564
2025-05;Castilla y León;Burgos;OTROS GASOLEOS;0
2025-05;Castilla y León;Burgos;BIOETANOL;0
2025-05;Castilla y León;Burgos;GASOLINA  AUTO. S/PB 95 I.O.;5294
2025-05;Castilla y León;Burgos;GASOLINA  AUTO. S/PB 98 I.O.;261
2025-05;Castilla y León;Burgos;OTRAS GASOLINAS;20
2025-05;Castilla y León;Burgos;FUELÓLEO  BIA;166
2025-05;Castilla y León;Burgos;OTROS FUELÓLEOS;0
2025-05;Castilla y León;Burgos;QUEROSENO AVIACIÓN;32
2025-05;Castilla y León;Burgos;OTROS QUEROSENOS;0
2025-05;Castilla y León;Burgos;GLP;790
2025-05;Castilla y León;León;BIODIESEL;51
2025-05;Castilla y León;León;GASÓLEO A;24675
2025-05;Castilla y León;León;GASÓLEO B;8520
2025-05;Castilla y León;León;GASÓLEO C;2834
2025-05;Castilla y León;León;OTROS GASOLEOS;0
2025-05;Castilla y León;León;BIOETANOL;0
2025-05;Castilla y León;León;GASOLINA  AUTO. S/PB 95 I.O.;5348
2025-05;Castilla y León;León;GASOLINA  AUTO. S/PB 98 I.O.;293
2025-05;Castilla y León;León;OTRAS GASOLINAS;0
2025-05;Castilla y León;León;FUELÓLEO  BIA;247
2025-05;Castilla y León;León;OTROS FUELÓLEOS;0
2025-05;Castilla y León;León;QUEROSENO AVIACIÓN;140
2025-05;Castilla y León;León;OTROS QUEROSENOS;0
2025-05;Castilla y León;León;GLP;954
2025-05;Castilla y León;Palencia;BIODIESEL;78
2025-05;Castilla y León;Palencia;GASÓLEO A;9638
2025-05;Castilla y León;Palencia;GASÓLEO B;4866
2025-05;Castilla y León;Palencia;GASÓLEO C;391
2025-05;Castilla y León;Palencia;OTROS GASOLEOS;0
2025-05;Castilla y León;Palencia;BIOETANOL;0
2025-05;Castilla y León;Palencia;GASOLINA  AUTO. S/PB 95 I.O.;1923
2025-05;Castilla y León;Palencia;GASOLINA  AUTO. S/PB 98 I.O.;95
2025-05;Castilla y León;Palencia;OTRAS GASOLINAS;0
2025-05;Castilla y León;Palencia;FUELÓLEO  BIA;25
2025-05;Castilla y León;Palencia;OTROS FUELÓLEOS;0
2025-05;Castilla y León;Palencia;QUEROSENO AVIACIÓN;0
2025-05;Castilla y León;Palencia;OTROS QUEROSENOS;0
2025-05;Castilla y León;Palencia;GLP;406
2025-05;Castilla y León;Salamanca;BIODIESEL;119
2025-05;Castilla y León;Salamanca;GASÓLEO A;21392
2025-05;Castilla y León;Salamanca;GASÓLEO B;4918
2025-05;Castilla y León;Salamanca;GASÓLEO C;1529
2025-05;Castilla y León;Salamanca;OTROS GASOLEOS;0
2025-05;Castilla y León;Salamanca;BIOETANOL;0
2025-05;Castilla y León;Salamanca;GASOLINA  AUTO. S/PB 95 I.O.;3466
2025-05;Castilla y León;Salamanca;GASOLINA  AUTO. S/PB 98 I.O.;191
2025-05;Castilla y León;Salamanca;OTRAS GASOLINAS;51
2025-05;Castilla y León;Salamanca;FUELÓLEO  BIA;0
2025-05;Castilla y León;Salamanca;OTROS FUELÓLEOS;0
2025-05;Castilla y León;Salamanca;QUEROSENO AVIACIÓN;31
2025-05;Castilla y León;Salamanca;OTROS QUEROSENOS;0
2025-05;Castilla y León;Salamanca;GLP;732
2025-05;Castilla y León;Segovia;BIODIESEL;158
2025-05;Castilla y León;Segovia;GASÓLEO A;9657
2025-05;Castilla y León;Segovia;GASÓLEO B;3531
2025-05;Castilla y León;Segovia;GASÓLEO C;1178
2025-05;Castilla y León;Segovia;OTROS GASOLEOS;0
2025-05;Castilla y León;Segovia;BIOETANOL;0
2025-05;Castilla y León;Segovia;GASOLINA  AUTO. S/PB 95 I.O.;2578
2025-05;Castilla y León;Segovia;GASOLINA  AUTO. S/PB 98 I.O.;88
2025-05;Castilla y León;Segovia;OTRAS GASOLINAS;0
2025-05;Castilla y León;Segovia;FUELÓLEO  BIA;26
2025-05;Castilla y León;Segovia;OTROS FUELÓLEOS;0
2025-05;Castilla y León;Segovia;QUEROSENO AVIACIÓN;0
2025-05;Castilla y León;Segovia;OTROS QUEROSENOS;0
2025-05;Castilla y León;Segovia;GLP;660
2025-05;Castilla y León;Soria;BIODIESEL;53
2025-05;Castilla y León;Soria;GASÓLEO A;6174
2025-05;Castilla y León;Soria;GASÓLEO B;2465
2025-05;Castilla y León;Soria;GASÓLEO C;550
2025-05;Castilla y León;Soria;OTROS GASOLEOS;0
2025-05;Castilla y León;Soria;BIOETANOL;0
2025-05;Castilla y León;Soria;GASOLINA  AUTO. S/PB 95 I.O.;1272
2025-05;Castilla y León;Soria;GASOLINA  AUTO. S/PB 98 I.O.;58
2025-05;Castilla y León;Soria;OTRAS GASOLINAS;17
2025-05;Castilla y León;Soria;FUELÓLEO  BIA;0
2025-05;Castilla y León;Soria;OTROS FUELÓLEOS;0
2025-05;Castilla y León;Soria;QUEROSENO AVIACIÓN;0
2025-05;Castilla y León;Soria;OTROS QUEROSENOS;0
2025-05;Castilla y León;Soria;GLP;243
2025-05;Castilla y León;Valladolid;BIODIESEL;226
2025-05;Castilla y León;Valladolid;GASÓLEO A;21098
2025-05;Castilla y León;Valladolid;GASÓLEO B;5590
2025-05;Castilla y León;Valladolid;GASÓLEO C;980
2025-05;Castilla y León;Valladolid;OTROS GASOLEOS;0
2025-05;Castilla y León;Valladolid;BIOETANOL;13
2025-05;Castilla y León;Valladolid;GASOLINA  AUTO. S/PB 95 I.O.;5455
2025-05;Castilla y León;Valladolid;GASOLINA  AUTO. S/PB 98 I.O.;267
2025-05;Castilla y León;Valladolid;OTRAS GASOLINAS;6
2025-05;Castilla y León;Valladolid;FUELÓLEO  BIA;126
2025-05;Castilla y León;Valladolid;OTROS FUELÓLEOS;0
2025-05;Castilla y León;Valladolid;QUEROSENO AVIACIÓN;261
2025-05;Castilla y León;Valladolid;OTROS QUEROSENOS;0
2025-05;Castilla y León;Valladolid;GLP;666
2025-05;Castilla y León;Zamora;BIODIESEL;27
2025-05;Castilla y León;Zamora;GASÓLEO A;17856
2025-05;Castilla y León;Zamora;GASÓLEO B;4718
2025-05;Castilla y León;Zamora;GASÓLEO C;464
2025-05;Castilla y León;Zamora;OTROS GASOLEOS;0
2025-05;Castilla y León;Zamora;BIOETANOL;0
2025-05;Castilla y León;Zamora;GASOLINA  AUTO. S/PB 95 I.O.;2229
2025-05;Castilla y León;Zamora;GASOLINA  AUTO. S/PB 98 I.O.;121
2025-05;Castilla y León;Zamora;OTRAS GASOLINAS;0
2025-05;Castilla y León;Zamora;FUELÓLEO  BIA;0
2025-05;Castilla y León;Zamora;OTROS FUELÓLEOS;0
2025-05;Castilla y León;Zamora;QUEROSENO AVIACIÓN;0
2025-05;Castilla y León;Zamora;OTROS QUEROSENOS;0
2025-05;Castilla y León;Zamora;GLP;433
2025-05;Cataluña;Barcelona;BIODIESEL;2177
2025-05;Cataluña;Barcelona;GASÓLEO A;146759
2025-05;Cataluña;Barcelona;GASÓLEO B;16760
2025-05;Cataluña;Barcelona;GASÓLEO C;1903
2025-05;Cataluña;Barcelona;OTROS GASOLEOS;41167
2025-05;Cataluña;Barcelona;BIOETANOL;0
2025-05;Cataluña;Barcelona;GASOLINA  AUTO. S/PB 95 I.O.;64074
2025-05;Cataluña;Barcelona;GASOLINA  AUTO. S/PB 98 I.O.;2800
2025-05;Cataluña;Barcelona;OTRAS GASOLINAS;73
2025-05;Cataluña;Barcelona;FUELÓLEO  BIA;13536
2025-05;Cataluña;Barcelona;OTROS FUELÓLEOS;56632
2025-05;Cataluña;Barcelona;QUEROSENO AVIACIÓN;119525
2025-05;Cataluña;Barcelona;OTROS QUEROSENOS;0
2025-05;Cataluña;Barcelona;GLP;4747
2025-05;Cataluña;Girona;BIODIESEL;564
2025-05;Cataluña;Girona;GASÓLEO A;107148
2025-05;Cataluña;Girona;GASÓLEO B;5353
2025-05;Cataluña;Girona;GASÓLEO C;1894
2025-05;Cataluña;Girona;OTROS GASOLEOS;603
2025-05;Cataluña;Girona;BIOETANOL;0
2025-05;Cataluña;Girona;GASOLINA  AUTO. S/PB 95 I.O.;16394
2025-05;Cataluña;Girona;GASOLINA  AUTO. S/PB 98 I.O.;976
2025-05;Cataluña;Girona;OTRAS GASOLINAS;4
2025-05;Cataluña;Girona;FUELÓLEO  BIA;53
2025-05;Cataluña;Girona;OTROS FUELÓLEOS;0
2025-05;Cataluña;Girona;QUEROSENO AVIACIÓN;3600
2025-05;Cataluña;Girona;OTROS QUEROSENOS;0
2025-05;Cataluña;Girona;GLP;2451
2025-05;Cataluña;Lleida;BIODIESEL;115
2025-05;Cataluña;Lleida;GASÓLEO A;24769
2025-05;Cataluña;Lleida;GASÓLEO B;6467
2025-05;Cataluña;Lleida;GASÓLEO C;497
2025-05;Cataluña;Lleida;OTROS GASOLEOS;0
2025-05;Cataluña;Lleida;BIOETANOL;0
2025-05;Cataluña;Lleida;GASOLINA  AUTO. S/PB 95 I.O.;5976
2025-05;Cataluña;Lleida;GASOLINA  AUTO. S/PB 98 I.O.;306
2025-05;Cataluña;Lleida;OTRAS GASOLINAS;23
2025-05;Cataluña;Lleida;FUELÓLEO  BIA;50
2025-05;Cataluña;Lleida;OTROS FUELÓLEOS;0
2025-05;Cataluña;Lleida;QUEROSENO AVIACIÓN;115
2025-05;Cataluña;Lleida;OTROS QUEROSENOS;0
2025-05;Cataluña;Lleida;GLP;1495
2025-05;Cataluña;Tarragona;BIODIESEL;353
2025-05;Cataluña;Tarragona;GASÓLEO A;33188
2025-05;Cataluña;Tarragona;GASÓLEO B;4508
2025-05;Cataluña;Tarragona;GASÓLEO C;255
2025-05;Cataluña;Tarragona;OTROS GASOLEOS;2742
2025-05;Cataluña;Tarragona;BIOETANOL;0
2025-05;Cataluña;Tarragona;GASOLINA  AUTO. S/PB 95 I.O.;12705
2025-05;Cataluña;Tarragona;GASOLINA  AUTO. S/PB 98 I.O.;487
2025-05;Cataluña;Tarragona;OTRAS GASOLINAS;9
2025-05;Cataluña;Tarragona;FUELÓLEO  BIA;74
2025-05;Cataluña;Tarragona;OTROS FUELÓLEOS;0
2025-05;Cataluña;Tarragona;QUEROSENO AVIACIÓN;2961
2025-05;Cataluña;Tarragona;OTROS QUEROSENOS;0
2025-05;Cataluña;Tarragona;GLP;1528
2025-05;Ceuta;Ceuta;BIODIESEL;0
2025-05;Ceuta;Ceuta;GASÓLEO A;849
2025-05;Ceuta;Ceuta;GASÓLEO B;0
2025-05;Ceuta;Ceuta;GASÓLEO C;27
2025-05;Ceuta;Ceuta;OTROS GASOLEOS;14209
2025-05;Ceuta;Ceuta;BIOETANOL;0
2025-05;Ceuta;Ceuta;GASOLINA  AUTO. S/PB 95 I.O.;518
2025-05;Ceuta;Ceuta;GASOLINA  AUTO. S/PB 98 I.O.;110
2025-05;Ceuta;Ceuta;OTRAS GASOLINAS;0
2025-05;Ceuta;Ceuta;FUELÓLEO  BIA;2493
2025-05;Ceuta;Ceuta;OTROS FUELÓLEOS;4311
2025-05;Ceuta;Ceuta;QUEROSENO AVIACIÓN;54
2025-05;Ceuta;Ceuta;OTROS QUEROSENOS;0
2025-05;Ceuta;Ceuta;GLP;201
2025-05;Comunitat Valenciana;Alicante/Alacant;BIODIESEL;586
2025-05;Comunitat Valenciana;Alicante/Alacant;GASÓLEO A;54162
2025-05;Comunitat Valenciana;Alicante/Alacant;GASÓLEO B;4705
2025-05;Comunitat Valenciana;Alicante/Alacant;GASÓLEO C;1149
2025-05;Comunitat Valenciana;Alicante/Alacant;OTROS GASOLEOS;2284
2025-05;Comunitat Valenciana;Alicante/Alacant;BIOETANOL;0
2025-05;Comunitat Valenciana;Alicante/Alacant;GASOLINA  AUTO. S/PB 95 I.O.;25840
2025-05;Comunitat Valenciana;Alicante/Alacant;GASOLINA  AUTO. S/PB 98 I.O.;1141
2025-05;Comunitat Valenciana;Alicante/Alacant;OTRAS GASOLINAS;13
2025-05;Comunitat Valenciana;Alicante/Alacant;FUELÓLEO  BIA;168
2025-05;Comunitat Valenciana;Alicante/Alacant;OTROS FUELÓLEOS;0
2025-05;Comunitat Valenciana;Alicante/Alacant;QUEROSENO AVIACIÓN;31137
2025-05;Comunitat Valenciana;Alicante/Alacant;OTROS QUEROSENOS;14
2025-05;Comunitat Valenciana;Alicante/Alacant;GLP;4778
2025-05;Comunitat Valenciana;Castellón/Castelló;BIODIESEL;27
2025-05;Comunitat Valenciana;Castellón/Castelló;GASÓLEO A;23246
2025-05;Comunitat Valenciana;Castellón/Castelló;GASÓLEO B;2003
2025-05;Comunitat Valenciana;Castellón/Castelló;GASÓLEO C;245
2025-05;Comunitat Valenciana;Castellón/Castelló;OTROS GASOLEOS;18126
2025-05;Comunitat Valenciana;Castellón/Castelló;BIOETANOL;0
2025-05;Comunitat Valenciana;Castellón/Castelló;GASOLINA  AUTO. S/PB 95 I.O.;7961
2025-05;Comunitat Valenciana;Castellón/Castelló;GASOLINA  AUTO. S/PB 98 I.O.;321
2025-05;Comunitat Valenciana;Castellón/Castelló;OTRAS GASOLINAS;24
2025-05;Comunitat Valenciana;Castellón/Castelló;FUELÓLEO  BIA;0
2025-05;Comunitat Valenciana;Castellón/Castelló;OTROS FUELÓLEOS;0
2025-05;Comunitat Valenciana;Castellón/Castelló;QUEROSENO AVIACIÓN;584
2025-05;Comunitat Valenciana;Castellón/Castelló;OTROS QUEROSENOS;0
2025-05;Comunitat Valenciana;Castellón/Castelló;GLP;1348
2025-05;Comunitat Valenciana;Valencia/València;BIODIESEL;255
2025-05;Comunitat Valenciana;Valencia/València;GASÓLEO A;98702
2025-05;Comunitat Valenciana;Valencia/València;GASÓLEO B;12040
2025-05;Comunitat Valenciana;Valencia/València;GASÓLEO C;972
2025-05;Comunitat Valenciana;Valencia/València;OTROS GASOLEOS;9879
2025-05;Comunitat Valenciana;Valencia/València;BIOETANOL;0
2025-05;Comunitat Valenciana;Valencia/València;GASOLINA  AUTO. S/PB 95 I.O.;30926
2025-05;Comunitat Valenciana;Valencia/València;GASOLINA  AUTO. S/PB 98 I.O.;1126
2025-05;Comunitat Valenciana;Valencia/València;OTRAS GASOLINAS;6
2025-05;Comunitat Valenciana;Valencia/València;FUELÓLEO  BIA;238
2025-05;Comunitat Valenciana;Valencia/València;OTROS FUELÓLEOS;18429
2025-05;Comunitat Valenciana;Valencia/València;QUEROSENO AVIACIÓN;15766
2025-05;Comunitat Valenciana;Valencia/València;OTROS QUEROSENOS;1
2025-05;Comunitat Valenciana;Valencia/València;GLP;4029
2025-05;Extremadura;Badajoz;BIODIESEL;122
2025-05;Extremadura;Badajoz;GASÓLEO A;40272
2025-05;Extremadura;Badajoz;GASÓLEO B;10807
2025-05;Extremadura;Badajoz;GASÓLEO C;166
2025-05;Extremadura;Badajoz;OTROS GASOLEOS;0
2025-05;Extremadura;Badajoz;BIOETANOL;0
2025-05;Extremadura;Badajoz;GASOLINA  AUTO. S/PB 95 I.O.;6322
2025-05;Extremadura;Badajoz;GASOLINA  AUTO. S/PB 98 I.O.;206
2025-05;Extremadura;Badajoz;OTRAS GASOLINAS;1
2025-05;Extremadura;Badajoz;FUELÓLEO  BIA;27
2025-05;Extremadura;Badajoz;OTROS FUELÓLEOS;0
2025-05;Extremadura;Badajoz;QUEROSENO AVIACIÓN;157
2025-05;Extremadura;Badajoz;OTROS QUEROSENOS;0
2025-05;Extremadura;Badajoz;GLP;2087
2025-05;Extremadura;Cáceres;BIODIESEL;86
2025-05;Extremadura;Cáceres;GASÓLEO A;19216
2025-05;Extremadura;Cáceres;GASÓLEO B;3929
2025-05;Extremadura;Cáceres;GASÓLEO C;351
2025-05;Extremadura;Cáceres;OTROS GASOLEOS;0
2025-05;Extremadura;Cáceres;BIOETANOL;0
2025-05;Extremadura;Cáceres;GASOLINA  AUTO. S/PB 95 I.O.;4434
2025-05;Extremadura;Cáceres;GASOLINA  AUTO. S/PB 98 I.O.;152
2025-05;Extremadura;Cáceres;OTRAS GASOLINAS;0
2025-05;Extremadura;Cáceres;FUELÓLEO  BIA;208
2025-05;Extremadura;Cáceres;OTROS FUELÓLEOS;0
2025-05;Extremadura;Cáceres;QUEROSENO AVIACIÓN;28
2025-05;Extremadura;Cáceres;OTROS QUEROSENOS;0
2025-05;Extremadura;Cáceres;GLP;1294
2025-05;Galicia;Coruña, A;BIODIESEL;121
2025-05;Galicia;Coruña, A;GASÓLEO A;44513
2025-05;Galicia;Coruña, A;GASÓLEO B;10391
2025-05;Galicia;Coruña, A;GASÓLEO C;2636
2025-05;Galicia;Coruña, A;OTROS GASOLEOS;3073
2025-05;Galicia;Coruña, A;BIOETANOL;9
2025-05;Galicia;Coruña, A;GASOLINA  AUTO. S/PB 95 I.O.;11380
2025-05;Galicia;Coruña, A;GASOLINA  AUTO. S/PB 98 I.O.;528
2025-05;Galicia;Coruña, A;OTRAS GASOLINAS;9
2025-05;Galicia;Coruña, A;FUELÓLEO  BIA;4323
2025-05;Galicia;Coruña, A;OTROS FUELÓLEOS;756
2025-05;Galicia;Coruña, A;QUEROSENO AVIACIÓN;5539
2025-05;Galicia;Coruña, A;OTROS QUEROSENOS;0
2025-05;Galicia;Coruña, A;GLP;3144
2025-05;Galicia;Lugo;BIODIESEL;29
2025-05;Galicia;Lugo;GASÓLEO A;18460
2025-05;Galicia;Lugo;GASÓLEO B;7128
2025-05;Galicia;Lugo;GASÓLEO C;1759
2025-05;Galicia;Lugo;OTROS GASOLEOS;1413
2025-05;Galicia;Lugo;BIOETANOL;0
2025-05;Galicia;Lugo;GASOLINA  AUTO. S/PB 95 I.O.;3149
2025-05;Galicia;Lugo;GASOLINA  AUTO. S/PB 98 I.O.;146
2025-05;Galicia;Lugo;OTRAS GASOLINAS;8
2025-05;Galicia;Lugo;FUELÓLEO  BIA;112
2025-05;Galicia;Lugo;OTROS FUELÓLEOS;0
2025-05;Galicia;Lugo;QUEROSENO AVIACIÓN;7
2025-05;Galicia;Lugo;OTROS QUEROSENOS;0
2025-05;Galicia;Lugo;GLP;1299
2025-05;Galicia;Ourense;BIODIESEL;68
2025-05;Galicia;Ourense;GASÓLEO A;13867
2025-05;Galicia;Ourense;GASÓLEO B;2647
2025-05;Galicia;Ourense;GASÓLEO C;2581
2025-05;Galicia;Ourense;OTROS GASOLEOS;0
2025-05;Galicia;Ourense;BIOETANOL;0
2025-05;Galicia;Ourense;GASOLINA  AUTO. S/PB 95 I.O.;2952
2025-05;Galicia;Ourense;GASOLINA  AUTO. S/PB 98 I.O.;201
2025-05;Galicia;Ourense;OTRAS GASOLINAS;0
2025-05;Galicia;Ourense;FUELÓLEO  BIA;53
2025-05;Galicia;Ourense;OTROS FUELÓLEOS;0
2025-05;Galicia;Ourense;QUEROSENO AVIACIÓN;23
2025-05;Galicia;Ourense;OTROS QUEROSENOS;0
2025-05;Galicia;Ourense;GLP;1051
2025-05;Galicia;Pontevedra;BIODIESEL;167
2025-05;Galicia;Pontevedra;GASÓLEO A;38631
2025-05;Galicia;Pontevedra;GASÓLEO B;6538
2025-05;Galicia;Pontevedra;GASÓLEO C;2482
2025-05;Galicia;Pontevedra;OTROS GASOLEOS;6523
2025-05;Galicia;Pontevedra;BIOETANOL;0
2025-05;Galicia;Pontevedra;GASOLINA  AUTO. S/PB 95 I.O.;9444
2025-05;Galicia;Pontevedra;GASOLINA  AUTO. S/PB 98 I.O.;509
2025-05;Galicia;Pontevedra;OTRAS GASOLINAS;1
2025-05;Galicia;Pontevedra;FUELÓLEO  BIA;473
2025-05;Galicia;Pontevedra;OTROS FUELÓLEOS;993
2025-05;Galicia;Pontevedra;QUEROSENO AVIACIÓN;1172
2025-05;Galicia;Pontevedra;OTROS QUEROSENOS;0
2025-05;Galicia;Pontevedra;GLP;2735
2025-05;Madrid, Comunidad de;Madrid;BIODIESEL;2961
2025-05;Madrid, Comunidad de;Madrid;GASÓLEO A;150387
2025-05;Madrid, Comunidad de;Madrid;GASÓLEO B;9068
2025-05;Madrid, Comunidad de;Madrid;GASÓLEO C;7017
2025-05;Madrid, Comunidad de;Madrid;OTROS GASOLEOS;0
2025-05;Madrid, Comunidad de;Madrid;BIOETANOL;0
2025-05;Madrid, Comunidad de;Madrid;GASOLINA  AUTO. S/PB 95 I.O.;75141
2025-05;Madrid, Comunidad de;Madrid;GASOLINA  AUTO. S/PB 98 I.O.;2838
2025-05;Madrid, Comunidad de;Madrid;OTRAS GASOLINAS;69
2025-05;Madrid, Comunidad de;Madrid;FUELÓLEO  BIA;526
2025-05;Madrid, Comunidad de;Madrid;OTROS FUELÓLEOS;0
2025-05;Madrid, Comunidad de;Madrid;QUEROSENO AVIACIÓN;233327
2025-05;Madrid, Comunidad de;Madrid;OTROS QUEROSENOS;0
2025-05;Madrid, Comunidad de;Madrid;GLP;7233
2025-05;Melilla;Melilla;BIODIESEL;0
2025-05;Melilla;Melilla;GASÓLEO A;984
2025-05;Melilla;Melilla;GASÓLEO B;0
2025-05;Melilla;Melilla;GASÓLEO C;0
2025-05;Melilla;Melilla;OTROS GASOLEOS;0
2025-05;Melilla;Melilla;BIOETANOL;0
2025-05;Melilla;Melilla;GASOLINA  AUTO. S/PB 95 I.O.;562
2025-05;Melilla;Melilla;GASOLINA  AUTO. S/PB 98 I.O.;0
2025-05;Melilla;Melilla;OTRAS GASOLINAS;0
2025-05;Melilla;Melilla;FUELÓLEO  BIA;2497
2025-05;Melilla;Melilla;OTROS FUELÓLEOS;0
2025-05;Melilla;Melilla;QUEROSENO AVIACIÓN;267
2025-05;Melilla;Melilla;OTROS QUEROSENOS;0
2025-05;Melilla;Melilla;GLP;190
2025-05;Murcia, Región de;Murcia;BIODIESEL;2131
2025-05;Murcia, Región de;Murcia;GASÓLEO A;81692
2025-05;Murcia, Región de;Murcia;GASÓLEO B;12676
2025-05;Murcia, Región de;Murcia;GASÓLEO C;559
2025-05;Murcia, Región de;Murcia;OTROS GASOLEOS;1982
2025-05;Murcia, Región de;Murcia;BIOETANOL;0
2025-05;Murcia, Región de;Murcia;GASOLINA  AUTO. S/PB 95 I.O.;15422
2025-05;Murcia, Región de;Murcia;GASOLINA  AUTO. S/PB 98 I.O.;678
2025-05;Murcia, Región de;Murcia;OTRAS GASOLINAS;13
2025-05;Murcia, Región de;Murcia;FUELÓLEO  BIA;214
2025-05;Murcia, Región de;Murcia;OTROS FUELÓLEOS;0
2025-05;Murcia, Región de;Murcia;QUEROSENO AVIACIÓN;1691
2025-05;Murcia, Región de;Murcia;OTROS QUEROSENOS;0
2025-05;Murcia, Región de;Murcia;GLP;3483
2025-05;Navarra, Comunidad Foral de;Navarra;BIODIESEL;513
2025-05;Navarra, Comunidad Foral de;Navarra;GASÓLEO A;53544
2025-05;Navarra, Comunidad Foral de;Navarra;GASÓLEO B;6913
2025-05;Navarra, Comunidad Foral de;Navarra;GASÓLEO C;524
2025-05;Navarra, Comunidad Foral de;Navarra;OTROS GASOLEOS;0
2025-05;Navarra, Comunidad Foral de;Navarra;BIOETANOL;0
2025-05;Navarra, Comunidad Foral de;Navarra;GASOLINA  AUTO. S/PB 95 I.O.;8082
2025-05;Navarra, Comunidad Foral de;Navarra;GASOLINA  AUTO. S/PB 98 I.O.;285
2025-05;Navarra, Comunidad Foral de;Navarra;OTRAS GASOLINAS;2
2025-05;Navarra, Comunidad Foral de;Navarra;FUELÓLEO  BIA;484
2025-05;Navarra, Comunidad Foral de;Navarra;OTROS FUELÓLEOS;0
2025-05;Navarra, Comunidad Foral de;Navarra;QUEROSENO AVIACIÓN;150
2025-05;Navarra, Comunidad Foral de;Navarra;OTROS QUEROSENOS;0
2025-05;Navarra, Comunidad Foral de;Navarra;GLP;981
2025-05;País Vasco;Araba/Álava;BIODIESEL;277
2025-05;País Vasco;Araba/Álava;GASÓLEO A;51772
2025-05;País Vasco;Araba/Álava;GASÓLEO B;2681
2025-05;País Vasco;Araba/Álava;GASÓLEO C;761
2025-05;País Vasco;Araba/Álava;OTROS GASOLEOS;0
2025-05;País Vasco;Araba/Álava;BIOETANOL;0
2025-05;País Vasco;Araba/Álava;GASOLINA  AUTO. S/PB 95 I.O.;2892
2025-05;País Vasco;Araba/Álava;GASOLINA  AUTO. S/PB 98 I.O.;169
2025-05;País Vasco;Araba/Álava;OTRAS GASOLINAS;1
2025-05;País Vasco;Araba/Álava;FUELÓLEO  BIA;27
2025-05;País Vasco;Araba/Álava;OTROS FUELÓLEOS;0
2025-05;País Vasco;Araba/Álava;QUEROSENO AVIACIÓN;1363
2025-05;País Vasco;Araba/Álava;OTROS QUEROSENOS;0
2025-05;País Vasco;Araba/Álava;GLP;325
2025-05;País Vasco;Bizkaia;BIODIESEL;903
2025-05;País Vasco;Bizkaia;GASÓLEO A;30913
2025-05;País Vasco;Bizkaia;GASÓLEO B;8843
2025-05;País Vasco;Bizkaia;GASÓLEO C;1922
2025-05;País Vasco;Bizkaia;OTROS GASOLEOS;1299
2025-05;País Vasco;Bizkaia;BIOETANOL;0
2025-05;País Vasco;Bizkaia;GASOLINA  AUTO. S/PB 95 I.O.;9418
2025-05;País Vasco;Bizkaia;GASOLINA  AUTO. S/PB 98 I.O.;473
2025-05;País Vasco;Bizkaia;OTRAS GASOLINAS;0
2025-05;País Vasco;Bizkaia;FUELÓLEO  BIA;351
2025-05;País Vasco;Bizkaia;OTROS FUELÓLEOS;0
2025-05;País Vasco;Bizkaia;QUEROSENO AVIACIÓN;8225
2025-05;País Vasco;Bizkaia;OTROS QUEROSENOS;0
2025-05;País Vasco;Bizkaia;GLP;938
2025-05;País Vasco;Gipuzkoa;BIODIESEL;342
2025-05;País Vasco;Gipuzkoa;GASÓLEO A;59717
2025-05;País Vasco;Gipuzkoa;GASÓLEO B;1600
2025-05;País Vasco;Gipuzkoa;GASÓLEO C;177
2025-05;País Vasco;Gipuzkoa;OTROS GASOLEOS;703
2025-05;País Vasco;Gipuzkoa;BIOETANOL;0
2025-05;País Vasco;Gipuzkoa;GASOLINA  AUTO. S/PB 95 I.O.;7405
2025-05;País Vasco;Gipuzkoa;GASOLINA  AUTO. S/PB 98 I.O.;452
2025-05;País Vasco;Gipuzkoa;OTRAS GASOLINAS;2
2025-05;País Vasco;Gipuzkoa;FUELÓLEO  BIA;75
2025-05;País Vasco;Gipuzkoa;OTROS FUELÓLEOS;0
2025-05;País Vasco;Gipuzkoa;QUEROSENO AVIACIÓN;606
2025-05;País Vasco;Gipuzkoa;OTROS QUEROSENOS;0
2025-05;País Vasco;Gipuzkoa;GLP;985
2025-05;Rioja, La;Rioja, La;BIODIESEL;149
2025-05;Rioja, La;Rioja, La;GASÓLEO A;13063
2025-05;Rioja, La;Rioja, La;GASÓLEO B;3415
2025-05;Rioja, La;Rioja, La;GASÓLEO C;793
2025-05;Rioja, La;Rioja, La;OTROS GASOLEOS;0
2025-05;Rioja, La;Rioja, La;BIOETANOL;0
2025-05;Rioja, La;Rioja, La;GASOLINA  AUTO. S/PB 95 I.O.;2920
2025-05;Rioja, La;Rioja, La;GASOLINA  AUTO. S/PB 98 I.O.;134
2025-05;Rioja, La;Rioja, La;OTRAS GASOLINAS;8
2025-05;Rioja, La;Rioja, La;FUELÓLEO  BIA;107
2025-05;Rioja, La;Rioja, La;OTROS FUELÓLEOS;0
2025-05;Rioja, La;Rioja, La;QUEROSENO AVIACIÓN;23
2025-05;Rioja, La;Rioja, La;OTROS QUEROSENOS;0
2025-05;Rioja, La;Rioja, La;GLP;503
2025-06;Andalucía;Almería;BIODIESEL;395
2025-06;Andalucía;Almería;GASÓLEO A;34841
2025-06;Andalucía;Almería;GASÓLEO B;5933
2025-06;Andalucía;Almería;GASÓLEO C;75
2025-06;Andalucía;Almería;OTROS GASOLEOS;1840
2025-06;Andalucía;Almería;BIOETANOL;0
2025-06;Andalucía;Almería;GASOLINA  AUTO. S/PB 95 I.O.;7027
2025-06;Andalucía;Almería;GASOLINA  AUTO. S/PB 98 I.O.;362
2025-06;Andalucía;Almería;OTRAS GASOLINAS;4
2025-06;Andalucía;Almería;FUELÓLEO  BIA;184
2025-06;Andalucía;Almería;OTROS FUELÓLEOS;1702
2025-06;Andalucía;Almería;QUEROSENO AVIACIÓN;1347
2025-06;Andalucía;Almería;OTROS QUEROSENOS;0
2025-06;Andalucía;Almería;GLP;1628
2025-06;Andalucía;Cádiz;BIODIESEL;79
2025-06;Andalucía;Cádiz;GASÓLEO A;36238
2025-06;Andalucía;Cádiz;GASÓLEO B;8236
2025-06;Andalucía;Cádiz;GASÓLEO C;202
2025-06;Andalucía;Cádiz;OTROS GASOLEOS;55438
2025-06;Andalucía;Cádiz;BIOETANOL;0
2025-06;Andalucía;Cádiz;GASOLINA  AUTO. S/PB 95 I.O.;13368
2025-06;Andalucía;Cádiz;GASOLINA  AUTO. S/PB 98 I.O.;470
2025-06;Andalucía;Cádiz;OTRAS GASOLINAS;39
2025-06;Andalucía;Cádiz;FUELÓLEO  BIA;35036
2025-06;Andalucía;Cádiz;OTROS FUELÓLEOS;171504
2025-06;Andalucía;Cádiz;QUEROSENO AVIACIÓN;1971
2025-06;Andalucía;Cádiz;OTROS QUEROSENOS;0
2025-06;Andalucía;Cádiz;GLP;2539
2025-06;Andalucía;Córdoba;BIODIESEL;274
2025-06;Andalucía;Córdoba;GASÓLEO A;30440
2025-06;Andalucía;Córdoba;GASÓLEO B;9911
2025-06;Andalucía;Córdoba;GASÓLEO C;332
2025-06;Andalucía;Córdoba;OTROS GASOLEOS;0
2025-06;Andalucía;Córdoba;BIOETANOL;0
2025-06;Andalucía;Córdoba;GASOLINA  AUTO. S/PB 95 I.O.;5941
2025-06;Andalucía;Córdoba;GASOLINA  AUTO. S/PB 98 I.O.;138
2025-06;Andalucía;Córdoba;OTRAS GASOLINAS;9
2025-06;Andalucía;Córdoba;FUELÓLEO  BIA;54
2025-06;Andalucía;Córdoba;OTROS FUELÓLEOS;0
2025-06;Andalucía;Córdoba;QUEROSENO AVIACIÓN;165
2025-06;Andalucía;Córdoba;OTROS QUEROSENOS;0
2025-06;Andalucía;Córdoba;GLP;1138
2025-06;Andalucía;Granada;BIODIESEL;94
2025-06;Andalucía;Granada;GASÓLEO A;33753
2025-06;Andalucía;Granada;GASÓLEO B;6056
2025-06;Andalucía;Granada;GASÓLEO C;999
2025-06;Andalucía;Granada;OTROS GASOLEOS;343
2025-06;Andalucía;Granada;BIOETANOL;0
2025-06;Andalucía;Granada;GASOLINA  AUTO. S/PB 95 I.O.;9514
2025-06;Andalucía;Granada;GASOLINA  AUTO. S/PB 98 I.O.;502
2025-06;Andalucía;Granada;OTRAS GASOLINAS;14
2025-06;Andalucía;Granada;FUELÓLEO  BIA;52
2025-06;Andalucía;Granada;OTROS FUELÓLEOS;1302
2025-06;Andalucía;Granada;QUEROSENO AVIACIÓN;1183
2025-06;Andalucía;Granada;OTROS QUEROSENOS;0
2025-06;Andalucía;Granada;GLP;1869
2025-06;Andalucía;Huelva;BIODIESEL;264
2025-06;Andalucía;Huelva;GASÓLEO A;25706
2025-06;Andalucía;Huelva;GASÓLEO B;8945
2025-06;Andalucía;Huelva;GASÓLEO C;291
2025-06;Andalucía;Huelva;OTROS GASOLEOS;1254
2025-06;Andalucía;Huelva;BIOETANOL;0
2025-06;Andalucía;Huelva;GASOLINA  AUTO. S/PB 95 I.O.;6073
2025-06;Andalucía;Huelva;GASOLINA  AUTO. S/PB 98 I.O.;192
2025-06;Andalucía;Huelva;OTRAS GASOLINAS;0
2025-06;Andalucía;Huelva;FUELÓLEO  BIA;546
2025-06;Andalucía;Huelva;OTROS FUELÓLEOS;0
2025-06;Andalucía;Huelva;QUEROSENO AVIACIÓN;0
2025-06;Andalucía;Huelva;OTROS QUEROSENOS;0
2025-06;Andalucía;Huelva;GLP;1584
2025-06;Andalucía;Jaén;BIODIESEL;362
2025-06;Andalucía;Jaén;GASÓLEO A;30633
2025-06;Andalucía;Jaén;GASÓLEO B;5233
2025-06;Andalucía;Jaén;GASÓLEO C;346
2025-06;Andalucía;Jaén;OTROS GASOLEOS;0
2025-06;Andalucía;Jaén;BIOETANOL;0
2025-06;Andalucía;Jaén;GASOLINA  AUTO. S/PB 95 I.O.;4913
2025-06;Andalucía;Jaén;GASOLINA  AUTO. S/PB 98 I.O.;143
2025-06;Andalucía;Jaén;OTRAS GASOLINAS;0
2025-06;Andalucía;Jaén;FUELÓLEO  BIA;122
2025-06;Andalucía;Jaén;OTROS FUELÓLEOS;0
2025-06;Andalucía;Jaén;QUEROSENO AVIACIÓN;0
2025-06;Andalucía;Jaén;OTROS QUEROSENOS;0
2025-06;Andalucía;Jaén;GLP;1193
2025-06;Andalucía;Málaga;BIODIESEL;266
2025-06;Andalucía;Málaga;GASÓLEO A;52111
2025-06;Andalucía;Málaga;GASÓLEO B;5241
2025-06;Andalucía;Málaga;GASÓLEO C;254
2025-06;Andalucía;Málaga;OTROS GASOLEOS;655
2025-06;Andalucía;Málaga;BIOETANOL;0
2025-06;Andalucía;Málaga;GASOLINA  AUTO. S/PB 95 I.O.;22833
2025-06;Andalucía;Málaga;GASOLINA  AUTO. S/PB 98 I.O.;1394
2025-06;Andalucía;Málaga;OTRAS GASOLINAS;38
2025-06;Andalucía;Málaga;FUELÓLEO  BIA;78
2025-06;Andalucía;Málaga;OTROS FUELÓLEOS;0
2025-06;Andalucía;Málaga;QUEROSENO AVIACIÓN;48654
2025-06;Andalucía;Málaga;OTROS QUEROSENOS;0
2025-06;Andalucía;Málaga;GLP;3608
2025-06;Andalucía;Sevilla;BIODIESEL;428
2025-06;Andalucía;Sevilla;GASÓLEO A;59817
2025-06;Andalucía;Sevilla;GASÓLEO B;10605
2025-06;Andalucía;Sevilla;GASÓLEO C;240
2025-06;Andalucía;Sevilla;OTROS GASOLEOS;809
2025-06;Andalucía;Sevilla;BIOETANOL;0
2025-06;Andalucía;Sevilla;GASOLINA  AUTO. S/PB 95 I.O.;19116
2025-06;Andalucía;Sevilla;GASOLINA  AUTO. S/PB 98 I.O.;437
2025-06;Andalucía;Sevilla;OTRAS GASOLINAS;31
2025-06;Andalucía;Sevilla;FUELÓLEO  BIA;292
2025-06;Andalucía;Sevilla;OTROS FUELÓLEOS;0
2025-06;Andalucía;Sevilla;QUEROSENO AVIACIÓN;12585
2025-06;Andalucía;Sevilla;OTROS QUEROSENOS;0
2025-06;Andalucía;Sevilla;GLP;3316
2025-06;Aragón;Huesca;BIODIESEL;291
2025-06;Aragón;Huesca;GASÓLEO A;15485
2025-06;Aragón;Huesca;GASÓLEO B;8919
2025-06;Aragón;Huesca;GASÓLEO C;396
2025-06;Aragón;Huesca;OTROS GASOLEOS;0
2025-06;Aragón;Huesca;BIOETANOL;0
2025-06;Aragón;Huesca;GASOLINA  AUTO. S/PB 95 I.O.;3766
2025-06;Aragón;Huesca;GASOLINA  AUTO. S/PB 98 I.O.;225
2025-06;Aragón;Huesca;OTRAS GASOLINAS;6
2025-06;Aragón;Huesca;FUELÓLEO  BIA;0
2025-06;Aragón;Huesca;OTROS FUELÓLEOS;0
2025-06;Aragón;Huesca;QUEROSENO AVIACIÓN;63
2025-06;Aragón;Huesca;OTROS QUEROSENOS;0
2025-06;Aragón;Huesca;GLP;727
2025-06;Aragón;Teruel;BIODIESEL;91
2025-06;Aragón;Teruel;GASÓLEO A;9822
2025-06;Aragón;Teruel;GASÓLEO B;4652
2025-06;Aragón;Teruel;GASÓLEO C;465
2025-06;Aragón;Teruel;OTROS GASOLEOS;0
2025-06;Aragón;Teruel;BIOETANOL;0
2025-06;Aragón;Teruel;GASOLINA  AUTO. S/PB 95 I.O.;2083
2025-06;Aragón;Teruel;GASOLINA  AUTO. S/PB 98 I.O.;114
2025-06;Aragón;Teruel;OTRAS GASOLINAS;0
2025-06;Aragón;Teruel;FUELÓLEO  BIA;50
2025-06;Aragón;Teruel;OTROS FUELÓLEOS;0
2025-06;Aragón;Teruel;QUEROSENO AVIACIÓN;187
2025-06;Aragón;Teruel;OTROS QUEROSENOS;0
2025-06;Aragón;Teruel;GLP;327
2025-06;Aragón;Zaragoza;BIODIESEL;1866
2025-06;Aragón;Zaragoza;GASÓLEO A;45027
2025-06;Aragón;Zaragoza;GASÓLEO B;11397
2025-06;Aragón;Zaragoza;GASÓLEO C;1521
2025-06;Aragón;Zaragoza;OTROS GASOLEOS;101
2025-06;Aragón;Zaragoza;BIOETANOL;0
2025-06;Aragón;Zaragoza;GASOLINA  AUTO. S/PB 95 I.O.;10717
2025-06;Aragón;Zaragoza;GASOLINA  AUTO. S/PB 98 I.O.;406
2025-06;Aragón;Zaragoza;OTRAS GASOLINAS;3
2025-06;Aragón;Zaragoza;FUELÓLEO  BIA;0
2025-06;Aragón;Zaragoza;OTROS FUELÓLEOS;565
2025-06;Aragón;Zaragoza;QUEROSENO AVIACIÓN;6037
2025-06;Aragón;Zaragoza;OTROS QUEROSENOS;0
2025-06;Aragón;Zaragoza;GLP;1220
2025-06;Asturias, Principado de;Asturias;BIODIESEL;251
2025-06;Asturias, Principado de;Asturias;GASÓLEO A;33431
2025-06;Asturias, Principado de;Asturias;GASÓLEO B;6114
2025-06;Asturias, Principado de;Asturias;GASÓLEO C;1763
2025-06;Asturias, Principado de;Asturias;OTROS GASOLEOS;3552
2025-06;Asturias, Principado de;Asturias;BIOETANOL;0
2025-06;Asturias, Principado de;Asturias;GASOLINA  AUTO. S/PB 95 I.O.;9631
2025-06;Asturias, Principado de;Asturias;GASOLINA  AUTO. S/PB 98 I.O.;574
2025-06;Asturias, Principado de;Asturias;OTRAS GASOLINAS;3
2025-06;Asturias, Principado de;Asturias;FUELÓLEO  BIA;585
2025-06;Asturias, Principado de;Asturias;OTROS FUELÓLEOS;399
2025-06;Asturias, Principado de;Asturias;QUEROSENO AVIACIÓN;2190
2025-06;Asturias, Principado de;Asturias;OTROS QUEROSENOS;0
2025-06;Asturias, Principado de;Asturias;GLP;1603
2025-06;Balears, Illes;Balears, Illes;BIODIESEL;0
2025-06;Balears, Illes;Balears, Illes;GASÓLEO A;33357
2025-06;Balears, Illes;Balears, Illes;GASÓLEO B;3328
2025-06;Balears, Illes;Balears, Illes;GASÓLEO C;14075
2025-06;Balears, Illes;Balears, Illes;OTROS GASOLEOS;7322
2025-06;Balears, Illes;Balears, Illes;BIOETANOL;0
2025-06;Balears, Illes;Balears, Illes;GASOLINA  AUTO. S/PB 95 I.O.;27244
2025-06;Balears, Illes;Balears, Illes;GASOLINA  AUTO. S/PB 98 I.O.;1264
2025-06;Balears, Illes;Balears, Illes;OTRAS GASOLINAS;37
2025-06;Balears, Illes;Balears, Illes;FUELÓLEO  BIA;0
2025-06;Balears, Illes;Balears, Illes;OTROS FUELÓLEOS;0
2025-06;Balears, Illes;Balears, Illes;QUEROSENO AVIACIÓN;88624
2025-06;Balears, Illes;Balears, Illes;OTROS QUEROSENOS;0
2025-06;Balears, Illes;Balears, Illes;GLP;3845
2025-06;Canarias;Palmas, Las;BIODIESEL;133
2025-06;Canarias;Palmas, Las;GASÓLEO A;26770
2025-06;Canarias;Palmas, Las;GASÓLEO B;0
2025-06;Canarias;Palmas, Las;GASÓLEO C;0
2025-06;Canarias;Palmas, Las;OTROS GASOLEOS;83736
2025-06;Canarias;Palmas, Las;BIOETANOL;0
2025-06;Canarias;Palmas, Las;GASOLINA  AUTO. S/PB 95 I.O.;18444
2025-06;Canarias;Palmas, Las;GASOLINA  AUTO. S/PB 98 I.O.;3506
2025-06;Canarias;Palmas, Las;OTRAS GASOLINAS;1
2025-06;Canarias;Palmas, Las;FUELÓLEO  BIA;109502
2025-06;Canarias;Palmas, Las;OTROS FUELÓLEOS;46861
2025-06;Canarias;Palmas, Las;QUEROSENO AVIACIÓN;42560
2025-06;Canarias;Palmas, Las;OTROS QUEROSENOS;0
2025-06;Canarias;Palmas, Las;GLP;2887
2025-06;Canarias;Santa Cruz de Tenerife;BIODIESEL;0
2025-06;Canarias;Santa Cruz de Tenerife;GASÓLEO A;26255
2025-06;Canarias;Santa Cruz de Tenerife;GASÓLEO B;0
2025-06;Canarias;Santa Cruz de Tenerife;GASÓLEO C;0
2025-06;Canarias;Santa Cruz de Tenerife;OTROS GASOLEOS;49722
2025-06;Canarias;Santa Cruz de Tenerife;BIOETANOL;0
2025-06;Canarias;Santa Cruz de Tenerife;GASOLINA  AUTO. S/PB 95 I.O.;17555
2025-06;Canarias;Santa Cruz de Tenerife;GASOLINA  AUTO. S/PB 98 I.O.;4919
2025-06;Canarias;Santa Cruz de Tenerife;OTRAS GASOLINAS;0
2025-06;Canarias;Santa Cruz de Tenerife;FUELÓLEO  BIA;20484
2025-06;Canarias;Santa Cruz de Tenerife;OTROS FUELÓLEOS;19726
2025-06;Canarias;Santa Cruz de Tenerife;QUEROSENO AVIACIÓN;42607
2025-06;Canarias;Santa Cruz de Tenerife;OTROS QUEROSENOS;0
2025-06;Canarias;Santa Cruz de Tenerife;GLP;3237
2025-06;Cantabria;Cantabria;BIODIESEL;848
2025-06;Cantabria;Cantabria;GASÓLEO A;24755
2025-06;Cantabria;Cantabria;GASÓLEO B;3808
2025-06;Cantabria;Cantabria;GASÓLEO C;47
2025-06;Cantabria;Cantabria;OTROS GASOLEOS;1261
2025-06;Cantabria;Cantabria;BIOETANOL;0
2025-06;Cantabria;Cantabria;GASOLINA  AUTO. S/PB 95 I.O.;7772
2025-06;Cantabria;Cantabria;GASOLINA  AUTO. S/PB 98 I.O.;359
2025-06;Cantabria;Cantabria;OTRAS GASOLINAS;1
2025-06;Cantabria;Cantabria;FUELÓLEO  BIA;228
2025-06;Cantabria;Cantabria;OTROS FUELÓLEOS;0
2025-06;Cantabria;Cantabria;QUEROSENO AVIACIÓN;1143
2025-06;Cantabria;Cantabria;OTROS QUEROSENOS;0
2025-06;Cantabria;Cantabria;GLP;1207
2025-06;Castilla - La Mancha;Albacete;BIODIESEL;325
2025-06;Castilla - La Mancha;Albacete;GASÓLEO A;18371
2025-06;Castilla - La Mancha;Albacete;GASÓLEO B;6860
2025-06;Castilla - La Mancha;Albacete;GASÓLEO C;378
2025-06;Castilla - La Mancha;Albacete;OTROS GASOLEOS;0
2025-06;Castilla - La Mancha;Albacete;BIOETANOL;0
2025-06;Castilla - La Mancha;Albacete;GASOLINA  AUTO. S/PB 95 I.O.;4083
2025-06;Castilla - La Mancha;Albacete;GASOLINA  AUTO. S/PB 98 I.O.;196
2025-06;Castilla - La Mancha;Albacete;OTRAS GASOLINAS;0
2025-06;Castilla - La Mancha;Albacete;FUELÓLEO  BIA;27
2025-06;Castilla - La Mancha;Albacete;OTROS FUELÓLEOS;0
2025-06;Castilla - La Mancha;Albacete;QUEROSENO AVIACIÓN;85
2025-06;Castilla - La Mancha;Albacete;OTROS QUEROSENOS;0
2025-06;Castilla - La Mancha;Albacete;GLP;597
2025-06;Castilla - La Mancha;Ciudad Real;BIODIESEL;641
2025-06;Castilla - La Mancha;Ciudad Real;GASÓLEO A;24986
2025-06;Castilla - La Mancha;Ciudad Real;GASÓLEO B;9340
2025-06;Castilla - La Mancha;Ciudad Real;GASÓLEO C;500
2025-06;Castilla - La Mancha;Ciudad Real;OTROS GASOLEOS;0
2025-06;Castilla - La Mancha;Ciudad Real;BIOETANOL;0
2025-06;Castilla - La Mancha;Ciudad Real;GASOLINA  AUTO. S/PB 95 I.O.;4653
2025-06;Castilla - La Mancha;Ciudad Real;GASOLINA  AUTO. S/PB 98 I.O.;162
2025-06;Castilla - La Mancha;Ciudad Real;OTRAS GASOLINAS;0
2025-06;Castilla - La Mancha;Ciudad Real;FUELÓLEO  BIA;74
2025-06;Castilla - La Mancha;Ciudad Real;OTROS FUELÓLEOS;0
2025-06;Castilla - La Mancha;Ciudad Real;QUEROSENO AVIACIÓN;0
2025-06;Castilla - La Mancha;Ciudad Real;OTROS QUEROSENOS;0
2025-06;Castilla - La Mancha;Ciudad Real;GLP;700
2025-06;Castilla - La Mancha;Cuenca;BIODIESEL;150
2025-06;Castilla - La Mancha;Cuenca;GASÓLEO A;15625
2025-06;Castilla - La Mancha;Cuenca;GASÓLEO B;7456
2025-06;Castilla - La Mancha;Cuenca;GASÓLEO C;241
2025-06;Castilla - La Mancha;Cuenca;OTROS GASOLEOS;0
2025-06;Castilla - La Mancha;Cuenca;BIOETANOL;0
2025-06;Castilla - La Mancha;Cuenca;GASOLINA  AUTO. S/PB 95 I.O.;3160
2025-06;Castilla - La Mancha;Cuenca;GASOLINA  AUTO. S/PB 98 I.O.;124
2025-06;Castilla - La Mancha;Cuenca;OTRAS GASOLINAS;0
2025-06;Castilla - La Mancha;Cuenca;FUELÓLEO  BIA;0
2025-06;Castilla - La Mancha;Cuenca;OTROS FUELÓLEOS;0
2025-06;Castilla - La Mancha;Cuenca;QUEROSENO AVIACIÓN;16
2025-06;Castilla - La Mancha;Cuenca;OTROS QUEROSENOS;0
2025-06;Castilla - La Mancha;Cuenca;GLP;387
2025-06;Castilla - La Mancha;Guadalajara;BIODIESEL;397
2025-06;Castilla - La Mancha;Guadalajara;GASÓLEO A;13503
2025-06;Castilla - La Mancha;Guadalajara;GASÓLEO B;3215
2025-06;Castilla - La Mancha;Guadalajara;GASÓLEO C;639
2025-06;Castilla - La Mancha;Guadalajara;OTROS GASOLEOS;0
2025-06;Castilla - La Mancha;Guadalajara;BIOETANOL;0
2025-06;Castilla - La Mancha;Guadalajara;GASOLINA  AUTO. S/PB 95 I.O.;3984
2025-06;Castilla - La Mancha;Guadalajara;GASOLINA  AUTO. S/PB 98 I.O.;143
2025-06;Castilla - La Mancha;Guadalajara;OTRAS GASOLINAS;0
2025-06;Castilla - La Mancha;Guadalajara;FUELÓLEO  BIA;27
2025-06;Castilla - La Mancha;Guadalajara;OTROS FUELÓLEOS;0
2025-06;Castilla - La Mancha;Guadalajara;QUEROSENO AVIACIÓN;16
2025-06;Castilla - La Mancha;Guadalajara;OTROS QUEROSENOS;0
2025-06;Castilla - La Mancha;Guadalajara;GLP;268
2025-06;Castilla - La Mancha;Toledo;BIODIESEL;788
2025-06;Castilla - La Mancha;Toledo;GASÓLEO A;36872
2025-06;Castilla - La Mancha;Toledo;GASÓLEO B;10003
2025-06;Castilla - La Mancha;Toledo;GASÓLEO C;1284
2025-06;Castilla - La Mancha;Toledo;OTROS GASOLEOS;0
2025-06;Castilla - La Mancha;Toledo;BIOETANOL;0
2025-06;Castilla - La Mancha;Toledo;GASOLINA  AUTO. S/PB 95 I.O.;9044
2025-06;Castilla - La Mancha;Toledo;GASOLINA  AUTO. S/PB 98 I.O.;300
2025-06;Castilla - La Mancha;Toledo;OTRAS GASOLINAS;11
2025-06;Castilla - La Mancha;Toledo;FUELÓLEO  BIA;186
2025-06;Castilla - La Mancha;Toledo;OTROS FUELÓLEOS;0
2025-06;Castilla - La Mancha;Toledo;QUEROSENO AVIACIÓN;12
2025-06;Castilla - La Mancha;Toledo;OTROS QUEROSENOS;0
2025-06;Castilla - La Mancha;Toledo;GLP;1090
2025-06;Castilla y León;Ávila;BIODIESEL;135
2025-06;Castilla y León;Ávila;GASÓLEO A;7393
2025-06;Castilla y León;Ávila;GASÓLEO B;2641
2025-06;Castilla y León;Ávila;GASÓLEO C;394
2025-06;Castilla y León;Ávila;OTROS GASOLEOS;0
2025-06;Castilla y León;Ávila;BIOETANOL;0
2025-06;Castilla y León;Ávila;GASOLINA  AUTO. S/PB 95 I.O.;2176
2025-06;Castilla y León;Ávila;GASOLINA  AUTO. S/PB 98 I.O.;84
2025-06;Castilla y León;Ávila;OTRAS GASOLINAS;0
2025-06;Castilla y León;Ávila;FUELÓLEO  BIA;0
2025-06;Castilla y León;Ávila;OTROS FUELÓLEOS;0
2025-06;Castilla y León;Ávila;QUEROSENO AVIACIÓN;0
2025-06;Castilla y León;Ávila;OTROS QUEROSENOS;0
2025-06;Castilla y León;Ávila;GLP;396
2025-06;Castilla y León;Burgos;BIODIESEL;212
2025-06;Castilla y León;Burgos;GASÓLEO A;25451
2025-06;Castilla y León;Burgos;GASÓLEO B;5975
2025-06;Castilla y León;Burgos;GASÓLEO C;325
2025-06;Castilla y León;Burgos;OTROS GASOLEOS;0
2025-06;Castilla y León;Burgos;BIOETANOL;0
2025-06;Castilla y León;Burgos;GASOLINA  AUTO. S/PB 95 I.O.;5357
2025-06;Castilla y León;Burgos;GASOLINA  AUTO. S/PB 98 I.O.;281
2025-06;Castilla y León;Burgos;OTRAS GASOLINAS;24
2025-06;Castilla y León;Burgos;FUELÓLEO  BIA;52
2025-06;Castilla y León;Burgos;OTROS FUELÓLEOS;0
2025-06;Castilla y León;Burgos;QUEROSENO AVIACIÓN;3
2025-06;Castilla y León;Burgos;OTROS QUEROSENOS;0
2025-06;Castilla y León;Burgos;GLP;522
2025-06;Castilla y León;León;BIODIESEL;99
2025-06;Castilla y León;León;GASÓLEO A;24033
2025-06;Castilla y León;León;GASÓLEO B;7241
2025-06;Castilla y León;León;GASÓLEO C;1838
2025-06;Castilla y León;León;OTROS GASOLEOS;0
2025-06;Castilla y León;León;BIOETANOL;0
2025-06;Castilla y León;León;GASOLINA  AUTO. S/PB 95 I.O.;5581
2025-06;Castilla y León;León;GASOLINA  AUTO. S/PB 98 I.O.;284
2025-06;Castilla y León;León;OTRAS GASOLINAS;0
2025-06;Castilla y León;León;FUELÓLEO  BIA;287
2025-06;Castilla y León;León;OTROS FUELÓLEOS;0
2025-06;Castilla y León;León;QUEROSENO AVIACIÓN;20
2025-06;Castilla y León;León;OTROS QUEROSENOS;0
2025-06;Castilla y León;León;GLP;748
2025-06;Castilla y León;Palencia;BIODIESEL;91
2025-06;Castilla y León;Palencia;GASÓLEO A;9565
2025-06;Castilla y León;Palencia;GASÓLEO B;5467
2025-06;Castilla y León;Palencia;GASÓLEO C;134
2025-06;Castilla y León;Palencia;OTROS GASOLEOS;0
2025-06;Castilla y León;Palencia;BIOETANOL;0
2025-06;Castilla y León;Palencia;GASOLINA  AUTO. S/PB 95 I.O.;1995
2025-06;Castilla y León;Palencia;GASOLINA  AUTO. S/PB 98 I.O.;96
2025-06;Castilla y León;Palencia;OTRAS GASOLINAS;0
2025-06;Castilla y León;Palencia;FUELÓLEO  BIA;78
2025-06;Castilla y León;Palencia;OTROS FUELÓLEOS;0
2025-06;Castilla y León;Palencia;QUEROSENO AVIACIÓN;0
2025-06;Castilla y León;Palencia;OTROS QUEROSENOS;0
2025-06;Castilla y León;Palencia;GLP;273
2025-06;Castilla y León;Salamanca;BIODIESEL;177
2025-06;Castilla y León;Salamanca;GASÓLEO A;21211
2025-06;Castilla y León;Salamanca;GASÓLEO B;4632
2025-06;Castilla y León;Salamanca;GASÓLEO C;830
2025-06;Castilla y León;Salamanca;OTROS GASOLEOS;0
2025-06;Castilla y León;Salamanca;BIOETANOL;0
2025-06;Castilla y León;Salamanca;GASOLINA  AUTO. S/PB 95 I.O.;3591
2025-06;Castilla y León;Salamanca;GASOLINA  AUTO. S/PB 98 I.O.;182
2025-06;Castilla y León;Salamanca;OTRAS GASOLINAS;22
2025-06;Castilla y León;Salamanca;FUELÓLEO  BIA;0
2025-06;Castilla y León;Salamanca;OTROS FUELÓLEOS;0
2025-06;Castilla y León;Salamanca;QUEROSENO AVIACIÓN;40
2025-06;Castilla y León;Salamanca;OTROS QUEROSENOS;0
2025-06;Castilla y León;Salamanca;GLP;554
2025-06;Castilla y León;Segovia;BIODIESEL;209
2025-06;Castilla y León;Segovia;GASÓLEO A;9867
2025-06;Castilla y León;Segovia;GASÓLEO B;3592
2025-06;Castilla y León;Segovia;GASÓLEO C;749
2025-06;Castilla y León;Segovia;OTROS GASOLEOS;0
2025-06;Castilla y León;Segovia;BIOETANOL;0
2025-06;Castilla y León;Segovia;GASOLINA  AUTO. S/PB 95 I.O.;2657
2025-06;Castilla y León;Segovia;GASOLINA  AUTO. S/PB 98 I.O.;125
2025-06;Castilla y León;Segovia;OTRAS GASOLINAS;15
2025-06;Castilla y León;Segovia;FUELÓLEO  BIA;26
2025-06;Castilla y León;Segovia;OTROS FUELÓLEOS;0
2025-06;Castilla y León;Segovia;QUEROSENO AVIACIÓN;0
2025-06;Castilla y León;Segovia;OTROS QUEROSENOS;0
2025-06;Castilla y León;Segovia;GLP;446
2025-06;Castilla y León;Soria;BIODIESEL;59
2025-06;Castilla y León;Soria;GASÓLEO A;6039
2025-06;Castilla y León;Soria;GASÓLEO B;2231
2025-06;Castilla y León;Soria;GASÓLEO C;155
2025-06;Castilla y León;Soria;OTROS GASOLEOS;0
2025-06;Castilla y León;Soria;BIOETANOL;0
2025-06;Castilla y León;Soria;GASOLINA  AUTO. S/PB 95 I.O.;1264
2025-06;Castilla y León;Soria;GASOLINA  AUTO. S/PB 98 I.O.;60
2025-06;Castilla y León;Soria;OTRAS GASOLINAS;26
2025-06;Castilla y León;Soria;FUELÓLEO  BIA;0
2025-06;Castilla y León;Soria;OTROS FUELÓLEOS;0
2025-06;Castilla y León;Soria;QUEROSENO AVIACIÓN;0
2025-06;Castilla y León;Soria;OTROS QUEROSENOS;0
2025-06;Castilla y León;Soria;GLP;150
2025-06;Castilla y León;Valladolid;BIODIESEL;375
2025-06;Castilla y León;Valladolid;GASÓLEO A;21238
2025-06;Castilla y León;Valladolid;GASÓLEO B;6775
2025-06;Castilla y León;Valladolid;GASÓLEO C;575
2025-06;Castilla y León;Valladolid;OTROS GASOLEOS;0
2025-06;Castilla y León;Valladolid;BIOETANOL;0
2025-06;Castilla y León;Valladolid;GASOLINA  AUTO. S/PB 95 I.O.;5787
2025-06;Castilla y León;Valladolid;GASOLINA  AUTO. S/PB 98 I.O.;269
2025-06;Castilla y León;Valladolid;OTRAS GASOLINAS;5
2025-06;Castilla y León;Valladolid;FUELÓLEO  BIA;181
2025-06;Castilla y León;Valladolid;OTROS FUELÓLEOS;0
2025-06;Castilla y León;Valladolid;QUEROSENO AVIACIÓN;165
2025-06;Castilla y León;Valladolid;OTROS QUEROSENOS;0
2025-06;Castilla y León;Valladolid;GLP;576
2025-06;Castilla y León;Zamora;BIODIESEL;65
2025-06;Castilla y León;Zamora;GASÓLEO A;17372
2025-06;Castilla y León;Zamora;GASÓLEO B;4793
2025-06;Castilla y León;Zamora;GASÓLEO C;145
2025-06;Castilla y León;Zamora;OTROS GASOLEOS;0
2025-06;Castilla y León;Zamora;BIOETANOL;0
2025-06;Castilla y León;Zamora;GASOLINA  AUTO. S/PB 95 I.O.;2301
2025-06;Castilla y León;Zamora;GASOLINA  AUTO. S/PB 98 I.O.;149
2025-06;Castilla y León;Zamora;OTRAS GASOLINAS;0
2025-06;Castilla y León;Zamora;FUELÓLEO  BIA;0
2025-06;Castilla y León;Zamora;OTROS FUELÓLEOS;0
2025-06;Castilla y León;Zamora;QUEROSENO AVIACIÓN;10
2025-06;Castilla y León;Zamora;OTROS QUEROSENOS;0
2025-06;Castilla y León;Zamora;GLP;320
2025-06;Cataluña;Barcelona;BIODIESEL;2103
2025-06;Cataluña;Barcelona;GASÓLEO A;136483
2025-06;Cataluña;Barcelona;GASÓLEO B;15846
2025-06;Cataluña;Barcelona;GASÓLEO C;1444
2025-06;Cataluña;Barcelona;OTROS GASOLEOS;44543
2025-06;Cataluña;Barcelona;BIOETANOL;0
2025-06;Cataluña;Barcelona;GASOLINA  AUTO. S/PB 95 I.O.;66673
2025-06;Cataluña;Barcelona;GASOLINA  AUTO. S/PB 98 I.O.;2957
2025-06;Cataluña;Barcelona;OTRAS GASOLINAS;78
2025-06;Cataluña;Barcelona;FUELÓLEO  BIA;10710
2025-06;Cataluña;Barcelona;OTROS FUELÓLEOS;64626
2025-06;Cataluña;Barcelona;QUEROSENO AVIACIÓN;128551
2025-06;Cataluña;Barcelona;OTROS QUEROSENOS;0
2025-06;Cataluña;Barcelona;GLP;3830
2025-06;Cataluña;Girona;BIODIESEL;880
2025-06;Cataluña;Girona;GASÓLEO A;105709
2025-06;Cataluña;Girona;GASÓLEO B;5697
2025-06;Cataluña;Girona;GASÓLEO C;1361
2025-06;Cataluña;Girona;OTROS GASOLEOS;664
2025-06;Cataluña;Girona;BIOETANOL;0
2025-06;Cataluña;Girona;GASOLINA  AUTO. S/PB 95 I.O.;18380
2025-06;Cataluña;Girona;GASOLINA  AUTO. S/PB 98 I.O.;1080
2025-06;Cataluña;Girona;OTRAS GASOLINAS;3
2025-06;Cataluña;Girona;FUELÓLEO  BIA;126
2025-06;Cataluña;Girona;OTROS FUELÓLEOS;0
2025-06;Cataluña;Girona;QUEROSENO AVIACIÓN;4351
2025-06;Cataluña;Girona;OTROS QUEROSENOS;0
2025-06;Cataluña;Girona;GLP;1745
2025-06;Cataluña;Lleida;BIODIESEL;152
2025-06;Cataluña;Lleida;GASÓLEO A;24266
2025-06;Cataluña;Lleida;GASÓLEO B;7642
2025-06;Cataluña;Lleida;GASÓLEO C;335
2025-06;Cataluña;Lleida;OTROS GASOLEOS;0
2025-06;Cataluña;Lleida;BIOETANOL;0
2025-06;Cataluña;Lleida;GASOLINA  AUTO. S/PB 95 I.O.;6552
2025-06;Cataluña;Lleida;GASOLINA  AUTO. S/PB 98 I.O.;316
2025-06;Cataluña;Lleida;OTRAS GASOLINAS;25
2025-06;Cataluña;Lleida;FUELÓLEO  BIA;25
2025-06;Cataluña;Lleida;OTROS FUELÓLEOS;0
2025-06;Cataluña;Lleida;QUEROSENO AVIACIÓN;110
2025-06;Cataluña;Lleida;OTROS QUEROSENOS;0
2025-06;Cataluña;Lleida;GLP;974
2025-06;Cataluña;Tarragona;BIODIESEL;387
2025-06;Cataluña;Tarragona;GASÓLEO A;33349
2025-06;Cataluña;Tarragona;GASÓLEO B;4114
2025-06;Cataluña;Tarragona;GASÓLEO C;147
2025-06;Cataluña;Tarragona;OTROS GASOLEOS;2548
2025-06;Cataluña;Tarragona;BIOETANOL;0
2025-06;Cataluña;Tarragona;GASOLINA  AUTO. S/PB 95 I.O.;13623
2025-06;Cataluña;Tarragona;GASOLINA  AUTO. S/PB 98 I.O.;572
2025-06;Cataluña;Tarragona;OTRAS GASOLINAS;9
2025-06;Cataluña;Tarragona;FUELÓLEO  BIA;0
2025-06;Cataluña;Tarragona;OTROS FUELÓLEOS;0
2025-06;Cataluña;Tarragona;QUEROSENO AVIACIÓN;3290
2025-06;Cataluña;Tarragona;OTROS QUEROSENOS;0
2025-06;Cataluña;Tarragona;GLP;1161
2025-06;Ceuta;Ceuta;BIODIESEL;0
2025-06;Ceuta;Ceuta;GASÓLEO A;893
2025-06;Ceuta;Ceuta;GASÓLEO B;0
2025-06;Ceuta;Ceuta;GASÓLEO C;27
2025-06;Ceuta;Ceuta;OTROS GASOLEOS;10509
2025-06;Ceuta;Ceuta;BIOETANOL;0
2025-06;Ceuta;Ceuta;GASOLINA  AUTO. S/PB 95 I.O.;529
2025-06;Ceuta;Ceuta;GASOLINA  AUTO. S/PB 98 I.O.;52
2025-06;Ceuta;Ceuta;OTRAS GASOLINAS;0
2025-06;Ceuta;Ceuta;FUELÓLEO  BIA;2499
2025-06;Ceuta;Ceuta;OTROS FUELÓLEOS;2835
2025-06;Ceuta;Ceuta;QUEROSENO AVIACIÓN;27
2025-06;Ceuta;Ceuta;OTROS QUEROSENOS;0
2025-06;Ceuta;Ceuta;GLP;164
2025-06;Comunitat Valenciana;Alicante/Alacant;BIODIESEL;687
2025-06;Comunitat Valenciana;Alicante/Alacant;GASÓLEO A;55108
2025-06;Comunitat Valenciana;Alicante/Alacant;GASÓLEO B;4331
2025-06;Comunitat Valenciana;Alicante/Alacant;GASÓLEO C;994
2025-06;Comunitat Valenciana;Alicante/Alacant;OTROS GASOLEOS;2482
2025-06;Comunitat Valenciana;Alicante/Alacant;BIOETANOL;0
2025-06;Comunitat Valenciana;Alicante/Alacant;GASOLINA  AUTO. S/PB 95 I.O.;27518
2025-06;Comunitat Valenciana;Alicante/Alacant;GASOLINA  AUTO. S/PB 98 I.O.;1214
2025-06;Comunitat Valenciana;Alicante/Alacant;OTRAS GASOLINAS;12
2025-06;Comunitat Valenciana;Alicante/Alacant;FUELÓLEO  BIA;138
2025-06;Comunitat Valenciana;Alicante/Alacant;OTROS FUELÓLEOS;0
2025-06;Comunitat Valenciana;Alicante/Alacant;QUEROSENO AVIACIÓN;32339
2025-06;Comunitat Valenciana;Alicante/Alacant;OTROS QUEROSENOS;11
2025-06;Comunitat Valenciana;Alicante/Alacant;GLP;4024
2025-06;Comunitat Valenciana;Castellón/Castelló;BIODIESEL;31
2025-06;Comunitat Valenciana;Castellón/Castelló;GASÓLEO A;23024
2025-06;Comunitat Valenciana;Castellón/Castelló;GASÓLEO B;1762
2025-06;Comunitat Valenciana;Castellón/Castelló;GASÓLEO C;168
2025-06;Comunitat Valenciana;Castellón/Castelló;OTROS GASOLEOS;24683
2025-06;Comunitat Valenciana;Castellón/Castelló;BIOETANOL;0
2025-06;Comunitat Valenciana;Castellón/Castelló;GASOLINA  AUTO. S/PB 95 I.O.;8505
2025-06;Comunitat Valenciana;Castellón/Castelló;GASOLINA  AUTO. S/PB 98 I.O.;366
2025-06;Comunitat Valenciana;Castellón/Castelló;OTRAS GASOLINAS;17
2025-06;Comunitat Valenciana;Castellón/Castelló;FUELÓLEO  BIA;0
2025-06;Comunitat Valenciana;Castellón/Castelló;OTROS FUELÓLEOS;0
2025-06;Comunitat Valenciana;Castellón/Castelló;QUEROSENO AVIACIÓN;524
2025-06;Comunitat Valenciana;Castellón/Castelló;OTROS QUEROSENOS;0
2025-06;Comunitat Valenciana;Castellón/Castelló;GLP;1147
2025-06;Comunitat Valenciana;Valencia/València;BIODIESEL;327
2025-06;Comunitat Valenciana;Valencia/València;GASÓLEO A;97652
2025-06;Comunitat Valenciana;Valencia/València;GASÓLEO B;11882
2025-06;Comunitat Valenciana;Valencia/València;GASÓLEO C;508
2025-06;Comunitat Valenciana;Valencia/València;OTROS GASOLEOS;8103
2025-06;Comunitat Valenciana;Valencia/València;BIOETANOL;0
2025-06;Comunitat Valenciana;Valencia/València;GASOLINA  AUTO. S/PB 95 I.O.;32735
2025-06;Comunitat Valenciana;Valencia/València;GASOLINA  AUTO. S/PB 98 I.O.;1254
2025-06;Comunitat Valenciana;Valencia/València;OTRAS GASOLINAS;7
2025-06;Comunitat Valenciana;Valencia/València;FUELÓLEO  BIA;81
2025-06;Comunitat Valenciana;Valencia/València;OTROS FUELÓLEOS;23671
2025-06;Comunitat Valenciana;Valencia/València;QUEROSENO AVIACIÓN;15669
2025-06;Comunitat Valenciana;Valencia/València;OTROS QUEROSENOS;0
2025-06;Comunitat Valenciana;Valencia/València;GLP;3259
2025-06;Extremadura;Badajoz;BIODIESEL;162
2025-06;Extremadura;Badajoz;GASÓLEO A;39442
2025-06;Extremadura;Badajoz;GASÓLEO B;10306
2025-06;Extremadura;Badajoz;GASÓLEO C;151
2025-06;Extremadura;Badajoz;OTROS GASOLEOS;0
2025-06;Extremadura;Badajoz;BIOETANOL;0
2025-06;Extremadura;Badajoz;GASOLINA  AUTO. S/PB 95 I.O.;6318
2025-06;Extremadura;Badajoz;GASOLINA  AUTO. S/PB 98 I.O.;210
2025-06;Extremadura;Badajoz;OTRAS GASOLINAS;3
2025-06;Extremadura;Badajoz;FUELÓLEO  BIA;54
2025-06;Extremadura;Badajoz;OTROS FUELÓLEOS;0
2025-06;Extremadura;Badajoz;QUEROSENO AVIACIÓN;88
2025-06;Extremadura;Badajoz;OTROS QUEROSENOS;0
2025-06;Extremadura;Badajoz;GLP;1288
2025-06;Extremadura;Cáceres;BIODIESEL;102
2025-06;Extremadura;Cáceres;GASÓLEO A;19193
2025-06;Extremadura;Cáceres;GASÓLEO B;3647
2025-06;Extremadura;Cáceres;GASÓLEO C;149
2025-06;Extremadura;Cáceres;OTROS GASOLEOS;0
2025-06;Extremadura;Cáceres;BIOETANOL;0
2025-06;Extremadura;Cáceres;GASOLINA  AUTO. S/PB 95 I.O.;4262
2025-06;Extremadura;Cáceres;GASOLINA  AUTO. S/PB 98 I.O.;147
2025-06;Extremadura;Cáceres;OTRAS GASOLINAS;0
2025-06;Extremadura;Cáceres;FUELÓLEO  BIA;178
2025-06;Extremadura;Cáceres;OTROS FUELÓLEOS;0
2025-06;Extremadura;Cáceres;QUEROSENO AVIACIÓN;27
2025-06;Extremadura;Cáceres;OTROS QUEROSENOS;0
2025-06;Extremadura;Cáceres;GLP;788
2025-06;Galicia;Coruña, A;BIODIESEL;177
2025-06;Galicia;Coruña, A;GASÓLEO A;43806
2025-06;Galicia;Coruña, A;GASÓLEO B;8065
2025-06;Galicia;Coruña, A;GASÓLEO C;2506
2025-06;Galicia;Coruña, A;OTROS GASOLEOS;4617
2025-06;Galicia;Coruña, A;BIOETANOL;0
2025-06;Galicia;Coruña, A;GASOLINA  AUTO. S/PB 95 I.O.;11702
2025-06;Galicia;Coruña, A;GASOLINA  AUTO. S/PB 98 I.O.;517
2025-06;Galicia;Coruña, A;OTRAS GASOLINAS;10
2025-06;Galicia;Coruña, A;FUELÓLEO  BIA;3752
2025-06;Galicia;Coruña, A;OTROS FUELÓLEOS;1372
2025-06;Galicia;Coruña, A;QUEROSENO AVIACIÓN;5700
2025-06;Galicia;Coruña, A;OTROS QUEROSENOS;0
2025-06;Galicia;Coruña, A;GLP;2561
2025-06;Galicia;Lugo;BIODIESEL;63
2025-06;Galicia;Lugo;GASÓLEO A;18193
2025-06;Galicia;Lugo;GASÓLEO B;6235
2025-06;Galicia;Lugo;GASÓLEO C;1161
2025-06;Galicia;Lugo;OTROS GASOLEOS;1135
2025-06;Galicia;Lugo;BIOETANOL;0
2025-06;Galicia;Lugo;GASOLINA  AUTO. S/PB 95 I.O.;3328
2025-06;Galicia;Lugo;GASOLINA  AUTO. S/PB 98 I.O.;159
2025-06;Galicia;Lugo;OTRAS GASOLINAS;0
2025-06;Galicia;Lugo;FUELÓLEO  BIA;79
2025-06;Galicia;Lugo;OTROS FUELÓLEOS;0
2025-06;Galicia;Lugo;QUEROSENO AVIACIÓN;10
2025-06;Galicia;Lugo;OTROS QUEROSENOS;0
2025-06;Galicia;Lugo;GLP;1050
2025-06;Galicia;Ourense;BIODIESEL;79
2025-06;Galicia;Ourense;GASÓLEO A;14352
2025-06;Galicia;Ourense;GASÓLEO B;2750
2025-06;Galicia;Ourense;GASÓLEO C;1578
2025-06;Galicia;Ourense;OTROS GASOLEOS;0
2025-06;Galicia;Ourense;BIOETANOL;0
2025-06;Galicia;Ourense;GASOLINA  AUTO. S/PB 95 I.O.;3188
2025-06;Galicia;Ourense;GASOLINA  AUTO. S/PB 98 I.O.;225
2025-06;Galicia;Ourense;OTRAS GASOLINAS;0
2025-06;Galicia;Ourense;FUELÓLEO  BIA;54
2025-06;Galicia;Ourense;OTROS FUELÓLEOS;0
2025-06;Galicia;Ourense;QUEROSENO AVIACIÓN;45
2025-06;Galicia;Ourense;OTROS QUEROSENOS;0
2025-06;Galicia;Ourense;GLP;829
2025-06;Galicia;Pontevedra;BIODIESEL;159
2025-06;Galicia;Pontevedra;GASÓLEO A;37708
2025-06;Galicia;Pontevedra;GASÓLEO B;6996
2025-06;Galicia;Pontevedra;GASÓLEO C;2614
2025-06;Galicia;Pontevedra;OTROS GASOLEOS;9421
2025-06;Galicia;Pontevedra;BIOETANOL;0
2025-06;Galicia;Pontevedra;GASOLINA  AUTO. S/PB 95 I.O.;9645
2025-06;Galicia;Pontevedra;GASOLINA  AUTO. S/PB 98 I.O.;534
2025-06;Galicia;Pontevedra;OTRAS GASOLINAS;2
2025-06;Galicia;Pontevedra;FUELÓLEO  BIA;403
2025-06;Galicia;Pontevedra;OTROS FUELÓLEOS;499
2025-06;Galicia;Pontevedra;QUEROSENO AVIACIÓN;1200
2025-06;Galicia;Pontevedra;OTROS QUEROSENOS;0
2025-06;Galicia;Pontevedra;GLP;2244
2025-06;Madrid, Comunidad de;Madrid;BIODIESEL;3747
2025-06;Madrid, Comunidad de;Madrid;GASÓLEO A;154420
2025-06;Madrid, Comunidad de;Madrid;GASÓLEO B;9071
2025-06;Madrid, Comunidad de;Madrid;GASÓLEO C;4772
2025-06;Madrid, Comunidad de;Madrid;OTROS GASOLEOS;0
2025-06;Madrid, Comunidad de;Madrid;BIOETANOL;0
2025-06;Madrid, Comunidad de;Madrid;GASOLINA  AUTO. S/PB 95 I.O.;78728
2025-06;Madrid, Comunidad de;Madrid;GASOLINA  AUTO. S/PB 98 I.O.;2970
2025-06;Madrid, Comunidad de;Madrid;OTRAS GASOLINAS;69
2025-06;Madrid, Comunidad de;Madrid;FUELÓLEO  BIA;341
2025-06;Madrid, Comunidad de;Madrid;OTROS FUELÓLEOS;0
2025-06;Madrid, Comunidad de;Madrid;QUEROSENO AVIACIÓN;239802
2025-06;Madrid, Comunidad de;Madrid;OTROS QUEROSENOS;0
2025-06;Madrid, Comunidad de;Madrid;GLP;5850
2025-06;Melilla;Melilla;BIODIESEL;0
2025-06;Melilla;Melilla;GASÓLEO A;1111
2025-06;Melilla;Melilla;GASÓLEO B;0
2025-06;Melilla;Melilla;GASÓLEO C;0
2025-06;Melilla;Melilla;OTROS GASOLEOS;0
2025-06;Melilla;Melilla;BIOETANOL;0
2025-06;Melilla;Melilla;GASOLINA  AUTO. S/PB 95 I.O.;649
2025-06;Melilla;Melilla;GASOLINA  AUTO. S/PB 98 I.O.;0
2025-06;Melilla;Melilla;OTRAS GASOLINAS;0
2025-06;Melilla;Melilla;FUELÓLEO  BIA;2500
2025-06;Melilla;Melilla;OTROS FUELÓLEOS;0
2025-06;Melilla;Melilla;QUEROSENO AVIACIÓN;194
2025-06;Melilla;Melilla;OTROS QUEROSENOS;0
2025-06;Melilla;Melilla;GLP;136
2025-06;Murcia, Región de;Murcia;BIODIESEL;2518
2025-06;Murcia, Región de;Murcia;GASÓLEO A;79334
2025-06;Murcia, Región de;Murcia;GASÓLEO B;12678
2025-06;Murcia, Región de;Murcia;GASÓLEO C;455
2025-06;Murcia, Región de;Murcia;OTROS GASOLEOS;1561
2025-06;Murcia, Región de;Murcia;BIOETANOL;0
2025-06;Murcia, Región de;Murcia;GASOLINA  AUTO. S/PB 95 I.O.;16378
2025-06;Murcia, Región de;Murcia;GASOLINA  AUTO. S/PB 98 I.O.;707
2025-06;Murcia, Región de;Murcia;OTRAS GASOLINAS;0
2025-06;Murcia, Región de;Murcia;FUELÓLEO  BIA;237
2025-06;Murcia, Región de;Murcia;OTROS FUELÓLEOS;0
2025-06;Murcia, Región de;Murcia;QUEROSENO AVIACIÓN;1692
2025-06;Murcia, Región de;Murcia;OTROS QUEROSENOS;0
2025-06;Murcia, Región de;Murcia;GLP;2730
2025-06;Navarra, Comunidad Foral de;Navarra;BIODIESEL;455
2025-06;Navarra, Comunidad Foral de;Navarra;GASÓLEO A;53006
2025-06;Navarra, Comunidad Foral de;Navarra;GASÓLEO B;7466
2025-06;Navarra, Comunidad Foral de;Navarra;GASÓLEO C;387
2025-06;Navarra, Comunidad Foral de;Navarra;OTROS GASOLEOS;0
2025-06;Navarra, Comunidad Foral de;Navarra;BIOETANOL;0
2025-06;Navarra, Comunidad Foral de;Navarra;GASOLINA  AUTO. S/PB 95 I.O.;8057
2025-06;Navarra, Comunidad Foral de;Navarra;GASOLINA  AUTO. S/PB 98 I.O.;341
2025-06;Navarra, Comunidad Foral de;Navarra;OTRAS GASOLINAS;3
2025-06;Navarra, Comunidad Foral de;Navarra;FUELÓLEO  BIA;269
2025-06;Navarra, Comunidad Foral de;Navarra;OTROS FUELÓLEOS;0
2025-06;Navarra, Comunidad Foral de;Navarra;QUEROSENO AVIACIÓN;121
2025-06;Navarra, Comunidad Foral de;Navarra;OTROS QUEROSENOS;0
2025-06;Navarra, Comunidad Foral de;Navarra;GLP;942
2025-06;País Vasco;Araba/Álava;BIODIESEL;324
2025-06;País Vasco;Araba/Álava;GASÓLEO A;46693
2025-06;País Vasco;Araba/Álava;GASÓLEO B;2623
2025-06;País Vasco;Araba/Álava;GASÓLEO C;822
2025-06;País Vasco;Araba/Álava;OTROS GASOLEOS;0
2025-06;País Vasco;Araba/Álava;BIOETANOL;0
2025-06;País Vasco;Araba/Álava;GASOLINA  AUTO. S/PB 95 I.O.;2890
2025-06;País Vasco;Araba/Álava;GASOLINA  AUTO. S/PB 98 I.O.;190
2025-06;País Vasco;Araba/Álava;OTRAS GASOLINAS;0
2025-06;País Vasco;Araba/Álava;FUELÓLEO  BIA;78
2025-06;País Vasco;Araba/Álava;OTROS FUELÓLEOS;0
2025-06;País Vasco;Araba/Álava;QUEROSENO AVIACIÓN;1232
2025-06;País Vasco;Araba/Álava;OTROS QUEROSENOS;0
2025-06;País Vasco;Araba/Álava;GLP;254
2025-06;País Vasco;Bizkaia;BIODIESEL;1060
2025-06;País Vasco;Bizkaia;GASÓLEO A;30755
2025-06;País Vasco;Bizkaia;GASÓLEO B;7411
2025-06;País Vasco;Bizkaia;GASÓLEO C;1341
2025-06;País Vasco;Bizkaia;OTROS GASOLEOS;1470
2025-06;País Vasco;Bizkaia;BIOETANOL;0
2025-06;País Vasco;Bizkaia;GASOLINA  AUTO. S/PB 95 I.O.;9661
2025-06;País Vasco;Bizkaia;GASOLINA  AUTO. S/PB 98 I.O.;501
2025-06;País Vasco;Bizkaia;OTRAS GASOLINAS;1
2025-06;País Vasco;Bizkaia;FUELÓLEO  BIA;501
2025-06;País Vasco;Bizkaia;OTROS FUELÓLEOS;0
2025-06;País Vasco;Bizkaia;QUEROSENO AVIACIÓN;8650
2025-06;País Vasco;Bizkaia;OTROS QUEROSENOS;2
2025-06;País Vasco;Bizkaia;GLP;820
2025-06;País Vasco;Gipuzkoa;BIODIESEL;378
2025-06;País Vasco;Gipuzkoa;GASÓLEO A;60777
2025-06;País Vasco;Gipuzkoa;GASÓLEO B;1581
2025-06;País Vasco;Gipuzkoa;GASÓLEO C;63
2025-06;País Vasco;Gipuzkoa;OTROS GASOLEOS;1018
2025-06;País Vasco;Gipuzkoa;BIOETANOL;0
2025-06;País Vasco;Gipuzkoa;GASOLINA  AUTO. S/PB 95 I.O.;7160
2025-06;País Vasco;Gipuzkoa;GASOLINA  AUTO. S/PB 98 I.O.;441
2025-06;País Vasco;Gipuzkoa;OTRAS GASOLINAS;2
2025-06;País Vasco;Gipuzkoa;FUELÓLEO  BIA;77
2025-06;País Vasco;Gipuzkoa;OTROS FUELÓLEOS;0
2025-06;País Vasco;Gipuzkoa;QUEROSENO AVIACIÓN;671
2025-06;País Vasco;Gipuzkoa;OTROS QUEROSENOS;0
2025-06;País Vasco;Gipuzkoa;GLP;810
2025-06;Rioja, La;Rioja, La;BIODIESEL;200
2025-06;Rioja, La;Rioja, La;GASÓLEO A;13102
2025-06;Rioja, La;Rioja, La;GASÓLEO B;3350
2025-06;Rioja, La;Rioja, La;GASÓLEO C;522
2025-06;Rioja, La;Rioja, La;OTROS GASOLEOS;0
2025-06;Rioja, La;Rioja, La;BIOETANOL;0
2025-06;Rioja, La;Rioja, La;GASOLINA  AUTO. S/PB 95 I.O.;2964
2025-06;Rioja, La;Rioja, La;GASOLINA  AUTO. S/PB 98 I.O.;107
2025-06;Rioja, La;Rioja, La;OTRAS GASOLINAS;9
2025-06;Rioja, La;Rioja, La;FUELÓLEO  BIA;40
2025-06;Rioja, La;Rioja, La;OTROS FUELÓLEOS;0
2025-06;Rioja, La;Rioja, La;QUEROSENO AVIACIÓN;32
2025-06;Rioja, La;Rioja, La;OTROS QUEROSENOS;0
2025-06;Rioja, La;Rioja, La;GLP;497
2025-07;Andalucía;Almería;BIODIESEL;489
2025-07;Andalucía;Almería;GASÓLEO A;36178
2025-07;Andalucía;Almería;GASÓLEO B;5735
2025-07;Andalucía;Almería;GASÓLEO C;115
2025-07;Andalucía;Almería;OTROS GASOLEOS;1383
2025-07;Andalucía;Almería;BIOETANOL;0
2025-07;Andalucía;Almería;GASOLINA  AUTO. S/PB 95 I.O.;8520
2025-07;Andalucía;Almería;GASOLINA  AUTO. S/PB 98 I.O.;380
2025-07;Andalucía;Almería;OTRAS GASOLINAS;4
2025-07;Andalucía;Almería;FUELÓLEO  BIA;96
2025-07;Andalucía;Almería;OTROS FUELÓLEOS;3797
2025-07;Andalucía;Almería;QUEROSENO AVIACIÓN;1510
2025-07;Andalucía;Almería;OTROS QUEROSENOS;0
2025-07;Andalucía;Almería;GLP;1540
2025-07;Andalucía;Cádiz;BIODIESEL;153
2025-07;Andalucía;Cádiz;GASÓLEO A;38631
2025-07;Andalucía;Cádiz;GASÓLEO B;7878
2025-07;Andalucía;Cádiz;GASÓLEO C;260
2025-07;Andalucía;Cádiz;OTROS GASOLEOS;63694
2025-07;Andalucía;Cádiz;BIOETANOL;0
2025-07;Andalucía;Cádiz;GASOLINA  AUTO. S/PB 95 I.O.;15674
2025-07;Andalucía;Cádiz;GASOLINA  AUTO. S/PB 98 I.O.;535
2025-07;Andalucía;Cádiz;OTRAS GASOLINAS;45
2025-07;Andalucía;Cádiz;FUELÓLEO  BIA;27284
2025-07;Andalucía;Cádiz;OTROS FUELÓLEOS;187754
2025-07;Andalucía;Cádiz;QUEROSENO AVIACIÓN;2106
2025-07;Andalucía;Cádiz;OTROS QUEROSENOS;0
2025-07;Andalucía;Cádiz;GLP;2790
2025-07;Andalucía;Córdoba;BIODIESEL;395
2025-07;Andalucía;Córdoba;GASÓLEO A;32184
2025-07;Andalucía;Córdoba;GASÓLEO B;7874
2025-07;Andalucía;Córdoba;GASÓLEO C;276
2025-07;Andalucía;Córdoba;OTROS GASOLEOS;0
2025-07;Andalucía;Córdoba;BIOETANOL;0
2025-07;Andalucía;Córdoba;GASOLINA  AUTO. S/PB 95 I.O.;6487
2025-07;Andalucía;Córdoba;GASOLINA  AUTO. S/PB 98 I.O.;158
2025-07;Andalucía;Córdoba;OTRAS GASOLINAS;11
2025-07;Andalucía;Córdoba;FUELÓLEO  BIA;26
2025-07;Andalucía;Córdoba;OTROS FUELÓLEOS;0
2025-07;Andalucía;Córdoba;QUEROSENO AVIACIÓN;97
2025-07;Andalucía;Córdoba;OTROS QUEROSENOS;0
2025-07;Andalucía;Córdoba;GLP;1081
2025-07;Andalucía;Granada;BIODIESEL;100
2025-07;Andalucía;Granada;GASÓLEO A;36496
2025-07;Andalucía;Granada;GASÓLEO B;5495
2025-07;Andalucía;Granada;GASÓLEO C;643
2025-07;Andalucía;Granada;OTROS GASOLEOS;642
2025-07;Andalucía;Granada;BIOETANOL;0
2025-07;Andalucía;Granada;GASOLINA  AUTO. S/PB 95 I.O.;10423
2025-07;Andalucía;Granada;GASOLINA  AUTO. S/PB 98 I.O.;520
2025-07;Andalucía;Granada;OTRAS GASOLINAS;10
2025-07;Andalucía;Granada;FUELÓLEO  BIA;105
2025-07;Andalucía;Granada;OTROS FUELÓLEOS;1945
2025-07;Andalucía;Granada;QUEROSENO AVIACIÓN;1213
2025-07;Andalucía;Granada;OTROS QUEROSENOS;0
2025-07;Andalucía;Granada;GLP;1850
2025-07;Andalucía;Huelva;BIODIESEL;416
2025-07;Andalucía;Huelva;GASÓLEO A;27013
2025-07;Andalucía;Huelva;GASÓLEO B;9309
2025-07;Andalucía;Huelva;GASÓLEO C;117
2025-07;Andalucía;Huelva;OTROS GASOLEOS;2814
2025-07;Andalucía;Huelva;BIOETANOL;0
2025-07;Andalucía;Huelva;GASOLINA  AUTO. S/PB 95 I.O.;7139
2025-07;Andalucía;Huelva;GASOLINA  AUTO. S/PB 98 I.O.;263
2025-07;Andalucía;Huelva;OTRAS GASOLINAS;0
2025-07;Andalucía;Huelva;FUELÓLEO  BIA;450
2025-07;Andalucía;Huelva;OTROS FUELÓLEOS;3060
2025-07;Andalucía;Huelva;QUEROSENO AVIACIÓN;0
2025-07;Andalucía;Huelva;OTROS QUEROSENOS;0
2025-07;Andalucía;Huelva;GLP;1571
2025-07;Andalucía;Jaén;BIODIESEL;446
2025-07;Andalucía;Jaén;GASÓLEO A;32748
2025-07;Andalucía;Jaén;GASÓLEO B;4023
2025-07;Andalucía;Jaén;GASÓLEO C;274
2025-07;Andalucía;Jaén;OTROS GASOLEOS;0
2025-07;Andalucía;Jaén;BIOETANOL;0
2025-07;Andalucía;Jaén;GASOLINA  AUTO. S/PB 95 I.O.;5437
2025-07;Andalucía;Jaén;GASOLINA  AUTO. S/PB 98 I.O.;204
2025-07;Andalucía;Jaén;OTRAS GASOLINAS;1
2025-07;Andalucía;Jaén;FUELÓLEO  BIA;0
2025-07;Andalucía;Jaén;OTROS FUELÓLEOS;0
2025-07;Andalucía;Jaén;QUEROSENO AVIACIÓN;17
2025-07;Andalucía;Jaén;OTROS QUEROSENOS;0
2025-07;Andalucía;Jaén;GLP;1205
2025-07;Andalucía;Málaga;BIODIESEL;313
2025-07;Andalucía;Málaga;GASÓLEO A;56069
2025-07;Andalucía;Málaga;GASÓLEO B;5049
2025-07;Andalucía;Málaga;GASÓLEO C;427
2025-07;Andalucía;Málaga;OTROS GASOLEOS;527
2025-07;Andalucía;Málaga;BIOETANOL;0
2025-07;Andalucía;Málaga;GASOLINA  AUTO. S/PB 95 I.O.;26063
2025-07;Andalucía;Málaga;GASOLINA  AUTO. S/PB 98 I.O.;1691
2025-07;Andalucía;Málaga;OTRAS GASOLINAS;42
2025-07;Andalucía;Málaga;FUELÓLEO  BIA;97
2025-07;Andalucía;Málaga;OTROS FUELÓLEOS;0
2025-07;Andalucía;Málaga;QUEROSENO AVIACIÓN;55143
2025-07;Andalucía;Málaga;OTROS QUEROSENOS;0
2025-07;Andalucía;Málaga;GLP;3652
2025-07;Andalucía;Sevilla;BIODIESEL;352
2025-07;Andalucía;Sevilla;GASÓLEO A;61720
2025-07;Andalucía;Sevilla;GASÓLEO B;9116
2025-07;Andalucía;Sevilla;GASÓLEO C;304
2025-07;Andalucía;Sevilla;OTROS GASOLEOS;1081
2025-07;Andalucía;Sevilla;BIOETANOL;0
2025-07;Andalucía;Sevilla;GASOLINA  AUTO. S/PB 95 I.O.;19696
2025-07;Andalucía;Sevilla;GASOLINA  AUTO. S/PB 98 I.O.;466
2025-07;Andalucía;Sevilla;OTRAS GASOLINAS;11
2025-07;Andalucía;Sevilla;FUELÓLEO  BIA;194
2025-07;Andalucía;Sevilla;OTROS FUELÓLEOS;0
2025-07;Andalucía;Sevilla;QUEROSENO AVIACIÓN;12217
2025-07;Andalucía;Sevilla;OTROS QUEROSENOS;0
2025-07;Andalucía;Sevilla;GLP;2746
2025-07;Aragón;Huesca;BIODIESEL;405
2025-07;Aragón;Huesca;GASÓLEO A;17064
2025-07;Aragón;Huesca;GASÓLEO B;6793
2025-07;Aragón;Huesca;GASÓLEO C;314
2025-07;Aragón;Huesca;OTROS GASOLEOS;0
2025-07;Aragón;Huesca;BIOETANOL;0
2025-07;Aragón;Huesca;GASOLINA  AUTO. S/PB 95 I.O.;4533
2025-07;Aragón;Huesca;GASOLINA  AUTO. S/PB 98 I.O.;231
2025-07;Aragón;Huesca;OTRAS GASOLINAS;7
2025-07;Aragón;Huesca;FUELÓLEO  BIA;0
2025-07;Aragón;Huesca;OTROS FUELÓLEOS;0
2025-07;Aragón;Huesca;QUEROSENO AVIACIÓN;61
2025-07;Aragón;Huesca;OTROS QUEROSENOS;0
2025-07;Aragón;Huesca;GLP;717
2025-07;Aragón;Teruel;BIODIESEL;107
2025-07;Aragón;Teruel;GASÓLEO A;10545
2025-07;Aragón;Teruel;GASÓLEO B;4751
2025-07;Aragón;Teruel;GASÓLEO C;364
2025-07;Aragón;Teruel;OTROS GASOLEOS;0
2025-07;Aragón;Teruel;BIOETANOL;0
2025-07;Aragón;Teruel;GASOLINA  AUTO. S/PB 95 I.O.;2370
2025-07;Aragón;Teruel;GASOLINA  AUTO. S/PB 98 I.O.;144
2025-07;Aragón;Teruel;OTRAS GASOLINAS;2
2025-07;Aragón;Teruel;FUELÓLEO  BIA;0
2025-07;Aragón;Teruel;OTROS FUELÓLEOS;0
2025-07;Aragón;Teruel;QUEROSENO AVIACIÓN;102
2025-07;Aragón;Teruel;OTROS QUEROSENOS;0
2025-07;Aragón;Teruel;GLP;359
2025-07;Aragón;Zaragoza;BIODIESEL;2044
2025-07;Aragón;Zaragoza;GASÓLEO A;47988
2025-07;Aragón;Zaragoza;GASÓLEO B;11440
2025-07;Aragón;Zaragoza;GASÓLEO C;1146
2025-07;Aragón;Zaragoza;OTROS GASOLEOS;77
2025-07;Aragón;Zaragoza;BIOETANOL;0
2025-07;Aragón;Zaragoza;GASOLINA  AUTO. S/PB 95 I.O.;11573
2025-07;Aragón;Zaragoza;GASOLINA  AUTO. S/PB 98 I.O.;445
2025-07;Aragón;Zaragoza;OTRAS GASOLINAS;4
2025-07;Aragón;Zaragoza;FUELÓLEO  BIA;0
2025-07;Aragón;Zaragoza;OTROS FUELÓLEOS;429
2025-07;Aragón;Zaragoza;QUEROSENO AVIACIÓN;6935
2025-07;Aragón;Zaragoza;OTROS QUEROSENOS;0
2025-07;Aragón;Zaragoza;GLP;1123
2025-07;Asturias, Principado de;Asturias;BIODIESEL;267
2025-07;Asturias, Principado de;Asturias;GASÓLEO A;37504
2025-07;Asturias, Principado de;Asturias;GASÓLEO B;6135
2025-07;Asturias, Principado de;Asturias;GASÓLEO C;1359
2025-07;Asturias, Principado de;Asturias;OTROS GASOLEOS;3537
2025-07;Asturias, Principado de;Asturias;BIOETANOL;0
2025-07;Asturias, Principado de;Asturias;GASOLINA  AUTO. S/PB 95 I.O.;11789
2025-07;Asturias, Principado de;Asturias;GASOLINA  AUTO. S/PB 98 I.O.;698
2025-07;Asturias, Principado de;Asturias;OTRAS GASOLINAS;1
2025-07;Asturias, Principado de;Asturias;FUELÓLEO  BIA;540
2025-07;Asturias, Principado de;Asturias;OTROS FUELÓLEOS;399
2025-07;Asturias, Principado de;Asturias;QUEROSENO AVIACIÓN;2445
2025-07;Asturias, Principado de;Asturias;OTROS QUEROSENOS;0
2025-07;Asturias, Principado de;Asturias;GLP;1680
2025-07;Balears, Illes;Balears, Illes;BIODIESEL;0
2025-07;Balears, Illes;Balears, Illes;GASÓLEO A;35544
2025-07;Balears, Illes;Balears, Illes;GASÓLEO B;3476
2025-07;Balears, Illes;Balears, Illes;GASÓLEO C;14773
2025-07;Balears, Illes;Balears, Illes;OTROS GASOLEOS;8190
2025-07;Balears, Illes;Balears, Illes;BIOETANOL;0
2025-07;Balears, Illes;Balears, Illes;GASOLINA  AUTO. S/PB 95 I.O.;30225
2025-07;Balears, Illes;Balears, Illes;GASOLINA  AUTO. S/PB 98 I.O.;1346
2025-07;Balears, Illes;Balears, Illes;OTRAS GASOLINAS;34
2025-07;Balears, Illes;Balears, Illes;FUELÓLEO  BIA;0
2025-07;Balears, Illes;Balears, Illes;OTROS FUELÓLEOS;0
2025-07;Balears, Illes;Balears, Illes;QUEROSENO AVIACIÓN;103197
2025-07;Balears, Illes;Balears, Illes;OTROS QUEROSENOS;0
2025-07;Balears, Illes;Balears, Illes;GLP;4193
2025-07;Canarias;Palmas, Las;BIODIESEL;228
2025-07;Canarias;Palmas, Las;GASÓLEO A;28294
2025-07;Canarias;Palmas, Las;GASÓLEO B;0
2025-07;Canarias;Palmas, Las;GASÓLEO C;0
2025-07;Canarias;Palmas, Las;OTROS GASOLEOS;77773
2025-07;Canarias;Palmas, Las;BIOETANOL;0
2025-07;Canarias;Palmas, Las;GASOLINA  AUTO. S/PB 95 I.O.;20530
2025-07;Canarias;Palmas, Las;GASOLINA  AUTO. S/PB 98 I.O.;3879
2025-07;Canarias;Palmas, Las;OTRAS GASOLINAS;2
2025-07;Canarias;Palmas, Las;FUELÓLEO  BIA;85539
2025-07;Canarias;Palmas, Las;OTROS FUELÓLEOS;52863
2025-07;Canarias;Palmas, Las;QUEROSENO AVIACIÓN;48777
2025-07;Canarias;Palmas, Las;OTROS QUEROSENOS;0
2025-07;Canarias;Palmas, Las;GLP;2961
2025-07;Canarias;Santa Cruz de Tenerife;BIODIESEL;0
2025-07;Canarias;Santa Cruz de Tenerife;GASÓLEO A;27325
2025-07;Canarias;Santa Cruz de Tenerife;GASÓLEO B;0
2025-07;Canarias;Santa Cruz de Tenerife;GASÓLEO C;0
2025-07;Canarias;Santa Cruz de Tenerife;OTROS GASOLEOS;61350
2025-07;Canarias;Santa Cruz de Tenerife;BIOETANOL;0
2025-07;Canarias;Santa Cruz de Tenerife;GASOLINA  AUTO. S/PB 95 I.O.;19183
2025-07;Canarias;Santa Cruz de Tenerife;GASOLINA  AUTO. S/PB 98 I.O.;5153
2025-07;Canarias;Santa Cruz de Tenerife;OTRAS GASOLINAS;0
2025-07;Canarias;Santa Cruz de Tenerife;FUELÓLEO  BIA;15713
2025-07;Canarias;Santa Cruz de Tenerife;OTROS FUELÓLEOS;26076
2025-07;Canarias;Santa Cruz de Tenerife;QUEROSENO AVIACIÓN;47135
2025-07;Canarias;Santa Cruz de Tenerife;OTROS QUEROSENOS;0
2025-07;Canarias;Santa Cruz de Tenerife;GLP;3335
2025-07;Cantabria;Cantabria;BIODIESEL;979
2025-07;Cantabria;Cantabria;GASÓLEO A;27584
2025-07;Cantabria;Cantabria;GASÓLEO B;3239
2025-07;Cantabria;Cantabria;GASÓLEO C;26
2025-07;Cantabria;Cantabria;OTROS GASOLEOS;1521
2025-07;Cantabria;Cantabria;BIOETANOL;0
2025-07;Cantabria;Cantabria;GASOLINA  AUTO. S/PB 95 I.O.;9883
2025-07;Cantabria;Cantabria;GASOLINA  AUTO. S/PB 98 I.O.;423
2025-07;Cantabria;Cantabria;OTRAS GASOLINAS;1
2025-07;Cantabria;Cantabria;FUELÓLEO  BIA;184
2025-07;Cantabria;Cantabria;OTROS FUELÓLEOS;0
2025-07;Cantabria;Cantabria;QUEROSENO AVIACIÓN;1274
2025-07;Cantabria;Cantabria;OTROS QUEROSENOS;0
2025-07;Cantabria;Cantabria;GLP;1275
2025-07;Castilla - La Mancha;Albacete;BIODIESEL;392
2025-07;Castilla - La Mancha;Albacete;GASÓLEO A;19986
2025-07;Castilla - La Mancha;Albacete;GASÓLEO B;6839
2025-07;Castilla - La Mancha;Albacete;GASÓLEO C;283
2025-07;Castilla - La Mancha;Albacete;OTROS GASOLEOS;0
2025-07;Castilla - La Mancha;Albacete;BIOETANOL;0
2025-07;Castilla - La Mancha;Albacete;GASOLINA  AUTO. S/PB 95 I.O.;4897
2025-07;Castilla - La Mancha;Albacete;GASOLINA  AUTO. S/PB 98 I.O.;221
2025-07;Castilla - La Mancha;Albacete;OTRAS GASOLINAS;0
2025-07;Castilla - La Mancha;Albacete;FUELÓLEO  BIA;0
2025-07;Castilla - La Mancha;Albacete;OTROS FUELÓLEOS;0
2025-07;Castilla - La Mancha;Albacete;QUEROSENO AVIACIÓN;12
2025-07;Castilla - La Mancha;Albacete;OTROS QUEROSENOS;0
2025-07;Castilla - La Mancha;Albacete;GLP;632
2025-07;Castilla - La Mancha;Ciudad Real;BIODIESEL;869
2025-07;Castilla - La Mancha;Ciudad Real;GASÓLEO A;25808
2025-07;Castilla - La Mancha;Ciudad Real;GASÓLEO B;9189
2025-07;Castilla - La Mancha;Ciudad Real;GASÓLEO C;362
2025-07;Castilla - La Mancha;Ciudad Real;OTROS GASOLEOS;0
2025-07;Castilla - La Mancha;Ciudad Real;BIOETANOL;0
2025-07;Castilla - La Mancha;Ciudad Real;GASOLINA  AUTO. S/PB 95 I.O.;5201
2025-07;Castilla - La Mancha;Ciudad Real;GASOLINA  AUTO. S/PB 98 I.O.;176
2025-07;Castilla - La Mancha;Ciudad Real;OTRAS GASOLINAS;0
2025-07;Castilla - La Mancha;Ciudad Real;FUELÓLEO  BIA;90
2025-07;Castilla - La Mancha;Ciudad Real;OTROS FUELÓLEOS;0
2025-07;Castilla - La Mancha;Ciudad Real;QUEROSENO AVIACIÓN;78
2025-07;Castilla - La Mancha;Ciudad Real;OTROS QUEROSENOS;0
2025-07;Castilla - La Mancha;Ciudad Real;GLP;718
2025-07;Castilla - La Mancha;Cuenca;BIODIESEL;140
2025-07;Castilla - La Mancha;Cuenca;GASÓLEO A;16538
2025-07;Castilla - La Mancha;Cuenca;GASÓLEO B;7250
2025-07;Castilla - La Mancha;Cuenca;GASÓLEO C;217
2025-07;Castilla - La Mancha;Cuenca;OTROS GASOLEOS;0
2025-07;Castilla - La Mancha;Cuenca;BIOETANOL;0
2025-07;Castilla - La Mancha;Cuenca;GASOLINA  AUTO. S/PB 95 I.O.;3970
2025-07;Castilla - La Mancha;Cuenca;GASOLINA  AUTO. S/PB 98 I.O.;147
2025-07;Castilla - La Mancha;Cuenca;OTRAS GASOLINAS;1
2025-07;Castilla - La Mancha;Cuenca;FUELÓLEO  BIA;0
2025-07;Castilla - La Mancha;Cuenca;OTROS FUELÓLEOS;0
2025-07;Castilla - La Mancha;Cuenca;QUEROSENO AVIACIÓN;0
2025-07;Castilla - La Mancha;Cuenca;OTROS QUEROSENOS;0
2025-07;Castilla - La Mancha;Cuenca;GLP;437
2025-07;Castilla - La Mancha;Guadalajara;BIODIESEL;422
2025-07;Castilla - La Mancha;Guadalajara;GASÓLEO A;13959
2025-07;Castilla - La Mancha;Guadalajara;GASÓLEO B;3641
2025-07;Castilla - La Mancha;Guadalajara;GASÓLEO C;364
2025-07;Castilla - La Mancha;Guadalajara;OTROS GASOLEOS;0
2025-07;Castilla - La Mancha;Guadalajara;BIOETANOL;0
2025-07;Castilla - La Mancha;Guadalajara;GASOLINA  AUTO. S/PB 95 I.O.;4300
2025-07;Castilla - La Mancha;Guadalajara;GASOLINA  AUTO. S/PB 98 I.O.;122
2025-07;Castilla - La Mancha;Guadalajara;OTRAS GASOLINAS;0
2025-07;Castilla - La Mancha;Guadalajara;FUELÓLEO  BIA;27
2025-07;Castilla - La Mancha;Guadalajara;OTROS FUELÓLEOS;0
2025-07;Castilla - La Mancha;Guadalajara;QUEROSENO AVIACIÓN;0
2025-07;Castilla - La Mancha;Guadalajara;OTROS QUEROSENOS;0
2025-07;Castilla - La Mancha;Guadalajara;GLP;341
2025-07;Castilla - La Mancha;Toledo;BIODIESEL;867
2025-07;Castilla - La Mancha;Toledo;GASÓLEO A;38329
2025-07;Castilla - La Mancha;Toledo;GASÓLEO B;9151
2025-07;Castilla - La Mancha;Toledo;GASÓLEO C;937
2025-07;Castilla - La Mancha;Toledo;OTROS GASOLEOS;0
2025-07;Castilla - La Mancha;Toledo;BIOETANOL;0
2025-07;Castilla - La Mancha;Toledo;GASOLINA  AUTO. S/PB 95 I.O.;9750
2025-07;Castilla - La Mancha;Toledo;GASOLINA  AUTO. S/PB 98 I.O.;422
2025-07;Castilla - La Mancha;Toledo;OTRAS GASOLINAS;17
2025-07;Castilla - La Mancha;Toledo;FUELÓLEO  BIA;108
2025-07;Castilla - La Mancha;Toledo;OTROS FUELÓLEOS;0
2025-07;Castilla - La Mancha;Toledo;QUEROSENO AVIACIÓN;0
2025-07;Castilla - La Mancha;Toledo;OTROS QUEROSENOS;0
2025-07;Castilla - La Mancha;Toledo;GLP;1090
2025-07;Castilla y León;Ávila;BIODIESEL;178
2025-07;Castilla y León;Ávila;GASÓLEO A;8138
2025-07;Castilla y León;Ávila;GASÓLEO B;3008
2025-07;Castilla y León;Ávila;GASÓLEO C;243
2025-07;Castilla y León;Ávila;OTROS GASOLEOS;0
2025-07;Castilla y León;Ávila;BIOETANOL;0
2025-07;Castilla y León;Ávila;GASOLINA  AUTO. S/PB 95 I.O.;2647
2025-07;Castilla y León;Ávila;GASOLINA  AUTO. S/PB 98 I.O.;85
2025-07;Castilla y León;Ávila;OTRAS GASOLINAS;0
2025-07;Castilla y León;Ávila;FUELÓLEO  BIA;0
2025-07;Castilla y León;Ávila;OTROS FUELÓLEOS;0
2025-07;Castilla y León;Ávila;QUEROSENO AVIACIÓN;32
2025-07;Castilla y León;Ávila;OTROS QUEROSENOS;0
2025-07;Castilla y León;Ávila;GLP;557
2025-07;Castilla y León;Burgos;BIODIESEL;310
2025-07;Castilla y León;Burgos;GASÓLEO A;28670
2025-07;Castilla y León;Burgos;GASÓLEO B;8618
2025-07;Castilla y León;Burgos;GASÓLEO C;221
2025-07;Castilla y León;Burgos;OTROS GASOLEOS;0
2025-07;Castilla y León;Burgos;BIOETANOL;0
2025-07;Castilla y León;Burgos;GASOLINA  AUTO. S/PB 95 I.O.;7036
2025-07;Castilla y León;Burgos;GASOLINA  AUTO. S/PB 98 I.O.;477
2025-07;Castilla y León;Burgos;OTRAS GASOLINAS;23
2025-07;Castilla y León;Burgos;FUELÓLEO  BIA;79
2025-07;Castilla y León;Burgos;OTROS FUELÓLEOS;0
2025-07;Castilla y León;Burgos;QUEROSENO AVIACIÓN;23
2025-07;Castilla y León;Burgos;OTROS QUEROSENOS;0
2025-07;Castilla y León;Burgos;GLP;608
2025-07;Castilla y León;León;BIODIESEL;212
2025-07;Castilla y León;León;GASÓLEO A;26232
2025-07;Castilla y León;León;GASÓLEO B;6861
2025-07;Castilla y León;León;GASÓLEO C;1139
2025-07;Castilla y León;León;OTROS GASOLEOS;0
2025-07;Castilla y León;León;BIOETANOL;0
2025-07;Castilla y León;León;GASOLINA  AUTO. S/PB 95 I.O.;7044
2025-07;Castilla y León;León;GASOLINA  AUTO. S/PB 98 I.O.;396
2025-07;Castilla y León;León;OTRAS GASOLINAS;0
2025-07;Castilla y León;León;FUELÓLEO  BIA;320
2025-07;Castilla y León;León;OTROS FUELÓLEOS;0
2025-07;Castilla y León;León;QUEROSENO AVIACIÓN;42
2025-07;Castilla y León;León;OTROS QUEROSENOS;0
2025-07;Castilla y León;León;GLP;813
2025-07;Castilla y León;Palencia;BIODIESEL;178
2025-07;Castilla y León;Palencia;GASÓLEO A;10939
2025-07;Castilla y León;Palencia;GASÓLEO B;7846
2025-07;Castilla y León;Palencia;GASÓLEO C;213
2025-07;Castilla y León;Palencia;OTROS GASOLEOS;0
2025-07;Castilla y León;Palencia;BIOETANOL;0
2025-07;Castilla y León;Palencia;GASOLINA  AUTO. S/PB 95 I.O.;2613
2025-07;Castilla y León;Palencia;GASOLINA  AUTO. S/PB 98 I.O.;159
2025-07;Castilla y León;Palencia;OTRAS GASOLINAS;0
2025-07;Castilla y León;Palencia;FUELÓLEO  BIA;25
2025-07;Castilla y León;Palencia;OTROS FUELÓLEOS;0
2025-07;Castilla y León;Palencia;QUEROSENO AVIACIÓN;0
2025-07;Castilla y León;Palencia;OTROS QUEROSENOS;0
2025-07;Castilla y León;Palencia;GLP;332
2025-07;Castilla y León;Salamanca;BIODIESEL;205
2025-07;Castilla y León;Salamanca;GASÓLEO A;23971
2025-07;Castilla y León;Salamanca;GASÓLEO B;4906
2025-07;Castilla y León;Salamanca;GASÓLEO C;560
2025-07;Castilla y León;Salamanca;OTROS GASOLEOS;0
2025-07;Castilla y León;Salamanca;BIOETANOL;0
2025-07;Castilla y León;Salamanca;GASOLINA  AUTO. S/PB 95 I.O.;4501
2025-07;Castilla y León;Salamanca;GASOLINA  AUTO. S/PB 98 I.O.;310
2025-07;Castilla y León;Salamanca;OTRAS GASOLINAS;29
2025-07;Castilla y León;Salamanca;FUELÓLEO  BIA;0
2025-07;Castilla y León;Salamanca;OTROS FUELÓLEOS;0
2025-07;Castilla y León;Salamanca;QUEROSENO AVIACIÓN;60
2025-07;Castilla y León;Salamanca;OTROS QUEROSENOS;0
2025-07;Castilla y León;Salamanca;GLP;556
2025-07;Castilla y León;Segovia;BIODIESEL;230
2025-07;Castilla y León;Segovia;GASÓLEO A;10634
2025-07;Castilla y León;Segovia;GASÓLEO B;4888
2025-07;Castilla y León;Segovia;GASÓLEO C;522
2025-07;Castilla y León;Segovia;OTROS GASOLEOS;0
2025-07;Castilla y León;Segovia;BIOETANOL;0
2025-07;Castilla y León;Segovia;GASOLINA  AUTO. S/PB 95 I.O.;3166
2025-07;Castilla y León;Segovia;GASOLINA  AUTO. S/PB 98 I.O.;157
2025-07;Castilla y León;Segovia;OTRAS GASOLINAS;1
2025-07;Castilla y León;Segovia;FUELÓLEO  BIA;0
2025-07;Castilla y León;Segovia;OTROS FUELÓLEOS;0
2025-07;Castilla y León;Segovia;QUEROSENO AVIACIÓN;8
2025-07;Castilla y León;Segovia;OTROS QUEROSENOS;0
2025-07;Castilla y León;Segovia;GLP;551
2025-07;Castilla y León;Soria;BIODIESEL;71
2025-07;Castilla y León;Soria;GASÓLEO A;6737
2025-07;Castilla y León;Soria;GASÓLEO B;3551
2025-07;Castilla y León;Soria;GASÓLEO C;134
2025-07;Castilla y León;Soria;OTROS GASOLEOS;0
2025-07;Castilla y León;Soria;BIOETANOL;0
2025-07;Castilla y León;Soria;GASOLINA  AUTO. S/PB 95 I.O.;1616
2025-07;Castilla y León;Soria;GASOLINA  AUTO. S/PB 98 I.O.;66
2025-07;Castilla y León;Soria;OTRAS GASOLINAS;26
2025-07;Castilla y León;Soria;FUELÓLEO  BIA;0
2025-07;Castilla y León;Soria;OTROS FUELÓLEOS;0
2025-07;Castilla y León;Soria;QUEROSENO AVIACIÓN;0
2025-07;Castilla y León;Soria;OTROS QUEROSENOS;0
2025-07;Castilla y León;Soria;GLP;178
2025-07;Castilla y León;Valladolid;BIODIESEL;397
2025-07;Castilla y León;Valladolid;GASÓLEO A;23118
2025-07;Castilla y León;Valladolid;GASÓLEO B;9152
2025-07;Castilla y León;Valladolid;GASÓLEO C;310
2025-07;Castilla y León;Valladolid;OTROS GASOLEOS;0
2025-07;Castilla y León;Valladolid;BIOETANOL;0
2025-07;Castilla y León;Valladolid;GASOLINA  AUTO. S/PB 95 I.O.;6682
2025-07;Castilla y León;Valladolid;GASOLINA  AUTO. S/PB 98 I.O.;365
2025-07;Castilla y León;Valladolid;OTRAS GASOLINAS;15
2025-07;Castilla y León;Valladolid;FUELÓLEO  BIA;283
2025-07;Castilla y León;Valladolid;OTROS FUELÓLEOS;0
2025-07;Castilla y León;Valladolid;QUEROSENO AVIACIÓN;227
2025-07;Castilla y León;Valladolid;OTROS QUEROSENOS;0
2025-07;Castilla y León;Valladolid;GLP;507
2025-07;Castilla y León;Zamora;BIODIESEL;54
2025-07;Castilla y León;Zamora;GASÓLEO A;19833
2025-07;Castilla y León;Zamora;GASÓLEO B;5061
2025-07;Castilla y León;Zamora;GASÓLEO C;166
2025-07;Castilla y León;Zamora;OTROS GASOLEOS;0
2025-07;Castilla y León;Zamora;BIOETANOL;0
2025-07;Castilla y León;Zamora;GASOLINA  AUTO. S/PB 95 I.O.;3366
2025-07;Castilla y León;Zamora;GASOLINA  AUTO. S/PB 98 I.O.;229
2025-07;Castilla y León;Zamora;OTRAS GASOLINAS;0
2025-07;Castilla y León;Zamora;FUELÓLEO  BIA;0
2025-07;Castilla y León;Zamora;OTROS FUELÓLEOS;0
2025-07;Castilla y León;Zamora;QUEROSENO AVIACIÓN;17
2025-07;Castilla y León;Zamora;OTROS QUEROSENOS;0
2025-07;Castilla y León;Zamora;GLP;403
2025-07;Cataluña;Barcelona;BIODIESEL;2509
2025-07;Cataluña;Barcelona;GASÓLEO A;145569
2025-07;Cataluña;Barcelona;GASÓLEO B;15766
2025-07;Cataluña;Barcelona;GASÓLEO C;1321
2025-07;Cataluña;Barcelona;OTROS GASOLEOS;33717
2025-07;Cataluña;Barcelona;BIOETANOL;0
2025-07;Cataluña;Barcelona;GASOLINA  AUTO. S/PB 95 I.O.;71389
2025-07;Cataluña;Barcelona;GASOLINA  AUTO. S/PB 98 I.O.;3167
2025-07;Cataluña;Barcelona;OTRAS GASOLINAS;87
2025-07;Cataluña;Barcelona;FUELÓLEO  BIA;20334
2025-07;Cataluña;Barcelona;OTROS FUELÓLEOS;67471
2025-07;Cataluña;Barcelona;QUEROSENO AVIACIÓN;134774
2025-07;Cataluña;Barcelona;OTROS QUEROSENOS;0
2025-07;Cataluña;Barcelona;GLP;4035
2025-07;Cataluña;Girona;BIODIESEL;620
2025-07;Cataluña;Girona;GASÓLEO A;117605
2025-07;Cataluña;Girona;GASÓLEO B;5339
2025-07;Cataluña;Girona;GASÓLEO C;1256
2025-07;Cataluña;Girona;OTROS GASOLEOS;663
2025-07;Cataluña;Girona;BIOETANOL;0
2025-07;Cataluña;Girona;GASOLINA  AUTO. S/PB 95 I.O.;21627
2025-07;Cataluña;Girona;GASOLINA  AUTO. S/PB 98 I.O.;1403
2025-07;Cataluña;Girona;OTRAS GASOLINAS;3
2025-07;Cataluña;Girona;FUELÓLEO  BIA;107
2025-07;Cataluña;Girona;OTROS FUELÓLEOS;0
2025-07;Cataluña;Girona;QUEROSENO AVIACIÓN;4610
2025-07;Cataluña;Girona;OTROS QUEROSENOS;0
2025-07;Cataluña;Girona;GLP;2080
2025-07;Cataluña;Lleida;BIODIESEL;227
2025-07;Cataluña;Lleida;GASÓLEO A;27996
2025-07;Cataluña;Lleida;GASÓLEO B;6960
2025-07;Cataluña;Lleida;GASÓLEO C;290
2025-07;Cataluña;Lleida;OTROS GASOLEOS;0
2025-07;Cataluña;Lleida;BIOETANOL;0
2025-07;Cataluña;Lleida;GASOLINA  AUTO. S/PB 95 I.O.;7765
2025-07;Cataluña;Lleida;GASOLINA  AUTO. S/PB 98 I.O.;352
2025-07;Cataluña;Lleida;OTRAS GASOLINAS;30
2025-07;Cataluña;Lleida;FUELÓLEO  BIA;25
2025-07;Cataluña;Lleida;OTROS FUELÓLEOS;0
2025-07;Cataluña;Lleida;QUEROSENO AVIACIÓN;127
2025-07;Cataluña;Lleida;OTROS QUEROSENOS;0
2025-07;Cataluña;Lleida;GLP;1131
2025-07;Cataluña;Tarragona;BIODIESEL;455
2025-07;Cataluña;Tarragona;GASÓLEO A;38007
2025-07;Cataluña;Tarragona;GASÓLEO B;4247
2025-07;Cataluña;Tarragona;GASÓLEO C;165
2025-07;Cataluña;Tarragona;OTROS GASOLEOS;2429
2025-07;Cataluña;Tarragona;BIOETANOL;0
2025-07;Cataluña;Tarragona;GASOLINA  AUTO. S/PB 95 I.O.;15461
2025-07;Cataluña;Tarragona;GASOLINA  AUTO. S/PB 98 I.O.;711
2025-07;Cataluña;Tarragona;OTRAS GASOLINAS;9
2025-07;Cataluña;Tarragona;FUELÓLEO  BIA;25
2025-07;Cataluña;Tarragona;OTROS FUELÓLEOS;0
2025-07;Cataluña;Tarragona;QUEROSENO AVIACIÓN;3526
2025-07;Cataluña;Tarragona;OTROS QUEROSENOS;0
2025-07;Cataluña;Tarragona;GLP;1354
2025-07;Ceuta;Ceuta;BIODIESEL;0
2025-07;Ceuta;Ceuta;GASÓLEO A;1113
2025-07;Ceuta;Ceuta;GASÓLEO B;0
2025-07;Ceuta;Ceuta;GASÓLEO C;0
2025-07;Ceuta;Ceuta;OTROS GASOLEOS;9830
2025-07;Ceuta;Ceuta;BIOETANOL;0
2025-07;Ceuta;Ceuta;GASOLINA  AUTO. S/PB 95 I.O.;575
2025-07;Ceuta;Ceuta;GASOLINA  AUTO. S/PB 98 I.O.;86
2025-07;Ceuta;Ceuta;OTRAS GASOLINAS;0
2025-07;Ceuta;Ceuta;FUELÓLEO  BIA;4683
2025-07;Ceuta;Ceuta;OTROS FUELÓLEOS;12349
2025-07;Ceuta;Ceuta;QUEROSENO AVIACIÓN;54
2025-07;Ceuta;Ceuta;OTROS QUEROSENOS;0
2025-07;Ceuta;Ceuta;GLP;146
2025-07;Comunitat Valenciana;Alicante/Alacant;BIODIESEL;903
2025-07;Comunitat Valenciana;Alicante/Alacant;GASÓLEO A;61340
2025-07;Comunitat Valenciana;Alicante/Alacant;GASÓLEO B;4502
2025-07;Comunitat Valenciana;Alicante/Alacant;GASÓLEO C;874
2025-07;Comunitat Valenciana;Alicante/Alacant;OTROS GASOLEOS;2241
2025-07;Comunitat Valenciana;Alicante/Alacant;BIOETANOL;0
2025-07;Comunitat Valenciana;Alicante/Alacant;GASOLINA  AUTO. S/PB 95 I.O.;32146
2025-07;Comunitat Valenciana;Alicante/Alacant;GASOLINA  AUTO. S/PB 98 I.O.;1402
2025-07;Comunitat Valenciana;Alicante/Alacant;OTRAS GASOLINAS;10
2025-07;Comunitat Valenciana;Alicante/Alacant;FUELÓLEO  BIA;177
2025-07;Comunitat Valenciana;Alicante/Alacant;OTROS FUELÓLEOS;0
2025-07;Comunitat Valenciana;Alicante/Alacant;QUEROSENO AVIACIÓN;36575
2025-07;Comunitat Valenciana;Alicante/Alacant;OTROS QUEROSENOS;0
2025-07;Comunitat Valenciana;Alicante/Alacant;GLP;4370
2025-07;Comunitat Valenciana;Castellón/Castelló;BIODIESEL;37
2025-07;Comunitat Valenciana;Castellón/Castelló;GASÓLEO A;25915
2025-07;Comunitat Valenciana;Castellón/Castelló;GASÓLEO B;1689
2025-07;Comunitat Valenciana;Castellón/Castelló;GASÓLEO C;167
2025-07;Comunitat Valenciana;Castellón/Castelló;OTROS GASOLEOS;18935
2025-07;Comunitat Valenciana;Castellón/Castelló;BIOETANOL;0
2025-07;Comunitat Valenciana;Castellón/Castelló;GASOLINA  AUTO. S/PB 95 I.O.;9990
2025-07;Comunitat Valenciana;Castellón/Castelló;GASOLINA  AUTO. S/PB 98 I.O.;407
2025-07;Comunitat Valenciana;Castellón/Castelló;OTRAS GASOLINAS;15
2025-07;Comunitat Valenciana;Castellón/Castelló;FUELÓLEO  BIA;0
2025-07;Comunitat Valenciana;Castellón/Castelló;OTROS FUELÓLEOS;0
2025-07;Comunitat Valenciana;Castellón/Castelló;QUEROSENO AVIACIÓN;585
2025-07;Comunitat Valenciana;Castellón/Castelló;OTROS QUEROSENOS;0
2025-07;Comunitat Valenciana;Castellón/Castelló;GLP;1298
2025-07;Comunitat Valenciana;Valencia/València;BIODIESEL;508
2025-07;Comunitat Valenciana;Valencia/València;GASÓLEO A;105443
2025-07;Comunitat Valenciana;Valencia/València;GASÓLEO B;11570
2025-07;Comunitat Valenciana;Valencia/València;GASÓLEO C;668
2025-07;Comunitat Valenciana;Valencia/València;OTROS GASOLEOS;7237
2025-07;Comunitat Valenciana;Valencia/València;BIOETANOL;0
2025-07;Comunitat Valenciana;Valencia/València;GASOLINA  AUTO. S/PB 95 I.O.;36983
2025-07;Comunitat Valenciana;Valencia/València;GASOLINA  AUTO. S/PB 98 I.O.;1431
2025-07;Comunitat Valenciana;Valencia/València;OTRAS GASOLINAS;7
2025-07;Comunitat Valenciana;Valencia/València;FUELÓLEO  BIA;164
2025-07;Comunitat Valenciana;Valencia/València;OTROS FUELÓLEOS;19684
2025-07;Comunitat Valenciana;Valencia/València;QUEROSENO AVIACIÓN;16020
2025-07;Comunitat Valenciana;Valencia/València;OTROS QUEROSENOS;1
2025-07;Comunitat Valenciana;Valencia/València;GLP;3280
2025-07;Extremadura;Badajoz;BIODIESEL;343
2025-07;Extremadura;Badajoz;GASÓLEO A;42585
2025-07;Extremadura;Badajoz;GASÓLEO B;9860
2025-07;Extremadura;Badajoz;GASÓLEO C;81
2025-07;Extremadura;Badajoz;OTROS GASOLEOS;0
2025-07;Extremadura;Badajoz;BIOETANOL;0
2025-07;Extremadura;Badajoz;GASOLINA  AUTO. S/PB 95 I.O.;7183
2025-07;Extremadura;Badajoz;GASOLINA  AUTO. S/PB 98 I.O.;247
2025-07;Extremadura;Badajoz;OTRAS GASOLINAS;6
2025-07;Extremadura;Badajoz;FUELÓLEO  BIA;154
2025-07;Extremadura;Badajoz;OTROS FUELÓLEOS;0
2025-07;Extremadura;Badajoz;QUEROSENO AVIACIÓN;210
2025-07;Extremadura;Badajoz;OTROS QUEROSENOS;0
2025-07;Extremadura;Badajoz;GLP;1299
2025-07;Extremadura;Cáceres;BIODIESEL;188
2025-07;Extremadura;Cáceres;GASÓLEO A;20178
2025-07;Extremadura;Cáceres;GASÓLEO B;3163
2025-07;Extremadura;Cáceres;GASÓLEO C;143
2025-07;Extremadura;Cáceres;OTROS GASOLEOS;0
2025-07;Extremadura;Cáceres;BIOETANOL;0
2025-07;Extremadura;Cáceres;GASOLINA  AUTO. S/PB 95 I.O.;5121
2025-07;Extremadura;Cáceres;GASOLINA  AUTO. S/PB 98 I.O.;170
2025-07;Extremadura;Cáceres;OTRAS GASOLINAS;0
2025-07;Extremadura;Cáceres;FUELÓLEO  BIA;201
2025-07;Extremadura;Cáceres;OTROS FUELÓLEOS;0
2025-07;Extremadura;Cáceres;QUEROSENO AVIACIÓN;40
2025-07;Extremadura;Cáceres;OTROS QUEROSENOS;0
2025-07;Extremadura;Cáceres;GLP;952
2025-07;Galicia;Coruña, A;BIODIESEL;316
2025-07;Galicia;Coruña, A;GASÓLEO A;46758
2025-07;Galicia;Coruña, A;GASÓLEO B;7523
2025-07;Galicia;Coruña, A;GASÓLEO C;1986
2025-07;Galicia;Coruña, A;OTROS GASOLEOS;4597
2025-07;Galicia;Coruña, A;BIOETANOL;0
2025-07;Galicia;Coruña, A;GASOLINA  AUTO. S/PB 95 I.O.;13520
2025-07;Galicia;Coruña, A;GASOLINA  AUTO. S/PB 98 I.O.;653
2025-07;Galicia;Coruña, A;OTRAS GASOLINAS;8
2025-07;Galicia;Coruña, A;FUELÓLEO  BIA;4531
2025-07;Galicia;Coruña, A;OTROS FUELÓLEOS;957
2025-07;Galicia;Coruña, A;QUEROSENO AVIACIÓN;6482
2025-07;Galicia;Coruña, A;OTROS QUEROSENOS;0
2025-07;Galicia;Coruña, A;GLP;2957
2025-07;Galicia;Lugo;BIODIESEL;92
2025-07;Galicia;Lugo;GASÓLEO A;19564
2025-07;Galicia;Lugo;GASÓLEO B;4795
2025-07;Galicia;Lugo;GASÓLEO C;880
2025-07;Galicia;Lugo;OTROS GASOLEOS;1610
2025-07;Galicia;Lugo;BIOETANOL;0
2025-07;Galicia;Lugo;GASOLINA  AUTO. S/PB 95 I.O.;4038
2025-07;Galicia;Lugo;GASOLINA  AUTO. S/PB 98 I.O.;196
2025-07;Galicia;Lugo;OTRAS GASOLINAS;0
2025-07;Galicia;Lugo;FUELÓLEO  BIA;74
2025-07;Galicia;Lugo;OTROS FUELÓLEOS;0
2025-07;Galicia;Lugo;QUEROSENO AVIACIÓN;82
2025-07;Galicia;Lugo;OTROS QUEROSENOS;0
2025-07;Galicia;Lugo;GLP;1037
2025-07;Galicia;Ourense;BIODIESEL;119
2025-07;Galicia;Ourense;GASÓLEO A;15554
2025-07;Galicia;Ourense;GASÓLEO B;2856
2025-07;Galicia;Ourense;GASÓLEO C;1149
2025-07;Galicia;Ourense;OTROS GASOLEOS;55
2025-07;Galicia;Ourense;BIOETANOL;0
2025-07;Galicia;Ourense;GASOLINA  AUTO. S/PB 95 I.O.;3975
2025-07;Galicia;Ourense;GASOLINA  AUTO. S/PB 98 I.O.;351
2025-07;Galicia;Ourense;OTRAS GASOLINAS;0
2025-07;Galicia;Ourense;FUELÓLEO  BIA;26
2025-07;Galicia;Ourense;OTROS FUELÓLEOS;0
2025-07;Galicia;Ourense;QUEROSENO AVIACIÓN;96
2025-07;Galicia;Ourense;OTROS QUEROSENOS;0
2025-07;Galicia;Ourense;GLP;898
2025-07;Galicia;Pontevedra;BIODIESEL;155
2025-07;Galicia;Pontevedra;GASÓLEO A;41329
2025-07;Galicia;Pontevedra;GASÓLEO B;4709
2025-07;Galicia;Pontevedra;GASÓLEO C;2087
2025-07;Galicia;Pontevedra;OTROS GASOLEOS;4007
2025-07;Galicia;Pontevedra;BIOETANOL;0
2025-07;Galicia;Pontevedra;GASOLINA  AUTO. S/PB 95 I.O.;11593
2025-07;Galicia;Pontevedra;GASOLINA  AUTO. S/PB 98 I.O.;684
2025-07;Galicia;Pontevedra;OTRAS GASOLINAS;5
2025-07;Galicia;Pontevedra;FUELÓLEO  BIA;440
2025-07;Galicia;Pontevedra;OTROS FUELÓLEOS;499
2025-07;Galicia;Pontevedra;QUEROSENO AVIACIÓN;1364
2025-07;Galicia;Pontevedra;OTROS QUEROSENOS;0
2025-07;Galicia;Pontevedra;GLP;2504
2025-07;Madrid, Comunidad de;Madrid;BIODIESEL;3854
2025-07;Madrid, Comunidad de;Madrid;GASÓLEO A;153688
2025-07;Madrid, Comunidad de;Madrid;GASÓLEO B;8220
2025-07;Madrid, Comunidad de;Madrid;GASÓLEO C;3408
2025-07;Madrid, Comunidad de;Madrid;OTROS GASOLEOS;0
2025-07;Madrid, Comunidad de;Madrid;BIOETANOL;0
2025-07;Madrid, Comunidad de;Madrid;GASOLINA  AUTO. S/PB 95 I.O.;78463
2025-07;Madrid, Comunidad de;Madrid;GASOLINA  AUTO. S/PB 98 I.O.;3171
2025-07;Madrid, Comunidad de;Madrid;OTRAS GASOLINAS;80
2025-07;Madrid, Comunidad de;Madrid;FUELÓLEO  BIA;339
2025-07;Madrid, Comunidad de;Madrid;OTROS FUELÓLEOS;0
2025-07;Madrid, Comunidad de;Madrid;QUEROSENO AVIACIÓN;261227
2025-07;Madrid, Comunidad de;Madrid;OTROS QUEROSENOS;2
2025-07;Madrid, Comunidad de;Madrid;GLP;5833
2025-07;Melilla;Melilla;BIODIESEL;0
2025-07;Melilla;Melilla;GASÓLEO A;1100
2025-07;Melilla;Melilla;GASÓLEO B;0
2025-07;Melilla;Melilla;GASÓLEO C;0
2025-07;Melilla;Melilla;OTROS GASOLEOS;0
2025-07;Melilla;Melilla;BIOETANOL;0
2025-07;Melilla;Melilla;GASOLINA  AUTO. S/PB 95 I.O.;634
2025-07;Melilla;Melilla;GASOLINA  AUTO. S/PB 98 I.O.;0
2025-07;Melilla;Melilla;OTRAS GASOLINAS;0
2025-07;Melilla;Melilla;FUELÓLEO  BIA;5983
2025-07;Melilla;Melilla;OTROS FUELÓLEOS;0
2025-07;Melilla;Melilla;QUEROSENO AVIACIÓN;150
2025-07;Melilla;Melilla;OTROS QUEROSENOS;0
2025-07;Melilla;Melilla;GLP;129
2025-07;Murcia, Región de;Murcia;BIODIESEL;2768
2025-07;Murcia, Región de;Murcia;GASÓLEO A;83954
2025-07;Murcia, Región de;Murcia;GASÓLEO B;13175
2025-07;Murcia, Región de;Murcia;GASÓLEO C;383
2025-07;Murcia, Región de;Murcia;OTROS GASOLEOS;2247
2025-07;Murcia, Región de;Murcia;BIOETANOL;0
2025-07;Murcia, Región de;Murcia;GASOLINA  AUTO. S/PB 95 I.O.;18589
2025-07;Murcia, Región de;Murcia;GASOLINA  AUTO. S/PB 98 I.O.;834
2025-07;Murcia, Región de;Murcia;OTRAS GASOLINAS;10
2025-07;Murcia, Región de;Murcia;FUELÓLEO  BIA;180
2025-07;Murcia, Región de;Murcia;OTROS FUELÓLEOS;0
2025-07;Murcia, Región de;Murcia;QUEROSENO AVIACIÓN;2098
2025-07;Murcia, Región de;Murcia;OTROS QUEROSENOS;0
2025-07;Murcia, Región de;Murcia;GLP;2672
2025-07;Navarra, Comunidad Foral de;Navarra;BIODIESEL;477
2025-07;Navarra, Comunidad Foral de;Navarra;GASÓLEO A;53814
2025-07;Navarra, Comunidad Foral de;Navarra;GASÓLEO B;7310
2025-07;Navarra, Comunidad Foral de;Navarra;GASÓLEO C;173
2025-07;Navarra, Comunidad Foral de;Navarra;OTROS GASOLEOS;0
2025-07;Navarra, Comunidad Foral de;Navarra;BIOETANOL;0
2025-07;Navarra, Comunidad Foral de;Navarra;GASOLINA  AUTO. S/PB 95 I.O.;8398
2025-07;Navarra, Comunidad Foral de;Navarra;GASOLINA  AUTO. S/PB 98 I.O.;302
2025-07;Navarra, Comunidad Foral de;Navarra;OTRAS GASOLINAS;3
2025-07;Navarra, Comunidad Foral de;Navarra;FUELÓLEO  BIA;133
2025-07;Navarra, Comunidad Foral de;Navarra;OTROS FUELÓLEOS;0
2025-07;Navarra, Comunidad Foral de;Navarra;QUEROSENO AVIACIÓN;207
2025-07;Navarra, Comunidad Foral de;Navarra;OTROS QUEROSENOS;0
2025-07;Navarra, Comunidad Foral de;Navarra;GLP;735
2025-07;País Vasco;Araba/Álava;BIODIESEL;426
2025-07;País Vasco;Araba/Álava;GASÓLEO A;47548
2025-07;País Vasco;Araba/Álava;GASÓLEO B;3014
2025-07;País Vasco;Araba/Álava;GASÓLEO C;627
2025-07;País Vasco;Araba/Álava;OTROS GASOLEOS;0
2025-07;País Vasco;Araba/Álava;BIOETANOL;0
2025-07;País Vasco;Araba/Álava;GASOLINA  AUTO. S/PB 95 I.O.;3293
2025-07;País Vasco;Araba/Álava;GASOLINA  AUTO. S/PB 98 I.O.;258
2025-07;País Vasco;Araba/Álava;OTRAS GASOLINAS;2
2025-07;País Vasco;Araba/Álava;FUELÓLEO  BIA;50
2025-07;País Vasco;Araba/Álava;OTROS FUELÓLEOS;0
2025-07;País Vasco;Araba/Álava;QUEROSENO AVIACIÓN;1383
2025-07;País Vasco;Araba/Álava;OTROS QUEROSENOS;0
2025-07;País Vasco;Araba/Álava;GLP;300
2025-07;País Vasco;Bizkaia;BIODIESEL;1151
2025-07;País Vasco;Bizkaia;GASÓLEO A;31350
2025-07;País Vasco;Bizkaia;GASÓLEO B;7971
2025-07;País Vasco;Bizkaia;GASÓLEO C;1271
2025-07;País Vasco;Bizkaia;OTROS GASOLEOS;2419
2025-07;País Vasco;Bizkaia;BIOETANOL;0
2025-07;País Vasco;Bizkaia;GASOLINA  AUTO. S/PB 95 I.O.;10296
2025-07;País Vasco;Bizkaia;GASOLINA  AUTO. S/PB 98 I.O.;559
2025-07;País Vasco;Bizkaia;OTRAS GASOLINAS;2
2025-07;País Vasco;Bizkaia;FUELÓLEO  BIA;246
2025-07;País Vasco;Bizkaia;OTROS FUELÓLEOS;0
2025-07;País Vasco;Bizkaia;QUEROSENO AVIACIÓN;8976
2025-07;País Vasco;Bizkaia;OTROS QUEROSENOS;0
2025-07;País Vasco;Bizkaia;GLP;889
2025-07;País Vasco;Gipuzkoa;BIODIESEL;439
2025-07;País Vasco;Gipuzkoa;GASÓLEO A;67322
2025-07;País Vasco;Gipuzkoa;GASÓLEO B;1493
2025-07;País Vasco;Gipuzkoa;GASÓLEO C;126
2025-07;País Vasco;Gipuzkoa;OTROS GASOLEOS;1390
2025-07;País Vasco;Gipuzkoa;BIOETANOL;0
2025-07;País Vasco;Gipuzkoa;GASOLINA  AUTO. S/PB 95 I.O.;8447
2025-07;País Vasco;Gipuzkoa;GASOLINA  AUTO. S/PB 98 I.O.;710
2025-07;País Vasco;Gipuzkoa;OTRAS GASOLINAS;1
2025-07;País Vasco;Gipuzkoa;FUELÓLEO  BIA;50
2025-07;País Vasco;Gipuzkoa;OTROS FUELÓLEOS;0
2025-07;País Vasco;Gipuzkoa;QUEROSENO AVIACIÓN;687
2025-07;País Vasco;Gipuzkoa;OTROS QUEROSENOS;0
2025-07;País Vasco;Gipuzkoa;GLP;832
2025-07;Rioja, La;Rioja, La;BIODIESEL;195
2025-07;Rioja, La;Rioja, La;GASÓLEO A;15124
2025-07;Rioja, La;Rioja, La;GASÓLEO B;4080
2025-07;Rioja, La;Rioja, La;GASÓLEO C;439
2025-07;Rioja, La;Rioja, La;OTROS GASOLEOS;0
2025-07;Rioja, La;Rioja, La;BIOETANOL;0
2025-07;Rioja, La;Rioja, La;GASOLINA  AUTO. S/PB 95 I.O.;3479
2025-07;Rioja, La;Rioja, La;GASOLINA  AUTO. S/PB 98 I.O.;133
2025-07;Rioja, La;Rioja, La;OTRAS GASOLINAS;15
2025-07;Rioja, La;Rioja, La;FUELÓLEO  BIA;25
2025-07;Rioja, La;Rioja, La;OTROS FUELÓLEOS;0
2025-07;Rioja, La;Rioja, La;QUEROSENO AVIACIÓN;20
2025-07;Rioja, La;Rioja, La;OTROS QUEROSENOS;0
2025-07;Rioja, La;Rioja, La;GLP;502
2025-08;Andalucía;Almería;BIODIESEL;311
2025-08;Andalucía;Almería;GASÓLEO A;32948
2025-08;Andalucía;Almería;GASÓLEO B;4887
2025-08;Andalucía;Almería;GASÓLEO C;46
2025-08;Andalucía;Almería;OTROS GASOLEOS;1522
2025-08;Andalucía;Almería;BIOETANOL;0
2025-08;Andalucía;Almería;GASOLINA  AUTO. S/PB 95 I.O.;8835
2025-08;Andalucía;Almería;GASOLINA  AUTO. S/PB 98 I.O.;420
2025-08;Andalucía;Almería;OTRAS GASOLINAS;3
2025-08;Andalucía;Almería;FUELÓLEO  BIA;133
2025-08;Andalucía;Almería;OTROS FUELÓLEOS;3529
2025-08;Andalucía;Almería;QUEROSENO AVIACIÓN;1339
2025-08;Andalucía;Almería;OTROS QUEROSENOS;0
2025-08;Andalucía;Almería;GLP;1497
2025-08;Andalucía;Cádiz;BIODIESEL;75
2025-08;Andalucía;Cádiz;GASÓLEO A;37082
2025-08;Andalucía;Cádiz;GASÓLEO B;7457
2025-08;Andalucía;Cádiz;GASÓLEO C;152
2025-08;Andalucía;Cádiz;OTROS GASOLEOS;65468
2025-08;Andalucía;Cádiz;BIOETANOL;0
2025-08;Andalucía;Cádiz;GASOLINA  AUTO. S/PB 95 I.O.;16473
2025-08;Andalucía;Cádiz;GASOLINA  AUTO. S/PB 98 I.O.;626
2025-08;Andalucía;Cádiz;OTRAS GASOLINAS;44
2025-08;Andalucía;Cádiz;FUELÓLEO  BIA;21158
2025-08;Andalucía;Cádiz;OTROS FUELÓLEOS;212976
2025-08;Andalucía;Cádiz;QUEROSENO AVIACIÓN;2203
2025-08;Andalucía;Cádiz;OTROS QUEROSENOS;0
2025-08;Andalucía;Cádiz;GLP;2517
2025-08;Andalucía;Córdoba;BIODIESEL;223
2025-08;Andalucía;Córdoba;GASÓLEO A;27416
2025-08;Andalucía;Córdoba;GASÓLEO B;6153
2025-08;Andalucía;Córdoba;GASÓLEO C;260
2025-08;Andalucía;Córdoba;OTROS GASOLEOS;0
2025-08;Andalucía;Córdoba;BIOETANOL;0
2025-08;Andalucía;Córdoba;GASOLINA  AUTO. S/PB 95 I.O.;6059
2025-08;Andalucía;Córdoba;GASOLINA  AUTO. S/PB 98 I.O.;188
2025-08;Andalucía;Córdoba;OTRAS GASOLINAS;4
2025-08;Andalucía;Córdoba;FUELÓLEO  BIA;0
2025-08;Andalucía;Córdoba;OTROS FUELÓLEOS;0
2025-08;Andalucía;Córdoba;QUEROSENO AVIACIÓN;122
2025-08;Andalucía;Córdoba;OTROS QUEROSENOS;0
2025-08;Andalucía;Córdoba;GLP;893
2025-08;Andalucía;Granada;BIODIESEL;57
2025-08;Andalucía;Granada;GASÓLEO A;34232
2025-08;Andalucía;Granada;GASÓLEO B;4634
2025-08;Andalucía;Granada;GASÓLEO C;459
2025-08;Andalucía;Granada;OTROS GASOLEOS;439
2025-08;Andalucía;Granada;BIOETANOL;0
2025-08;Andalucía;Granada;GASOLINA  AUTO. S/PB 95 I.O.;10820
2025-08;Andalucía;Granada;GASOLINA  AUTO. S/PB 98 I.O.;558
2025-08;Andalucía;Granada;OTRAS GASOLINAS;8
2025-08;Andalucía;Granada;FUELÓLEO  BIA;25
2025-08;Andalucía;Granada;OTROS FUELÓLEOS;1866
2025-08;Andalucía;Granada;QUEROSENO AVIACIÓN;1138
2025-08;Andalucía;Granada;OTROS QUEROSENOS;0
2025-08;Andalucía;Granada;GLP;1715
2025-08;Andalucía;Huelva;BIODIESEL;307
2025-08;Andalucía;Huelva;GASÓLEO A;24816
2025-08;Andalucía;Huelva;GASÓLEO B;8455
2025-08;Andalucía;Huelva;GASÓLEO C;84
2025-08;Andalucía;Huelva;OTROS GASOLEOS;3574
2025-08;Andalucía;Huelva;BIOETANOL;0
2025-08;Andalucía;Huelva;GASOLINA  AUTO. S/PB 95 I.O.;7577
2025-08;Andalucía;Huelva;GASOLINA  AUTO. S/PB 98 I.O.;297
2025-08;Andalucía;Huelva;OTRAS GASOLINAS;0
2025-08;Andalucía;Huelva;FUELÓLEO  BIA;395
2025-08;Andalucía;Huelva;OTROS FUELÓLEOS;4741
2025-08;Andalucía;Huelva;QUEROSENO AVIACIÓN;49
2025-08;Andalucía;Huelva;OTROS QUEROSENOS;0
2025-08;Andalucía;Huelva;GLP;1544
2025-08;Andalucía;Jaén;BIODIESEL;301
2025-08;Andalucía;Jaén;GASÓLEO A;28818
2025-08;Andalucía;Jaén;GASÓLEO B;3263
2025-08;Andalucía;Jaén;GASÓLEO C;279
2025-08;Andalucía;Jaén;OTROS GASOLEOS;0
2025-08;Andalucía;Jaén;BIOETANOL;0
2025-08;Andalucía;Jaén;GASOLINA  AUTO. S/PB 95 I.O.;5796
2025-08;Andalucía;Jaén;GASOLINA  AUTO. S/PB 98 I.O.;211
2025-08;Andalucía;Jaén;OTRAS GASOLINAS;0
2025-08;Andalucía;Jaén;FUELÓLEO  BIA;0
2025-08;Andalucía;Jaén;OTROS FUELÓLEOS;0
2025-08;Andalucía;Jaén;QUEROSENO AVIACIÓN;0
2025-08;Andalucía;Jaén;OTROS QUEROSENOS;0
2025-08;Andalucía;Jaén;GLP;923
2025-08;Andalucía;Málaga;BIODIESEL;249
2025-08;Andalucía;Málaga;GASÓLEO A;51638
2025-08;Andalucía;Málaga;GASÓLEO B;3739
2025-08;Andalucía;Málaga;GASÓLEO C;349
2025-08;Andalucía;Málaga;OTROS GASOLEOS;557
2025-08;Andalucía;Málaga;BIOETANOL;0
2025-08;Andalucía;Málaga;GASOLINA  AUTO. S/PB 95 I.O.;26156
2025-08;Andalucía;Málaga;GASOLINA  AUTO. S/PB 98 I.O.;1852
2025-08;Andalucía;Málaga;OTRAS GASOLINAS;25
2025-08;Andalucía;Málaga;FUELÓLEO  BIA;71
2025-08;Andalucía;Málaga;OTROS FUELÓLEOS;0
2025-08;Andalucía;Málaga;QUEROSENO AVIACIÓN;54176
2025-08;Andalucía;Málaga;OTROS QUEROSENOS;0
2025-08;Andalucía;Málaga;GLP;3469
2025-08;Andalucía;Sevilla;BIODIESEL;300
2025-08;Andalucía;Sevilla;GASÓLEO A;54784
2025-08;Andalucía;Sevilla;GASÓLEO B;7940
2025-08;Andalucía;Sevilla;GASÓLEO C;152
2025-08;Andalucía;Sevilla;OTROS GASOLEOS;843
2025-08;Andalucía;Sevilla;BIOETANOL;0
2025-08;Andalucía;Sevilla;GASOLINA  AUTO. S/PB 95 I.O.;18106
2025-08;Andalucía;Sevilla;GASOLINA  AUTO. S/PB 98 I.O.;523
2025-08;Andalucía;Sevilla;OTRAS GASOLINAS;35
2025-08;Andalucía;Sevilla;FUELÓLEO  BIA;323
2025-08;Andalucía;Sevilla;OTROS FUELÓLEOS;0
2025-08;Andalucía;Sevilla;QUEROSENO AVIACIÓN;11723
2025-08;Andalucía;Sevilla;OTROS QUEROSENOS;0
2025-08;Andalucía;Sevilla;GLP;2203
2025-08;Aragón;Huesca;BIODIESEL;248
2025-08;Aragón;Huesca;GASÓLEO A;16252
2025-08;Aragón;Huesca;GASÓLEO B;4719
2025-08;Aragón;Huesca;GASÓLEO C;387
2025-08;Aragón;Huesca;OTROS GASOLEOS;0
2025-08;Aragón;Huesca;BIOETANOL;0
2025-08;Aragón;Huesca;GASOLINA  AUTO. S/PB 95 I.O.;5081
2025-08;Aragón;Huesca;GASOLINA  AUTO. S/PB 98 I.O.;310
2025-08;Aragón;Huesca;OTRAS GASOLINAS;7
2025-08;Aragón;Huesca;FUELÓLEO  BIA;15
2025-08;Aragón;Huesca;OTROS FUELÓLEOS;0
2025-08;Aragón;Huesca;QUEROSENO AVIACIÓN;30
2025-08;Aragón;Huesca;OTROS QUEROSENOS;0
2025-08;Aragón;Huesca;GLP;696
2025-08;Aragón;Teruel;BIODIESEL;95
2025-08;Aragón;Teruel;GASÓLEO A;9458
2025-08;Aragón;Teruel;GASÓLEO B;3029
2025-08;Aragón;Teruel;GASÓLEO C;427
2025-08;Aragón;Teruel;OTROS GASOLEOS;0
2025-08;Aragón;Teruel;BIOETANOL;0
2025-08;Aragón;Teruel;GASOLINA  AUTO. S/PB 95 I.O.;2807
2025-08;Aragón;Teruel;GASOLINA  AUTO. S/PB 98 I.O.;143
2025-08;Aragón;Teruel;OTRAS GASOLINAS;0
2025-08;Aragón;Teruel;FUELÓLEO  BIA;26
2025-08;Aragón;Teruel;OTROS FUELÓLEOS;0
2025-08;Aragón;Teruel;QUEROSENO AVIACIÓN;80
2025-08;Aragón;Teruel;OTROS QUEROSENOS;0
2025-08;Aragón;Teruel;GLP;418
2025-08;Aragón;Zaragoza;BIODIESEL;1440
2025-08;Aragón;Zaragoza;GASÓLEO A;39720
2025-08;Aragón;Zaragoza;GASÓLEO B;8283
2025-08;Aragón;Zaragoza;GASÓLEO C;778
2025-08;Aragón;Zaragoza;OTROS GASOLEOS;103
2025-08;Aragón;Zaragoza;BIOETANOL;0
2025-08;Aragón;Zaragoza;GASOLINA  AUTO. S/PB 95 I.O.;11398
2025-08;Aragón;Zaragoza;GASOLINA  AUTO. S/PB 98 I.O.;491
2025-08;Aragón;Zaragoza;OTRAS GASOLINAS;3
2025-08;Aragón;Zaragoza;FUELÓLEO  BIA;25
2025-08;Aragón;Zaragoza;OTROS FUELÓLEOS;258
2025-08;Aragón;Zaragoza;QUEROSENO AVIACIÓN;7669
2025-08;Aragón;Zaragoza;OTROS QUEROSENOS;0
2025-08;Aragón;Zaragoza;GLP;1099
2025-08;Asturias, Principado de;Asturias;BIODIESEL;541
2025-08;Asturias, Principado de;Asturias;GASÓLEO A;36317
2025-08;Asturias, Principado de;Asturias;GASÓLEO B;4913
2025-08;Asturias, Principado de;Asturias;GASÓLEO C;1171
2025-08;Asturias, Principado de;Asturias;OTROS GASOLEOS;1991
2025-08;Asturias, Principado de;Asturias;BIOETANOL;0
2025-08;Asturias, Principado de;Asturias;GASOLINA  AUTO. S/PB 95 I.O.;12768
2025-08;Asturias, Principado de;Asturias;GASOLINA  AUTO. S/PB 98 I.O.;784
2025-08;Asturias, Principado de;Asturias;OTRAS GASOLINAS;3
2025-08;Asturias, Principado de;Asturias;FUELÓLEO  BIA;489
2025-08;Asturias, Principado de;Asturias;OTROS FUELÓLEOS;108
2025-08;Asturias, Principado de;Asturias;QUEROSENO AVIACIÓN;2657
2025-08;Asturias, Principado de;Asturias;OTROS QUEROSENOS;0
2025-08;Asturias, Principado de;Asturias;GLP;1623
2025-08;Balears, Illes;Balears, Illes;BIODIESEL;0
2025-08;Balears, Illes;Balears, Illes;GASÓLEO A;32625
2025-08;Balears, Illes;Balears, Illes;GASÓLEO B;2913
2025-08;Balears, Illes;Balears, Illes;GASÓLEO C;17887
2025-08;Balears, Illes;Balears, Illes;OTROS GASOLEOS;8321
2025-08;Balears, Illes;Balears, Illes;BIOETANOL;0
2025-08;Balears, Illes;Balears, Illes;GASOLINA  AUTO. S/PB 95 I.O.;31813
2025-08;Balears, Illes;Balears, Illes;GASOLINA  AUTO. S/PB 98 I.O.;1357
2025-08;Balears, Illes;Balears, Illes;OTRAS GASOLINAS;30
2025-08;Balears, Illes;Balears, Illes;FUELÓLEO  BIA;0
2025-08;Balears, Illes;Balears, Illes;OTROS FUELÓLEOS;0
2025-08;Balears, Illes;Balears, Illes;QUEROSENO AVIACIÓN;101193
2025-08;Balears, Illes;Balears, Illes;OTROS QUEROSENOS;0
2025-08;Balears, Illes;Balears, Illes;GLP;3931
2025-08;Canarias;Palmas, Las;BIODIESEL;356
2025-08;Canarias;Palmas, Las;GASÓLEO A;26079
2025-08;Canarias;Palmas, Las;GASÓLEO B;0
2025-08;Canarias;Palmas, Las;GASÓLEO C;0
2025-08;Canarias;Palmas, Las;OTROS GASOLEOS;77042
2025-08;Canarias;Palmas, Las;BIOETANOL;0
2025-08;Canarias;Palmas, Las;GASOLINA  AUTO. S/PB 95 I.O.;19615
2025-08;Canarias;Palmas, Las;GASOLINA  AUTO. S/PB 98 I.O.;3423
2025-08;Canarias;Palmas, Las;OTRAS GASOLINAS;3
2025-08;Canarias;Palmas, Las;FUELÓLEO  BIA;125115
2025-08;Canarias;Palmas, Las;OTROS FUELÓLEOS;61226
2025-08;Canarias;Palmas, Las;QUEROSENO AVIACIÓN;48334
2025-08;Canarias;Palmas, Las;OTROS QUEROSENOS;0
2025-08;Canarias;Palmas, Las;GLP;2796
2025-08;Canarias;Santa Cruz de Tenerife;BIODIESEL;67
2025-08;Canarias;Santa Cruz de Tenerife;GASÓLEO A;25161
2025-08;Canarias;Santa Cruz de Tenerife;GASÓLEO B;0
2025-08;Canarias;Santa Cruz de Tenerife;GASÓLEO C;0
2025-08;Canarias;Santa Cruz de Tenerife;OTROS GASOLEOS;56034
2025-08;Canarias;Santa Cruz de Tenerife;BIOETANOL;0
2025-08;Canarias;Santa Cruz de Tenerife;GASOLINA  AUTO. S/PB 95 I.O.;18490
2025-08;Canarias;Santa Cruz de Tenerife;GASOLINA  AUTO. S/PB 98 I.O.;4873
2025-08;Canarias;Santa Cruz de Tenerife;OTRAS GASOLINAS;0
2025-08;Canarias;Santa Cruz de Tenerife;FUELÓLEO  BIA;20236
2025-08;Canarias;Santa Cruz de Tenerife;OTROS FUELÓLEOS;22984
2025-08;Canarias;Santa Cruz de Tenerife;QUEROSENO AVIACIÓN;46770
2025-08;Canarias;Santa Cruz de Tenerife;OTROS QUEROSENOS;0
2025-08;Canarias;Santa Cruz de Tenerife;GLP;2875
2025-08;Cantabria;Cantabria;BIODIESEL;687
2025-08;Cantabria;Cantabria;GASÓLEO A;28123
2025-08;Cantabria;Cantabria;GASÓLEO B;3534
2025-08;Cantabria;Cantabria;GASÓLEO C;22
2025-08;Cantabria;Cantabria;OTROS GASOLEOS;661
2025-08;Cantabria;Cantabria;BIOETANOL;0
2025-08;Cantabria;Cantabria;GASOLINA  AUTO. S/PB 95 I.O.;11176
2025-08;Cantabria;Cantabria;GASOLINA  AUTO. S/PB 98 I.O.;453
2025-08;Cantabria;Cantabria;OTRAS GASOLINAS;2
2025-08;Cantabria;Cantabria;FUELÓLEO  BIA;174
2025-08;Cantabria;Cantabria;OTROS FUELÓLEOS;0
2025-08;Cantabria;Cantabria;QUEROSENO AVIACIÓN;1361
2025-08;Cantabria;Cantabria;OTROS QUEROSENOS;0
2025-08;Cantabria;Cantabria;GLP;1049
2025-08;Castilla - La Mancha;Albacete;BIODIESEL;251
2025-08;Castilla - La Mancha;Albacete;GASÓLEO A;17747
2025-08;Castilla - La Mancha;Albacete;GASÓLEO B;5572
2025-08;Castilla - La Mancha;Albacete;GASÓLEO C;320
2025-08;Castilla - La Mancha;Albacete;OTROS GASOLEOS;0
2025-08;Castilla - La Mancha;Albacete;BIOETANOL;0
2025-08;Castilla - La Mancha;Albacete;GASOLINA  AUTO. S/PB 95 I.O.;5156
2025-08;Castilla - La Mancha;Albacete;GASOLINA  AUTO. S/PB 98 I.O.;227
2025-08;Castilla - La Mancha;Albacete;OTRAS GASOLINAS;0
2025-08;Castilla - La Mancha;Albacete;FUELÓLEO  BIA;0
2025-08;Castilla - La Mancha;Albacete;OTROS FUELÓLEOS;0
2025-08;Castilla - La Mancha;Albacete;QUEROSENO AVIACIÓN;31
2025-08;Castilla - La Mancha;Albacete;OTROS QUEROSENOS;0
2025-08;Castilla - La Mancha;Albacete;GLP;570
2025-08;Castilla - La Mancha;Ciudad Real;BIODIESEL;589
2025-08;Castilla - La Mancha;Ciudad Real;GASÓLEO A;23451
2025-08;Castilla - La Mancha;Ciudad Real;GASÓLEO B;7650
2025-08;Castilla - La Mancha;Ciudad Real;GASÓLEO C;415
2025-08;Castilla - La Mancha;Ciudad Real;OTROS GASOLEOS;0
2025-08;Castilla - La Mancha;Ciudad Real;BIOETANOL;0
2025-08;Castilla - La Mancha;Ciudad Real;GASOLINA  AUTO. S/PB 95 I.O.;5469
2025-08;Castilla - La Mancha;Ciudad Real;GASOLINA  AUTO. S/PB 98 I.O.;208
2025-08;Castilla - La Mancha;Ciudad Real;OTRAS GASOLINAS;0
2025-08;Castilla - La Mancha;Ciudad Real;FUELÓLEO  BIA;46
2025-08;Castilla - La Mancha;Ciudad Real;OTROS FUELÓLEOS;0
2025-08;Castilla - La Mancha;Ciudad Real;QUEROSENO AVIACIÓN;93
2025-08;Castilla - La Mancha;Ciudad Real;OTROS QUEROSENOS;0
2025-08;Castilla - La Mancha;Ciudad Real;GLP;766
2025-08;Castilla - La Mancha;Cuenca;BIODIESEL;159
2025-08;Castilla - La Mancha;Cuenca;GASÓLEO A;15141
2025-08;Castilla - La Mancha;Cuenca;GASÓLEO B;5179
2025-08;Castilla - La Mancha;Cuenca;GASÓLEO C;326
2025-08;Castilla - La Mancha;Cuenca;OTROS GASOLEOS;0
2025-08;Castilla - La Mancha;Cuenca;BIOETANOL;0
2025-08;Castilla - La Mancha;Cuenca;GASOLINA  AUTO. S/PB 95 I.O.;4344
2025-08;Castilla - La Mancha;Cuenca;GASOLINA  AUTO. S/PB 98 I.O.;173
2025-08;Castilla - La Mancha;Cuenca;OTRAS GASOLINAS;0
2025-08;Castilla - La Mancha;Cuenca;FUELÓLEO  BIA;0
2025-08;Castilla - La Mancha;Cuenca;OTROS FUELÓLEOS;0
2025-08;Castilla - La Mancha;Cuenca;QUEROSENO AVIACIÓN;4
2025-08;Castilla - La Mancha;Cuenca;OTROS QUEROSENOS;0
2025-08;Castilla - La Mancha;Cuenca;GLP;423
2025-08;Castilla - La Mancha;Guadalajara;BIODIESEL;302
2025-08;Castilla - La Mancha;Guadalajara;GASÓLEO A;12260
2025-08;Castilla - La Mancha;Guadalajara;GASÓLEO B;2392
2025-08;Castilla - La Mancha;Guadalajara;GASÓLEO C;466
2025-08;Castilla - La Mancha;Guadalajara;OTROS GASOLEOS;0
2025-08;Castilla - La Mancha;Guadalajara;BIOETANOL;0
2025-08;Castilla - La Mancha;Guadalajara;GASOLINA  AUTO. S/PB 95 I.O.;4305
2025-08;Castilla - La Mancha;Guadalajara;GASOLINA  AUTO. S/PB 98 I.O.;142
2025-08;Castilla - La Mancha;Guadalajara;OTRAS GASOLINAS;1
2025-08;Castilla - La Mancha;Guadalajara;FUELÓLEO  BIA;0
2025-08;Castilla - La Mancha;Guadalajara;OTROS FUELÓLEOS;0
2025-08;Castilla - La Mancha;Guadalajara;QUEROSENO AVIACIÓN;8
2025-08;Castilla - La Mancha;Guadalajara;OTROS QUEROSENOS;0
2025-08;Castilla - La Mancha;Guadalajara;GLP;263
2025-08;Castilla - La Mancha;Toledo;BIODIESEL;671
2025-08;Castilla - La Mancha;Toledo;GASÓLEO A;32713
2025-08;Castilla - La Mancha;Toledo;GASÓLEO B;7146
2025-08;Castilla - La Mancha;Toledo;GASÓLEO C;1010
2025-08;Castilla - La Mancha;Toledo;OTROS GASOLEOS;0
2025-08;Castilla - La Mancha;Toledo;BIOETANOL;0
2025-08;Castilla - La Mancha;Toledo;GASOLINA  AUTO. S/PB 95 I.O.;9030
2025-08;Castilla - La Mancha;Toledo;GASOLINA  AUTO. S/PB 98 I.O.;344
2025-08;Castilla - La Mancha;Toledo;OTRAS GASOLINAS;0
2025-08;Castilla - La Mancha;Toledo;FUELÓLEO  BIA;74
2025-08;Castilla - La Mancha;Toledo;OTROS FUELÓLEOS;0
2025-08;Castilla - La Mancha;Toledo;QUEROSENO AVIACIÓN;16
2025-08;Castilla - La Mancha;Toledo;OTROS QUEROSENOS;0
2025-08;Castilla - La Mancha;Toledo;GLP;964
2025-08;Castilla y León;Ávila;BIODIESEL;110
2025-08;Castilla y León;Ávila;GASÓLEO A;7878
2025-08;Castilla y León;Ávila;GASÓLEO B;2118
2025-08;Castilla y León;Ávila;GASÓLEO C;329
2025-08;Castilla y León;Ávila;OTROS GASOLEOS;0
2025-08;Castilla y León;Ávila;BIOETANOL;0
2025-08;Castilla y León;Ávila;GASOLINA  AUTO. S/PB 95 I.O.;2913
2025-08;Castilla y León;Ávila;GASOLINA  AUTO. S/PB 98 I.O.;108
2025-08;Castilla y León;Ávila;OTRAS GASOLINAS;0
2025-08;Castilla y León;Ávila;FUELÓLEO  BIA;0
2025-08;Castilla y León;Ávila;OTROS FUELÓLEOS;0
2025-08;Castilla y León;Ávila;QUEROSENO AVIACIÓN;32
2025-08;Castilla y León;Ávila;OTROS QUEROSENOS;0
2025-08;Castilla y León;Ávila;GLP;571
2025-08;Castilla y León;Burgos;BIODIESEL;317
2025-08;Castilla y León;Burgos;GASÓLEO A;28341
2025-08;Castilla y León;Burgos;GASÓLEO B;5703
2025-08;Castilla y León;Burgos;GASÓLEO C;255
2025-08;Castilla y León;Burgos;OTROS GASOLEOS;0
2025-08;Castilla y León;Burgos;BIOETANOL;0
2025-08;Castilla y León;Burgos;GASOLINA  AUTO. S/PB 95 I.O.;8188
2025-08;Castilla y León;Burgos;GASOLINA  AUTO. S/PB 98 I.O.;699
2025-08;Castilla y León;Burgos;OTRAS GASOLINAS;20
2025-08;Castilla y León;Burgos;FUELÓLEO  BIA;105
2025-08;Castilla y León;Burgos;OTROS FUELÓLEOS;0
2025-08;Castilla y León;Burgos;QUEROSENO AVIACIÓN;35
2025-08;Castilla y León;Burgos;OTROS QUEROSENOS;0
2025-08;Castilla y León;Burgos;GLP;673
2025-08;Castilla y León;León;BIODIESEL;124
2025-08;Castilla y León;León;GASÓLEO A;26101
2025-08;Castilla y León;León;GASÓLEO B;5444
2025-08;Castilla y León;León;GASÓLEO C;1319
2025-08;Castilla y León;León;OTROS GASOLEOS;0
2025-08;Castilla y León;León;BIOETANOL;0
2025-08;Castilla y León;León;GASOLINA  AUTO. S/PB 95 I.O.;8119
2025-08;Castilla y León;León;GASOLINA  AUTO. S/PB 98 I.O.;541
2025-08;Castilla y León;León;OTRAS GASOLINAS;1
2025-08;Castilla y León;León;FUELÓLEO  BIA;205
2025-08;Castilla y León;León;OTROS FUELÓLEOS;0
2025-08;Castilla y León;León;QUEROSENO AVIACIÓN;130
2025-08;Castilla y León;León;OTROS QUEROSENOS;0
2025-08;Castilla y León;León;GLP;835
2025-08;Castilla y León;Palencia;BIODIESEL;124
2025-08;Castilla y León;Palencia;GASÓLEO A;10438
2025-08;Castilla y León;Palencia;GASÓLEO B;4886
2025-08;Castilla y León;Palencia;GASÓLEO C;65
2025-08;Castilla y León;Palencia;OTROS GASOLEOS;0
2025-08;Castilla y León;Palencia;BIOETANOL;0
2025-08;Castilla y León;Palencia;GASOLINA  AUTO. S/PB 95 I.O.;3040
2025-08;Castilla y León;Palencia;GASOLINA  AUTO. S/PB 98 I.O.;253
2025-08;Castilla y León;Palencia;OTRAS GASOLINAS;0
2025-08;Castilla y León;Palencia;FUELÓLEO  BIA;78
2025-08;Castilla y León;Palencia;OTROS FUELÓLEOS;0
2025-08;Castilla y León;Palencia;QUEROSENO AVIACIÓN;0
2025-08;Castilla y León;Palencia;OTROS QUEROSENOS;0
2025-08;Castilla y León;Palencia;GLP;309
2025-08;Castilla y León;Salamanca;BIODIESEL;119
2025-08;Castilla y León;Salamanca;GASÓLEO A;22577
2025-08;Castilla y León;Salamanca;GASÓLEO B;3469
2025-08;Castilla y León;Salamanca;GASÓLEO C;566
2025-08;Castilla y León;Salamanca;OTROS GASOLEOS;0
2025-08;Castilla y León;Salamanca;BIOETANOL;0
2025-08;Castilla y León;Salamanca;GASOLINA  AUTO. S/PB 95 I.O.;5541
2025-08;Castilla y León;Salamanca;GASOLINA  AUTO. S/PB 98 I.O.;419
2025-08;Castilla y León;Salamanca;OTRAS GASOLINAS;18
2025-08;Castilla y León;Salamanca;FUELÓLEO  BIA;0
2025-08;Castilla y León;Salamanca;OTROS FUELÓLEOS;0
2025-08;Castilla y León;Salamanca;QUEROSENO AVIACIÓN;56
2025-08;Castilla y León;Salamanca;OTROS QUEROSENOS;0
2025-08;Castilla y León;Salamanca;GLP;563
2025-08;Castilla y León;Segovia;BIODIESEL;177
2025-08;Castilla y León;Segovia;GASÓLEO A;9716
2025-08;Castilla y León;Segovia;GASÓLEO B;3201
2025-08;Castilla y León;Segovia;GASÓLEO C;461
2025-08;Castilla y León;Segovia;OTROS GASOLEOS;0
2025-08;Castilla y León;Segovia;BIOETANOL;0
2025-08;Castilla y León;Segovia;GASOLINA  AUTO. S/PB 95 I.O.;3301
2025-08;Castilla y León;Segovia;GASOLINA  AUTO. S/PB 98 I.O.;140
2025-08;Castilla y León;Segovia;OTRAS GASOLINAS;1
2025-08;Castilla y León;Segovia;FUELÓLEO  BIA;25
2025-08;Castilla y León;Segovia;OTROS FUELÓLEOS;0
2025-08;Castilla y León;Segovia;QUEROSENO AVIACIÓN;0
2025-08;Castilla y León;Segovia;OTROS QUEROSENOS;0
2025-08;Castilla y León;Segovia;GLP;510
2025-08;Castilla y León;Soria;BIODIESEL;60
2025-08;Castilla y León;Soria;GASÓLEO A;6185
2025-08;Castilla y León;Soria;GASÓLEO B;1611
2025-08;Castilla y León;Soria;GASÓLEO C;187
2025-08;Castilla y León;Soria;OTROS GASOLEOS;0
2025-08;Castilla y León;Soria;BIOETANOL;0
2025-08;Castilla y León;Soria;GASOLINA  AUTO. S/PB 95 I.O.;1950
2025-08;Castilla y León;Soria;GASOLINA  AUTO. S/PB 98 I.O.;85
2025-08;Castilla y León;Soria;OTRAS GASOLINAS;16
2025-08;Castilla y León;Soria;FUELÓLEO  BIA;0
2025-08;Castilla y León;Soria;OTROS FUELÓLEOS;0
2025-08;Castilla y León;Soria;QUEROSENO AVIACIÓN;4
2025-08;Castilla y León;Soria;OTROS QUEROSENOS;0
2025-08;Castilla y León;Soria;GLP;196
2025-08;Castilla y León;Valladolid;BIODIESEL;261
2025-08;Castilla y León;Valladolid;GASÓLEO A;21075
2025-08;Castilla y León;Valladolid;GASÓLEO B;5748
2025-08;Castilla y León;Valladolid;GASÓLEO C;315
2025-08;Castilla y León;Valladolid;OTROS GASOLEOS;0
2025-08;Castilla y León;Valladolid;BIOETANOL;0
2025-08;Castilla y León;Valladolid;GASOLINA  AUTO. S/PB 95 I.O.;6742
2025-08;Castilla y León;Valladolid;GASOLINA  AUTO. S/PB 98 I.O.;407
2025-08;Castilla y León;Valladolid;OTRAS GASOLINAS;16
2025-08;Castilla y León;Valladolid;FUELÓLEO  BIA;51
2025-08;Castilla y León;Valladolid;OTROS FUELÓLEOS;0
2025-08;Castilla y León;Valladolid;QUEROSENO AVIACIÓN;963
2025-08;Castilla y León;Valladolid;OTROS QUEROSENOS;0
2025-08;Castilla y León;Valladolid;GLP;493
2025-08;Castilla y León;Zamora;BIODIESEL;39
2025-08;Castilla y León;Zamora;GASÓLEO A;18732
2025-08;Castilla y León;Zamora;GASÓLEO B;3440
2025-08;Castilla y León;Zamora;GASÓLEO C;175
2025-08;Castilla y León;Zamora;OTROS GASOLEOS;0
2025-08;Castilla y León;Zamora;BIOETANOL;0
2025-08;Castilla y León;Zamora;GASOLINA  AUTO. S/PB 95 I.O.;4259
2025-08;Castilla y León;Zamora;GASOLINA  AUTO. S/PB 98 I.O.;365
2025-08;Castilla y León;Zamora;OTRAS GASOLINAS;0
2025-08;Castilla y León;Zamora;FUELÓLEO  BIA;0
2025-08;Castilla y León;Zamora;OTROS FUELÓLEOS;0
2025-08;Castilla y León;Zamora;QUEROSENO AVIACIÓN;100
2025-08;Castilla y León;Zamora;OTROS QUEROSENOS;0
2025-08;Castilla y León;Zamora;GLP;412
2025-08;Cataluña;Barcelona;BIODIESEL;1867
2025-08;Cataluña;Barcelona;GASÓLEO A;120527
2025-08;Cataluña;Barcelona;GASÓLEO B;12166
2025-08;Cataluña;Barcelona;GASÓLEO C;1196
2025-08;Cataluña;Barcelona;OTROS GASOLEOS;35145
2025-08;Cataluña;Barcelona;BIOETANOL;0
2025-08;Cataluña;Barcelona;GASOLINA  AUTO. S/PB 95 I.O.;59505
2025-08;Cataluña;Barcelona;GASOLINA  AUTO. S/PB 98 I.O.;2769
2025-08;Cataluña;Barcelona;OTRAS GASOLINAS;67
2025-08;Cataluña;Barcelona;FUELÓLEO  BIA;13747
2025-08;Cataluña;Barcelona;OTROS FUELÓLEOS;62348
2025-08;Cataluña;Barcelona;QUEROSENO AVIACIÓN;134208
2025-08;Cataluña;Barcelona;OTROS QUEROSENOS;0
2025-08;Cataluña;Barcelona;GLP;3258
2025-08;Cataluña;Girona;BIODIESEL;564
2025-08;Cataluña;Girona;GASÓLEO A;94020
2025-08;Cataluña;Girona;GASÓLEO B;4521
2025-08;Cataluña;Girona;GASÓLEO C;1259
2025-08;Cataluña;Girona;OTROS GASOLEOS;656
2025-08;Cataluña;Girona;BIOETANOL;0
2025-08;Cataluña;Girona;GASOLINA  AUTO. S/PB 95 I.O.;23926
2025-08;Cataluña;Girona;GASOLINA  AUTO. S/PB 98 I.O.;1646
2025-08;Cataluña;Girona;OTRAS GASOLINAS;3
2025-08;Cataluña;Girona;FUELÓLEO  BIA;24
2025-08;Cataluña;Girona;OTROS FUELÓLEOS;0
2025-08;Cataluña;Girona;QUEROSENO AVIACIÓN;4680
2025-08;Cataluña;Girona;OTROS QUEROSENOS;0
2025-08;Cataluña;Girona;GLP;2059
2025-08;Cataluña;Lleida;BIODIESEL;170
2025-08;Cataluña;Lleida;GASÓLEO A;24757
2025-08;Cataluña;Lleida;GASÓLEO B;5451
2025-08;Cataluña;Lleida;GASÓLEO C;296
2025-08;Cataluña;Lleida;OTROS GASOLEOS;0
2025-08;Cataluña;Lleida;BIOETANOL;0
2025-08;Cataluña;Lleida;GASOLINA  AUTO. S/PB 95 I.O.;7771
2025-08;Cataluña;Lleida;GASOLINA  AUTO. S/PB 98 I.O.;395
2025-08;Cataluña;Lleida;OTRAS GASOLINAS;25
2025-08;Cataluña;Lleida;FUELÓLEO  BIA;50
2025-08;Cataluña;Lleida;OTROS FUELÓLEOS;0
2025-08;Cataluña;Lleida;QUEROSENO AVIACIÓN;134
2025-08;Cataluña;Lleida;OTROS QUEROSENOS;0
2025-08;Cataluña;Lleida;GLP;1039
2025-08;Cataluña;Tarragona;BIODIESEL;318
2025-08;Cataluña;Tarragona;GASÓLEO A;34494
2025-08;Cataluña;Tarragona;GASÓLEO B;3705
2025-08;Cataluña;Tarragona;GASÓLEO C;104
2025-08;Cataluña;Tarragona;OTROS GASOLEOS;1966
2025-08;Cataluña;Tarragona;BIOETANOL;0
2025-08;Cataluña;Tarragona;GASOLINA  AUTO. S/PB 95 I.O.;16112
2025-08;Cataluña;Tarragona;GASOLINA  AUTO. S/PB 98 I.O.;783
2025-08;Cataluña;Tarragona;OTRAS GASOLINAS;6
2025-08;Cataluña;Tarragona;FUELÓLEO  BIA;0
2025-08;Cataluña;Tarragona;OTROS FUELÓLEOS;0
2025-08;Cataluña;Tarragona;QUEROSENO AVIACIÓN;3462
2025-08;Cataluña;Tarragona;OTROS QUEROSENOS;0
2025-08;Cataluña;Tarragona;GLP;1194
2025-08;Ceuta;Ceuta;BIODIESEL;0
2025-08;Ceuta;Ceuta;GASÓLEO A;972
2025-08;Ceuta;Ceuta;GASÓLEO B;0
2025-08;Ceuta;Ceuta;GASÓLEO C;27
2025-08;Ceuta;Ceuta;OTROS GASOLEOS;8505
2025-08;Ceuta;Ceuta;BIOETANOL;0
2025-08;Ceuta;Ceuta;GASOLINA  AUTO. S/PB 95 I.O.;532
2025-08;Ceuta;Ceuta;GASOLINA  AUTO. S/PB 98 I.O.;84
2025-08;Ceuta;Ceuta;OTRAS GASOLINAS;0
2025-08;Ceuta;Ceuta;FUELÓLEO  BIA;4344
2025-08;Ceuta;Ceuta;OTROS FUELÓLEOS;5102
2025-08;Ceuta;Ceuta;QUEROSENO AVIACIÓN;27
2025-08;Ceuta;Ceuta;OTROS QUEROSENOS;0
2025-08;Ceuta;Ceuta;GLP;127
2025-08;Comunitat Valenciana;Alicante/Alacant;BIODIESEL;555
2025-08;Comunitat Valenciana;Alicante/Alacant;GASÓLEO A;55634
2025-08;Comunitat Valenciana;Alicante/Alacant;GASÓLEO B;3536
2025-08;Comunitat Valenciana;Alicante/Alacant;GASÓLEO C;632
2025-08;Comunitat Valenciana;Alicante/Alacant;OTROS GASOLEOS;2632
2025-08;Comunitat Valenciana;Alicante/Alacant;BIOETANOL;0
2025-08;Comunitat Valenciana;Alicante/Alacant;GASOLINA  AUTO. S/PB 95 I.O.;31811
2025-08;Comunitat Valenciana;Alicante/Alacant;GASOLINA  AUTO. S/PB 98 I.O.;1491
2025-08;Comunitat Valenciana;Alicante/Alacant;OTRAS GASOLINAS;0
2025-08;Comunitat Valenciana;Alicante/Alacant;FUELÓLEO  BIA;102
2025-08;Comunitat Valenciana;Alicante/Alacant;OTROS FUELÓLEOS;0
2025-08;Comunitat Valenciana;Alicante/Alacant;QUEROSENO AVIACIÓN;34942
2025-08;Comunitat Valenciana;Alicante/Alacant;OTROS QUEROSENOS;0
2025-08;Comunitat Valenciana;Alicante/Alacant;GLP;4004
2025-08;Comunitat Valenciana;Castellón/Castelló;BIODIESEL;37
2025-08;Comunitat Valenciana;Castellón/Castelló;GASÓLEO A;22718
2025-08;Comunitat Valenciana;Castellón/Castelló;GASÓLEO B;1281
2025-08;Comunitat Valenciana;Castellón/Castelló;GASÓLEO C;173
2025-08;Comunitat Valenciana;Castellón/Castelló;OTROS GASOLEOS;16947
2025-08;Comunitat Valenciana;Castellón/Castelló;BIOETANOL;0
2025-08;Comunitat Valenciana;Castellón/Castelló;GASOLINA  AUTO. S/PB 95 I.O.;10372
2025-08;Comunitat Valenciana;Castellón/Castelló;GASOLINA  AUTO. S/PB 98 I.O.;491
2025-08;Comunitat Valenciana;Castellón/Castelló;OTRAS GASOLINAS;23
2025-08;Comunitat Valenciana;Castellón/Castelló;FUELÓLEO  BIA;0
2025-08;Comunitat Valenciana;Castellón/Castelló;OTROS FUELÓLEOS;0
2025-08;Comunitat Valenciana;Castellón/Castelló;QUEROSENO AVIACIÓN;534
2025-08;Comunitat Valenciana;Castellón/Castelló;OTROS QUEROSENOS;0
2025-08;Comunitat Valenciana;Castellón/Castelló;GLP;1114
2025-08;Comunitat Valenciana;Valencia/València;BIODIESEL;362
2025-08;Comunitat Valenciana;Valencia/València;GASÓLEO A;86428
2025-08;Comunitat Valenciana;Valencia/València;GASÓLEO B;9178
2025-08;Comunitat Valenciana;Valencia/València;GASÓLEO C;455
2025-08;Comunitat Valenciana;Valencia/València;OTROS GASOLEOS;10845
2025-08;Comunitat Valenciana;Valencia/València;BIOETANOL;0
2025-08;Comunitat Valenciana;Valencia/València;GASOLINA  AUTO. S/PB 95 I.O.;33715
2025-08;Comunitat Valenciana;Valencia/València;GASOLINA  AUTO. S/PB 98 I.O.;1367
2025-08;Comunitat Valenciana;Valencia/València;OTRAS GASOLINAS;4
2025-08;Comunitat Valenciana;Valencia/València;FUELÓLEO  BIA;116
2025-08;Comunitat Valenciana;Valencia/València;OTROS FUELÓLEOS;22761
2025-08;Comunitat Valenciana;Valencia/València;QUEROSENO AVIACIÓN;16930
2025-08;Comunitat Valenciana;Valencia/València;OTROS QUEROSENOS;0
2025-08;Comunitat Valenciana;Valencia/València;GLP;2873
2025-08;Extremadura;Badajoz;BIODIESEL;201
2025-08;Extremadura;Badajoz;GASÓLEO A;38777
2025-08;Extremadura;Badajoz;GASÓLEO B;8738
2025-08;Extremadura;Badajoz;GASÓLEO C;57
2025-08;Extremadura;Badajoz;OTROS GASOLEOS;0
2025-08;Extremadura;Badajoz;BIOETANOL;0
2025-08;Extremadura;Badajoz;GASOLINA  AUTO. S/PB 95 I.O.;7766
2025-08;Extremadura;Badajoz;GASOLINA  AUTO. S/PB 98 I.O.;276
2025-08;Extremadura;Badajoz;OTRAS GASOLINAS;5
2025-08;Extremadura;Badajoz;FUELÓLEO  BIA;103
2025-08;Extremadura;Badajoz;OTROS FUELÓLEOS;0
2025-08;Extremadura;Badajoz;QUEROSENO AVIACIÓN;294
2025-08;Extremadura;Badajoz;OTROS QUEROSENOS;0
2025-08;Extremadura;Badajoz;GLP;1224
2025-08;Extremadura;Cáceres;BIODIESEL;124
2025-08;Extremadura;Cáceres;GASÓLEO A;19270
2025-08;Extremadura;Cáceres;GASÓLEO B;2484
2025-08;Extremadura;Cáceres;GASÓLEO C;183
2025-08;Extremadura;Cáceres;OTROS GASOLEOS;0
2025-08;Extremadura;Cáceres;BIOETANOL;0
2025-08;Extremadura;Cáceres;GASOLINA  AUTO. S/PB 95 I.O.;5690
2025-08;Extremadura;Cáceres;GASOLINA  AUTO. S/PB 98 I.O.;204
2025-08;Extremadura;Cáceres;OTRAS GASOLINAS;0
2025-08;Extremadura;Cáceres;FUELÓLEO  BIA;76
2025-08;Extremadura;Cáceres;OTROS FUELÓLEOS;0
2025-08;Extremadura;Cáceres;QUEROSENO AVIACIÓN;120
2025-08;Extremadura;Cáceres;OTROS QUEROSENOS;0
2025-08;Extremadura;Cáceres;GLP;1001
2025-08;Galicia;Coruña, A;BIODIESEL;211
2025-08;Galicia;Coruña, A;GASÓLEO A;44629
2025-08;Galicia;Coruña, A;GASÓLEO B;6301
2025-08;Galicia;Coruña, A;GASÓLEO C;2123
2025-08;Galicia;Coruña, A;OTROS GASOLEOS;3966
2025-08;Galicia;Coruña, A;BIOETANOL;0
2025-08;Galicia;Coruña, A;GASOLINA  AUTO. S/PB 95 I.O.;14039
2025-08;Galicia;Coruña, A;GASOLINA  AUTO. S/PB 98 I.O.;635
2025-08;Galicia;Coruña, A;OTRAS GASOLINAS;9
2025-08;Galicia;Coruña, A;FUELÓLEO  BIA;869
2025-08;Galicia;Coruña, A;OTROS FUELÓLEOS;421
2025-08;Galicia;Coruña, A;QUEROSENO AVIACIÓN;6465
2025-08;Galicia;Coruña, A;OTROS QUEROSENOS;0
2025-08;Galicia;Coruña, A;GLP;2653
2025-08;Galicia;Lugo;BIODIESEL;52
2025-08;Galicia;Lugo;GASÓLEO A;19121
2025-08;Galicia;Lugo;GASÓLEO B;3971
2025-08;Galicia;Lugo;GASÓLEO C;959
2025-08;Galicia;Lugo;OTROS GASOLEOS;1625
2025-08;Galicia;Lugo;BIOETANOL;0
2025-08;Galicia;Lugo;GASOLINA  AUTO. S/PB 95 I.O.;4634
2025-08;Galicia;Lugo;GASOLINA  AUTO. S/PB 98 I.O.;244
2025-08;Galicia;Lugo;OTRAS GASOLINAS;0
2025-08;Galicia;Lugo;FUELÓLEO  BIA;10
2025-08;Galicia;Lugo;OTROS FUELÓLEOS;0
2025-08;Galicia;Lugo;QUEROSENO AVIACIÓN;175
2025-08;Galicia;Lugo;OTROS QUEROSENOS;0
2025-08;Galicia;Lugo;GLP;1050
2025-08;Galicia;Ourense;BIODIESEL;102
2025-08;Galicia;Ourense;GASÓLEO A;15464
2025-08;Galicia;Ourense;GASÓLEO B;1741
2025-08;Galicia;Ourense;GASÓLEO C;1371
2025-08;Galicia;Ourense;OTROS GASOLEOS;0
2025-08;Galicia;Ourense;BIOETANOL;0
2025-08;Galicia;Ourense;GASOLINA  AUTO. S/PB 95 I.O.;4585
2025-08;Galicia;Ourense;GASOLINA  AUTO. S/PB 98 I.O.;407
2025-08;Galicia;Ourense;OTRAS GASOLINAS;1
2025-08;Galicia;Ourense;FUELÓLEO  BIA;55
2025-08;Galicia;Ourense;OTROS FUELÓLEOS;0
2025-08;Galicia;Ourense;QUEROSENO AVIACIÓN;319
2025-08;Galicia;Ourense;OTROS QUEROSENOS;0
2025-08;Galicia;Ourense;GLP;733
2025-08;Galicia;Pontevedra;BIODIESEL;144
2025-08;Galicia;Pontevedra;GASÓLEO A;39632
2025-08;Galicia;Pontevedra;GASÓLEO B;4202
2025-08;Galicia;Pontevedra;GASÓLEO C;1992
2025-08;Galicia;Pontevedra;OTROS GASOLEOS;4088
2025-08;Galicia;Pontevedra;BIOETANOL;0
2025-08;Galicia;Pontevedra;GASOLINA  AUTO. S/PB 95 I.O.;12246
2025-08;Galicia;Pontevedra;GASOLINA  AUTO. S/PB 98 I.O.;774
2025-08;Galicia;Pontevedra;OTRAS GASOLINAS;7
2025-08;Galicia;Pontevedra;FUELÓLEO  BIA;332
2025-08;Galicia;Pontevedra;OTROS FUELÓLEOS;498
2025-08;Galicia;Pontevedra;QUEROSENO AVIACIÓN;1462
2025-08;Galicia;Pontevedra;OTROS QUEROSENOS;0
2025-08;Galicia;Pontevedra;GLP;2206
2025-08;Madrid, Comunidad de;Madrid;BIODIESEL;2698
2025-08;Madrid, Comunidad de;Madrid;GASÓLEO A;127859
2025-08;Madrid, Comunidad de;Madrid;GASÓLEO B;6858
2025-08;Madrid, Comunidad de;Madrid;GASÓLEO C;3247
2025-08;Madrid, Comunidad de;Madrid;OTROS GASOLEOS;0
2025-08;Madrid, Comunidad de;Madrid;BIOETANOL;0
2025-08;Madrid, Comunidad de;Madrid;GASOLINA  AUTO. S/PB 95 I.O.;63972
2025-08;Madrid, Comunidad de;Madrid;GASOLINA  AUTO. S/PB 98 I.O.;2407
2025-08;Madrid, Comunidad de;Madrid;OTRAS GASOLINAS;74
2025-08;Madrid, Comunidad de;Madrid;FUELÓLEO  BIA;295
2025-08;Madrid, Comunidad de;Madrid;OTROS FUELÓLEOS;0
2025-08;Madrid, Comunidad de;Madrid;QUEROSENO AVIACIÓN;260972
2025-08;Madrid, Comunidad de;Madrid;OTROS QUEROSENOS;0
2025-08;Madrid, Comunidad de;Madrid;GLP;4568
2025-08;Melilla;Melilla;BIODIESEL;0
2025-08;Melilla;Melilla;GASÓLEO A;1230
2025-08;Melilla;Melilla;GASÓLEO B;0
2025-08;Melilla;Melilla;GASÓLEO C;0
2025-08;Melilla;Melilla;OTROS GASOLEOS;0
2025-08;Melilla;Melilla;BIOETANOL;0
2025-08;Melilla;Melilla;GASOLINA  AUTO. S/PB 95 I.O.;618
2025-08;Melilla;Melilla;GASOLINA  AUTO. S/PB 98 I.O.;0
2025-08;Melilla;Melilla;OTRAS GASOLINAS;0
2025-08;Melilla;Melilla;FUELÓLEO  BIA;4877
2025-08;Melilla;Melilla;OTROS FUELÓLEOS;0
2025-08;Melilla;Melilla;QUEROSENO AVIACIÓN;186
2025-08;Melilla;Melilla;OTROS QUEROSENOS;0
2025-08;Melilla;Melilla;GLP;121
2025-08;Murcia, Región de;Murcia;BIODIESEL;1860
2025-08;Murcia, Región de;Murcia;GASÓLEO A;73974
2025-08;Murcia, Región de;Murcia;GASÓLEO B;10644
2025-08;Murcia, Región de;Murcia;GASÓLEO C;246
2025-08;Murcia, Región de;Murcia;OTROS GASOLEOS;1187
2025-08;Murcia, Región de;Murcia;BIOETANOL;0
2025-08;Murcia, Región de;Murcia;GASOLINA  AUTO. S/PB 95 I.O.;17816
2025-08;Murcia, Región de;Murcia;GASOLINA  AUTO. S/PB 98 I.O.;760
2025-08;Murcia, Región de;Murcia;OTRAS GASOLINAS;16
2025-08;Murcia, Región de;Murcia;FUELÓLEO  BIA;188
2025-08;Murcia, Región de;Murcia;OTROS FUELÓLEOS;0
2025-08;Murcia, Región de;Murcia;QUEROSENO AVIACIÓN;1848
2025-08;Murcia, Región de;Murcia;OTROS QUEROSENOS;0
2025-08;Murcia, Región de;Murcia;GLP;2469
2025-08;Navarra, Comunidad Foral de;Navarra;BIODIESEL;465
2025-08;Navarra, Comunidad Foral de;Navarra;GASÓLEO A;47013
2025-08;Navarra, Comunidad Foral de;Navarra;GASÓLEO B;5004
2025-08;Navarra, Comunidad Foral de;Navarra;GASÓLEO C;212
2025-08;Navarra, Comunidad Foral de;Navarra;OTROS GASOLEOS;0
2025-08;Navarra, Comunidad Foral de;Navarra;BIOETANOL;0
2025-08;Navarra, Comunidad Foral de;Navarra;GASOLINA  AUTO. S/PB 95 I.O.;8936
2025-08;Navarra, Comunidad Foral de;Navarra;GASOLINA  AUTO. S/PB 98 I.O.;387
2025-08;Navarra, Comunidad Foral de;Navarra;OTRAS GASOLINAS;4
2025-08;Navarra, Comunidad Foral de;Navarra;FUELÓLEO  BIA;291
2025-08;Navarra, Comunidad Foral de;Navarra;OTROS FUELÓLEOS;0
2025-08;Navarra, Comunidad Foral de;Navarra;QUEROSENO AVIACIÓN;212
2025-08;Navarra, Comunidad Foral de;Navarra;OTROS QUEROSENOS;0
2025-08;Navarra, Comunidad Foral de;Navarra;GLP;824
2025-08;País Vasco;Araba/Álava;BIODIESEL;256
2025-08;País Vasco;Araba/Álava;GASÓLEO A;33695
2025-08;País Vasco;Araba/Álava;GASÓLEO B;2060
2025-08;País Vasco;Araba/Álava;GASÓLEO C;202
2025-08;País Vasco;Araba/Álava;OTROS GASOLEOS;0
2025-08;País Vasco;Araba/Álava;BIOETANOL;0
2025-08;País Vasco;Araba/Álava;GASOLINA  AUTO. S/PB 95 I.O.;3193
2025-08;País Vasco;Araba/Álava;GASOLINA  AUTO. S/PB 98 I.O.;335
2025-08;País Vasco;Araba/Álava;OTRAS GASOLINAS;2
2025-08;País Vasco;Araba/Álava;FUELÓLEO  BIA;77
2025-08;País Vasco;Araba/Álava;OTROS FUELÓLEOS;0
2025-08;País Vasco;Araba/Álava;QUEROSENO AVIACIÓN;1258
2025-08;País Vasco;Araba/Álava;OTROS QUEROSENOS;0
2025-08;País Vasco;Araba/Álava;GLP;191
2025-08;País Vasco;Bizkaia;BIODIESEL;868
2025-08;País Vasco;Bizkaia;GASÓLEO A;26192
2025-08;País Vasco;Bizkaia;GASÓLEO B;5621
2025-08;País Vasco;Bizkaia;GASÓLEO C;830
2025-08;País Vasco;Bizkaia;OTROS GASOLEOS;1326
2025-08;País Vasco;Bizkaia;BIOETANOL;0
2025-08;País Vasco;Bizkaia;GASOLINA  AUTO. S/PB 95 I.O.;9209
2025-08;País Vasco;Bizkaia;GASOLINA  AUTO. S/PB 98 I.O.;529
2025-08;País Vasco;Bizkaia;OTRAS GASOLINAS;3
2025-08;País Vasco;Bizkaia;FUELÓLEO  BIA;264
2025-08;País Vasco;Bizkaia;OTROS FUELÓLEOS;0
2025-08;País Vasco;Bizkaia;QUEROSENO AVIACIÓN;8911
2025-08;País Vasco;Bizkaia;OTROS QUEROSENOS;3
2025-08;País Vasco;Bizkaia;GLP;774
2025-08;País Vasco;Gipuzkoa;BIODIESEL;367
2025-08;País Vasco;Gipuzkoa;GASÓLEO A;52187
2025-08;País Vasco;Gipuzkoa;GASÓLEO B;1106
2025-08;País Vasco;Gipuzkoa;GASÓLEO C;67
2025-08;País Vasco;Gipuzkoa;OTROS GASOLEOS;1444
2025-08;País Vasco;Gipuzkoa;BIOETANOL;0
2025-08;País Vasco;Gipuzkoa;GASOLINA  AUTO. S/PB 95 I.O.;8685
2025-08;País Vasco;Gipuzkoa;GASOLINA  AUTO. S/PB 98 I.O.;865
2025-08;País Vasco;Gipuzkoa;OTRAS GASOLINAS;2
2025-08;País Vasco;Gipuzkoa;FUELÓLEO  BIA;50
2025-08;País Vasco;Gipuzkoa;OTROS FUELÓLEOS;0
2025-08;País Vasco;Gipuzkoa;QUEROSENO AVIACIÓN;572
2025-08;País Vasco;Gipuzkoa;OTROS QUEROSENOS;0
2025-08;País Vasco;Gipuzkoa;GLP;844
2025-08;Rioja, La;Rioja, La;BIODIESEL;148
2025-08;Rioja, La;Rioja, La;GASÓLEO A;12366
2025-08;Rioja, La;Rioja, La;GASÓLEO B;2669
2025-08;Rioja, La;Rioja, La;GASÓLEO C;406
2025-08;Rioja, La;Rioja, La;OTROS GASOLEOS;0
2025-08;Rioja, La;Rioja, La;BIOETANOL;0
2025-08;Rioja, La;Rioja, La;GASOLINA  AUTO. S/PB 95 I.O.;3566
2025-08;Rioja, La;Rioja, La;GASOLINA  AUTO. S/PB 98 I.O.;162
2025-08;Rioja, La;Rioja, La;OTRAS GASOLINAS;13
2025-08;Rioja, La;Rioja, La;FUELÓLEO  BIA;92
2025-08;Rioja, La;Rioja, La;OTROS FUELÓLEOS;0
2025-08;Rioja, La;Rioja, La;QUEROSENO AVIACIÓN;42
2025-08;Rioja, La;Rioja, La;OTROS QUEROSENOS;0
2025-08;Rioja, La;Rioja, La;GLP;501
2025-09;Andalucía;Almería;BIODIESEL;251
2025-09;Andalucía;Almería;GASÓLEO A;32468
2025-09;Andalucía;Almería;GASÓLEO B;5915
2025-09;Andalucía;Almería;GASÓLEO C;95
2025-09;Andalucía;Almería;OTROS GASOLEOS;1236
2025-09;Andalucía;Almería;BIOETANOL;0
2025-09;Andalucía;Almería;GASOLINA  AUTO. S/PB 95 I.O.;7413
2025-09;Andalucía;Almería;GASOLINA  AUTO. S/PB 98 I.O.;398
2025-09;Andalucía;Almería;OTRAS GASOLINAS;2
2025-09;Andalucía;Almería;FUELÓLEO  BIA;243
2025-09;Andalucía;Almería;OTROS FUELÓLEOS;1898
2025-09;Andalucía;Almería;QUEROSENO AVIACIÓN;1222
2025-09;Andalucía;Almería;OTROS QUEROSENOS;0
2025-09;Andalucía;Almería;GLP;1790
2025-09;Andalucía;Cádiz;BIODIESEL;85
2025-09;Andalucía;Cádiz;GASÓLEO A;33404
2025-09;Andalucía;Cádiz;GASÓLEO B;7160
2025-09;Andalucía;Cádiz;GASÓLEO C;190
2025-09;Andalucía;Cádiz;OTROS GASOLEOS;48168
2025-09;Andalucía;Cádiz;BIOETANOL;0
2025-09;Andalucía;Cádiz;GASOLINA  AUTO. S/PB 95 I.O.;13418
2025-09;Andalucía;Cádiz;GASOLINA  AUTO. S/PB 98 I.O.;471
2025-09;Andalucía;Cádiz;OTRAS GASOLINAS;45
2025-09;Andalucía;Cádiz;FUELÓLEO  BIA;25087
2025-09;Andalucía;Cádiz;OTROS FUELÓLEOS;212275
2025-09;Andalucía;Cádiz;QUEROSENO AVIACIÓN;2092
2025-09;Andalucía;Cádiz;OTROS QUEROSENOS;0
2025-09;Andalucía;Cádiz;GLP;2689
2025-09;Andalucía;Córdoba;BIODIESEL;197
2025-09;Andalucía;Córdoba;GASÓLEO A;29725
2025-09;Andalucía;Córdoba;GASÓLEO B;7457
2025-09;Andalucía;Córdoba;GASÓLEO C;528
2025-09;Andalucía;Córdoba;OTROS GASOLEOS;0
2025-09;Andalucía;Córdoba;BIOETANOL;0
2025-09;Andalucía;Córdoba;GASOLINA  AUTO. S/PB 95 I.O.;5984
2025-09;Andalucía;Córdoba;GASOLINA  AUTO. S/PB 98 I.O.;145
2025-09;Andalucía;Córdoba;OTRAS GASOLINAS;10
2025-09;Andalucía;Córdoba;FUELÓLEO  BIA;79
2025-09;Andalucía;Córdoba;OTROS FUELÓLEOS;0
2025-09;Andalucía;Córdoba;QUEROSENO AVIACIÓN;67
2025-09;Andalucía;Córdoba;OTROS QUEROSENOS;0
2025-09;Andalucía;Córdoba;GLP;1283
2025-09;Andalucía;Granada;BIODIESEL;44
2025-09;Andalucía;Granada;GASÓLEO A;33275
2025-09;Andalucía;Granada;GASÓLEO B;5954
2025-09;Andalucía;Granada;GASÓLEO C;1097
2025-09;Andalucía;Granada;OTROS GASOLEOS;533
2025-09;Andalucía;Granada;BIOETANOL;0
2025-09;Andalucía;Granada;GASOLINA  AUTO. S/PB 95 I.O.;9462
2025-09;Andalucía;Granada;GASOLINA  AUTO. S/PB 98 I.O.;450
2025-09;Andalucía;Granada;OTRAS GASOLINAS;11
2025-09;Andalucía;Granada;FUELÓLEO  BIA;52
2025-09;Andalucía;Granada;OTROS FUELÓLEOS;1553
2025-09;Andalucía;Granada;QUEROSENO AVIACIÓN;1137
2025-09;Andalucía;Granada;OTROS QUEROSENOS;0
2025-09;Andalucía;Granada;GLP;2080
2025-09;Andalucía;Huelva;BIODIESEL;254
2025-09;Andalucía;Huelva;GASÓLEO A;23997
2025-09;Andalucía;Huelva;GASÓLEO B;9130
2025-09;Andalucía;Huelva;GASÓLEO C;68
2025-09;Andalucía;Huelva;OTROS GASOLEOS;3057
2025-09;Andalucía;Huelva;BIOETANOL;0
2025-09;Andalucía;Huelva;GASOLINA  AUTO. S/PB 95 I.O.;5998
2025-09;Andalucía;Huelva;GASOLINA  AUTO. S/PB 98 I.O.;209
2025-09;Andalucía;Huelva;OTRAS GASOLINAS;0
2025-09;Andalucía;Huelva;FUELÓLEO  BIA;571
2025-09;Andalucía;Huelva;OTROS FUELÓLEOS;5491
2025-09;Andalucía;Huelva;QUEROSENO AVIACIÓN;0
2025-09;Andalucía;Huelva;OTROS QUEROSENOS;0
2025-09;Andalucía;Huelva;GLP;1636
2025-09;Andalucía;Jaén;BIODIESEL;249
2025-09;Andalucía;Jaén;GASÓLEO A;30430
2025-09;Andalucía;Jaén;GASÓLEO B;4363
2025-09;Andalucía;Jaén;GASÓLEO C;459
2025-09;Andalucía;Jaén;OTROS GASOLEOS;0
2025-09;Andalucía;Jaén;BIOETANOL;0
2025-09;Andalucía;Jaén;GASOLINA  AUTO. S/PB 95 I.O.;5550
2025-09;Andalucía;Jaén;GASOLINA  AUTO. S/PB 98 I.O.;171
2025-09;Andalucía;Jaén;OTRAS GASOLINAS;0
2025-09;Andalucía;Jaén;FUELÓLEO  BIA;27
2025-09;Andalucía;Jaén;OTROS FUELÓLEOS;0
2025-09;Andalucía;Jaén;QUEROSENO AVIACIÓN;0
2025-09;Andalucía;Jaén;OTROS QUEROSENOS;0
2025-09;Andalucía;Jaén;GLP;1161
2025-09;Andalucía;Málaga;BIODIESEL;196
2025-09;Andalucía;Málaga;GASÓLEO A;50564
2025-09;Andalucía;Málaga;GASÓLEO B;4512
2025-09;Andalucía;Málaga;GASÓLEO C;342
2025-09;Andalucía;Málaga;OTROS GASOLEOS;626
2025-09;Andalucía;Málaga;BIOETANOL;0
2025-09;Andalucía;Málaga;GASOLINA  AUTO. S/PB 95 I.O.;22957
2025-09;Andalucía;Málaga;GASOLINA  AUTO. S/PB 98 I.O.;1379
2025-09;Andalucía;Málaga;OTRAS GASOLINAS;27
2025-09;Andalucía;Málaga;FUELÓLEO  BIA;105
2025-09;Andalucía;Málaga;OTROS FUELÓLEOS;0
2025-09;Andalucía;Málaga;QUEROSENO AVIACIÓN;47531
2025-09;Andalucía;Málaga;OTROS QUEROSENOS;0
2025-09;Andalucía;Málaga;GLP;3715
2025-09;Andalucía;Sevilla;BIODIESEL;336
2025-09;Andalucía;Sevilla;GASÓLEO A;57589
2025-09;Andalucía;Sevilla;GASÓLEO B;9236
2025-09;Andalucía;Sevilla;GASÓLEO C;280
2025-09;Andalucía;Sevilla;OTROS GASOLEOS;1060
2025-09;Andalucía;Sevilla;BIOETANOL;0
2025-09;Andalucía;Sevilla;GASOLINA  AUTO. S/PB 95 I.O.;18391
2025-09;Andalucía;Sevilla;GASOLINA  AUTO. S/PB 98 I.O.;403
2025-09;Andalucía;Sevilla;OTRAS GASOLINAS;9
2025-09;Andalucía;Sevilla;FUELÓLEO  BIA;308
2025-09;Andalucía;Sevilla;OTROS FUELÓLEOS;0
2025-09;Andalucía;Sevilla;QUEROSENO AVIACIÓN;13133
2025-09;Andalucía;Sevilla;OTROS QUEROSENOS;0
2025-09;Andalucía;Sevilla;GLP;3514
2025-09;Aragón;Huesca;BIODIESEL;206
2025-09;Aragón;Huesca;GASÓLEO A;14975
2025-09;Aragón;Huesca;GASÓLEO B;6172
2025-09;Aragón;Huesca;GASÓLEO C;561
2025-09;Aragón;Huesca;OTROS GASOLEOS;0
2025-09;Aragón;Huesca;BIOETANOL;0
2025-09;Aragón;Huesca;GASOLINA  AUTO. S/PB 95 I.O.;3696
2025-09;Aragón;Huesca;GASOLINA  AUTO. S/PB 98 I.O.;181
2025-09;Aragón;Huesca;OTRAS GASOLINAS;1
2025-09;Aragón;Huesca;FUELÓLEO  BIA;75
2025-09;Aragón;Huesca;OTROS FUELÓLEOS;0
2025-09;Aragón;Huesca;QUEROSENO AVIACIÓN;41
2025-09;Aragón;Huesca;OTROS QUEROSENOS;0
2025-09;Aragón;Huesca;GLP;1028
2025-09;Aragón;Teruel;BIODIESEL;65
2025-09;Aragón;Teruel;GASÓLEO A;9610
2025-09;Aragón;Teruel;GASÓLEO B;4093
2025-09;Aragón;Teruel;GASÓLEO C;748
2025-09;Aragón;Teruel;OTROS GASOLEOS;0
2025-09;Aragón;Teruel;BIOETANOL;0
2025-09;Aragón;Teruel;GASOLINA  AUTO. S/PB 95 I.O.;2061
2025-09;Aragón;Teruel;GASOLINA  AUTO. S/PB 98 I.O.;118
2025-09;Aragón;Teruel;OTRAS GASOLINAS;0
2025-09;Aragón;Teruel;FUELÓLEO  BIA;80
2025-09;Aragón;Teruel;OTROS FUELÓLEOS;0
2025-09;Aragón;Teruel;QUEROSENO AVIACIÓN;127
2025-09;Aragón;Teruel;OTROS QUEROSENOS;0
2025-09;Aragón;Teruel;GLP;418
2025-09;Aragón;Zaragoza;BIODIESEL;1591
2025-09;Aragón;Zaragoza;GASÓLEO A;43479
2025-09;Aragón;Zaragoza;GASÓLEO B;10145
2025-09;Aragón;Zaragoza;GASÓLEO C;2064
2025-09;Aragón;Zaragoza;OTROS GASOLEOS;127
2025-09;Aragón;Zaragoza;BIOETANOL;0
2025-09;Aragón;Zaragoza;GASOLINA  AUTO. S/PB 95 I.O.;10458
2025-09;Aragón;Zaragoza;GASOLINA  AUTO. S/PB 98 I.O.;433
2025-09;Aragón;Zaragoza;OTRAS GASOLINAS;4
2025-09;Aragón;Zaragoza;FUELÓLEO  BIA;25
2025-09;Aragón;Zaragoza;OTROS FUELÓLEOS;475
2025-09;Aragón;Zaragoza;QUEROSENO AVIACIÓN;8587
2025-09;Aragón;Zaragoza;OTROS QUEROSENOS;0
2025-09;Aragón;Zaragoza;GLP;1274
2025-09;Asturias, Principado de;Asturias;BIODIESEL;265
2025-09;Asturias, Principado de;Asturias;GASÓLEO A;33408
2025-09;Asturias, Principado de;Asturias;GASÓLEO B;5959
2025-09;Asturias, Principado de;Asturias;GASÓLEO C;1694
2025-09;Asturias, Principado de;Asturias;OTROS GASOLEOS;3138
2025-09;Asturias, Principado de;Asturias;BIOETANOL;0
2025-09;Asturias, Principado de;Asturias;GASOLINA  AUTO. S/PB 95 I.O.;9702
2025-09;Asturias, Principado de;Asturias;GASOLINA  AUTO. S/PB 98 I.O.;582
2025-09;Asturias, Principado de;Asturias;OTRAS GASOLINAS;3
2025-09;Asturias, Principado de;Asturias;FUELÓLEO  BIA;436
2025-09;Asturias, Principado de;Asturias;OTROS FUELÓLEOS;825
2025-09;Asturias, Principado de;Asturias;QUEROSENO AVIACIÓN;2329
2025-09;Asturias, Principado de;Asturias;OTROS QUEROSENOS;0
2025-09;Asturias, Principado de;Asturias;GLP;1580
2025-09;Balears, Illes;Balears, Illes;BIODIESEL;0
2025-09;Balears, Illes;Balears, Illes;GASÓLEO A;30199
2025-09;Balears, Illes;Balears, Illes;GASÓLEO B;3332
2025-09;Balears, Illes;Balears, Illes;GASÓLEO C;12116
2025-09;Balears, Illes;Balears, Illes;OTROS GASOLEOS;5180
2025-09;Balears, Illes;Balears, Illes;BIOETANOL;0
2025-09;Balears, Illes;Balears, Illes;GASOLINA  AUTO. S/PB 95 I.O.;26930
2025-09;Balears, Illes;Balears, Illes;GASOLINA  AUTO. S/PB 98 I.O.;1168
2025-09;Balears, Illes;Balears, Illes;OTRAS GASOLINAS;29
2025-09;Balears, Illes;Balears, Illes;FUELÓLEO  BIA;0
2025-09;Balears, Illes;Balears, Illes;OTROS FUELÓLEOS;0
2025-09;Balears, Illes;Balears, Illes;QUEROSENO AVIACIÓN;86962
2025-09;Balears, Illes;Balears, Illes;OTROS QUEROSENOS;0
2025-09;Balears, Illes;Balears, Illes;GLP;3989
2025-09;Canarias;Palmas, Las;BIODIESEL;426
2025-09;Canarias;Palmas, Las;GASÓLEO A;26329
2025-09;Canarias;Palmas, Las;GASÓLEO B;0
2025-09;Canarias;Palmas, Las;GASÓLEO C;0
2025-09;Canarias;Palmas, Las;OTROS GASOLEOS;76179
2025-09;Canarias;Palmas, Las;BIOETANOL;0
2025-09;Canarias;Palmas, Las;GASOLINA  AUTO. S/PB 95 I.O.;19780
2025-09;Canarias;Palmas, Las;GASOLINA  AUTO. S/PB 98 I.O.;3645
2025-09;Canarias;Palmas, Las;OTRAS GASOLINAS;4
2025-09;Canarias;Palmas, Las;FUELÓLEO  BIA;115750
2025-09;Canarias;Palmas, Las;OTROS FUELÓLEOS;48324
2025-09;Canarias;Palmas, Las;QUEROSENO AVIACIÓN;49538
2025-09;Canarias;Palmas, Las;OTROS QUEROSENOS;0
2025-09;Canarias;Palmas, Las;GLP;2857
2025-09;Canarias;Santa Cruz de Tenerife;BIODIESEL;94
2025-09;Canarias;Santa Cruz de Tenerife;GASÓLEO A;26042
2025-09;Canarias;Santa Cruz de Tenerife;GASÓLEO B;0
2025-09;Canarias;Santa Cruz de Tenerife;GASÓLEO C;0
2025-09;Canarias;Santa Cruz de Tenerife;OTROS GASOLEOS;52955
2025-09;Canarias;Santa Cruz de Tenerife;BIOETANOL;0
2025-09;Canarias;Santa Cruz de Tenerife;GASOLINA  AUTO. S/PB 95 I.O.;18635
2025-09;Canarias;Santa Cruz de Tenerife;GASOLINA  AUTO. S/PB 98 I.O.;4827
2025-09;Canarias;Santa Cruz de Tenerife;OTRAS GASOLINAS;1
2025-09;Canarias;Santa Cruz de Tenerife;FUELÓLEO  BIA;17722
2025-09;Canarias;Santa Cruz de Tenerife;OTROS FUELÓLEOS;44439
2025-09;Canarias;Santa Cruz de Tenerife;QUEROSENO AVIACIÓN;44674
2025-09;Canarias;Santa Cruz de Tenerife;OTROS QUEROSENOS;0
2025-09;Canarias;Santa Cruz de Tenerife;GLP;3207
2025-09;Cantabria;Cantabria;BIODIESEL;547
2025-09;Cantabria;Cantabria;GASÓLEO A;25188
2025-09;Cantabria;Cantabria;GASÓLEO B;3966
2025-09;Cantabria;Cantabria;GASÓLEO C;28
2025-09;Cantabria;Cantabria;OTROS GASOLEOS;817
2025-09;Cantabria;Cantabria;BIOETANOL;0
2025-09;Cantabria;Cantabria;GASOLINA  AUTO. S/PB 95 I.O.;7987
2025-09;Cantabria;Cantabria;GASOLINA  AUTO. S/PB 98 I.O.;352
2025-09;Cantabria;Cantabria;OTRAS GASOLINAS;1
2025-09;Cantabria;Cantabria;FUELÓLEO  BIA;463
2025-09;Cantabria;Cantabria;OTROS FUELÓLEOS;0
2025-09;Cantabria;Cantabria;QUEROSENO AVIACIÓN;1181
2025-09;Cantabria;Cantabria;OTROS QUEROSENOS;0
2025-09;Cantabria;Cantabria;GLP;1326
2025-09;Castilla - La Mancha;Albacete;BIODIESEL;214
2025-09;Castilla - La Mancha;Albacete;GASÓLEO A;17755
2025-09;Castilla - La Mancha;Albacete;GASÓLEO B;6390
2025-09;Castilla - La Mancha;Albacete;GASÓLEO C;770
2025-09;Castilla - La Mancha;Albacete;OTROS GASOLEOS;0
2025-09;Castilla - La Mancha;Albacete;BIOETANOL;0
2025-09;Castilla - La Mancha;Albacete;GASOLINA  AUTO. S/PB 95 I.O.;4040
2025-09;Castilla - La Mancha;Albacete;GASOLINA  AUTO. S/PB 98 I.O.;188
2025-09;Castilla - La Mancha;Albacete;OTRAS GASOLINAS;0
2025-09;Castilla - La Mancha;Albacete;FUELÓLEO  BIA;0
2025-09;Castilla - La Mancha;Albacete;OTROS FUELÓLEOS;0
2025-09;Castilla - La Mancha;Albacete;QUEROSENO AVIACIÓN;33
2025-09;Castilla - La Mancha;Albacete;OTROS QUEROSENOS;0
2025-09;Castilla - La Mancha;Albacete;GLP;671
2025-09;Castilla - La Mancha;Ciudad Real;BIODIESEL;574
2025-09;Castilla - La Mancha;Ciudad Real;GASÓLEO A;24131
2025-09;Castilla - La Mancha;Ciudad Real;GASÓLEO B;7224
2025-09;Castilla - La Mancha;Ciudad Real;GASÓLEO C;1178
2025-09;Castilla - La Mancha;Ciudad Real;OTROS GASOLEOS;0
2025-09;Castilla - La Mancha;Ciudad Real;BIOETANOL;0
2025-09;Castilla - La Mancha;Ciudad Real;GASOLINA  AUTO. S/PB 95 I.O.;4685
2025-09;Castilla - La Mancha;Ciudad Real;GASOLINA  AUTO. S/PB 98 I.O.;170
2025-09;Castilla - La Mancha;Ciudad Real;OTRAS GASOLINAS;0
2025-09;Castilla - La Mancha;Ciudad Real;FUELÓLEO  BIA;77
2025-09;Castilla - La Mancha;Ciudad Real;OTROS FUELÓLEOS;0
2025-09;Castilla - La Mancha;Ciudad Real;QUEROSENO AVIACIÓN;103
2025-09;Castilla - La Mancha;Ciudad Real;OTROS QUEROSENOS;0
2025-09;Castilla - La Mancha;Ciudad Real;GLP;837
2025-09;Castilla - La Mancha;Cuenca;BIODIESEL;123
2025-09;Castilla - La Mancha;Cuenca;GASÓLEO A;14739
2025-09;Castilla - La Mancha;Cuenca;GASÓLEO B;6978
2025-09;Castilla - La Mancha;Cuenca;GASÓLEO C;497
2025-09;Castilla - La Mancha;Cuenca;OTROS GASOLEOS;0
2025-09;Castilla - La Mancha;Cuenca;BIOETANOL;0
2025-09;Castilla - La Mancha;Cuenca;GASOLINA  AUTO. S/PB 95 I.O.;3182
2025-09;Castilla - La Mancha;Cuenca;GASOLINA  AUTO. S/PB 98 I.O.;111
2025-09;Castilla - La Mancha;Cuenca;OTRAS GASOLINAS;0
2025-09;Castilla - La Mancha;Cuenca;FUELÓLEO  BIA;0
2025-09;Castilla - La Mancha;Cuenca;OTROS FUELÓLEOS;0
2025-09;Castilla - La Mancha;Cuenca;QUEROSENO AVIACIÓN;2
2025-09;Castilla - La Mancha;Cuenca;OTROS QUEROSENOS;0
2025-09;Castilla - La Mancha;Cuenca;GLP;515
2025-09;Castilla - La Mancha;Guadalajara;BIODIESEL;335
2025-09;Castilla - La Mancha;Guadalajara;GASÓLEO A;12576
2025-09;Castilla - La Mancha;Guadalajara;GASÓLEO B;2829
2025-09;Castilla - La Mancha;Guadalajara;GASÓLEO C;904
2025-09;Castilla - La Mancha;Guadalajara;OTROS GASOLEOS;0
2025-09;Castilla - La Mancha;Guadalajara;BIOETANOL;0
2025-09;Castilla - La Mancha;Guadalajara;GASOLINA  AUTO. S/PB 95 I.O.;3919
2025-09;Castilla - La Mancha;Guadalajara;GASOLINA  AUTO. S/PB 98 I.O.;119
2025-09;Castilla - La Mancha;Guadalajara;OTRAS GASOLINAS;0
2025-09;Castilla - La Mancha;Guadalajara;FUELÓLEO  BIA;26
2025-09;Castilla - La Mancha;Guadalajara;OTROS FUELÓLEOS;0
2025-09;Castilla - La Mancha;Guadalajara;QUEROSENO AVIACIÓN;10
2025-09;Castilla - La Mancha;Guadalajara;OTROS QUEROSENOS;0
2025-09;Castilla - La Mancha;Guadalajara;GLP;318
2025-09;Castilla - La Mancha;Toledo;BIODIESEL;686
2025-09;Castilla - La Mancha;Toledo;GASÓLEO A;35803
2025-09;Castilla - La Mancha;Toledo;GASÓLEO B;10037
2025-09;Castilla - La Mancha;Toledo;GASÓLEO C;2347
2025-09;Castilla - La Mancha;Toledo;OTROS GASOLEOS;0
2025-09;Castilla - La Mancha;Toledo;BIOETANOL;0
2025-09;Castilla - La Mancha;Toledo;GASOLINA  AUTO. S/PB 95 I.O.;8874
2025-09;Castilla - La Mancha;Toledo;GASOLINA  AUTO. S/PB 98 I.O.;340
2025-09;Castilla - La Mancha;Toledo;OTRAS GASOLINAS;19
2025-09;Castilla - La Mancha;Toledo;FUELÓLEO  BIA;55
2025-09;Castilla - La Mancha;Toledo;OTROS FUELÓLEOS;0
2025-09;Castilla - La Mancha;Toledo;QUEROSENO AVIACIÓN;10
2025-09;Castilla - La Mancha;Toledo;OTROS QUEROSENOS;0
2025-09;Castilla - La Mancha;Toledo;GLP;1279
2025-09;Castilla y León;Ávila;BIODIESEL;97
2025-09;Castilla y León;Ávila;GASÓLEO A;7603
2025-09;Castilla y León;Ávila;GASÓLEO B;2406
2025-09;Castilla y León;Ávila;GASÓLEO C;653
2025-09;Castilla y León;Ávila;OTROS GASOLEOS;0
2025-09;Castilla y León;Ávila;BIOETANOL;0
2025-09;Castilla y León;Ávila;GASOLINA  AUTO. S/PB 95 I.O.;2192
2025-09;Castilla y León;Ávila;GASOLINA  AUTO. S/PB 98 I.O.;74
2025-09;Castilla y León;Ávila;OTRAS GASOLINAS;0
2025-09;Castilla y León;Ávila;FUELÓLEO  BIA;0
2025-09;Castilla y León;Ávila;OTROS FUELÓLEOS;0
2025-09;Castilla y León;Ávila;QUEROSENO AVIACIÓN;0
2025-09;Castilla y León;Ávila;OTROS QUEROSENOS;0
2025-09;Castilla y León;Ávila;GLP;572
2025-09;Castilla y León;Burgos;BIODIESEL;240
2025-09;Castilla y León;Burgos;GASÓLEO A;26625
2025-09;Castilla y León;Burgos;GASÓLEO B;5915
2025-09;Castilla y León;Burgos;GASÓLEO C;430
2025-09;Castilla y León;Burgos;OTROS GASOLEOS;0
2025-09;Castilla y León;Burgos;BIOETANOL;0
2025-09;Castilla y León;Burgos;GASOLINA  AUTO. S/PB 95 I.O.;5528
2025-09;Castilla y León;Burgos;GASOLINA  AUTO. S/PB 98 I.O.;286
2025-09;Castilla y León;Burgos;OTRAS GASOLINAS;26
2025-09;Castilla y León;Burgos;FUELÓLEO  BIA;118
2025-09;Castilla y León;Burgos;OTROS FUELÓLEOS;0
2025-09;Castilla y León;Burgos;QUEROSENO AVIACIÓN;7
2025-09;Castilla y León;Burgos;OTROS QUEROSENOS;0
2025-09;Castilla y León;Burgos;GLP;663
2025-09;Castilla y León;León;BIODIESEL;97
2025-09;Castilla y León;León;GASÓLEO A;27330
2025-09;Castilla y León;León;GASÓLEO B;7624
2025-09;Castilla y León;León;GASÓLEO C;2866
2025-09;Castilla y León;León;OTROS GASOLEOS;0
2025-09;Castilla y León;León;BIOETANOL;0
2025-09;Castilla y León;León;GASOLINA  AUTO. S/PB 95 I.O.;5505
2025-09;Castilla y León;León;GASOLINA  AUTO. S/PB 98 I.O.;291
2025-09;Castilla y León;León;OTRAS GASOLINAS;0
2025-09;Castilla y León;León;FUELÓLEO  BIA;286
2025-09;Castilla y León;León;OTROS FUELÓLEOS;0
2025-09;Castilla y León;León;QUEROSENO AVIACIÓN;31
2025-09;Castilla y León;León;OTROS QUEROSENOS;0
2025-09;Castilla y León;León;GLP;913
2025-09;Castilla y León;Palencia;BIODIESEL;127
2025-09;Castilla y León;Palencia;GASÓLEO A;9646
2025-09;Castilla y León;Palencia;GASÓLEO B;4801
2025-09;Castilla y León;Palencia;GASÓLEO C;237
2025-09;Castilla y León;Palencia;OTROS GASOLEOS;0
2025-09;Castilla y León;Palencia;BIOETANOL;0
2025-09;Castilla y León;Palencia;GASOLINA  AUTO. S/PB 95 I.O.;2006
2025-09;Castilla y León;Palencia;GASOLINA  AUTO. S/PB 98 I.O.;83
2025-09;Castilla y León;Palencia;OTRAS GASOLINAS;0
2025-09;Castilla y León;Palencia;FUELÓLEO  BIA;0
2025-09;Castilla y León;Palencia;OTROS FUELÓLEOS;0
2025-09;Castilla y León;Palencia;QUEROSENO AVIACIÓN;0
2025-09;Castilla y León;Palencia;OTROS QUEROSENOS;0
2025-09;Castilla y León;Palencia;GLP;288
2025-09;Castilla y León;Salamanca;BIODIESEL;100
2025-09;Castilla y León;Salamanca;GASÓLEO A;22124
2025-09;Castilla y León;Salamanca;GASÓLEO B;4049
2025-09;Castilla y León;Salamanca;GASÓLEO C;1044
2025-09;Castilla y León;Salamanca;OTROS GASOLEOS;0
2025-09;Castilla y León;Salamanca;BIOETANOL;0
2025-09;Castilla y León;Salamanca;GASOLINA  AUTO. S/PB 95 I.O.;3628
2025-09;Castilla y León;Salamanca;GASOLINA  AUTO. S/PB 98 I.O.;195
2025-09;Castilla y León;Salamanca;OTRAS GASOLINAS;17
2025-09;Castilla y León;Salamanca;FUELÓLEO  BIA;0
2025-09;Castilla y León;Salamanca;OTROS FUELÓLEOS;0
2025-09;Castilla y León;Salamanca;QUEROSENO AVIACIÓN;57
2025-09;Castilla y León;Salamanca;OTROS QUEROSENOS;0
2025-09;Castilla y León;Salamanca;GLP;604
2025-09;Castilla y León;Segovia;BIODIESEL;133
2025-09;Castilla y León;Segovia;GASÓLEO A;9558
2025-09;Castilla y León;Segovia;GASÓLEO B;3281
2025-09;Castilla y León;Segovia;GASÓLEO C;1124
2025-09;Castilla y León;Segovia;OTROS GASOLEOS;0
2025-09;Castilla y León;Segovia;BIOETANOL;0
2025-09;Castilla y León;Segovia;GASOLINA  AUTO. S/PB 95 I.O.;2693
2025-09;Castilla y León;Segovia;GASOLINA  AUTO. S/PB 98 I.O.;108
2025-09;Castilla y León;Segovia;OTRAS GASOLINAS;0
2025-09;Castilla y León;Segovia;FUELÓLEO  BIA;26
2025-09;Castilla y León;Segovia;OTROS FUELÓLEOS;0
2025-09;Castilla y León;Segovia;QUEROSENO AVIACIÓN;17
2025-09;Castilla y León;Segovia;OTROS QUEROSENOS;0
2025-09;Castilla y León;Segovia;GLP;519
2025-09;Castilla y León;Soria;BIODIESEL;42
2025-09;Castilla y León;Soria;GASÓLEO A;5948
2025-09;Castilla y León;Soria;GASÓLEO B;2465
2025-09;Castilla y León;Soria;GASÓLEO C;426
2025-09;Castilla y León;Soria;OTROS GASOLEOS;0
2025-09;Castilla y León;Soria;BIOETANOL;0
2025-09;Castilla y León;Soria;GASOLINA  AUTO. S/PB 95 I.O.;1365
2025-09;Castilla y León;Soria;GASOLINA  AUTO. S/PB 98 I.O.;61
2025-09;Castilla y León;Soria;OTRAS GASOLINAS;17
2025-09;Castilla y León;Soria;FUELÓLEO  BIA;0
2025-09;Castilla y León;Soria;OTROS FUELÓLEOS;0
2025-09;Castilla y León;Soria;QUEROSENO AVIACIÓN;0
2025-09;Castilla y León;Soria;OTROS QUEROSENOS;0
2025-09;Castilla y León;Soria;GLP;212
2025-09;Castilla y León;Valladolid;BIODIESEL;261
2025-09;Castilla y León;Valladolid;GASÓLEO A;20615
2025-09;Castilla y León;Valladolid;GASÓLEO B;5465
2025-09;Castilla y León;Valladolid;GASÓLEO C;833
2025-09;Castilla y León;Valladolid;OTROS GASOLEOS;0
2025-09;Castilla y León;Valladolid;BIOETANOL;17
2025-09;Castilla y León;Valladolid;GASOLINA  AUTO. S/PB 95 I.O.;5681
2025-09;Castilla y León;Valladolid;GASOLINA  AUTO. S/PB 98 I.O.;269
2025-09;Castilla y León;Valladolid;OTRAS GASOLINAS;8
2025-09;Castilla y León;Valladolid;FUELÓLEO  BIA;210
2025-09;Castilla y León;Valladolid;OTROS FUELÓLEOS;0
2025-09;Castilla y León;Valladolid;QUEROSENO AVIACIÓN;144
2025-09;Castilla y León;Valladolid;OTROS QUEROSENOS;0
2025-09;Castilla y León;Valladolid;GLP;690
2025-09;Castilla y León;Zamora;BIODIESEL;16
2025-09;Castilla y León;Zamora;GASÓLEO A;17439
2025-09;Castilla y León;Zamora;GASÓLEO B;4180
2025-09;Castilla y León;Zamora;GASÓLEO C;354
2025-09;Castilla y León;Zamora;OTROS GASOLEOS;0
2025-09;Castilla y León;Zamora;BIOETANOL;0
2025-09;Castilla y León;Zamora;GASOLINA  AUTO. S/PB 95 I.O.;2441
2025-09;Castilla y León;Zamora;GASOLINA  AUTO. S/PB 98 I.O.;141
2025-09;Castilla y León;Zamora;OTRAS GASOLINAS;0
2025-09;Castilla y León;Zamora;FUELÓLEO  BIA;0
2025-09;Castilla y León;Zamora;OTROS FUELÓLEOS;0
2025-09;Castilla y León;Zamora;QUEROSENO AVIACIÓN;23
2025-09;Castilla y León;Zamora;OTROS QUEROSENOS;0
2025-09;Castilla y León;Zamora;GLP;386
2025-09;Cataluña;Barcelona;BIODIESEL;1646
2025-09;Cataluña;Barcelona;GASÓLEO A;128916
2025-09;Cataluña;Barcelona;GASÓLEO B;17113
2025-09;Cataluña;Barcelona;GASÓLEO C;2547
2025-09;Cataluña;Barcelona;OTROS GASOLEOS;34245
2025-09;Cataluña;Barcelona;BIOETANOL;0
2025-09;Cataluña;Barcelona;GASOLINA  AUTO. S/PB 95 I.O.;63406
2025-09;Cataluña;Barcelona;GASOLINA  AUTO. S/PB 98 I.O.;2833
2025-09;Cataluña;Barcelona;OTRAS GASOLINAS;55
2025-09;Cataluña;Barcelona;FUELÓLEO  BIA;19662
2025-09;Cataluña;Barcelona;OTROS FUELÓLEOS;51260
2025-09;Cataluña;Barcelona;QUEROSENO AVIACIÓN;124110
2025-09;Cataluña;Barcelona;OTROS QUEROSENOS;0
2025-09;Cataluña;Barcelona;GLP;4108
2025-09;Cataluña;Girona;BIODIESEL;452
2025-09;Cataluña;Girona;GASÓLEO A;100694
2025-09;Cataluña;Girona;GASÓLEO B;4997
2025-09;Cataluña;Girona;GASÓLEO C;2140
2025-09;Cataluña;Girona;OTROS GASOLEOS;536
2025-09;Cataluña;Girona;BIOETANOL;0
2025-09;Cataluña;Girona;GASOLINA  AUTO. S/PB 95 I.O.;17064
2025-09;Cataluña;Girona;GASOLINA  AUTO. S/PB 98 I.O.;1026
2025-09;Cataluña;Girona;OTRAS GASOLINAS;12
2025-09;Cataluña;Girona;FUELÓLEO  BIA;53
2025-09;Cataluña;Girona;OTROS FUELÓLEOS;0
2025-09;Cataluña;Girona;QUEROSENO AVIACIÓN;4189
2025-09;Cataluña;Girona;OTROS QUEROSENOS;0
2025-09;Cataluña;Girona;GLP;2112
2025-09;Cataluña;Lleida;BIODIESEL;136
2025-09;Cataluña;Lleida;GASÓLEO A;25537
2025-09;Cataluña;Lleida;GASÓLEO B;7177
2025-09;Cataluña;Lleida;GASÓLEO C;709
2025-09;Cataluña;Lleida;OTROS GASOLEOS;0
2025-09;Cataluña;Lleida;BIOETANOL;0
2025-09;Cataluña;Lleida;GASOLINA  AUTO. S/PB 95 I.O.;6912
2025-09;Cataluña;Lleida;GASOLINA  AUTO. S/PB 98 I.O.;335
2025-09;Cataluña;Lleida;OTRAS GASOLINAS;43
2025-09;Cataluña;Lleida;FUELÓLEO  BIA;25
2025-09;Cataluña;Lleida;OTROS FUELÓLEOS;0
2025-09;Cataluña;Lleida;QUEROSENO AVIACIÓN;33
2025-09;Cataluña;Lleida;OTROS QUEROSENOS;0
2025-09;Cataluña;Lleida;GLP;1202
2025-09;Cataluña;Tarragona;BIODIESEL;269
2025-09;Cataluña;Tarragona;GASÓLEO A;32636
2025-09;Cataluña;Tarragona;GASÓLEO B;4749
2025-09;Cataluña;Tarragona;GASÓLEO C;296
2025-09;Cataluña;Tarragona;OTROS GASOLEOS;2390
2025-09;Cataluña;Tarragona;BIOETANOL;0
2025-09;Cataluña;Tarragona;GASOLINA  AUTO. S/PB 95 I.O.;13209
2025-09;Cataluña;Tarragona;GASOLINA  AUTO. S/PB 98 I.O.;586
2025-09;Cataluña;Tarragona;OTRAS GASOLINAS;7
2025-09;Cataluña;Tarragona;FUELÓLEO  BIA;25
2025-09;Cataluña;Tarragona;OTROS FUELÓLEOS;0
2025-09;Cataluña;Tarragona;QUEROSENO AVIACIÓN;3300
2025-09;Cataluña;Tarragona;OTROS QUEROSENOS;0
2025-09;Cataluña;Tarragona;GLP;1392
2025-09;Ceuta;Ceuta;BIODIESEL;0
2025-09;Ceuta;Ceuta;GASÓLEO A;990
2025-09;Ceuta;Ceuta;GASÓLEO B;0
2025-09;Ceuta;Ceuta;GASÓLEO C;0
2025-09;Ceuta;Ceuta;OTROS GASOLEOS;10920
2025-09;Ceuta;Ceuta;BIOETANOL;0
2025-09;Ceuta;Ceuta;GASOLINA  AUTO. S/PB 95 I.O.;565
2025-09;Ceuta;Ceuta;GASOLINA  AUTO. S/PB 98 I.O.;99
2025-09;Ceuta;Ceuta;OTRAS GASOLINAS;0
2025-09;Ceuta;Ceuta;FUELÓLEO  BIA;2393
2025-09;Ceuta;Ceuta;OTROS FUELÓLEOS;6396
2025-09;Ceuta;Ceuta;QUEROSENO AVIACIÓN;54
2025-09;Ceuta;Ceuta;OTROS QUEROSENOS;0
2025-09;Ceuta;Ceuta;GLP;166
2025-09;Comunitat Valenciana;Alicante/Alacant;BIODIESEL;506
2025-09;Comunitat Valenciana;Alicante/Alacant;GASÓLEO A;53485
2025-09;Comunitat Valenciana;Alicante/Alacant;GASÓLEO B;4368
2025-09;Comunitat Valenciana;Alicante/Alacant;GASÓLEO C;1100
2025-09;Comunitat Valenciana;Alicante/Alacant;OTROS GASOLEOS;1829
2025-09;Comunitat Valenciana;Alicante/Alacant;BIOETANOL;0
2025-09;Comunitat Valenciana;Alicante/Alacant;GASOLINA  AUTO. S/PB 95 I.O.;27084
2025-09;Comunitat Valenciana;Alicante/Alacant;GASOLINA  AUTO. S/PB 98 I.O.;1250
2025-09;Comunitat Valenciana;Alicante/Alacant;OTRAS GASOLINAS;12
2025-09;Comunitat Valenciana;Alicante/Alacant;FUELÓLEO  BIA;136
2025-09;Comunitat Valenciana;Alicante/Alacant;OTROS FUELÓLEOS;0
2025-09;Comunitat Valenciana;Alicante/Alacant;QUEROSENO AVIACIÓN;31831
2025-09;Comunitat Valenciana;Alicante/Alacant;OTROS QUEROSENOS;0
2025-09;Comunitat Valenciana;Alicante/Alacant;GLP;4373
2025-09;Comunitat Valenciana;Castellón/Castelló;BIODIESEL;33
2025-09;Comunitat Valenciana;Castellón/Castelló;GASÓLEO A;22042
2025-09;Comunitat Valenciana;Castellón/Castelló;GASÓLEO B;1856
2025-09;Comunitat Valenciana;Castellón/Castelló;GASÓLEO C;279
2025-09;Comunitat Valenciana;Castellón/Castelló;OTROS GASOLEOS;16451
2025-09;Comunitat Valenciana;Castellón/Castelló;BIOETANOL;0
2025-09;Comunitat Valenciana;Castellón/Castelló;GASOLINA  AUTO. S/PB 95 I.O.;8296
2025-09;Comunitat Valenciana;Castellón/Castelló;GASOLINA  AUTO. S/PB 98 I.O.;329
2025-09;Comunitat Valenciana;Castellón/Castelló;OTRAS GASOLINAS;18
2025-09;Comunitat Valenciana;Castellón/Castelló;FUELÓLEO  BIA;0
2025-09;Comunitat Valenciana;Castellón/Castelló;OTROS FUELÓLEOS;0
2025-09;Comunitat Valenciana;Castellón/Castelló;QUEROSENO AVIACIÓN;527
2025-09;Comunitat Valenciana;Castellón/Castelló;OTROS QUEROSENOS;0
2025-09;Comunitat Valenciana;Castellón/Castelló;GLP;1144
2025-09;Comunitat Valenciana;Valencia/València;BIODIESEL;361
2025-09;Comunitat Valenciana;Valencia/València;GASÓLEO A;92411
2025-09;Comunitat Valenciana;Valencia/València;GASÓLEO B;11958
2025-09;Comunitat Valenciana;Valencia/València;GASÓLEO C;737
2025-09;Comunitat Valenciana;Valencia/València;OTROS GASOLEOS;9543
2025-09;Comunitat Valenciana;Valencia/València;BIOETANOL;0
2025-09;Comunitat Valenciana;Valencia/València;GASOLINA  AUTO. S/PB 95 I.O.;31659
2025-09;Comunitat Valenciana;Valencia/València;GASOLINA  AUTO. S/PB 98 I.O.;1216
2025-09;Comunitat Valenciana;Valencia/València;OTRAS GASOLINAS;4
2025-09;Comunitat Valenciana;Valencia/València;FUELÓLEO  BIA;153
2025-09;Comunitat Valenciana;Valencia/València;OTROS FUELÓLEOS;17725
2025-09;Comunitat Valenciana;Valencia/València;QUEROSENO AVIACIÓN;16456
2025-09;Comunitat Valenciana;Valencia/València;OTROS QUEROSENOS;1
2025-09;Comunitat Valenciana;Valencia/València;GLP;3432
2025-09;Extremadura;Badajoz;BIODIESEL;203
2025-09;Extremadura;Badajoz;GASÓLEO A;39163
2025-09;Extremadura;Badajoz;GASÓLEO B;8565
2025-09;Extremadura;Badajoz;GASÓLEO C;135
2025-09;Extremadura;Badajoz;OTROS GASOLEOS;0
2025-09;Extremadura;Badajoz;BIOETANOL;0
2025-09;Extremadura;Badajoz;GASOLINA  AUTO. S/PB 95 I.O.;6352
2025-09;Extremadura;Badajoz;GASOLINA  AUTO. S/PB 98 I.O.;208
2025-09;Extremadura;Badajoz;OTRAS GASOLINAS;2
2025-09;Extremadura;Badajoz;FUELÓLEO  BIA;77
2025-09;Extremadura;Badajoz;OTROS FUELÓLEOS;0
2025-09;Extremadura;Badajoz;QUEROSENO AVIACIÓN;106
2025-09;Extremadura;Badajoz;OTROS QUEROSENOS;0
2025-09;Extremadura;Badajoz;GLP;1709
2025-09;Extremadura;Cáceres;BIODIESEL;337
2025-09;Extremadura;Cáceres;GASÓLEO A;18377
2025-09;Extremadura;Cáceres;GASÓLEO B;3038
2025-09;Extremadura;Cáceres;GASÓLEO C;274
2025-09;Extremadura;Cáceres;OTROS GASOLEOS;0
2025-09;Extremadura;Cáceres;BIOETANOL;0
2025-09;Extremadura;Cáceres;GASOLINA  AUTO. S/PB 95 I.O.;4441
2025-09;Extremadura;Cáceres;GASOLINA  AUTO. S/PB 98 I.O.;143
2025-09;Extremadura;Cáceres;OTRAS GASOLINAS;0
2025-09;Extremadura;Cáceres;FUELÓLEO  BIA;152
2025-09;Extremadura;Cáceres;OTROS FUELÓLEOS;0
2025-09;Extremadura;Cáceres;QUEROSENO AVIACIÓN;16
2025-09;Extremadura;Cáceres;OTROS QUEROSENOS;0
2025-09;Extremadura;Cáceres;GLP;1434
2025-09;Galicia;Coruña, A;BIODIESEL;172
2025-09;Galicia;Coruña, A;GASÓLEO A;43734
2025-09;Galicia;Coruña, A;GASÓLEO B;9968
2025-09;Galicia;Coruña, A;GASÓLEO C;3450
2025-09;Galicia;Coruña, A;OTROS GASOLEOS;4315
2025-09;Galicia;Coruña, A;BIOETANOL;0
2025-09;Galicia;Coruña, A;GASOLINA  AUTO. S/PB 95 I.O.;11469
2025-09;Galicia;Coruña, A;GASOLINA  AUTO. S/PB 98 I.O.;496
2025-09;Galicia;Coruña, A;OTRAS GASOLINAS;11
2025-09;Galicia;Coruña, A;FUELÓLEO  BIA;4226
2025-09;Galicia;Coruña, A;OTROS FUELÓLEOS;505
2025-09;Galicia;Coruña, A;QUEROSENO AVIACIÓN;5800
2025-09;Galicia;Coruña, A;OTROS QUEROSENOS;0
2025-09;Galicia;Coruña, A;GLP;3093
2025-09;Galicia;Lugo;BIODIESEL;49
2025-09;Galicia;Lugo;GASÓLEO A;18675
2025-09;Galicia;Lugo;GASÓLEO B;6032
2025-09;Galicia;Lugo;GASÓLEO C;2040
2025-09;Galicia;Lugo;OTROS GASOLEOS;1497
2025-09;Galicia;Lugo;BIOETANOL;0
2025-09;Galicia;Lugo;GASOLINA  AUTO. S/PB 95 I.O.;3304
2025-09;Galicia;Lugo;GASOLINA  AUTO. S/PB 98 I.O.;158
2025-09;Galicia;Lugo;OTRAS GASOLINAS;0
2025-09;Galicia;Lugo;FUELÓLEO  BIA;0
2025-09;Galicia;Lugo;OTROS FUELÓLEOS;0
2025-09;Galicia;Lugo;QUEROSENO AVIACIÓN;44
2025-09;Galicia;Lugo;OTROS QUEROSENOS;0
2025-09;Galicia;Lugo;GLP;1194
2025-09;Galicia;Ourense;BIODIESEL;83
2025-09;Galicia;Ourense;GASÓLEO A;14129
2025-09;Galicia;Ourense;GASÓLEO B;2339
2025-09;Galicia;Ourense;GASÓLEO C;3701
2025-09;Galicia;Ourense;OTROS GASOLEOS;0
2025-09;Galicia;Ourense;BIOETANOL;0
2025-09;Galicia;Ourense;GASOLINA  AUTO. S/PB 95 I.O.;3104
2025-09;Galicia;Ourense;GASOLINA  AUTO. S/PB 98 I.O.;232
2025-09;Galicia;Ourense;OTRAS GASOLINAS;0
2025-09;Galicia;Ourense;FUELÓLEO  BIA;54
2025-09;Galicia;Ourense;OTROS FUELÓLEOS;0
2025-09;Galicia;Ourense;QUEROSENO AVIACIÓN;54
2025-09;Galicia;Ourense;OTROS QUEROSENOS;0
2025-09;Galicia;Ourense;GLP;1067
2025-09;Galicia;Pontevedra;BIODIESEL;110
2025-09;Galicia;Pontevedra;GASÓLEO A;38322
2025-09;Galicia;Pontevedra;GASÓLEO B;5657
2025-09;Galicia;Pontevedra;GASÓLEO C;3666
2025-09;Galicia;Pontevedra;OTROS GASOLEOS;6106
2025-09;Galicia;Pontevedra;BIOETANOL;0
2025-09;Galicia;Pontevedra;GASOLINA  AUTO. S/PB 95 I.O.;9950
2025-09;Galicia;Pontevedra;GASOLINA  AUTO. S/PB 98 I.O.;535
2025-09;Galicia;Pontevedra;OTRAS GASOLINAS;2
2025-09;Galicia;Pontevedra;FUELÓLEO  BIA;550
2025-09;Galicia;Pontevedra;OTROS FUELÓLEOS;1348
2025-09;Galicia;Pontevedra;QUEROSENO AVIACIÓN;1196
2025-09;Galicia;Pontevedra;OTROS QUEROSENOS;0
2025-09;Galicia;Pontevedra;GLP;2474
2025-09;Madrid, Comunidad de;Madrid;BIODIESEL;2821
2025-09;Madrid, Comunidad de;Madrid;GASÓLEO A;147429
2025-09;Madrid, Comunidad de;Madrid;GASÓLEO B;9344
2025-09;Madrid, Comunidad de;Madrid;GASÓLEO C;6314
2025-09;Madrid, Comunidad de;Madrid;OTROS GASOLEOS;0
2025-09;Madrid, Comunidad de;Madrid;BIOETANOL;0
2025-09;Madrid, Comunidad de;Madrid;GASOLINA  AUTO. S/PB 95 I.O.;76312
2025-09;Madrid, Comunidad de;Madrid;GASOLINA  AUTO. S/PB 98 I.O.;2622
2025-09;Madrid, Comunidad de;Madrid;OTRAS GASOLINAS;85
2025-09;Madrid, Comunidad de;Madrid;FUELÓLEO  BIA;384
2025-09;Madrid, Comunidad de;Madrid;OTROS FUELÓLEOS;0
2025-09;Madrid, Comunidad de;Madrid;QUEROSENO AVIACIÓN;248475
2025-09;Madrid, Comunidad de;Madrid;OTROS QUEROSENOS;0
2025-09;Madrid, Comunidad de;Madrid;GLP;6134
2025-09;Melilla;Melilla;BIODIESEL;0
2025-09;Melilla;Melilla;GASÓLEO A;1126
2025-09;Melilla;Melilla;GASÓLEO B;0
2025-09;Melilla;Melilla;GASÓLEO C;0
2025-09;Melilla;Melilla;OTROS GASOLEOS;0
2025-09;Melilla;Melilla;BIOETANOL;0
2025-09;Melilla;Melilla;GASOLINA  AUTO. S/PB 95 I.O.;585
2025-09;Melilla;Melilla;GASOLINA  AUTO. S/PB 98 I.O.;0
2025-09;Melilla;Melilla;OTRAS GASOLINAS;0
2025-09;Melilla;Melilla;FUELÓLEO  BIA;2600
2025-09;Melilla;Melilla;OTROS FUELÓLEOS;0
2025-09;Melilla;Melilla;QUEROSENO AVIACIÓN;174
2025-09;Melilla;Melilla;OTROS QUEROSENOS;0
2025-09;Melilla;Melilla;GLP;139
2025-09;Murcia, Región de;Murcia;BIODIESEL;1745
2025-09;Murcia, Región de;Murcia;GASÓLEO A;74755
2025-09;Murcia, Región de;Murcia;GASÓLEO B;11963
2025-09;Murcia, Región de;Murcia;GASÓLEO C;584
2025-09;Murcia, Región de;Murcia;OTROS GASOLEOS;1657
2025-09;Murcia, Región de;Murcia;BIOETANOL;0
2025-09;Murcia, Región de;Murcia;GASOLINA  AUTO. S/PB 95 I.O.;16051
2025-09;Murcia, Región de;Murcia;GASOLINA  AUTO. S/PB 98 I.O.;702
2025-09;Murcia, Región de;Murcia;OTRAS GASOLINAS;18
2025-09;Murcia, Región de;Murcia;FUELÓLEO  BIA;250
2025-09;Murcia, Región de;Murcia;OTROS FUELÓLEOS;0
2025-09;Murcia, Región de;Murcia;QUEROSENO AVIACIÓN;2331
2025-09;Murcia, Región de;Murcia;OTROS QUEROSENOS;0
2025-09;Murcia, Región de;Murcia;GLP;2874
2025-09;Navarra, Comunidad Foral de;Navarra;BIODIESEL;578
2025-09;Navarra, Comunidad Foral de;Navarra;GASÓLEO A;51218
2025-09;Navarra, Comunidad Foral de;Navarra;GASÓLEO B;7193
2025-09;Navarra, Comunidad Foral de;Navarra;GASÓLEO C;418
2025-09;Navarra, Comunidad Foral de;Navarra;OTROS GASOLEOS;0
2025-09;Navarra, Comunidad Foral de;Navarra;BIOETANOL;0
2025-09;Navarra, Comunidad Foral de;Navarra;GASOLINA  AUTO. S/PB 95 I.O.;7978
2025-09;Navarra, Comunidad Foral de;Navarra;GASOLINA  AUTO. S/PB 98 I.O.;300
2025-09;Navarra, Comunidad Foral de;Navarra;OTRAS GASOLINAS;3
2025-09;Navarra, Comunidad Foral de;Navarra;FUELÓLEO  BIA;186
2025-09;Navarra, Comunidad Foral de;Navarra;OTROS FUELÓLEOS;0
2025-09;Navarra, Comunidad Foral de;Navarra;QUEROSENO AVIACIÓN;138
2025-09;Navarra, Comunidad Foral de;Navarra;OTROS QUEROSENOS;0
2025-09;Navarra, Comunidad Foral de;Navarra;GLP;1138
2025-09;País Vasco;Araba/Álava;BIODIESEL;228
2025-09;País Vasco;Araba/Álava;GASÓLEO A;41449
2025-09;País Vasco;Araba/Álava;GASÓLEO B;2350
2025-09;País Vasco;Araba/Álava;GASÓLEO C;555
2025-09;País Vasco;Araba/Álava;OTROS GASOLEOS;0
2025-09;País Vasco;Araba/Álava;BIOETANOL;0
2025-09;País Vasco;Araba/Álava;GASOLINA  AUTO. S/PB 95 I.O.;2894
2025-09;País Vasco;Araba/Álava;GASOLINA  AUTO. S/PB 98 I.O.;192
2025-09;País Vasco;Araba/Álava;OTRAS GASOLINAS;1
2025-09;País Vasco;Araba/Álava;FUELÓLEO  BIA;25
2025-09;País Vasco;Araba/Álava;OTROS FUELÓLEOS;0
2025-09;País Vasco;Araba/Álava;QUEROSENO AVIACIÓN;1335
2025-09;País Vasco;Araba/Álava;OTROS QUEROSENOS;0
2025-09;País Vasco;Araba/Álava;GLP;301
2025-09;País Vasco;Bizkaia;BIODIESEL;687
2025-09;País Vasco;Bizkaia;GASÓLEO A;31031
2025-09;País Vasco;Bizkaia;GASÓLEO B;7305
2025-09;País Vasco;Bizkaia;GASÓLEO C;1622
2025-09;País Vasco;Bizkaia;OTROS GASOLEOS;1406
2025-09;País Vasco;Bizkaia;BIOETANOL;0
2025-09;País Vasco;Bizkaia;GASOLINA  AUTO. S/PB 95 I.O.;9135
2025-09;País Vasco;Bizkaia;GASOLINA  AUTO. S/PB 98 I.O.;465
2025-09;País Vasco;Bizkaia;OTRAS GASOLINAS;1
2025-09;País Vasco;Bizkaia;FUELÓLEO  BIA;159
2025-09;País Vasco;Bizkaia;OTROS FUELÓLEOS;0
2025-09;País Vasco;Bizkaia;QUEROSENO AVIACIÓN;8789
2025-09;País Vasco;Bizkaia;OTROS QUEROSENOS;5
2025-09;País Vasco;Bizkaia;GLP;989
2025-09;País Vasco;Gipuzkoa;BIODIESEL;433
2025-09;País Vasco;Gipuzkoa;GASÓLEO A;60807
2025-09;País Vasco;Gipuzkoa;GASÓLEO B;1578
2025-09;País Vasco;Gipuzkoa;GASÓLEO C;199
2025-09;País Vasco;Gipuzkoa;OTROS GASOLEOS;1250
2025-09;País Vasco;Gipuzkoa;BIOETANOL;0
2025-09;País Vasco;Gipuzkoa;GASOLINA  AUTO. S/PB 95 I.O.;7237
2025-09;País Vasco;Gipuzkoa;GASOLINA  AUTO. S/PB 98 I.O.;456
2025-09;País Vasco;Gipuzkoa;OTRAS GASOLINAS;1
2025-09;País Vasco;Gipuzkoa;FUELÓLEO  BIA;25
2025-09;País Vasco;Gipuzkoa;OTROS FUELÓLEOS;0
2025-09;País Vasco;Gipuzkoa;QUEROSENO AVIACIÓN;577
2025-09;País Vasco;Gipuzkoa;OTROS QUEROSENOS;0
2025-09;País Vasco;Gipuzkoa;GLP;868
2025-09;Rioja, La;Rioja, La;BIODIESEL;136
2025-09;Rioja, La;Rioja, La;GASÓLEO A;13401
2025-09;Rioja, La;Rioja, La;GASÓLEO B;3153
2025-09;Rioja, La;Rioja, La;GASÓLEO C;633
2025-09;Rioja, La;Rioja, La;OTROS GASOLEOS;0
2025-09;Rioja, La;Rioja, La;BIOETANOL;0
2025-09;Rioja, La;Rioja, La;GASOLINA  AUTO. S/PB 95 I.O.;3039
2025-09;Rioja, La;Rioja, La;GASOLINA  AUTO. S/PB 98 I.O.;117
2025-09;Rioja, La;Rioja, La;OTRAS GASOLINAS;13
2025-09;Rioja, La;Rioja, La;FUELÓLEO  BIA;44
2025-09;Rioja, La;Rioja, La;OTROS FUELÓLEOS;0
2025-09;Rioja, La;Rioja, La;QUEROSENO AVIACIÓN;58
2025-09;Rioja, La;Rioja, La;OTROS QUEROSENOS;0
2025-09;Rioja, La;Rioja, La;GLP;616
2025-10;Andalucía;Almería;BIODIESEL;258
2025-10;Andalucía;Almería;GASÓLEO A;35579
2025-10;Andalucía;Almería;GASÓLEO B;5806
2025-10;Andalucía;Almería;GASÓLEO C;124
2025-10;Andalucía;Almería;OTROS GASOLEOS;1317
2025-10;Andalucía;Almería;BIOETANOL;0
2025-10;Andalucía;Almería;GASOLINA  AUTO. S/PB 95 I.O.;7361
2025-10;Andalucía;Almería;GASOLINA  AUTO. S/PB 98 I.O.;360
2025-10;Andalucía;Almería;OTRAS GASOLINAS;2
2025-10;Andalucía;Almería;FUELÓLEO  BIA;187
2025-10;Andalucía;Almería;OTROS FUELÓLEOS;643
2025-10;Andalucía;Almería;QUEROSENO AVIACIÓN;958
2025-10;Andalucía;Almería;OTROS QUEROSENOS;0
2025-10;Andalucía;Almería;GLP;1936
2025-10;Andalucía;Cádiz;BIODIESEL;84
2025-10;Andalucía;Cádiz;GASÓLEO A;34826
2025-10;Andalucía;Cádiz;GASÓLEO B;7881
2025-10;Andalucía;Cádiz;GASÓLEO C;164
2025-10;Andalucía;Cádiz;OTROS GASOLEOS;28945
2025-10;Andalucía;Cádiz;BIOETANOL;0
2025-10;Andalucía;Cádiz;GASOLINA  AUTO. S/PB 95 I.O.;13332
2025-10;Andalucía;Cádiz;GASOLINA  AUTO. S/PB 98 I.O.;513
2025-10;Andalucía;Cádiz;OTRAS GASOLINAS;37
2025-10;Andalucía;Cádiz;FUELÓLEO  BIA;27979
2025-10;Andalucía;Cádiz;OTROS FUELÓLEOS;251891
2025-10;Andalucía;Cádiz;QUEROSENO AVIACIÓN;2089
2025-10;Andalucía;Cádiz;OTROS QUEROSENOS;0
2025-10;Andalucía;Cádiz;GLP;2733
2025-10;Andalucía;Córdoba;BIODIESEL;228
2025-10;Andalucía;Córdoba;GASÓLEO A;32223
2025-10;Andalucía;Córdoba;GASÓLEO B;9245
2025-10;Andalucía;Córdoba;GASÓLEO C;474
2025-10;Andalucía;Córdoba;OTROS GASOLEOS;0
2025-10;Andalucía;Córdoba;BIOETANOL;0
2025-10;Andalucía;Córdoba;GASOLINA  AUTO. S/PB 95 I.O.;6409
2025-10;Andalucía;Córdoba;GASOLINA  AUTO. S/PB 98 I.O.;186
2025-10;Andalucía;Córdoba;OTRAS GASOLINAS;6
2025-10;Andalucía;Córdoba;FUELÓLEO  BIA;60
2025-10;Andalucía;Córdoba;OTROS FUELÓLEOS;0
2025-10;Andalucía;Córdoba;QUEROSENO AVIACIÓN;89
2025-10;Andalucía;Córdoba;OTROS QUEROSENOS;0
2025-10;Andalucía;Córdoba;GLP;1540
2025-10;Andalucía;Granada;BIODIESEL;142
2025-10;Andalucía;Granada;GASÓLEO A;35243
2025-10;Andalucía;Granada;GASÓLEO B;6614
2025-10;Andalucía;Granada;GASÓLEO C;1885
2025-10;Andalucía;Granada;OTROS GASOLEOS;633
2025-10;Andalucía;Granada;BIOETANOL;0
2025-10;Andalucía;Granada;GASOLINA  AUTO. S/PB 95 I.O.;9895
2025-10;Andalucía;Granada;GASOLINA  AUTO. S/PB 98 I.O.;472
2025-10;Andalucía;Granada;OTRAS GASOLINAS;8
2025-10;Andalucía;Granada;FUELÓLEO  BIA;103
2025-10;Andalucía;Granada;OTROS FUELÓLEOS;772
2025-10;Andalucía;Granada;QUEROSENO AVIACIÓN;1289
2025-10;Andalucía;Granada;OTROS QUEROSENOS;0
2025-10;Andalucía;Granada;GLP;2514
2025-10;Andalucía;Huelva;BIODIESEL;272
2025-10;Andalucía;Huelva;GASÓLEO A;25465
2025-10;Andalucía;Huelva;GASÓLEO B;10138
2025-10;Andalucía;Huelva;GASÓLEO C;115
2025-10;Andalucía;Huelva;OTROS GASOLEOS;3639
2025-10;Andalucía;Huelva;BIOETANOL;0
2025-10;Andalucía;Huelva;GASOLINA  AUTO. S/PB 95 I.O.;5941
2025-10;Andalucía;Huelva;GASOLINA  AUTO. S/PB 98 I.O.;234
2025-10;Andalucía;Huelva;OTRAS GASOLINAS;0
2025-10;Andalucía;Huelva;FUELÓLEO  BIA;492
2025-10;Andalucía;Huelva;OTROS FUELÓLEOS;9613
2025-10;Andalucía;Huelva;QUEROSENO AVIACIÓN;0
2025-10;Andalucía;Huelva;OTROS QUEROSENOS;0
2025-10;Andalucía;Huelva;GLP;1722
2025-10;Andalucía;Jaén;BIODIESEL;276
2025-10;Andalucía;Jaén;GASÓLEO A;33442
2025-10;Andalucía;Jaén;GASÓLEO B;5687
2025-10;Andalucía;Jaén;GASÓLEO C;848
2025-10;Andalucía;Jaén;OTROS GASOLEOS;0
2025-10;Andalucía;Jaén;BIOETANOL;0
2025-10;Andalucía;Jaén;GASOLINA  AUTO. S/PB 95 I.O.;5897
2025-10;Andalucía;Jaén;GASOLINA  AUTO. S/PB 98 I.O.;196
2025-10;Andalucía;Jaén;OTRAS GASOLINAS;0
2025-10;Andalucía;Jaén;FUELÓLEO  BIA;99
2025-10;Andalucía;Jaén;OTROS FUELÓLEOS;0
2025-10;Andalucía;Jaén;QUEROSENO AVIACIÓN;0
2025-10;Andalucía;Jaén;OTROS QUEROSENOS;0
2025-10;Andalucía;Jaén;GLP;1558
2025-10;Andalucía;Málaga;BIODIESEL;198
2025-10;Andalucía;Málaga;GASÓLEO A;52188
2025-10;Andalucía;Málaga;GASÓLEO B;4780
2025-10;Andalucía;Málaga;GASÓLEO C;385
2025-10;Andalucía;Málaga;OTROS GASOLEOS;809
2025-10;Andalucía;Málaga;BIOETANOL;0
2025-10;Andalucía;Málaga;GASOLINA  AUTO. S/PB 95 I.O.;23119
2025-10;Andalucía;Málaga;GASOLINA  AUTO. S/PB 98 I.O.;1511
2025-10;Andalucía;Málaga;OTRAS GASOLINAS;12
2025-10;Andalucía;Málaga;FUELÓLEO  BIA;66
2025-10;Andalucía;Málaga;OTROS FUELÓLEOS;0
2025-10;Andalucía;Málaga;QUEROSENO AVIACIÓN;47576
2025-10;Andalucía;Málaga;OTROS QUEROSENOS;0
2025-10;Andalucía;Málaga;GLP;4057
2025-10;Andalucía;Sevilla;BIODIESEL;179
2025-10;Andalucía;Sevilla;GASÓLEO A;60664
2025-10;Andalucía;Sevilla;GASÓLEO B;10893
2025-10;Andalucía;Sevilla;GASÓLEO C;422
2025-10;Andalucía;Sevilla;OTROS GASOLEOS;539
2025-10;Andalucía;Sevilla;BIOETANOL;0
2025-10;Andalucía;Sevilla;GASOLINA  AUTO. S/PB 95 I.O.;19298
2025-10;Andalucía;Sevilla;GASOLINA  AUTO. S/PB 98 I.O.;525
2025-10;Andalucía;Sevilla;OTRAS GASOLINAS;12
2025-10;Andalucía;Sevilla;FUELÓLEO  BIA;367
2025-10;Andalucía;Sevilla;OTROS FUELÓLEOS;0
2025-10;Andalucía;Sevilla;QUEROSENO AVIACIÓN;14395
2025-10;Andalucía;Sevilla;OTROS QUEROSENOS;0
2025-10;Andalucía;Sevilla;GLP;4472
2025-10;Aragón;Huesca;BIODIESEL;225
2025-10;Aragón;Huesca;GASÓLEO A;15757
2025-10;Aragón;Huesca;GASÓLEO B;8548
2025-10;Aragón;Huesca;GASÓLEO C;1127
2025-10;Aragón;Huesca;OTROS GASOLEOS;0
2025-10;Aragón;Huesca;BIOETANOL;0
2025-10;Aragón;Huesca;GASOLINA  AUTO. S/PB 95 I.O.;3563
2025-10;Aragón;Huesca;GASOLINA  AUTO. S/PB 98 I.O.;168
2025-10;Aragón;Huesca;OTRAS GASOLINAS;0
2025-10;Aragón;Huesca;FUELÓLEO  BIA;107
2025-10;Aragón;Huesca;OTROS FUELÓLEOS;0
2025-10;Aragón;Huesca;QUEROSENO AVIACIÓN;32
2025-10;Aragón;Huesca;OTROS QUEROSENOS;0
2025-10;Aragón;Huesca;GLP;1594
2025-10;Aragón;Teruel;BIODIESEL;74
2025-10;Aragón;Teruel;GASÓLEO A;10428
2025-10;Aragón;Teruel;GASÓLEO B;5357
2025-10;Aragón;Teruel;GASÓLEO C;1470
2025-10;Aragón;Teruel;OTROS GASOLEOS;0
2025-10;Aragón;Teruel;BIOETANOL;0
2025-10;Aragón;Teruel;GASOLINA  AUTO. S/PB 95 I.O.;2034
2025-10;Aragón;Teruel;GASOLINA  AUTO. S/PB 98 I.O.;111
2025-10;Aragón;Teruel;OTRAS GASOLINAS;2
2025-10;Aragón;Teruel;FUELÓLEO  BIA;79
2025-10;Aragón;Teruel;OTROS FUELÓLEOS;0
2025-10;Aragón;Teruel;QUEROSENO AVIACIÓN;142
2025-10;Aragón;Teruel;OTROS QUEROSENOS;0
2025-10;Aragón;Teruel;GLP;609
2025-10;Aragón;Zaragoza;BIODIESEL;1568
2025-10;Aragón;Zaragoza;GASÓLEO A;45887
2025-10;Aragón;Zaragoza;GASÓLEO B;11773
2025-10;Aragón;Zaragoza;GASÓLEO C;3557
2025-10;Aragón;Zaragoza;OTROS GASOLEOS;59
2025-10;Aragón;Zaragoza;BIOETANOL;0
2025-10;Aragón;Zaragoza;GASOLINA  AUTO. S/PB 95 I.O.;10577
2025-10;Aragón;Zaragoza;GASOLINA  AUTO. S/PB 98 I.O.;380
2025-10;Aragón;Zaragoza;OTRAS GASOLINAS;2
2025-10;Aragón;Zaragoza;FUELÓLEO  BIA;0
2025-10;Aragón;Zaragoza;OTROS FUELÓLEOS;303
2025-10;Aragón;Zaragoza;QUEROSENO AVIACIÓN;11813
2025-10;Aragón;Zaragoza;OTROS QUEROSENOS;0
2025-10;Aragón;Zaragoza;GLP;1703
2025-10;Asturias, Principado de;Asturias;BIODIESEL;339
2025-10;Asturias, Principado de;Asturias;GASÓLEO A;35153
2025-10;Asturias, Principado de;Asturias;GASÓLEO B;6700
2025-10;Asturias, Principado de;Asturias;GASÓLEO C;2528
2025-10;Asturias, Principado de;Asturias;OTROS GASOLEOS;2768
2025-10;Asturias, Principado de;Asturias;BIOETANOL;0
2025-10;Asturias, Principado de;Asturias;GASOLINA  AUTO. S/PB 95 I.O.;9884
2025-10;Asturias, Principado de;Asturias;GASOLINA  AUTO. S/PB 98 I.O.;591
2025-10;Asturias, Principado de;Asturias;OTRAS GASOLINAS;3
2025-10;Asturias, Principado de;Asturias;FUELÓLEO  BIA;415
2025-10;Asturias, Principado de;Asturias;OTROS FUELÓLEOS;336
2025-10;Asturias, Principado de;Asturias;QUEROSENO AVIACIÓN;2213
2025-10;Asturias, Principado de;Asturias;OTROS QUEROSENOS;0
2025-10;Asturias, Principado de;Asturias;GLP;2055
2025-10;Balears, Illes;Balears, Illes;BIODIESEL;0
2025-10;Balears, Illes;Balears, Illes;GASÓLEO A;29509
2025-10;Balears, Illes;Balears, Illes;GASÓLEO B;3737
2025-10;Balears, Illes;Balears, Illes;GASÓLEO C;11067
2025-10;Balears, Illes;Balears, Illes;OTROS GASOLEOS;3454
2025-10;Balears, Illes;Balears, Illes;BIOETANOL;0
2025-10;Balears, Illes;Balears, Illes;GASOLINA  AUTO. S/PB 95 I.O.;23950
2025-10;Balears, Illes;Balears, Illes;GASOLINA  AUTO. S/PB 98 I.O.;1141
2025-10;Balears, Illes;Balears, Illes;OTRAS GASOLINAS;29
2025-10;Balears, Illes;Balears, Illes;FUELÓLEO  BIA;0
2025-10;Balears, Illes;Balears, Illes;OTROS FUELÓLEOS;0
2025-10;Balears, Illes;Balears, Illes;QUEROSENO AVIACIÓN;76043
2025-10;Balears, Illes;Balears, Illes;OTROS QUEROSENOS;0
2025-10;Balears, Illes;Balears, Illes;GLP;4377
2025-10;Canarias;Palmas, Las;BIODIESEL;409
2025-10;Canarias;Palmas, Las;GASÓLEO A;28984
2025-10;Canarias;Palmas, Las;GASÓLEO B;0
2025-10;Canarias;Palmas, Las;GASÓLEO C;0
2025-10;Canarias;Palmas, Las;OTROS GASOLEOS;83874
2025-10;Canarias;Palmas, Las;BIOETANOL;0
2025-10;Canarias;Palmas, Las;GASOLINA  AUTO. S/PB 95 I.O.;20556
2025-10;Canarias;Palmas, Las;GASOLINA  AUTO. S/PB 98 I.O.;3949
2025-10;Canarias;Palmas, Las;OTRAS GASOLINAS;5
2025-10;Canarias;Palmas, Las;FUELÓLEO  BIA;104322
2025-10;Canarias;Palmas, Las;OTROS FUELÓLEOS;78494
2025-10;Canarias;Palmas, Las;QUEROSENO AVIACIÓN;56319
2025-10;Canarias;Palmas, Las;OTROS QUEROSENOS;0
2025-10;Canarias;Palmas, Las;GLP;3179
2025-10;Canarias;Santa Cruz de Tenerife;BIODIESEL;172
2025-10;Canarias;Santa Cruz de Tenerife;GASÓLEO A;28119
2025-10;Canarias;Santa Cruz de Tenerife;GASÓLEO B;0
2025-10;Canarias;Santa Cruz de Tenerife;GASÓLEO C;0
2025-10;Canarias;Santa Cruz de Tenerife;OTROS GASOLEOS;59033
2025-10;Canarias;Santa Cruz de Tenerife;BIOETANOL;0
2025-10;Canarias;Santa Cruz de Tenerife;GASOLINA  AUTO. S/PB 95 I.O.;19655
2025-10;Canarias;Santa Cruz de Tenerife;GASOLINA  AUTO. S/PB 98 I.O.;5154
2025-10;Canarias;Santa Cruz de Tenerife;OTRAS GASOLINAS;0
2025-10;Canarias;Santa Cruz de Tenerife;FUELÓLEO  BIA;23202
2025-10;Canarias;Santa Cruz de Tenerife;OTROS FUELÓLEOS;23995
2025-10;Canarias;Santa Cruz de Tenerife;QUEROSENO AVIACIÓN;50628
2025-10;Canarias;Santa Cruz de Tenerife;OTROS QUEROSENOS;0
2025-10;Canarias;Santa Cruz de Tenerife;GLP;3600
2025-10;Cantabria;Cantabria;BIODIESEL;530
2025-10;Cantabria;Cantabria;GASÓLEO A;25694
2025-10;Cantabria;Cantabria;GASÓLEO B;4607
2025-10;Cantabria;Cantabria;GASÓLEO C;98
2025-10;Cantabria;Cantabria;OTROS GASOLEOS;724
2025-10;Cantabria;Cantabria;BIOETANOL;0
2025-10;Cantabria;Cantabria;GASOLINA  AUTO. S/PB 95 I.O.;7667
2025-10;Cantabria;Cantabria;GASOLINA  AUTO. S/PB 98 I.O.;334
2025-10;Cantabria;Cantabria;OTRAS GASOLINAS;1
2025-10;Cantabria;Cantabria;FUELÓLEO  BIA;518
2025-10;Cantabria;Cantabria;OTROS FUELÓLEOS;0
2025-10;Cantabria;Cantabria;QUEROSENO AVIACIÓN;1219
2025-10;Cantabria;Cantabria;OTROS QUEROSENOS;0
2025-10;Cantabria;Cantabria;GLP;1026
2025-10;Castilla - La Mancha;Albacete;BIODIESEL;236
2025-10;Castilla - La Mancha;Albacete;GASÓLEO A;19244
2025-10;Castilla - La Mancha;Albacete;GASÓLEO B;6377
2025-10;Castilla - La Mancha;Albacete;GASÓLEO C;1518
2025-10;Castilla - La Mancha;Albacete;OTROS GASOLEOS;0
2025-10;Castilla - La Mancha;Albacete;BIOETANOL;0
2025-10;Castilla - La Mancha;Albacete;GASOLINA  AUTO. S/PB 95 I.O.;3833
2025-10;Castilla - La Mancha;Albacete;GASOLINA  AUTO. S/PB 98 I.O.;153
2025-10;Castilla - La Mancha;Albacete;OTRAS GASOLINAS;0
2025-10;Castilla - La Mancha;Albacete;FUELÓLEO  BIA;0
2025-10;Castilla - La Mancha;Albacete;OTROS FUELÓLEOS;0
2025-10;Castilla - La Mancha;Albacete;QUEROSENO AVIACIÓN;55
2025-10;Castilla - La Mancha;Albacete;OTROS QUEROSENOS;0
2025-10;Castilla - La Mancha;Albacete;GLP;869
2025-10;Castilla - La Mancha;Ciudad Real;BIODIESEL;518
2025-10;Castilla - La Mancha;Ciudad Real;GASÓLEO A;26576
2025-10;Castilla - La Mancha;Ciudad Real;GASÓLEO B;8570
2025-10;Castilla - La Mancha;Ciudad Real;GASÓLEO C;2209
2025-10;Castilla - La Mancha;Ciudad Real;OTROS GASOLEOS;0
2025-10;Castilla - La Mancha;Ciudad Real;BIOETANOL;0
2025-10;Castilla - La Mancha;Ciudad Real;GASOLINA  AUTO. S/PB 95 I.O.;4818
2025-10;Castilla - La Mancha;Ciudad Real;GASOLINA  AUTO. S/PB 98 I.O.;173
2025-10;Castilla - La Mancha;Ciudad Real;OTRAS GASOLINAS;0
2025-10;Castilla - La Mancha;Ciudad Real;FUELÓLEO  BIA;143
2025-10;Castilla - La Mancha;Ciudad Real;OTROS FUELÓLEOS;0
2025-10;Castilla - La Mancha;Ciudad Real;QUEROSENO AVIACIÓN;26
2025-10;Castilla - La Mancha;Ciudad Real;OTROS QUEROSENOS;0
2025-10;Castilla - La Mancha;Ciudad Real;GLP;1084
2025-10;Castilla - La Mancha;Cuenca;BIODIESEL;136
2025-10;Castilla - La Mancha;Cuenca;GASÓLEO A;16178
2025-10;Castilla - La Mancha;Cuenca;GASÓLEO B;8216
2025-10;Castilla - La Mancha;Cuenca;GASÓLEO C;895
2025-10;Castilla - La Mancha;Cuenca;OTROS GASOLEOS;0
2025-10;Castilla - La Mancha;Cuenca;BIOETANOL;0
2025-10;Castilla - La Mancha;Cuenca;GASOLINA  AUTO. S/PB 95 I.O.;2899
2025-10;Castilla - La Mancha;Cuenca;GASOLINA  AUTO. S/PB 98 I.O.;118
2025-10;Castilla - La Mancha;Cuenca;OTRAS GASOLINAS;0
2025-10;Castilla - La Mancha;Cuenca;FUELÓLEO  BIA;0
2025-10;Castilla - La Mancha;Cuenca;OTROS FUELÓLEOS;0
2025-10;Castilla - La Mancha;Cuenca;QUEROSENO AVIACIÓN;0
2025-10;Castilla - La Mancha;Cuenca;OTROS QUEROSENOS;0
2025-10;Castilla - La Mancha;Cuenca;GLP;775
2025-10;Castilla - La Mancha;Guadalajara;BIODIESEL;334
2025-10;Castilla - La Mancha;Guadalajara;GASÓLEO A;12959
2025-10;Castilla - La Mancha;Guadalajara;GASÓLEO B;3800
2025-10;Castilla - La Mancha;Guadalajara;GASÓLEO C;1086
2025-10;Castilla - La Mancha;Guadalajara;OTROS GASOLEOS;0
2025-10;Castilla - La Mancha;Guadalajara;BIOETANOL;0
2025-10;Castilla - La Mancha;Guadalajara;GASOLINA  AUTO. S/PB 95 I.O.;4144
2025-10;Castilla - La Mancha;Guadalajara;GASOLINA  AUTO. S/PB 98 I.O.;145
2025-10;Castilla - La Mancha;Guadalajara;OTRAS GASOLINAS;0
2025-10;Castilla - La Mancha;Guadalajara;FUELÓLEO  BIA;53
2025-10;Castilla - La Mancha;Guadalajara;OTROS FUELÓLEOS;0
2025-10;Castilla - La Mancha;Guadalajara;QUEROSENO AVIACIÓN;0
2025-10;Castilla - La Mancha;Guadalajara;OTROS QUEROSENOS;0
2025-10;Castilla - La Mancha;Guadalajara;GLP;469
2025-10;Castilla - La Mancha;Toledo;BIODIESEL;689
2025-10;Castilla - La Mancha;Toledo;GASÓLEO A;38684
2025-10;Castilla - La Mancha;Toledo;GASÓLEO B;12354
2025-10;Castilla - La Mancha;Toledo;GASÓLEO C;3287
2025-10;Castilla - La Mancha;Toledo;OTROS GASOLEOS;0
2025-10;Castilla - La Mancha;Toledo;BIOETANOL;0
2025-10;Castilla - La Mancha;Toledo;GASOLINA  AUTO. S/PB 95 I.O.;9342
2025-10;Castilla - La Mancha;Toledo;GASOLINA  AUTO. S/PB 98 I.O.;350
2025-10;Castilla - La Mancha;Toledo;OTRAS GASOLINAS;0
2025-10;Castilla - La Mancha;Toledo;FUELÓLEO  BIA;102
2025-10;Castilla - La Mancha;Toledo;OTROS FUELÓLEOS;0
2025-10;Castilla - La Mancha;Toledo;QUEROSENO AVIACIÓN;14
2025-10;Castilla - La Mancha;Toledo;OTROS QUEROSENOS;0
2025-10;Castilla - La Mancha;Toledo;GLP;1622
2025-10;Castilla y León;Ávila;BIODIESEL;105
2025-10;Castilla y León;Ávila;GASÓLEO A;7733
2025-10;Castilla y León;Ávila;GASÓLEO B;3092
2025-10;Castilla y León;Ávila;GASÓLEO C;768
2025-10;Castilla y León;Ávila;OTROS GASOLEOS;0
2025-10;Castilla y León;Ávila;BIOETANOL;0
2025-10;Castilla y León;Ávila;GASOLINA  AUTO. S/PB 95 I.O.;2087
2025-10;Castilla y León;Ávila;GASOLINA  AUTO. S/PB 98 I.O.;76
2025-10;Castilla y León;Ávila;OTRAS GASOLINAS;0
2025-10;Castilla y León;Ávila;FUELÓLEO  BIA;0
2025-10;Castilla y León;Ávila;OTROS FUELÓLEOS;0
2025-10;Castilla y León;Ávila;QUEROSENO AVIACIÓN;4
2025-10;Castilla y León;Ávila;OTROS QUEROSENOS;0
2025-10;Castilla y León;Ávila;GLP;685
2025-10;Castilla y León;Burgos;BIODIESEL;342
2025-10;Castilla y León;Burgos;GASÓLEO A;26744
2025-10;Castilla y León;Burgos;GASÓLEO B;7811
2025-10;Castilla y León;Burgos;GASÓLEO C;834
2025-10;Castilla y León;Burgos;OTROS GASOLEOS;0
2025-10;Castilla y León;Burgos;BIOETANOL;0
2025-10;Castilla y León;Burgos;GASOLINA  AUTO. S/PB 95 I.O.;5566
2025-10;Castilla y León;Burgos;GASOLINA  AUTO. S/PB 98 I.O.;247
2025-10;Castilla y León;Burgos;OTRAS GASOLINAS;23
2025-10;Castilla y León;Burgos;FUELÓLEO  BIA;76
2025-10;Castilla y León;Burgos;OTROS FUELÓLEOS;0
2025-10;Castilla y León;Burgos;QUEROSENO AVIACIÓN;14
2025-10;Castilla y León;Burgos;OTROS QUEROSENOS;0
2025-10;Castilla y León;Burgos;GLP;694
2025-10;Castilla y León;León;BIODIESEL;122
2025-10;Castilla y León;León;GASÓLEO A;24642
2025-10;Castilla y León;León;GASÓLEO B;9462
2025-10;Castilla y León;León;GASÓLEO C;3635
2025-10;Castilla y León;León;OTROS GASOLEOS;0
2025-10;Castilla y León;León;BIOETANOL;0
2025-10;Castilla y León;León;GASOLINA  AUTO. S/PB 95 I.O.;5507
2025-10;Castilla y León;León;GASOLINA  AUTO. S/PB 98 I.O.;304
2025-10;Castilla y León;León;OTRAS GASOLINAS;1
2025-10;Castilla y León;León;FUELÓLEO  BIA;367
2025-10;Castilla y León;León;OTROS FUELÓLEOS;0
2025-10;Castilla y León;León;QUEROSENO AVIACIÓN;83
2025-10;Castilla y León;León;OTROS QUEROSENOS;0
2025-10;Castilla y León;León;GLP;2064
2025-10;Castilla y León;Palencia;BIODIESEL;78
2025-10;Castilla y León;Palencia;GASÓLEO A;10082
2025-10;Castilla y León;Palencia;GASÓLEO B;6362
2025-10;Castilla y León;Palencia;GASÓLEO C;484
2025-10;Castilla y León;Palencia;OTROS GASOLEOS;0
2025-10;Castilla y León;Palencia;BIOETANOL;0
2025-10;Castilla y León;Palencia;GASOLINA  AUTO. S/PB 95 I.O.;1926
2025-10;Castilla y León;Palencia;GASOLINA  AUTO. S/PB 98 I.O.;106
2025-10;Castilla y León;Palencia;OTRAS GASOLINAS;0
2025-10;Castilla y León;Palencia;FUELÓLEO  BIA;50
2025-10;Castilla y León;Palencia;OTROS FUELÓLEOS;0
2025-10;Castilla y León;Palencia;QUEROSENO AVIACIÓN;0
2025-10;Castilla y León;Palencia;OTROS QUEROSENOS;0
2025-10;Castilla y León;Palencia;GLP;419
2025-10;Castilla y León;Salamanca;BIODIESEL;97
2025-10;Castilla y León;Salamanca;GASÓLEO A;23054
2025-10;Castilla y León;Salamanca;GASÓLEO B;5377
2025-10;Castilla y León;Salamanca;GASÓLEO C;1898
2025-10;Castilla y León;Salamanca;OTROS GASOLEOS;0
2025-10;Castilla y León;Salamanca;BIOETANOL;0
2025-10;Castilla y León;Salamanca;GASOLINA  AUTO. S/PB 95 I.O.;3594
2025-10;Castilla y León;Salamanca;GASOLINA  AUTO. S/PB 98 I.O.;187
2025-10;Castilla y León;Salamanca;OTRAS GASOLINAS;14
2025-10;Castilla y León;Salamanca;FUELÓLEO  BIA;0
2025-10;Castilla y León;Salamanca;OTROS FUELÓLEOS;0
2025-10;Castilla y León;Salamanca;QUEROSENO AVIACIÓN;45
2025-10;Castilla y León;Salamanca;OTROS QUEROSENOS;0
2025-10;Castilla y León;Salamanca;GLP;843
2025-10;Castilla y León;Segovia;BIODIESEL;127
2025-10;Castilla y León;Segovia;GASÓLEO A;10034
2025-10;Castilla y León;Segovia;GASÓLEO B;4259
2025-10;Castilla y León;Segovia;GASÓLEO C;1313
2025-10;Castilla y León;Segovia;OTROS GASOLEOS;0
2025-10;Castilla y León;Segovia;BIOETANOL;0
2025-10;Castilla y León;Segovia;GASOLINA  AUTO. S/PB 95 I.O.;2651
2025-10;Castilla y León;Segovia;GASOLINA  AUTO. S/PB 98 I.O.;139
2025-10;Castilla y León;Segovia;OTRAS GASOLINAS;1
2025-10;Castilla y León;Segovia;FUELÓLEO  BIA;0
2025-10;Castilla y León;Segovia;OTROS FUELÓLEOS;0
2025-10;Castilla y León;Segovia;QUEROSENO AVIACIÓN;0
2025-10;Castilla y León;Segovia;OTROS QUEROSENOS;0
2025-10;Castilla y León;Segovia;GLP;731
2025-10;Castilla y León;Soria;BIODIESEL;50
2025-10;Castilla y León;Soria;GASÓLEO A;6585
2025-10;Castilla y León;Soria;GASÓLEO B;3173
2025-10;Castilla y León;Soria;GASÓLEO C;423
2025-10;Castilla y León;Soria;OTROS GASOLEOS;0
2025-10;Castilla y León;Soria;BIOETANOL;0
2025-10;Castilla y León;Soria;GASOLINA  AUTO. S/PB 95 I.O.;1345
2025-10;Castilla y León;Soria;GASOLINA  AUTO. S/PB 98 I.O.;59
2025-10;Castilla y León;Soria;OTRAS GASOLINAS;9
2025-10;Castilla y León;Soria;FUELÓLEO  BIA;0
2025-10;Castilla y León;Soria;OTROS FUELÓLEOS;0
2025-10;Castilla y León;Soria;QUEROSENO AVIACIÓN;0
2025-10;Castilla y León;Soria;OTROS QUEROSENOS;0
2025-10;Castilla y León;Soria;GLP;201
2025-10;Castilla y León;Valladolid;BIODIESEL;233
2025-10;Castilla y León;Valladolid;GASÓLEO A;22170
2025-10;Castilla y León;Valladolid;GASÓLEO B;5960
2025-10;Castilla y León;Valladolid;GASÓLEO C;1376
2025-10;Castilla y León;Valladolid;OTROS GASOLEOS;0
2025-10;Castilla y León;Valladolid;BIOETANOL;0
2025-10;Castilla y León;Valladolid;GASOLINA  AUTO. S/PB 95 I.O.;5986
2025-10;Castilla y León;Valladolid;GASOLINA  AUTO. S/PB 98 I.O.;281
2025-10;Castilla y León;Valladolid;OTRAS GASOLINAS;11
2025-10;Castilla y León;Valladolid;FUELÓLEO  BIA;257
2025-10;Castilla y León;Valladolid;OTROS FUELÓLEOS;0
2025-10;Castilla y León;Valladolid;QUEROSENO AVIACIÓN;193
2025-10;Castilla y León;Valladolid;OTROS QUEROSENOS;0
2025-10;Castilla y León;Valladolid;GLP;823
2025-10;Castilla y León;Zamora;BIODIESEL;45
2025-10;Castilla y León;Zamora;GASÓLEO A;18265
2025-10;Castilla y León;Zamora;GASÓLEO B;5681
2025-10;Castilla y León;Zamora;GASÓLEO C;525
2025-10;Castilla y León;Zamora;OTROS GASOLEOS;0
2025-10;Castilla y León;Zamora;BIOETANOL;0
2025-10;Castilla y León;Zamora;GASOLINA  AUTO. S/PB 95 I.O.;2222
2025-10;Castilla y León;Zamora;GASOLINA  AUTO. S/PB 98 I.O.;125
2025-10;Castilla y León;Zamora;OTRAS GASOLINAS;0
2025-10;Castilla y León;Zamora;FUELÓLEO  BIA;0
2025-10;Castilla y León;Zamora;OTROS FUELÓLEOS;0
2025-10;Castilla y León;Zamora;QUEROSENO AVIACIÓN;10
2025-10;Castilla y León;Zamora;OTROS QUEROSENOS;0
2025-10;Castilla y León;Zamora;GLP;543
2025-10;Cataluña;Barcelona;BIODIESEL;2467
2025-10;Cataluña;Barcelona;GASÓLEO A;139180
2025-10;Cataluña;Barcelona;GASÓLEO B;21439
2025-10;Cataluña;Barcelona;GASÓLEO C;3817
2025-10;Cataluña;Barcelona;OTROS GASOLEOS;38562
2025-10;Cataluña;Barcelona;BIOETANOL;0
2025-10;Cataluña;Barcelona;GASOLINA  AUTO. S/PB 95 I.O.;66024
2025-10;Cataluña;Barcelona;GASOLINA  AUTO. S/PB 98 I.O.;2961
2025-10;Cataluña;Barcelona;OTRAS GASOLINAS;73
2025-10;Cataluña;Barcelona;FUELÓLEO  BIA;15343
2025-10;Cataluña;Barcelona;OTROS FUELÓLEOS;65690
2025-10;Cataluña;Barcelona;QUEROSENO AVIACIÓN;125900
2025-10;Cataluña;Barcelona;OTROS QUEROSENOS;8
2025-10;Cataluña;Barcelona;GLP;4867
2025-10;Cataluña;Girona;BIODIESEL;494
2025-10;Cataluña;Girona;GASÓLEO A;108989
2025-10;Cataluña;Girona;GASÓLEO B;5692
2025-10;Cataluña;Girona;GASÓLEO C;3361
2025-10;Cataluña;Girona;OTROS GASOLEOS;442
2025-10;Cataluña;Girona;BIOETANOL;0
2025-10;Cataluña;Girona;GASOLINA  AUTO. S/PB 95 I.O.;15550
2025-10;Cataluña;Girona;GASOLINA  AUTO. S/PB 98 I.O.;933
2025-10;Cataluña;Girona;OTRAS GASOLINAS;4
2025-10;Cataluña;Girona;FUELÓLEO  BIA;105
2025-10;Cataluña;Girona;OTROS FUELÓLEOS;0
2025-10;Cataluña;Girona;QUEROSENO AVIACIÓN;3458
2025-10;Cataluña;Girona;OTROS QUEROSENOS;0
2025-10;Cataluña;Girona;GLP;2465
2025-10;Cataluña;Lleida;BIODIESEL;195
2025-10;Cataluña;Lleida;GASÓLEO A;27507
2025-10;Cataluña;Lleida;GASÓLEO B;9291
2025-10;Cataluña;Lleida;GASÓLEO C;999
2025-10;Cataluña;Lleida;OTROS GASOLEOS;0
2025-10;Cataluña;Lleida;BIOETANOL;0
2025-10;Cataluña;Lleida;GASOLINA  AUTO. S/PB 95 I.O.;6914
2025-10;Cataluña;Lleida;GASOLINA  AUTO. S/PB 98 I.O.;309
2025-10;Cataluña;Lleida;OTRAS GASOLINAS;28
2025-10;Cataluña;Lleida;FUELÓLEO  BIA;50
2025-10;Cataluña;Lleida;OTROS FUELÓLEOS;0
2025-10;Cataluña;Lleida;QUEROSENO AVIACIÓN;104
2025-10;Cataluña;Lleida;OTROS QUEROSENOS;2
2025-10;Cataluña;Lleida;GLP;1732
2025-10;Cataluña;Tarragona;BIODIESEL;314
2025-10;Cataluña;Tarragona;GASÓLEO A;35102
2025-10;Cataluña;Tarragona;GASÓLEO B;5450
2025-10;Cataluña;Tarragona;GASÓLEO C;395
2025-10;Cataluña;Tarragona;OTROS GASOLEOS;2389
2025-10;Cataluña;Tarragona;BIOETANOL;0
2025-10;Cataluña;Tarragona;GASOLINA  AUTO. S/PB 95 I.O.;13199
2025-10;Cataluña;Tarragona;GASOLINA  AUTO. S/PB 98 I.O.;539
2025-10;Cataluña;Tarragona;OTRAS GASOLINAS;10
2025-10;Cataluña;Tarragona;FUELÓLEO  BIA;25
2025-10;Cataluña;Tarragona;OTROS FUELÓLEOS;0
2025-10;Cataluña;Tarragona;QUEROSENO AVIACIÓN;2661
2025-10;Cataluña;Tarragona;OTROS QUEROSENOS;0
2025-10;Cataluña;Tarragona;GLP;5067
2025-10;Ceuta;Ceuta;BIODIESEL;0
2025-10;Ceuta;Ceuta;GASÓLEO A;922
2025-10;Ceuta;Ceuta;GASÓLEO B;0
2025-10;Ceuta;Ceuta;GASÓLEO C;54
2025-10;Ceuta;Ceuta;OTROS GASOLEOS;695
2025-10;Ceuta;Ceuta;BIOETANOL;0
2025-10;Ceuta;Ceuta;GASOLINA  AUTO. S/PB 95 I.O.;547
2025-10;Ceuta;Ceuta;GASOLINA  AUTO. S/PB 98 I.O.;58
2025-10;Ceuta;Ceuta;OTRAS GASOLINAS;0
2025-10;Ceuta;Ceuta;FUELÓLEO  BIA;4991
2025-10;Ceuta;Ceuta;OTROS FUELÓLEOS;41233
2025-10;Ceuta;Ceuta;QUEROSENO AVIACIÓN;27
2025-10;Ceuta;Ceuta;OTROS QUEROSENOS;0
2025-10;Ceuta;Ceuta;GLP;177
2025-10;Comunitat Valenciana;Alicante/Alacant;BIODIESEL;503
2025-10;Comunitat Valenciana;Alicante/Alacant;GASÓLEO A;54794
2025-10;Comunitat Valenciana;Alicante/Alacant;GASÓLEO B;4816
2025-10;Comunitat Valenciana;Alicante/Alacant;GASÓLEO C;1578
2025-10;Comunitat Valenciana;Alicante/Alacant;OTROS GASOLEOS;1732
2025-10;Comunitat Valenciana;Alicante/Alacant;BIOETANOL;0
2025-10;Comunitat Valenciana;Alicante/Alacant;GASOLINA  AUTO. S/PB 95 I.O.;26681
2025-10;Comunitat Valenciana;Alicante/Alacant;GASOLINA  AUTO. S/PB 98 I.O.;1224
2025-10;Comunitat Valenciana;Alicante/Alacant;OTRAS GASOLINAS;12
2025-10;Comunitat Valenciana;Alicante/Alacant;FUELÓLEO  BIA;122
2025-10;Comunitat Valenciana;Alicante/Alacant;OTROS FUELÓLEOS;0
2025-10;Comunitat Valenciana;Alicante/Alacant;QUEROSENO AVIACIÓN;33148
2025-10;Comunitat Valenciana;Alicante/Alacant;OTROS QUEROSENOS;0
2025-10;Comunitat Valenciana;Alicante/Alacant;GLP;5285
2025-10;Comunitat Valenciana;Castellón/Castelló;BIODIESEL;14
2025-10;Comunitat Valenciana;Castellón/Castelló;GASÓLEO A;22914
2025-10;Comunitat Valenciana;Castellón/Castelló;GASÓLEO B;2051
2025-10;Comunitat Valenciana;Castellón/Castelló;GASÓLEO C;501
2025-10;Comunitat Valenciana;Castellón/Castelló;OTROS GASOLEOS;20620
2025-10;Comunitat Valenciana;Castellón/Castelló;BIOETANOL;0
2025-10;Comunitat Valenciana;Castellón/Castelló;GASOLINA  AUTO. S/PB 95 I.O.;7827
2025-10;Comunitat Valenciana;Castellón/Castelló;GASOLINA  AUTO. S/PB 98 I.O.;335
2025-10;Comunitat Valenciana;Castellón/Castelló;OTRAS GASOLINAS;11
2025-10;Comunitat Valenciana;Castellón/Castelló;FUELÓLEO  BIA;0
2025-10;Comunitat Valenciana;Castellón/Castelló;OTROS FUELÓLEOS;0
2025-10;Comunitat Valenciana;Castellón/Castelló;QUEROSENO AVIACIÓN;594
2025-10;Comunitat Valenciana;Castellón/Castelló;OTROS QUEROSENOS;0
2025-10;Comunitat Valenciana;Castellón/Castelló;GLP;1446
2025-10;Comunitat Valenciana;Valencia/València;BIODIESEL;438
2025-10;Comunitat Valenciana;Valencia/València;GASÓLEO A;96663
2025-10;Comunitat Valenciana;Valencia/València;GASÓLEO B;11986
2025-10;Comunitat Valenciana;Valencia/València;GASÓLEO C;1253
2025-10;Comunitat Valenciana;Valencia/València;OTROS GASOLEOS;8550
2025-10;Comunitat Valenciana;Valencia/València;BIOETANOL;0
2025-10;Comunitat Valenciana;Valencia/València;GASOLINA  AUTO. S/PB 95 I.O.;31152
2025-10;Comunitat Valenciana;Valencia/València;GASOLINA  AUTO. S/PB 98 I.O.;1218
2025-10;Comunitat Valenciana;Valencia/València;OTRAS GASOLINAS;8
2025-10;Comunitat Valenciana;Valencia/València;FUELÓLEO  BIA;135
2025-10;Comunitat Valenciana;Valencia/València;OTROS FUELÓLEOS;20409
2025-10;Comunitat Valenciana;Valencia/València;QUEROSENO AVIACIÓN;16164
2025-10;Comunitat Valenciana;Valencia/València;OTROS QUEROSENOS;1
2025-10;Comunitat Valenciana;Valencia/València;GLP;4099
2025-10;Extremadura;Badajoz;BIODIESEL;186
2025-10;Extremadura;Badajoz;GASÓLEO A;42435
2025-10;Extremadura;Badajoz;GASÓLEO B;10186
2025-10;Extremadura;Badajoz;GASÓLEO C;406
2025-10;Extremadura;Badajoz;OTROS GASOLEOS;0
2025-10;Extremadura;Badajoz;BIOETANOL;0
2025-10;Extremadura;Badajoz;GASOLINA  AUTO. S/PB 95 I.O.;6266
2025-10;Extremadura;Badajoz;GASOLINA  AUTO. S/PB 98 I.O.;179
2025-10;Extremadura;Badajoz;OTRAS GASOLINAS;2
2025-10;Extremadura;Badajoz;FUELÓLEO  BIA;97
2025-10;Extremadura;Badajoz;OTROS FUELÓLEOS;0
2025-10;Extremadura;Badajoz;QUEROSENO AVIACIÓN;89
2025-10;Extremadura;Badajoz;OTROS QUEROSENOS;0
2025-10;Extremadura;Badajoz;GLP;2188
2025-10;Extremadura;Cáceres;BIODIESEL;185
2025-10;Extremadura;Cáceres;GASÓLEO A;19473
2025-10;Extremadura;Cáceres;GASÓLEO B;3656
2025-10;Extremadura;Cáceres;GASÓLEO C;579
2025-10;Extremadura;Cáceres;OTROS GASOLEOS;0
2025-10;Extremadura;Cáceres;BIOETANOL;0
2025-10;Extremadura;Cáceres;GASOLINA  AUTO. S/PB 95 I.O.;4352
2025-10;Extremadura;Cáceres;GASOLINA  AUTO. S/PB 98 I.O.;145
2025-10;Extremadura;Cáceres;OTRAS GASOLINAS;0
2025-10;Extremadura;Cáceres;FUELÓLEO  BIA;207
2025-10;Extremadura;Cáceres;OTROS FUELÓLEOS;0
2025-10;Extremadura;Cáceres;QUEROSENO AVIACIÓN;0
2025-10;Extremadura;Cáceres;OTROS QUEROSENOS;0
2025-10;Extremadura;Cáceres;GLP;1810
2025-10;Galicia;Coruña, A;BIODIESEL;255
2025-10;Galicia;Coruña, A;GASÓLEO A;45336
2025-10;Galicia;Coruña, A;GASÓLEO B;9412
2025-10;Galicia;Coruña, A;GASÓLEO C;4821
2025-10;Galicia;Coruña, A;OTROS GASOLEOS;3838
2025-10;Galicia;Coruña, A;BIOETANOL;0
2025-10;Galicia;Coruña, A;GASOLINA  AUTO. S/PB 95 I.O.;11725
2025-10;Galicia;Coruña, A;GASOLINA  AUTO. S/PB 98 I.O.;526
2025-10;Galicia;Coruña, A;OTRAS GASOLINAS;7
2025-10;Galicia;Coruña, A;FUELÓLEO  BIA;3520
2025-10;Galicia;Coruña, A;OTROS FUELÓLEOS;361
2025-10;Galicia;Coruña, A;QUEROSENO AVIACIÓN;5467
2025-10;Galicia;Coruña, A;OTROS QUEROSENOS;0
2025-10;Galicia;Coruña, A;GLP;3234
2025-10;Galicia;Lugo;BIODIESEL;104
2025-10;Galicia;Lugo;GASÓLEO A;18951
2025-10;Galicia;Lugo;GASÓLEO B;6108
2025-10;Galicia;Lugo;GASÓLEO C;2968
2025-10;Galicia;Lugo;OTROS GASOLEOS;1565
2025-10;Galicia;Lugo;BIOETANOL;0
2025-10;Galicia;Lugo;GASOLINA  AUTO. S/PB 95 I.O.;3202
2025-10;Galicia;Lugo;GASOLINA  AUTO. S/PB 98 I.O.;149
2025-10;Galicia;Lugo;OTRAS GASOLINAS;0
2025-10;Galicia;Lugo;FUELÓLEO  BIA;61
2025-10;Galicia;Lugo;OTROS FUELÓLEOS;0
2025-10;Galicia;Lugo;QUEROSENO AVIACIÓN;0
2025-10;Galicia;Lugo;OTROS QUEROSENOS;0
2025-10;Galicia;Lugo;GLP;1290
2025-10;Galicia;Ourense;BIODIESEL;92
2025-10;Galicia;Ourense;GASÓLEO A;14624
2025-10;Galicia;Ourense;GASÓLEO B;2525
2025-10;Galicia;Ourense;GASÓLEO C;4460
2025-10;Galicia;Ourense;OTROS GASOLEOS;55
2025-10;Galicia;Ourense;BIOETANOL;0
2025-10;Galicia;Ourense;GASOLINA  AUTO. S/PB 95 I.O.;3172
2025-10;Galicia;Ourense;GASOLINA  AUTO. S/PB 98 I.O.;205
2025-10;Galicia;Ourense;OTRAS GASOLINAS;0
2025-10;Galicia;Ourense;FUELÓLEO  BIA;94
2025-10;Galicia;Ourense;OTROS FUELÓLEOS;0
2025-10;Galicia;Ourense;QUEROSENO AVIACIÓN;0
2025-10;Galicia;Ourense;OTROS QUEROSENOS;0
2025-10;Galicia;Ourense;GLP;1172
2025-10;Galicia;Pontevedra;BIODIESEL;168
2025-10;Galicia;Pontevedra;GASÓLEO A;39817
2025-10;Galicia;Pontevedra;GASÓLEO B;6983
2025-10;Galicia;Pontevedra;GASÓLEO C;4608
2025-10;Galicia;Pontevedra;OTROS GASOLEOS;6476
2025-10;Galicia;Pontevedra;BIOETANOL;0
2025-10;Galicia;Pontevedra;GASOLINA  AUTO. S/PB 95 I.O.;10272
2025-10;Galicia;Pontevedra;GASOLINA  AUTO. S/PB 98 I.O.;533
2025-10;Galicia;Pontevedra;OTRAS GASOLINAS;2
2025-10;Galicia;Pontevedra;FUELÓLEO  BIA;481
2025-10;Galicia;Pontevedra;OTROS FUELÓLEOS;877
2025-10;Galicia;Pontevedra;QUEROSENO AVIACIÓN;1085
2025-10;Galicia;Pontevedra;OTROS QUEROSENOS;0
2025-10;Galicia;Pontevedra;GLP;2757
2025-10;Madrid, Comunidad de;Madrid;BIODIESEL;2617
2025-10;Madrid, Comunidad de;Madrid;GASÓLEO A;157863
2025-10;Madrid, Comunidad de;Madrid;GASÓLEO B;11228
2025-10;Madrid, Comunidad de;Madrid;GASÓLEO C;11807
2025-10;Madrid, Comunidad de;Madrid;OTROS GASOLEOS;0
2025-10;Madrid, Comunidad de;Madrid;BIOETANOL;0
2025-10;Madrid, Comunidad de;Madrid;GASOLINA  AUTO. S/PB 95 I.O.;79599
2025-10;Madrid, Comunidad de;Madrid;GASOLINA  AUTO. S/PB 98 I.O.;3019
2025-10;Madrid, Comunidad de;Madrid;OTRAS GASOLINAS;62
2025-10;Madrid, Comunidad de;Madrid;FUELÓLEO  BIA;260
2025-10;Madrid, Comunidad de;Madrid;OTROS FUELÓLEOS;0
2025-10;Madrid, Comunidad de;Madrid;QUEROSENO AVIACIÓN;249711
2025-10;Madrid, Comunidad de;Madrid;OTROS QUEROSENOS;0
2025-10;Madrid, Comunidad de;Madrid;GLP;7483
2025-10;Melilla;Melilla;BIODIESEL;0
2025-10;Melilla;Melilla;GASÓLEO A;1055
2025-10;Melilla;Melilla;GASÓLEO B;0
2025-10;Melilla;Melilla;GASÓLEO C;0
2025-10;Melilla;Melilla;OTROS GASOLEOS;0
2025-10;Melilla;Melilla;BIOETANOL;0
2025-10;Melilla;Melilla;GASOLINA  AUTO. S/PB 95 I.O.;617
2025-10;Melilla;Melilla;GASOLINA  AUTO. S/PB 98 I.O.;0
2025-10;Melilla;Melilla;OTRAS GASOLINAS;0
2025-10;Melilla;Melilla;FUELÓLEO  BIA;5397
2025-10;Melilla;Melilla;OTROS FUELÓLEOS;0
2025-10;Melilla;Melilla;QUEROSENO AVIACIÓN;159
2025-10;Melilla;Melilla;OTROS QUEROSENOS;0
2025-10;Melilla;Melilla;GLP;159
2025-10;Murcia, Región de;Murcia;BIODIESEL;1761
2025-10;Murcia, Región de;Murcia;GASÓLEO A;80682
2025-10;Murcia, Región de;Murcia;GASÓLEO B;12267
2025-10;Murcia, Región de;Murcia;GASÓLEO C;927
2025-10;Murcia, Región de;Murcia;OTROS GASOLEOS;2014
2025-10;Murcia, Región de;Murcia;BIOETANOL;0
2025-10;Murcia, Región de;Murcia;GASOLINA  AUTO. S/PB 95 I.O.;15996
2025-10;Murcia, Región de;Murcia;GASOLINA  AUTO. S/PB 98 I.O.;698
2025-10;Murcia, Región de;Murcia;OTRAS GASOLINAS;7
2025-10;Murcia, Región de;Murcia;FUELÓLEO  BIA;216
2025-10;Murcia, Región de;Murcia;OTROS FUELÓLEOS;0
2025-10;Murcia, Región de;Murcia;QUEROSENO AVIACIÓN;1605
2025-10;Murcia, Región de;Murcia;OTROS QUEROSENOS;0
2025-10;Murcia, Región de;Murcia;GLP;3644
2025-10;Navarra, Comunidad Foral de;Navarra;BIODIESEL;556
2025-10;Navarra, Comunidad Foral de;Navarra;GASÓLEO A;57123
2025-10;Navarra, Comunidad Foral de;Navarra;GASÓLEO B;9307
2025-10;Navarra, Comunidad Foral de;Navarra;GASÓLEO C;862
2025-10;Navarra, Comunidad Foral de;Navarra;OTROS GASOLEOS;0
2025-10;Navarra, Comunidad Foral de;Navarra;BIOETANOL;0
2025-10;Navarra, Comunidad Foral de;Navarra;GASOLINA  AUTO. S/PB 95 I.O.;8395
2025-10;Navarra, Comunidad Foral de;Navarra;GASOLINA  AUTO. S/PB 98 I.O.;325
2025-10;Navarra, Comunidad Foral de;Navarra;OTRAS GASOLINAS;4
2025-10;Navarra, Comunidad Foral de;Navarra;FUELÓLEO  BIA;157
2025-10;Navarra, Comunidad Foral de;Navarra;OTROS FUELÓLEOS;0
2025-10;Navarra, Comunidad Foral de;Navarra;QUEROSENO AVIACIÓN;115
2025-10;Navarra, Comunidad Foral de;Navarra;OTROS QUEROSENOS;0
2025-10;Navarra, Comunidad Foral de;Navarra;GLP;1317
2025-10;País Vasco;Araba/Álava;BIODIESEL;452
2025-10;País Vasco;Araba/Álava;GASÓLEO A;50966
2025-10;País Vasco;Araba/Álava;GASÓLEO B;2954
2025-10;País Vasco;Araba/Álava;GASÓLEO C;1097
2025-10;País Vasco;Araba/Álava;OTROS GASOLEOS;0
2025-10;País Vasco;Araba/Álava;BIOETANOL;0
2025-10;País Vasco;Araba/Álava;GASOLINA  AUTO. S/PB 95 I.O.;2963
2025-10;País Vasco;Araba/Álava;GASOLINA  AUTO. S/PB 98 I.O.;156
2025-10;País Vasco;Araba/Álava;OTRAS GASOLINAS;1
2025-10;País Vasco;Araba/Álava;FUELÓLEO  BIA;50
2025-10;País Vasco;Araba/Álava;OTROS FUELÓLEOS;0
2025-10;País Vasco;Araba/Álava;QUEROSENO AVIACIÓN;1574
2025-10;País Vasco;Araba/Álava;OTROS QUEROSENOS;0
2025-10;País Vasco;Araba/Álava;GLP;445
2025-10;País Vasco;Bizkaia;BIODIESEL;803
2025-10;País Vasco;Bizkaia;GASÓLEO A;32544
2025-10;País Vasco;Bizkaia;GASÓLEO B;8233
2025-10;País Vasco;Bizkaia;GASÓLEO C;2130
2025-10;País Vasco;Bizkaia;OTROS GASOLEOS;955
2025-10;País Vasco;Bizkaia;BIOETANOL;0
2025-10;País Vasco;Bizkaia;GASOLINA  AUTO. S/PB 95 I.O.;9723
2025-10;País Vasco;Bizkaia;GASOLINA  AUTO. S/PB 98 I.O.;513
2025-10;País Vasco;Bizkaia;OTRAS GASOLINAS;2
2025-10;País Vasco;Bizkaia;FUELÓLEO  BIA;78
2025-10;País Vasco;Bizkaia;OTROS FUELÓLEOS;0
2025-10;País Vasco;Bizkaia;QUEROSENO AVIACIÓN;8659
2025-10;País Vasco;Bizkaia;OTROS QUEROSENOS;0
2025-10;País Vasco;Bizkaia;GLP;1010
2025-10;País Vasco;Gipuzkoa;BIODIESEL;321
2025-10;País Vasco;Gipuzkoa;GASÓLEO A;66218
2025-10;País Vasco;Gipuzkoa;GASÓLEO B;1806
2025-10;País Vasco;Gipuzkoa;GASÓLEO C;231
2025-10;País Vasco;Gipuzkoa;OTROS GASOLEOS;958
2025-10;País Vasco;Gipuzkoa;BIOETANOL;0
2025-10;País Vasco;Gipuzkoa;GASOLINA  AUTO. S/PB 95 I.O.;7510
2025-10;País Vasco;Gipuzkoa;GASOLINA  AUTO. S/PB 98 I.O.;451
2025-10;País Vasco;Gipuzkoa;OTRAS GASOLINAS;1
2025-10;País Vasco;Gipuzkoa;FUELÓLEO  BIA;77
2025-10;País Vasco;Gipuzkoa;OTROS FUELÓLEOS;0
2025-10;País Vasco;Gipuzkoa;QUEROSENO AVIACIÓN;584
2025-10;País Vasco;Gipuzkoa;OTROS QUEROSENOS;0
2025-10;País Vasco;Gipuzkoa;GLP;988
2025-10;Rioja, La;Rioja, La;BIODIESEL;142
2025-10;Rioja, La;Rioja, La;GASÓLEO A;15565
2025-10;Rioja, La;Rioja, La;GASÓLEO B;3606
2025-10;Rioja, La;Rioja, La;GASÓLEO C;1223
2025-10;Rioja, La;Rioja, La;OTROS GASOLEOS;0
2025-10;Rioja, La;Rioja, La;BIOETANOL;0
2025-10;Rioja, La;Rioja, La;GASOLINA  AUTO. S/PB 95 I.O.;3226
2025-10;Rioja, La;Rioja, La;GASOLINA  AUTO. S/PB 98 I.O.;138
2025-10;Rioja, La;Rioja, La;OTRAS GASOLINAS;11
2025-10;Rioja, La;Rioja, La;FUELÓLEO  BIA;43
2025-10;Rioja, La;Rioja, La;OTROS FUELÓLEOS;0
2025-10;Rioja, La;Rioja, La;QUEROSENO AVIACIÓN;7
2025-10;Rioja, La;Rioja, La;OTROS QUEROSENOS;0
2025-10;Rioja, La;Rioja, La;GLP;509
2025-11;Andalucía;Almería;BIODIESEL;218
2025-11;Andalucía;Almería;GASÓLEO A;32515
2025-11;Andalucía;Almería;GASÓLEO B;6153
2025-11;Andalucía;Almería;GASÓLEO C;305
2025-11;Andalucía;Almería;OTROS GASOLEOS;1237
2025-11;Andalucía;Almería;BIOETANOL;0
2025-11;Andalucía;Almería;GASOLINA  AUTO. S/PB 95 I.O.;6261
2025-11;Andalucía;Almería;GASOLINA  AUTO. S/PB 98 I.O.;315
2025-11;Andalucía;Almería;OTRAS GASOLINAS;4
2025-11;Andalucía;Almería;FUELÓLEO  BIA;105
2025-11;Andalucía;Almería;OTROS FUELÓLEOS;452
2025-11;Andalucía;Almería;QUEROSENO AVIACIÓN;600
2025-11;Andalucía;Almería;OTROS QUEROSENOS;0
2025-11;Andalucía;Almería;GLP;2077
2025-11;Andalucía;Cádiz;BIODIESEL;92
2025-11;Andalucía;Cádiz;GASÓLEO A;30254
2025-11;Andalucía;Cádiz;GASÓLEO B;6777
2025-11;Andalucía;Cádiz;GASÓLEO C;235
2025-11;Andalucía;Cádiz;OTROS GASOLEOS;36364
2025-11;Andalucía;Cádiz;BIOETANOL;0
2025-11;Andalucía;Cádiz;GASOLINA  AUTO. S/PB 95 I.O.;11144
2025-11;Andalucía;Cádiz;GASOLINA  AUTO. S/PB 98 I.O.;353
2025-11;Andalucía;Cádiz;OTRAS GASOLINAS;30
2025-11;Andalucía;Cádiz;FUELÓLEO  BIA;21490
2025-11;Andalucía;Cádiz;OTROS FUELÓLEOS;208372
2025-11;Andalucía;Cádiz;QUEROSENO AVIACIÓN;1032
2025-11;Andalucía;Cádiz;OTROS QUEROSENOS;0
2025-11;Andalucía;Cádiz;GLP;2973
2025-11;Andalucía;Córdoba;BIODIESEL;198
2025-11;Andalucía;Córdoba;GASÓLEO A;29034
2025-11;Andalucía;Córdoba;GASÓLEO B;9325
2025-11;Andalucía;Córdoba;GASÓLEO C;907
2025-11;Andalucía;Córdoba;OTROS GASOLEOS;0
2025-11;Andalucía;Córdoba;BIOETANOL;0
2025-11;Andalucía;Córdoba;GASOLINA  AUTO. S/PB 95 I.O.;5691
2025-11;Andalucía;Córdoba;GASOLINA  AUTO. S/PB 98 I.O.;120
2025-11;Andalucía;Córdoba;OTRAS GASOLINAS;6
2025-11;Andalucía;Córdoba;FUELÓLEO  BIA;51
2025-11;Andalucía;Córdoba;OTROS FUELÓLEOS;0
2025-11;Andalucía;Córdoba;QUEROSENO AVIACIÓN;59
2025-11;Andalucía;Córdoba;OTROS QUEROSENOS;0
2025-11;Andalucía;Córdoba;GLP;1940
2025-11;Andalucía;Granada;BIODIESEL;64
2025-11;Andalucía;Granada;GASÓLEO A;31306
2025-11;Andalucía;Granada;GASÓLEO B;6635
2025-11;Andalucía;Granada;GASÓLEO C;3029
2025-11;Andalucía;Granada;OTROS GASOLEOS;446
2025-11;Andalucía;Granada;BIOETANOL;0
2025-11;Andalucía;Granada;GASOLINA  AUTO. S/PB 95 I.O.;8587
2025-11;Andalucía;Granada;GASOLINA  AUTO. S/PB 98 I.O.;377
2025-11;Andalucía;Granada;OTRAS GASOLINAS;7
2025-11;Andalucía;Granada;FUELÓLEO  BIA;76
2025-11;Andalucía;Granada;OTROS FUELÓLEOS;425
2025-11;Andalucía;Granada;QUEROSENO AVIACIÓN;1189
2025-11;Andalucía;Granada;OTROS QUEROSENOS;0
2025-11;Andalucía;Granada;GLP;2747
2025-11;Andalucía;Huelva;BIODIESEL;237
2025-11;Andalucía;Huelva;GASÓLEO A;22123
2025-11;Andalucía;Huelva;GASÓLEO B;8376
2025-11;Andalucía;Huelva;GASÓLEO C;212
2025-11;Andalucía;Huelva;OTROS GASOLEOS;4477
2025-11;Andalucía;Huelva;BIOETANOL;0
2025-11;Andalucía;Huelva;GASOLINA  AUTO. S/PB 95 I.O.;4978
2025-11;Andalucía;Huelva;GASOLINA  AUTO. S/PB 98 I.O.;181
2025-11;Andalucía;Huelva;OTRAS GASOLINAS;0
2025-11;Andalucía;Huelva;FUELÓLEO  BIA;551
2025-11;Andalucía;Huelva;OTROS FUELÓLEOS;3331
2025-11;Andalucía;Huelva;QUEROSENO AVIACIÓN;0
2025-11;Andalucía;Huelva;OTROS QUEROSENOS;0
2025-11;Andalucía;Huelva;GLP;2185
2025-11;Andalucía;Jaén;BIODIESEL;317
2025-11;Andalucía;Jaén;GASÓLEO A;29831
2025-11;Andalucía;Jaén;GASÓLEO B;5451
2025-11;Andalucía;Jaén;GASÓLEO C;1510
2025-11;Andalucía;Jaén;OTROS GASOLEOS;0
2025-11;Andalucía;Jaén;BIOETANOL;0
2025-11;Andalucía;Jaén;GASOLINA  AUTO. S/PB 95 I.O.;5852
2025-11;Andalucía;Jaén;GASOLINA  AUTO. S/PB 98 I.O.;147
2025-11;Andalucía;Jaén;OTRAS GASOLINAS;0
2025-11;Andalucía;Jaén;FUELÓLEO  BIA;151
2025-11;Andalucía;Jaén;OTROS FUELÓLEOS;0
2025-11;Andalucía;Jaén;QUEROSENO AVIACIÓN;0
2025-11;Andalucía;Jaén;OTROS QUEROSENOS;0
2025-11;Andalucía;Jaén;GLP;1647
2025-11;Andalucía;Málaga;BIODIESEL;203
2025-11;Andalucía;Málaga;GASÓLEO A;45741
2025-11;Andalucía;Málaga;GASÓLEO B;4639
2025-11;Andalucía;Málaga;GASÓLEO C;578
2025-11;Andalucía;Málaga;OTROS GASOLEOS;1253
2025-11;Andalucía;Málaga;BIOETANOL;0
2025-11;Andalucía;Málaga;GASOLINA  AUTO. S/PB 95 I.O.;19658
2025-11;Andalucía;Málaga;GASOLINA  AUTO. S/PB 98 I.O.;1234
2025-11;Andalucía;Málaga;OTRAS GASOLINAS;14
2025-11;Andalucía;Málaga;FUELÓLEO  BIA;140
2025-11;Andalucía;Málaga;OTROS FUELÓLEOS;0
2025-11;Andalucía;Málaga;QUEROSENO AVIACIÓN;33170
2025-11;Andalucía;Málaga;OTROS QUEROSENOS;0
2025-11;Andalucía;Málaga;GLP;4369
2025-11;Andalucía;Sevilla;BIODIESEL;236
2025-11;Andalucía;Sevilla;GASÓLEO A;55378
2025-11;Andalucía;Sevilla;GASÓLEO B;9104
2025-11;Andalucía;Sevilla;GASÓLEO C;611
2025-11;Andalucía;Sevilla;OTROS GASOLEOS;1139
2025-11;Andalucía;Sevilla;BIOETANOL;0
2025-11;Andalucía;Sevilla;GASOLINA  AUTO. S/PB 95 I.O.;16968
2025-11;Andalucía;Sevilla;GASOLINA  AUTO. S/PB 98 I.O.;421
2025-11;Andalucía;Sevilla;OTRAS GASOLINAS;7
2025-11;Andalucía;Sevilla;FUELÓLEO  BIA;292
2025-11;Andalucía;Sevilla;OTROS FUELÓLEOS;0
2025-11;Andalucía;Sevilla;QUEROSENO AVIACIÓN;13066
2025-11;Andalucía;Sevilla;OTROS QUEROSENOS;0
2025-11;Andalucía;Sevilla;GLP;4913
2025-11;Aragón;Huesca;BIODIESEL;196
2025-11;Aragón;Huesca;GASÓLEO A;13685
2025-11;Aragón;Huesca;GASÓLEO B;8337
2025-11;Aragón;Huesca;GASÓLEO C;1479
2025-11;Aragón;Huesca;OTROS GASOLEOS;0
2025-11;Aragón;Huesca;BIOETANOL;0
2025-11;Aragón;Huesca;GASOLINA  AUTO. S/PB 95 I.O.;2973
2025-11;Aragón;Huesca;GASOLINA  AUTO. S/PB 98 I.O.;153
2025-11;Aragón;Huesca;OTRAS GASOLINAS;5
2025-11;Aragón;Huesca;FUELÓLEO  BIA;99
2025-11;Aragón;Huesca;OTROS FUELÓLEOS;0
2025-11;Aragón;Huesca;QUEROSENO AVIACIÓN;22
2025-11;Aragón;Huesca;OTROS QUEROSENOS;0
2025-11;Aragón;Huesca;GLP;1922
2025-11;Aragón;Teruel;BIODIESEL;66
2025-11;Aragón;Teruel;GASÓLEO A;9123
2025-11;Aragón;Teruel;GASÓLEO B;5050
2025-11;Aragón;Teruel;GASÓLEO C;1720
2025-11;Aragón;Teruel;OTROS GASOLEOS;0
2025-11;Aragón;Teruel;BIOETANOL;0
2025-11;Aragón;Teruel;GASOLINA  AUTO. S/PB 95 I.O.;1648
2025-11;Aragón;Teruel;GASOLINA  AUTO. S/PB 98 I.O.;103
2025-11;Aragón;Teruel;OTRAS GASOLINAS;0
2025-11;Aragón;Teruel;FUELÓLEO  BIA;81
2025-11;Aragón;Teruel;OTROS FUELÓLEOS;0
2025-11;Aragón;Teruel;QUEROSENO AVIACIÓN;104
2025-11;Aragón;Teruel;OTROS QUEROSENOS;2
2025-11;Aragón;Teruel;GLP;612
2025-11;Aragón;Zaragoza;BIODIESEL;1396
2025-11;Aragón;Zaragoza;GASÓLEO A;41821
2025-11;Aragón;Zaragoza;GASÓLEO B;12041
2025-11;Aragón;Zaragoza;GASÓLEO C;5712
2025-11;Aragón;Zaragoza;OTROS GASOLEOS;51
2025-11;Aragón;Zaragoza;BIOETANOL;0
2025-11;Aragón;Zaragoza;GASOLINA  AUTO. S/PB 95 I.O.;9438
2025-11;Aragón;Zaragoza;GASOLINA  AUTO. S/PB 98 I.O.;314
2025-11;Aragón;Zaragoza;OTRAS GASOLINAS;3
2025-11;Aragón;Zaragoza;FUELÓLEO  BIA;25
2025-11;Aragón;Zaragoza;OTROS FUELÓLEOS;220
2025-11;Aragón;Zaragoza;QUEROSENO AVIACIÓN;13063
2025-11;Aragón;Zaragoza;OTROS QUEROSENOS;0
2025-11;Aragón;Zaragoza;GLP;1923
2025-11;Asturias, Principado de;Asturias;BIODIESEL;377
2025-11;Asturias, Principado de;Asturias;GASÓLEO A;29885
2025-11;Asturias, Principado de;Asturias;GASÓLEO B;6036
2025-11;Asturias, Principado de;Asturias;GASÓLEO C;2910
2025-11;Asturias, Principado de;Asturias;OTROS GASOLEOS;3054
2025-11;Asturias, Principado de;Asturias;BIOETANOL;0
2025-11;Asturias, Principado de;Asturias;GASOLINA  AUTO. S/PB 95 I.O.;8389
2025-11;Asturias, Principado de;Asturias;GASOLINA  AUTO. S/PB 98 I.O.;485
2025-11;Asturias, Principado de;Asturias;OTRAS GASOLINAS;0
2025-11;Asturias, Principado de;Asturias;FUELÓLEO  BIA;664
2025-11;Asturias, Principado de;Asturias;OTROS FUELÓLEOS;54
2025-11;Asturias, Principado de;Asturias;QUEROSENO AVIACIÓN;1663
2025-11;Asturias, Principado de;Asturias;OTROS QUEROSENOS;0
2025-11;Asturias, Principado de;Asturias;GLP;2022
2025-11;Balears, Illes;Balears, Illes;BIODIESEL;0
2025-11;Balears, Illes;Balears, Illes;GASÓLEO A;22065
2025-11;Balears, Illes;Balears, Illes;GASÓLEO B;3320
2025-11;Balears, Illes;Balears, Illes;GASÓLEO C;14444
2025-11;Balears, Illes;Balears, Illes;OTROS GASOLEOS;1753
2025-11;Balears, Illes;Balears, Illes;BIOETANOL;0
2025-11;Balears, Illes;Balears, Illes;GASOLINA  AUTO. S/PB 95 I.O.;16060
2025-11;Balears, Illes;Balears, Illes;GASOLINA  AUTO. S/PB 98 I.O.;846
2025-11;Balears, Illes;Balears, Illes;OTRAS GASOLINAS;20
2025-11;Balears, Illes;Balears, Illes;FUELÓLEO  BIA;0
2025-11;Balears, Illes;Balears, Illes;OTROS FUELÓLEOS;0
2025-11;Balears, Illes;Balears, Illes;QUEROSENO AVIACIÓN;19749
2025-11;Balears, Illes;Balears, Illes;OTROS QUEROSENOS;0
2025-11;Balears, Illes;Balears, Illes;GLP;3230
2025-11;Canarias;Palmas, Las;BIODIESEL;422
2025-11;Canarias;Palmas, Las;GASÓLEO A;25667
2025-11;Canarias;Palmas, Las;GASÓLEO B;0
2025-11;Canarias;Palmas, Las;GASÓLEO C;0
2025-11;Canarias;Palmas, Las;OTROS GASOLEOS;83666
2025-11;Canarias;Palmas, Las;BIOETANOL;0
2025-11;Canarias;Palmas, Las;GASOLINA  AUTO. S/PB 95 I.O.;18327
2025-11;Canarias;Palmas, Las;GASOLINA  AUTO. S/PB 98 I.O.;3403
2025-11;Canarias;Palmas, Las;OTRAS GASOLINAS;6
2025-11;Canarias;Palmas, Las;FUELÓLEO  BIA;122605
2025-11;Canarias;Palmas, Las;OTROS FUELÓLEOS;90663
2025-11;Canarias;Palmas, Las;QUEROSENO AVIACIÓN;59202
2025-11;Canarias;Palmas, Las;OTROS QUEROSENOS;0
2025-11;Canarias;Palmas, Las;GLP;2940
2025-11;Canarias;Santa Cruz de Tenerife;BIODIESEL;163
2025-11;Canarias;Santa Cruz de Tenerife;GASÓLEO A;25642
2025-11;Canarias;Santa Cruz de Tenerife;GASÓLEO B;0
2025-11;Canarias;Santa Cruz de Tenerife;GASÓLEO C;0
2025-11;Canarias;Santa Cruz de Tenerife;OTROS GASOLEOS;55856
2025-11;Canarias;Santa Cruz de Tenerife;BIOETANOL;0
2025-11;Canarias;Santa Cruz de Tenerife;GASOLINA  AUTO. S/PB 95 I.O.;17792
2025-11;Canarias;Santa Cruz de Tenerife;GASOLINA  AUTO. S/PB 98 I.O.;4900
2025-11;Canarias;Santa Cruz de Tenerife;OTRAS GASOLINAS;0
2025-11;Canarias;Santa Cruz de Tenerife;FUELÓLEO  BIA;22806
2025-11;Canarias;Santa Cruz de Tenerife;OTROS FUELÓLEOS;16701
2025-11;Canarias;Santa Cruz de Tenerife;QUEROSENO AVIACIÓN;60488
2025-11;Canarias;Santa Cruz de Tenerife;OTROS QUEROSENOS;0
2025-11;Canarias;Santa Cruz de Tenerife;GLP;3457
2025-11;Cantabria;Cantabria;BIODIESEL;431
2025-11;Cantabria;Cantabria;GASÓLEO A;22754
2025-11;Cantabria;Cantabria;GASÓLEO B;4591
2025-11;Cantabria;Cantabria;GASÓLEO C;98
2025-11;Cantabria;Cantabria;OTROS GASOLEOS;449
2025-11;Cantabria;Cantabria;BIOETANOL;0
2025-11;Cantabria;Cantabria;GASOLINA  AUTO. S/PB 95 I.O.;6494
2025-11;Cantabria;Cantabria;GASOLINA  AUTO. S/PB 98 I.O.;246
2025-11;Cantabria;Cantabria;OTRAS GASOLINAS;0
2025-11;Cantabria;Cantabria;FUELÓLEO  BIA;320
2025-11;Cantabria;Cantabria;OTROS FUELÓLEOS;0
2025-11;Cantabria;Cantabria;QUEROSENO AVIACIÓN;673
2025-11;Cantabria;Cantabria;OTROS QUEROSENOS;0
2025-11;Cantabria;Cantabria;GLP;1256
2025-11;Castilla - La Mancha;Albacete;BIODIESEL;183
2025-11;Castilla - La Mancha;Albacete;GASÓLEO A;17890
2025-11;Castilla - La Mancha;Albacete;GASÓLEO B;6533
2025-11;Castilla - La Mancha;Albacete;GASÓLEO C;2549
2025-11;Castilla - La Mancha;Albacete;OTROS GASOLEOS;0
2025-11;Castilla - La Mancha;Albacete;BIOETANOL;0
2025-11;Castilla - La Mancha;Albacete;GASOLINA  AUTO. S/PB 95 I.O.;3632
2025-11;Castilla - La Mancha;Albacete;GASOLINA  AUTO. S/PB 98 I.O.;166
2025-11;Castilla - La Mancha;Albacete;OTRAS GASOLINAS;0
2025-11;Castilla - La Mancha;Albacete;FUELÓLEO  BIA;48
2025-11;Castilla - La Mancha;Albacete;OTROS FUELÓLEOS;0
2025-11;Castilla - La Mancha;Albacete;QUEROSENO AVIACIÓN;26
2025-11;Castilla - La Mancha;Albacete;OTROS QUEROSENOS;0
2025-11;Castilla - La Mancha;Albacete;GLP;1111
2025-11;Castilla - La Mancha;Ciudad Real;BIODIESEL;666
2025-11;Castilla - La Mancha;Ciudad Real;GASÓLEO A;22997
2025-11;Castilla - La Mancha;Ciudad Real;GASÓLEO B;9281
2025-11;Castilla - La Mancha;Ciudad Real;GASÓLEO C;3109
2025-11;Castilla - La Mancha;Ciudad Real;OTROS GASOLEOS;0
2025-11;Castilla - La Mancha;Ciudad Real;BIOETANOL;0
2025-11;Castilla - La Mancha;Ciudad Real;GASOLINA  AUTO. S/PB 95 I.O.;4281
2025-11;Castilla - La Mancha;Ciudad Real;GASOLINA  AUTO. S/PB 98 I.O.;133
2025-11;Castilla - La Mancha;Ciudad Real;OTRAS GASOLINAS;0
2025-11;Castilla - La Mancha;Ciudad Real;FUELÓLEO  BIA;121
2025-11;Castilla - La Mancha;Ciudad Real;OTROS FUELÓLEOS;0
2025-11;Castilla - La Mancha;Ciudad Real;QUEROSENO AVIACIÓN;0
2025-11;Castilla - La Mancha;Ciudad Real;OTROS QUEROSENOS;0
2025-11;Castilla - La Mancha;Ciudad Real;GLP;1138
2025-11;Castilla - La Mancha;Cuenca;BIODIESEL;146
2025-11;Castilla - La Mancha;Cuenca;GASÓLEO A;14191
2025-11;Castilla - La Mancha;Cuenca;GASÓLEO B;9149
2025-11;Castilla - La Mancha;Cuenca;GASÓLEO C;1403
2025-11;Castilla - La Mancha;Cuenca;OTROS GASOLEOS;0
2025-11;Castilla - La Mancha;Cuenca;BIOETANOL;0
2025-11;Castilla - La Mancha;Cuenca;GASOLINA  AUTO. S/PB 95 I.O.;2467
2025-11;Castilla - La Mancha;Cuenca;GASOLINA  AUTO. S/PB 98 I.O.;95
2025-11;Castilla - La Mancha;Cuenca;OTRAS GASOLINAS;0
2025-11;Castilla - La Mancha;Cuenca;FUELÓLEO  BIA;0
2025-11;Castilla - La Mancha;Cuenca;OTROS FUELÓLEOS;0
2025-11;Castilla - La Mancha;Cuenca;QUEROSENO AVIACIÓN;0
2025-11;Castilla - La Mancha;Cuenca;OTROS QUEROSENOS;0
2025-11;Castilla - La Mancha;Cuenca;GLP;682
2025-11;Castilla - La Mancha;Guadalajara;BIODIESEL;291
2025-11;Castilla - La Mancha;Guadalajara;GASÓLEO A;11902
2025-11;Castilla - La Mancha;Guadalajara;GASÓLEO B;4584
2025-11;Castilla - La Mancha;Guadalajara;GASÓLEO C;1756
2025-11;Castilla - La Mancha;Guadalajara;OTROS GASOLEOS;0
2025-11;Castilla - La Mancha;Guadalajara;BIOETANOL;0
2025-11;Castilla - La Mancha;Guadalajara;GASOLINA  AUTO. S/PB 95 I.O.;3877
2025-11;Castilla - La Mancha;Guadalajara;GASOLINA  AUTO. S/PB 98 I.O.;120
2025-11;Castilla - La Mancha;Guadalajara;OTRAS GASOLINAS;1
2025-11;Castilla - La Mancha;Guadalajara;FUELÓLEO  BIA;26
2025-11;Castilla - La Mancha;Guadalajara;OTROS FUELÓLEOS;0
2025-11;Castilla - La Mancha;Guadalajara;QUEROSENO AVIACIÓN;0
2025-11;Castilla - La Mancha;Guadalajara;OTROS QUEROSENOS;0
2025-11;Castilla - La Mancha;Guadalajara;GLP;564
2025-11;Castilla - La Mancha;Toledo;BIODIESEL;723
2025-11;Castilla - La Mancha;Toledo;GASÓLEO A;34180
2025-11;Castilla - La Mancha;Toledo;GASÓLEO B;14490
2025-11;Castilla - La Mancha;Toledo;GASÓLEO C;5498
2025-11;Castilla - La Mancha;Toledo;OTROS GASOLEOS;0
2025-11;Castilla - La Mancha;Toledo;BIOETANOL;0
2025-11;Castilla - La Mancha;Toledo;GASOLINA  AUTO. S/PB 95 I.O.;8316
2025-11;Castilla - La Mancha;Toledo;GASOLINA  AUTO. S/PB 98 I.O.;301
2025-11;Castilla - La Mancha;Toledo;OTRAS GASOLINAS;19
2025-11;Castilla - La Mancha;Toledo;FUELÓLEO  BIA;82
2025-11;Castilla - La Mancha;Toledo;OTROS FUELÓLEOS;0
2025-11;Castilla - La Mancha;Toledo;QUEROSENO AVIACIÓN;0
2025-11;Castilla - La Mancha;Toledo;OTROS QUEROSENOS;0
2025-11;Castilla - La Mancha;Toledo;GLP;2066
2025-11;Castilla y León;Ávila;BIODIESEL;96
2025-11;Castilla y León;Ávila;GASÓLEO A;7040
2025-11;Castilla y León;Ávila;GASÓLEO B;3903
2025-11;Castilla y León;Ávila;GASÓLEO C;1073
2025-11;Castilla y León;Ávila;OTROS GASOLEOS;0
2025-11;Castilla y León;Ávila;BIOETANOL;0
2025-11;Castilla y León;Ávila;GASOLINA  AUTO. S/PB 95 I.O.;1825
2025-11;Castilla y León;Ávila;GASOLINA  AUTO. S/PB 98 I.O.;67
2025-11;Castilla y León;Ávila;OTRAS GASOLINAS;0
2025-11;Castilla y León;Ávila;FUELÓLEO  BIA;0
2025-11;Castilla y León;Ávila;OTROS FUELÓLEOS;0
2025-11;Castilla y León;Ávila;QUEROSENO AVIACIÓN;0
2025-11;Castilla y León;Ávila;OTROS QUEROSENOS;0
2025-11;Castilla y León;Ávila;GLP;936
2025-11;Castilla y León;Burgos;BIODIESEL;550
2025-11;Castilla y León;Burgos;GASÓLEO A;23651
2025-11;Castilla y León;Burgos;GASÓLEO B;8339
2025-11;Castilla y León;Burgos;GASÓLEO C;963
2025-11;Castilla y León;Burgos;OTROS GASOLEOS;0
2025-11;Castilla y León;Burgos;BIOETANOL;0
2025-11;Castilla y León;Burgos;GASOLINA  AUTO. S/PB 95 I.O.;4755
2025-11;Castilla y León;Burgos;GASOLINA  AUTO. S/PB 98 I.O.;216
2025-11;Castilla y León;Burgos;OTRAS GASOLINAS;11
2025-11;Castilla y León;Burgos;FUELÓLEO  BIA;91
2025-11;Castilla y León;Burgos;OTROS FUELÓLEOS;0
2025-11;Castilla y León;Burgos;QUEROSENO AVIACIÓN;6
2025-11;Castilla y León;Burgos;OTROS QUEROSENOS;0
2025-11;Castilla y León;Burgos;GLP;778
2025-11;Castilla y León;León;BIODIESEL;104
2025-11;Castilla y León;León;GASÓLEO A;23442
2025-11;Castilla y León;León;GASÓLEO B;9149
2025-11;Castilla y León;León;GASÓLEO C;5116
2025-11;Castilla y León;León;OTROS GASOLEOS;0
2025-11;Castilla y León;León;BIOETANOL;0
2025-11;Castilla y León;León;GASOLINA  AUTO. S/PB 95 I.O.;4591
2025-11;Castilla y León;León;GASOLINA  AUTO. S/PB 98 I.O.;269
2025-11;Castilla y León;León;OTRAS GASOLINAS;0
2025-11;Castilla y León;León;FUELÓLEO  BIA;226
2025-11;Castilla y León;León;OTROS FUELÓLEOS;0
2025-11;Castilla y León;León;QUEROSENO AVIACIÓN;23
2025-11;Castilla y León;León;OTROS QUEROSENOS;0
2025-11;Castilla y León;León;GLP;2380
2025-11;Castilla y León;Palencia;BIODIESEL;67
2025-11;Castilla y León;Palencia;GASÓLEO A;8777
2025-11;Castilla y León;Palencia;GASÓLEO B;6185
2025-11;Castilla y León;Palencia;GASÓLEO C;731
2025-11;Castilla y León;Palencia;OTROS GASOLEOS;0
2025-11;Castilla y León;Palencia;BIOETANOL;0
2025-11;Castilla y León;Palencia;GASOLINA  AUTO. S/PB 95 I.O.;1639
2025-11;Castilla y León;Palencia;GASOLINA  AUTO. S/PB 98 I.O.;75
2025-11;Castilla y León;Palencia;OTRAS GASOLINAS;0
2025-11;Castilla y León;Palencia;FUELÓLEO  BIA;102
2025-11;Castilla y León;Palencia;OTROS FUELÓLEOS;0
2025-11;Castilla y León;Palencia;QUEROSENO AVIACIÓN;0
2025-11;Castilla y León;Palencia;OTROS QUEROSENOS;0
2025-11;Castilla y León;Palencia;GLP;454
2025-11;Castilla y León;Salamanca;BIODIESEL;104
2025-11;Castilla y León;Salamanca;GASÓLEO A;20176
2025-11;Castilla y León;Salamanca;GASÓLEO B;6256
2025-11;Castilla y León;Salamanca;GASÓLEO C;2804
2025-11;Castilla y León;Salamanca;OTROS GASOLEOS;0
2025-11;Castilla y León;Salamanca;BIOETANOL;0
2025-11;Castilla y León;Salamanca;GASOLINA  AUTO. S/PB 95 I.O.;3056
2025-11;Castilla y León;Salamanca;GASOLINA  AUTO. S/PB 98 I.O.;130
2025-11;Castilla y León;Salamanca;OTRAS GASOLINAS;12
2025-11;Castilla y León;Salamanca;FUELÓLEO  BIA;0
2025-11;Castilla y León;Salamanca;OTROS FUELÓLEOS;0
2025-11;Castilla y León;Salamanca;QUEROSENO AVIACIÓN;55
2025-11;Castilla y León;Salamanca;OTROS QUEROSENOS;0
2025-11;Castilla y León;Salamanca;GLP;1052
2025-11;Castilla y León;Segovia;BIODIESEL;125
2025-11;Castilla y León;Segovia;GASÓLEO A;9041
2025-11;Castilla y León;Segovia;GASÓLEO B;5161
2025-11;Castilla y León;Segovia;GASÓLEO C;1984
2025-11;Castilla y León;Segovia;OTROS GASOLEOS;0
2025-11;Castilla y León;Segovia;BIOETANOL;0
2025-11;Castilla y León;Segovia;GASOLINA  AUTO. S/PB 95 I.O.;2361
2025-11;Castilla y León;Segovia;GASOLINA  AUTO. S/PB 98 I.O.;105
2025-11;Castilla y León;Segovia;OTRAS GASOLINAS;0
2025-11;Castilla y León;Segovia;FUELÓLEO  BIA;26
2025-11;Castilla y León;Segovia;OTROS FUELÓLEOS;0
2025-11;Castilla y León;Segovia;QUEROSENO AVIACIÓN;0
2025-11;Castilla y León;Segovia;OTROS QUEROSENOS;0
2025-11;Castilla y León;Segovia;GLP;783
2025-11;Castilla y León;Soria;BIODIESEL;46
2025-11;Castilla y León;Soria;GASÓLEO A;5802
2025-11;Castilla y León;Soria;GASÓLEO B;3444
2025-11;Castilla y León;Soria;GASÓLEO C;927
2025-11;Castilla y León;Soria;OTROS GASOLEOS;0
2025-11;Castilla y León;Soria;BIOETANOL;0
2025-11;Castilla y León;Soria;GASOLINA  AUTO. S/PB 95 I.O.;1167
2025-11;Castilla y León;Soria;GASOLINA  AUTO. S/PB 98 I.O.;52
2025-11;Castilla y León;Soria;OTRAS GASOLINAS;17
2025-11;Castilla y León;Soria;FUELÓLEO  BIA;0
2025-11;Castilla y León;Soria;OTROS FUELÓLEOS;0
2025-11;Castilla y León;Soria;QUEROSENO AVIACIÓN;0
2025-11;Castilla y León;Soria;OTROS QUEROSENOS;0
2025-11;Castilla y León;Soria;GLP;278
2025-11;Castilla y León;Valladolid;BIODIESEL;219
2025-11;Castilla y León;Valladolid;GASÓLEO A;19517
2025-11;Castilla y León;Valladolid;GASÓLEO B;6654
2025-11;Castilla y León;Valladolid;GASÓLEO C;2163
2025-11;Castilla y León;Valladolid;OTROS GASOLEOS;0
2025-11;Castilla y León;Valladolid;BIOETANOL;0
2025-11;Castilla y León;Valladolid;GASOLINA  AUTO. S/PB 95 I.O.;5220
2025-11;Castilla y León;Valladolid;GASOLINA  AUTO. S/PB 98 I.O.;227
2025-11;Castilla y León;Valladolid;OTRAS GASOLINAS;4
2025-11;Castilla y León;Valladolid;FUELÓLEO  BIA;204
2025-11;Castilla y León;Valladolid;OTROS FUELÓLEOS;0
2025-11;Castilla y León;Valladolid;QUEROSENO AVIACIÓN;107
2025-11;Castilla y León;Valladolid;OTROS QUEROSENOS;0
2025-11;Castilla y León;Valladolid;GLP;932
2025-11;Castilla y León;Zamora;BIODIESEL;52
2025-11;Castilla y León;Zamora;GASÓLEO A;15998
2025-11;Castilla y León;Zamora;GASÓLEO B;6277
2025-11;Castilla y León;Zamora;GASÓLEO C;763
2025-11;Castilla y León;Zamora;OTROS GASOLEOS;0
2025-11;Castilla y León;Zamora;BIOETANOL;0
2025-11;Castilla y León;Zamora;GASOLINA  AUTO. S/PB 95 I.O.;1926
2025-11;Castilla y León;Zamora;GASOLINA  AUTO. S/PB 98 I.O.;102
2025-11;Castilla y León;Zamora;OTRAS GASOLINAS;0
2025-11;Castilla y León;Zamora;FUELÓLEO  BIA;0
2025-11;Castilla y León;Zamora;OTROS FUELÓLEOS;0
2025-11;Castilla y León;Zamora;QUEROSENO AVIACIÓN;0
2025-11;Castilla y León;Zamora;OTROS QUEROSENOS;0
2025-11;Castilla y León;Zamora;GLP;645
2025-11;Cataluña;Barcelona;BIODIESEL;1912
2025-11;Cataluña;Barcelona;GASÓLEO A;122020
2025-11;Cataluña;Barcelona;GASÓLEO B;22125
2025-11;Cataluña;Barcelona;GASÓLEO C;5705
2025-11;Cataluña;Barcelona;OTROS GASOLEOS;33248
2025-11;Cataluña;Barcelona;BIOETANOL;0
2025-11;Cataluña;Barcelona;GASOLINA  AUTO. S/PB 95 I.O.;59870
2025-11;Cataluña;Barcelona;GASOLINA  AUTO. S/PB 98 I.O.;2587
2025-11;Cataluña;Barcelona;OTRAS GASOLINAS;59
2025-11;Cataluña;Barcelona;FUELÓLEO  BIA;17819
2025-11;Cataluña;Barcelona;OTROS FUELÓLEOS;62315
2025-11;Cataluña;Barcelona;QUEROSENO AVIACIÓN;101829
2025-11;Cataluña;Barcelona;OTROS QUEROSENOS;0
2025-11;Cataluña;Barcelona;GLP;6045
2025-11;Cataluña;Girona;BIODIESEL;579
2025-11;Cataluña;Girona;GASÓLEO A;112890
2025-11;Cataluña;Girona;GASÓLEO B;5758
2025-11;Cataluña;Girona;GASÓLEO C;4179
2025-11;Cataluña;Girona;OTROS GASOLEOS;355
2025-11;Cataluña;Girona;BIOETANOL;0
2025-11;Cataluña;Girona;GASOLINA  AUTO. S/PB 95 I.O.;13348
2025-11;Cataluña;Girona;GASOLINA  AUTO. S/PB 98 I.O.;740
2025-11;Cataluña;Girona;OTRAS GASOLINAS;4
2025-11;Cataluña;Girona;FUELÓLEO  BIA;53
2025-11;Cataluña;Girona;OTROS FUELÓLEOS;0
2025-11;Cataluña;Girona;QUEROSENO AVIACIÓN;728
2025-11;Cataluña;Girona;OTROS QUEROSENOS;0
2025-11;Cataluña;Girona;GLP;2890
2025-11;Cataluña;Lleida;BIODIESEL;145
2025-11;Cataluña;Lleida;GASÓLEO A;24977
2025-11;Cataluña;Lleida;GASÓLEO B;8944
2025-11;Cataluña;Lleida;GASÓLEO C;1470
2025-11;Cataluña;Lleida;OTROS GASOLEOS;0
2025-11;Cataluña;Lleida;BIOETANOL;0
2025-11;Cataluña;Lleida;GASOLINA  AUTO. S/PB 95 I.O.;5967
2025-11;Cataluña;Lleida;GASOLINA  AUTO. S/PB 98 I.O.;289
2025-11;Cataluña;Lleida;OTRAS GASOLINAS;13
2025-11;Cataluña;Lleida;FUELÓLEO  BIA;102
2025-11;Cataluña;Lleida;OTROS FUELÓLEOS;0
2025-11;Cataluña;Lleida;QUEROSENO AVIACIÓN;140
2025-11;Cataluña;Lleida;OTROS QUEROSENOS;0
2025-11;Cataluña;Lleida;GLP;2535
2025-11;Cataluña;Tarragona;BIODIESEL;445
2025-11;Cataluña;Tarragona;GASÓLEO A;30696
2025-11;Cataluña;Tarragona;GASÓLEO B;5638
2025-11;Cataluña;Tarragona;GASÓLEO C;608
2025-11;Cataluña;Tarragona;OTROS GASOLEOS;1911
2025-11;Cataluña;Tarragona;BIOETANOL;0
2025-11;Cataluña;Tarragona;GASOLINA  AUTO. S/PB 95 I.O.;11363
2025-11;Cataluña;Tarragona;GASOLINA  AUTO. S/PB 98 I.O.;460
2025-11;Cataluña;Tarragona;OTRAS GASOLINAS;11
2025-11;Cataluña;Tarragona;FUELÓLEO  BIA;25
2025-11;Cataluña;Tarragona;OTROS FUELÓLEOS;0
2025-11;Cataluña;Tarragona;QUEROSENO AVIACIÓN;181
2025-11;Cataluña;Tarragona;OTROS QUEROSENOS;0
2025-11;Cataluña;Tarragona;GLP;1971
2025-11;Ceuta;Ceuta;BIODIESEL;0
2025-11;Ceuta;Ceuta;GASÓLEO A;858
2025-11;Ceuta;Ceuta;GASÓLEO B;0
2025-11;Ceuta;Ceuta;GASÓLEO C;27
2025-11;Ceuta;Ceuta;OTROS GASOLEOS;924
2025-11;Ceuta;Ceuta;BIOETANOL;0
2025-11;Ceuta;Ceuta;GASOLINA  AUTO. S/PB 95 I.O.;450
2025-11;Ceuta;Ceuta;GASOLINA  AUTO. S/PB 98 I.O.;56
2025-11;Ceuta;Ceuta;OTRAS GASOLINAS;0
2025-11;Ceuta;Ceuta;FUELÓLEO  BIA;2477
2025-11;Ceuta;Ceuta;OTROS FUELÓLEOS;21775
2025-11;Ceuta;Ceuta;QUEROSENO AVIACIÓN;54
2025-11;Ceuta;Ceuta;OTROS QUEROSENOS;0
2025-11;Ceuta;Ceuta;GLP;185
2025-11;Comunitat Valenciana;Alicante/Alacant;BIODIESEL;560
2025-11;Comunitat Valenciana;Alicante/Alacant;GASÓLEO A;49244
2025-11;Comunitat Valenciana;Alicante/Alacant;GASÓLEO B;4437
2025-11;Comunitat Valenciana;Alicante/Alacant;GASÓLEO C;2428
2025-11;Comunitat Valenciana;Alicante/Alacant;OTROS GASOLEOS;1246
2025-11;Comunitat Valenciana;Alicante/Alacant;BIOETANOL;0
2025-11;Comunitat Valenciana;Alicante/Alacant;GASOLINA  AUTO. S/PB 95 I.O.;23759
2025-11;Comunitat Valenciana;Alicante/Alacant;GASOLINA  AUTO. S/PB 98 I.O.;1126
2025-11;Comunitat Valenciana;Alicante/Alacant;OTRAS GASOLINAS;12
2025-11;Comunitat Valenciana;Alicante/Alacant;FUELÓLEO  BIA;133
2025-11;Comunitat Valenciana;Alicante/Alacant;OTROS FUELÓLEOS;0
2025-11;Comunitat Valenciana;Alicante/Alacant;QUEROSENO AVIACIÓN;26394
2025-11;Comunitat Valenciana;Alicante/Alacant;OTROS QUEROSENOS;0
2025-11;Comunitat Valenciana;Alicante/Alacant;GLP;5771
2025-11;Comunitat Valenciana;Castellón/Castelló;BIODIESEL;48
2025-11;Comunitat Valenciana;Castellón/Castelló;GASÓLEO A;21459
2025-11;Comunitat Valenciana;Castellón/Castelló;GASÓLEO B;1825
2025-11;Comunitat Valenciana;Castellón/Castelló;GASÓLEO C;623
2025-11;Comunitat Valenciana;Castellón/Castelló;OTROS GASOLEOS;16588
2025-11;Comunitat Valenciana;Castellón/Castelló;BIOETANOL;0
2025-11;Comunitat Valenciana;Castellón/Castelló;GASOLINA  AUTO. S/PB 95 I.O.;7299
2025-11;Comunitat Valenciana;Castellón/Castelló;GASOLINA  AUTO. S/PB 98 I.O.;276
2025-11;Comunitat Valenciana;Castellón/Castelló;OTRAS GASOLINAS;16
2025-11;Comunitat Valenciana;Castellón/Castelló;FUELÓLEO  BIA;0
2025-11;Comunitat Valenciana;Castellón/Castelló;OTROS FUELÓLEOS;0
2025-11;Comunitat Valenciana;Castellón/Castelló;QUEROSENO AVIACIÓN;329
2025-11;Comunitat Valenciana;Castellón/Castelló;OTROS QUEROSENOS;0
2025-11;Comunitat Valenciana;Castellón/Castelló;GLP;1548
2025-11;Comunitat Valenciana;Valencia/València;BIODIESEL;554
2025-11;Comunitat Valenciana;Valencia/València;GASÓLEO A;91229
2025-11;Comunitat Valenciana;Valencia/València;GASÓLEO B;12440
2025-11;Comunitat Valenciana;Valencia/València;GASÓLEO C;1562
2025-11;Comunitat Valenciana;Valencia/València;OTROS GASOLEOS;8673
2025-11;Comunitat Valenciana;Valencia/València;BIOETANOL;0
2025-11;Comunitat Valenciana;Valencia/València;GASOLINA  AUTO. S/PB 95 I.O.;28981
2025-11;Comunitat Valenciana;Valencia/València;GASOLINA  AUTO. S/PB 98 I.O.;1085
2025-11;Comunitat Valenciana;Valencia/València;OTRAS GASOLINAS;5
2025-11;Comunitat Valenciana;Valencia/València;FUELÓLEO  BIA;222
2025-11;Comunitat Valenciana;Valencia/València;OTROS FUELÓLEOS;21231
2025-11;Comunitat Valenciana;Valencia/València;QUEROSENO AVIACIÓN;13026
2025-11;Comunitat Valenciana;Valencia/València;OTROS QUEROSENOS;4
2025-11;Comunitat Valenciana;Valencia/València;GLP;4951
2025-11;Extremadura;Badajoz;BIODIESEL;222
2025-11;Extremadura;Badajoz;GASÓLEO A;37022
2025-11;Extremadura;Badajoz;GASÓLEO B;9310
2025-11;Extremadura;Badajoz;GASÓLEO C;650
2025-11;Extremadura;Badajoz;OTROS GASOLEOS;0
2025-11;Extremadura;Badajoz;BIOETANOL;0
2025-11;Extremadura;Badajoz;GASOLINA  AUTO. S/PB 95 I.O.;5509
2025-11;Extremadura;Badajoz;GASOLINA  AUTO. S/PB 98 I.O.;168
2025-11;Extremadura;Badajoz;OTRAS GASOLINAS;2
2025-11;Extremadura;Badajoz;FUELÓLEO  BIA;131
2025-11;Extremadura;Badajoz;OTROS FUELÓLEOS;0
2025-11;Extremadura;Badajoz;QUEROSENO AVIACIÓN;65
2025-11;Extremadura;Badajoz;OTROS QUEROSENOS;0
2025-11;Extremadura;Badajoz;GLP;2775
2025-11;Extremadura;Cáceres;BIODIESEL;119
2025-11;Extremadura;Cáceres;GASÓLEO A;17164
2025-11;Extremadura;Cáceres;GASÓLEO B;3721
2025-11;Extremadura;Cáceres;GASÓLEO C;883
2025-11;Extremadura;Cáceres;OTROS GASOLEOS;0
2025-11;Extremadura;Cáceres;BIOETANOL;0
2025-11;Extremadura;Cáceres;GASOLINA  AUTO. S/PB 95 I.O.;3844
2025-11;Extremadura;Cáceres;GASOLINA  AUTO. S/PB 98 I.O.;128
2025-11;Extremadura;Cáceres;OTRAS GASOLINAS;0
2025-11;Extremadura;Cáceres;FUELÓLEO  BIA;175
2025-11;Extremadura;Cáceres;OTROS FUELÓLEOS;0
2025-11;Extremadura;Cáceres;QUEROSENO AVIACIÓN;0
2025-11;Extremadura;Cáceres;OTROS QUEROSENOS;0
2025-11;Extremadura;Cáceres;GLP;1745
2025-11;Galicia;Coruña, A;BIODIESEL;282
2025-11;Galicia;Coruña, A;GASÓLEO A;39200
2025-11;Galicia;Coruña, A;GASÓLEO B;7039
2025-11;Galicia;Coruña, A;GASÓLEO C;5690
2025-11;Galicia;Coruña, A;OTROS GASOLEOS;3145
2025-11;Galicia;Coruña, A;BIOETANOL;0
2025-11;Galicia;Coruña, A;GASOLINA  AUTO. S/PB 95 I.O.;10182
2025-11;Galicia;Coruña, A;GASOLINA  AUTO. S/PB 98 I.O.;414
2025-11;Galicia;Coruña, A;OTRAS GASOLINAS;3
2025-11;Galicia;Coruña, A;FUELÓLEO  BIA;3784
2025-11;Galicia;Coruña, A;OTROS FUELÓLEOS;781
2025-11;Galicia;Coruña, A;QUEROSENO AVIACIÓN;3197
2025-11;Galicia;Coruña, A;OTROS QUEROSENOS;0
2025-11;Galicia;Coruña, A;GLP;3376
2025-11;Galicia;Lugo;BIODIESEL;109
2025-11;Galicia;Lugo;GASÓLEO A;16413
2025-11;Galicia;Lugo;GASÓLEO B;4285
2025-11;Galicia;Lugo;GASÓLEO C;3387
2025-11;Galicia;Lugo;OTROS GASOLEOS;1504
2025-11;Galicia;Lugo;BIOETANOL;0
2025-11;Galicia;Lugo;GASOLINA  AUTO. S/PB 95 I.O.;2746
2025-11;Galicia;Lugo;GASOLINA  AUTO. S/PB 98 I.O.;124
2025-11;Galicia;Lugo;OTRAS GASOLINAS;8
2025-11;Galicia;Lugo;FUELÓLEO  BIA;25
2025-11;Galicia;Lugo;OTROS FUELÓLEOS;0
2025-11;Galicia;Lugo;QUEROSENO AVIACIÓN;0
2025-11;Galicia;Lugo;OTROS QUEROSENOS;0
2025-11;Galicia;Lugo;GLP;1604
2025-11;Galicia;Ourense;BIODIESEL;113
2025-11;Galicia;Ourense;GASÓLEO A;12765
2025-11;Galicia;Ourense;GASÓLEO B;2114
2025-11;Galicia;Ourense;GASÓLEO C;4714
2025-11;Galicia;Ourense;OTROS GASOLEOS;0
2025-11;Galicia;Ourense;BIOETANOL;0
2025-11;Galicia;Ourense;GASOLINA  AUTO. S/PB 95 I.O.;2648
2025-11;Galicia;Ourense;GASOLINA  AUTO. S/PB 98 I.O.;155
2025-11;Galicia;Ourense;OTRAS GASOLINAS;0
2025-11;Galicia;Ourense;FUELÓLEO  BIA;78
2025-11;Galicia;Ourense;OTROS FUELÓLEOS;0
2025-11;Galicia;Ourense;QUEROSENO AVIACIÓN;0
2025-11;Galicia;Ourense;OTROS QUEROSENOS;0
2025-11;Galicia;Ourense;GLP;1526
2025-11;Galicia;Pontevedra;BIODIESEL;229
2025-11;Galicia;Pontevedra;GASÓLEO A;34645
2025-11;Galicia;Pontevedra;GASÓLEO B;4929
2025-11;Galicia;Pontevedra;GASÓLEO C;5943
2025-11;Galicia;Pontevedra;OTROS GASOLEOS;4618
2025-11;Galicia;Pontevedra;BIOETANOL;0
2025-11;Galicia;Pontevedra;GASOLINA  AUTO. S/PB 95 I.O.;8186
2025-11;Galicia;Pontevedra;GASOLINA  AUTO. S/PB 98 I.O.;417
2025-11;Galicia;Pontevedra;OTRAS GASOLINAS;2
2025-11;Galicia;Pontevedra;FUELÓLEO  BIA;551
2025-11;Galicia;Pontevedra;OTROS FUELÓLEOS;446
2025-11;Galicia;Pontevedra;QUEROSENO AVIACIÓN;956
2025-11;Galicia;Pontevedra;OTROS QUEROSENOS;0
2025-11;Galicia;Pontevedra;GLP;3223
2025-11;Madrid, Comunidad de;Madrid;BIODIESEL;3118
2025-11;Madrid, Comunidad de;Madrid;GASÓLEO A;143168
2025-11;Madrid, Comunidad de;Madrid;GASÓLEO B;11920
2025-11;Madrid, Comunidad de;Madrid;GASÓLEO C;18924
2025-11;Madrid, Comunidad de;Madrid;OTROS GASOLEOS;0
2025-11;Madrid, Comunidad de;Madrid;BIOETANOL;0
2025-11;Madrid, Comunidad de;Madrid;GASOLINA  AUTO. S/PB 95 I.O.;74579
2025-11;Madrid, Comunidad de;Madrid;GASOLINA  AUTO. S/PB 98 I.O.;2667
2025-11;Madrid, Comunidad de;Madrid;OTRAS GASOLINAS;58
2025-11;Madrid, Comunidad de;Madrid;FUELÓLEO  BIA;187
2025-11;Madrid, Comunidad de;Madrid;OTROS FUELÓLEOS;0
2025-11;Madrid, Comunidad de;Madrid;QUEROSENO AVIACIÓN;231503
2025-11;Madrid, Comunidad de;Madrid;OTROS QUEROSENOS;0
2025-11;Madrid, Comunidad de;Madrid;GLP;9607
2025-11;Melilla;Melilla;BIODIESEL;0
2025-11;Melilla;Melilla;GASÓLEO A;964
2025-11;Melilla;Melilla;GASÓLEO B;0
2025-11;Melilla;Melilla;GASÓLEO C;0
2025-11;Melilla;Melilla;OTROS GASOLEOS;0
2025-11;Melilla;Melilla;BIOETANOL;0
2025-11;Melilla;Melilla;GASOLINA  AUTO. S/PB 95 I.O.;537
2025-11;Melilla;Melilla;GASOLINA  AUTO. S/PB 98 I.O.;0
2025-11;Melilla;Melilla;OTRAS GASOLINAS;0
2025-11;Melilla;Melilla;FUELÓLEO  BIA;2684
2025-11;Melilla;Melilla;OTROS FUELÓLEOS;0
2025-11;Melilla;Melilla;QUEROSENO AVIACIÓN;171
2025-11;Melilla;Melilla;OTROS QUEROSENOS;0
2025-11;Melilla;Melilla;GLP;177
2025-11;Murcia, Región de;Murcia;BIODIESEL;1680
2025-11;Murcia, Región de;Murcia;GASÓLEO A;74154
2025-11;Murcia, Región de;Murcia;GASÓLEO B;12507
2025-11;Murcia, Región de;Murcia;GASÓLEO C;1170
2025-11;Murcia, Región de;Murcia;OTROS GASOLEOS;1629
2025-11;Murcia, Región de;Murcia;BIOETANOL;0
2025-11;Murcia, Región de;Murcia;GASOLINA  AUTO. S/PB 95 I.O.;14534
2025-11;Murcia, Región de;Murcia;GASOLINA  AUTO. S/PB 98 I.O.;720
2025-11;Murcia, Región de;Murcia;OTRAS GASOLINAS;10
2025-11;Murcia, Región de;Murcia;FUELÓLEO  BIA;207
2025-11;Murcia, Región de;Murcia;OTROS FUELÓLEOS;0
2025-11;Murcia, Región de;Murcia;QUEROSENO AVIACIÓN;976
2025-11;Murcia, Región de;Murcia;OTROS QUEROSENOS;0
2025-11;Murcia, Región de;Murcia;GLP;3835
2025-11;Navarra, Comunidad Foral de;Navarra;BIODIESEL;541
2025-11;Navarra, Comunidad Foral de;Navarra;GASÓLEO A;52132
2025-11;Navarra, Comunidad Foral de;Navarra;GASÓLEO B;7961
2025-11;Navarra, Comunidad Foral de;Navarra;GASÓLEO C;1090
2025-11;Navarra, Comunidad Foral de;Navarra;OTROS GASOLEOS;0
2025-11;Navarra, Comunidad Foral de;Navarra;BIOETANOL;0
2025-11;Navarra, Comunidad Foral de;Navarra;GASOLINA  AUTO. S/PB 95 I.O.;7133
2025-11;Navarra, Comunidad Foral de;Navarra;GASOLINA  AUTO. S/PB 98 I.O.;223
2025-11;Navarra, Comunidad Foral de;Navarra;OTRAS GASOLINAS;2
2025-11;Navarra, Comunidad Foral de;Navarra;FUELÓLEO  BIA;348
2025-11;Navarra, Comunidad Foral de;Navarra;OTROS FUELÓLEOS;0
2025-11;Navarra, Comunidad Foral de;Navarra;QUEROSENO AVIACIÓN;84
2025-11;Navarra, Comunidad Foral de;Navarra;OTROS QUEROSENOS;0
2025-11;Navarra, Comunidad Foral de;Navarra;GLP;1261
2025-11;País Vasco;Araba/Álava;BIODIESEL;334
2025-11;País Vasco;Araba/Álava;GASÓLEO A;46051
2025-11;País Vasco;Araba/Álava;GASÓLEO B;2954
2025-11;País Vasco;Araba/Álava;GASÓLEO C;907
2025-11;País Vasco;Araba/Álava;OTROS GASOLEOS;0
2025-11;País Vasco;Araba/Álava;BIOETANOL;0
2025-11;País Vasco;Araba/Álava;GASOLINA  AUTO. S/PB 95 I.O.;2523
2025-11;País Vasco;Araba/Álava;GASOLINA  AUTO. S/PB 98 I.O.;167
2025-11;País Vasco;Araba/Álava;OTRAS GASOLINAS;1
2025-11;País Vasco;Araba/Álava;FUELÓLEO  BIA;0
2025-11;País Vasco;Araba/Álava;OTROS FUELÓLEOS;0
2025-11;País Vasco;Araba/Álava;QUEROSENO AVIACIÓN;1294
2025-11;País Vasco;Araba/Álava;OTROS QUEROSENOS;0
2025-11;País Vasco;Araba/Álava;GLP;441
2025-11;País Vasco;Bizkaia;BIODIESEL;763
2025-11;País Vasco;Bizkaia;GASÓLEO A;29199
2025-11;País Vasco;Bizkaia;GASÓLEO B;9299
2025-11;País Vasco;Bizkaia;GASÓLEO C;3734
2025-11;País Vasco;Bizkaia;OTROS GASOLEOS;1024
2025-11;País Vasco;Bizkaia;BIOETANOL;0
2025-11;País Vasco;Bizkaia;GASOLINA  AUTO. S/PB 95 I.O.;8267
2025-11;País Vasco;Bizkaia;GASOLINA  AUTO. S/PB 98 I.O.;380
2025-11;País Vasco;Bizkaia;OTRAS GASOLINAS;1
2025-11;País Vasco;Bizkaia;FUELÓLEO  BIA;135
2025-11;País Vasco;Bizkaia;OTROS FUELÓLEOS;0
2025-11;País Vasco;Bizkaia;QUEROSENO AVIACIÓN;5697
2025-11;País Vasco;Bizkaia;OTROS QUEROSENOS;2
2025-11;País Vasco;Bizkaia;GLP;1338
2025-11;País Vasco;Gipuzkoa;BIODIESEL;344
2025-11;País Vasco;Gipuzkoa;GASÓLEO A;60259
2025-11;País Vasco;Gipuzkoa;GASÓLEO B;1593
2025-11;País Vasco;Gipuzkoa;GASÓLEO C;252
2025-11;País Vasco;Gipuzkoa;OTROS GASOLEOS;495
2025-11;País Vasco;Gipuzkoa;BIOETANOL;0
2025-11;País Vasco;Gipuzkoa;GASOLINA  AUTO. S/PB 95 I.O.;6475
2025-11;País Vasco;Gipuzkoa;GASOLINA  AUTO. S/PB 98 I.O.;373
2025-11;País Vasco;Gipuzkoa;OTRAS GASOLINAS;0
2025-11;País Vasco;Gipuzkoa;FUELÓLEO  BIA;52
2025-11;País Vasco;Gipuzkoa;OTROS FUELÓLEOS;0
2025-11;País Vasco;Gipuzkoa;QUEROSENO AVIACIÓN;357
2025-11;País Vasco;Gipuzkoa;OTROS QUEROSENOS;0
2025-11;País Vasco;Gipuzkoa;GLP;1344
2025-11;Rioja, La;Rioja, La;BIODIESEL;143
2025-11;Rioja, La;Rioja, La;GASÓLEO A;12907
2025-11;Rioja, La;Rioja, La;GASÓLEO B;3658
2025-11;Rioja, La;Rioja, La;GASÓLEO C;1747
2025-11;Rioja, La;Rioja, La;OTROS GASOLEOS;0
2025-11;Rioja, La;Rioja, La;BIOETANOL;0
2025-11;Rioja, La;Rioja, La;GASOLINA  AUTO. S/PB 95 I.O.;2691
2025-11;Rioja, La;Rioja, La;GASOLINA  AUTO. S/PB 98 I.O.;86
2025-11;Rioja, La;Rioja, La;OTRAS GASOLINAS;8
2025-11;Rioja, La;Rioja, La;FUELÓLEO  BIA;38
2025-11;Rioja, La;Rioja, La;OTROS FUELÓLEOS;0
2025-11;Rioja, La;Rioja, La;QUEROSENO AVIACIÓN;29
2025-11;Rioja, La;Rioja, La;OTROS QUEROSENOS;0
2025-11;Rioja, La;Rioja, La;GLP;559
2025-12;Andalucía;Almería;BIODIESEL;245
2025-12;Andalucía;Almería;GASÓLEO A;35083
2025-12;Andalucía;Almería;GASÓLEO B;6551
2025-12;Andalucía;Almería;GASÓLEO C;674
2025-12;Andalucía;Almería;OTROS GASOLEOS;793
2025-12;Andalucía;Almería;BIOETANOL;0
2025-12;Andalucía;Almería;GASOLINA  AUTO. S/PB 95 I.O.;6992
2025-12;Andalucía;Almería;GASOLINA  AUTO. S/PB 98 I.O.;357
2025-12;Andalucía;Almería;OTRAS GASOLINAS;1
2025-12;Andalucía;Almería;FUELÓLEO  BIA;186
2025-12;Andalucía;Almería;OTROS FUELÓLEOS;536
2025-12;Andalucía;Almería;QUEROSENO AVIACIÓN;611
2025-12;Andalucía;Almería;OTROS QUEROSENOS;0
2025-12;Andalucía;Almería;GLP;3264
2025-12;Andalucía;Cádiz;BIODIESEL;113
2025-12;Andalucía;Cádiz;GASÓLEO A;32685
2025-12;Andalucía;Cádiz;GASÓLEO B;6119
2025-12;Andalucía;Cádiz;GASÓLEO C;395
2025-12;Andalucía;Cádiz;OTROS GASOLEOS;33315
2025-12;Andalucía;Cádiz;BIOETANOL;0
2025-12;Andalucía;Cádiz;GASOLINA  AUTO. S/PB 95 I.O.;12441
2025-12;Andalucía;Cádiz;GASOLINA  AUTO. S/PB 98 I.O.;522
2025-12;Andalucía;Cádiz;OTRAS GASOLINAS;20
2025-12;Andalucía;Cádiz;FUELÓLEO  BIA;25959
2025-12;Andalucía;Cádiz;OTROS FUELÓLEOS;213183
2025-12;Andalucía;Cádiz;QUEROSENO AVIACIÓN;741
2025-12;Andalucía;Cádiz;OTROS QUEROSENOS;0
2025-12;Andalucía;Cádiz;GLP;4393
2025-12;Andalucía;Córdoba;BIODIESEL;238
2025-12;Andalucía;Córdoba;GASÓLEO A;31135
2025-12;Andalucía;Córdoba;GASÓLEO B;9168
2025-12;Andalucía;Córdoba;GASÓLEO C;1109
2025-12;Andalucía;Córdoba;OTROS GASOLEOS;0
2025-12;Andalucía;Córdoba;BIOETANOL;0
2025-12;Andalucía;Córdoba;GASOLINA  AUTO. S/PB 95 I.O.;6591
2025-12;Andalucía;Córdoba;GASOLINA  AUTO. S/PB 98 I.O.;152
2025-12;Andalucía;Córdoba;OTRAS GASOLINAS;4
2025-12;Andalucía;Córdoba;FUELÓLEO  BIA;113
2025-12;Andalucía;Córdoba;OTROS FUELÓLEOS;0
2025-12;Andalucía;Córdoba;QUEROSENO AVIACIÓN;31
2025-12;Andalucía;Córdoba;OTROS QUEROSENOS;0
2025-12;Andalucía;Córdoba;GLP;2486
2025-12;Andalucía;Granada;BIODIESEL;119
2025-12;Andalucía;Granada;GASÓLEO A;35035
2025-12;Andalucía;Granada;GASÓLEO B;7522
2025-12;Andalucía;Granada;GASÓLEO C;4990
2025-12;Andalucía;Granada;OTROS GASOLEOS;498
2025-12;Andalucía;Granada;BIOETANOL;0
2025-12;Andalucía;Granada;GASOLINA  AUTO. S/PB 95 I.O.;10182
2025-12;Andalucía;Granada;GASOLINA  AUTO. S/PB 98 I.O.;496
2025-12;Andalucía;Granada;OTRAS GASOLINAS;4
2025-12;Andalucía;Granada;FUELÓLEO  BIA;77
2025-12;Andalucía;Granada;OTROS FUELÓLEOS;454
2025-12;Andalucía;Granada;QUEROSENO AVIACIÓN;1282
2025-12;Andalucía;Granada;OTROS QUEROSENOS;0
2025-12;Andalucía;Granada;GLP;4199
2025-12;Andalucía;Huelva;BIODIESEL;283
2025-12;Andalucía;Huelva;GASÓLEO A;24255
2025-12;Andalucía;Huelva;GASÓLEO B;9074
2025-12;Andalucía;Huelva;GASÓLEO C;281
2025-12;Andalucía;Huelva;OTROS GASOLEOS;4542
2025-12;Andalucía;Huelva;BIOETANOL;0
2025-12;Andalucía;Huelva;GASOLINA  AUTO. S/PB 95 I.O.;5564
2025-12;Andalucía;Huelva;GASOLINA  AUTO. S/PB 98 I.O.;181
2025-12;Andalucía;Huelva;OTRAS GASOLINAS;0
2025-12;Andalucía;Huelva;FUELÓLEO  BIA;581
2025-12;Andalucía;Huelva;OTROS FUELÓLEOS;9816
2025-12;Andalucía;Huelva;QUEROSENO AVIACIÓN;0
2025-12;Andalucía;Huelva;OTROS QUEROSENOS;0
2025-12;Andalucía;Huelva;GLP;3138
2025-12;Andalucía;Jaén;BIODIESEL;353
2025-12;Andalucía;Jaén;GASÓLEO A;32973
2025-12;Andalucía;Jaén;GASÓLEO B;6318
2025-12;Andalucía;Jaén;GASÓLEO C;1986
2025-12;Andalucía;Jaén;OTROS GASOLEOS;0
2025-12;Andalucía;Jaén;BIOETANOL;0
2025-12;Andalucía;Jaén;GASOLINA  AUTO. S/PB 95 I.O.;6591
2025-12;Andalucía;Jaén;GASOLINA  AUTO. S/PB 98 I.O.;206
2025-12;Andalucía;Jaén;OTRAS GASOLINAS;0
2025-12;Andalucía;Jaén;FUELÓLEO  BIA;153
2025-12;Andalucía;Jaén;OTROS FUELÓLEOS;0
2025-12;Andalucía;Jaén;QUEROSENO AVIACIÓN;0
2025-12;Andalucía;Jaén;OTROS QUEROSENOS;0
2025-12;Andalucía;Jaén;GLP;2112
2025-12;Andalucía;Málaga;BIODIESEL;225
2025-12;Andalucía;Málaga;GASÓLEO A;48647
2025-12;Andalucía;Málaga;GASÓLEO B;4997
2025-12;Andalucía;Málaga;GASÓLEO C;734
2025-12;Andalucía;Málaga;OTROS GASOLEOS;741
2025-12;Andalucía;Málaga;BIOETANOL;0
2025-12;Andalucía;Málaga;GASOLINA  AUTO. S/PB 95 I.O.;20193
2025-12;Andalucía;Málaga;GASOLINA  AUTO. S/PB 98 I.O.;1265
2025-12;Andalucía;Málaga;OTRAS GASOLINAS;13
2025-12;Andalucía;Málaga;FUELÓLEO  BIA;46
2025-12;Andalucía;Málaga;OTROS FUELÓLEOS;0
2025-12;Andalucía;Málaga;QUEROSENO AVIACIÓN;30988
2025-12;Andalucía;Málaga;OTROS QUEROSENOS;0
2025-12;Andalucía;Málaga;GLP;6386
2025-12;Andalucía;Sevilla;BIODIESEL;335
2025-12;Andalucía;Sevilla;GASÓLEO A;58624
2025-12;Andalucía;Sevilla;GASÓLEO B;8908
2025-12;Andalucía;Sevilla;GASÓLEO C;714
2025-12;Andalucía;Sevilla;OTROS GASOLEOS;1269
2025-12;Andalucía;Sevilla;BIOETANOL;0
2025-12;Andalucía;Sevilla;GASOLINA  AUTO. S/PB 95 I.O.;18765
2025-12;Andalucía;Sevilla;GASOLINA  AUTO. S/PB 98 I.O.;535
2025-12;Andalucía;Sevilla;OTRAS GASOLINAS;3
2025-12;Andalucía;Sevilla;FUELÓLEO  BIA;209
2025-12;Andalucía;Sevilla;OTROS FUELÓLEOS;22
2025-12;Andalucía;Sevilla;QUEROSENO AVIACIÓN;13211
2025-12;Andalucía;Sevilla;OTROS QUEROSENOS;0
2025-12;Andalucía;Sevilla;GLP;6589
2025-12;Aragón;Huesca;BIODIESEL;241
2025-12;Aragón;Huesca;GASÓLEO A;14453
2025-12;Aragón;Huesca;GASÓLEO B;9478
2025-12;Aragón;Huesca;GASÓLEO C;2341
2025-12;Aragón;Huesca;OTROS GASOLEOS;0
2025-12;Aragón;Huesca;BIOETANOL;0
2025-12;Aragón;Huesca;GASOLINA  AUTO. S/PB 95 I.O.;3684
2025-12;Aragón;Huesca;GASOLINA  AUTO. S/PB 98 I.O.;194
2025-12;Aragón;Huesca;OTRAS GASOLINAS;0
2025-12;Aragón;Huesca;FUELÓLEO  BIA;49
2025-12;Aragón;Huesca;OTROS FUELÓLEOS;0
2025-12;Aragón;Huesca;QUEROSENO AVIACIÓN;29
2025-12;Aragón;Huesca;OTROS QUEROSENOS;0
2025-12;Aragón;Huesca;GLP;3174
2025-12;Aragón;Teruel;BIODIESEL;78
2025-12;Aragón;Teruel;GASÓLEO A;9289
2025-12;Aragón;Teruel;GASÓLEO B;4551
2025-12;Aragón;Teruel;GASÓLEO C;2981
2025-12;Aragón;Teruel;OTROS GASOLEOS;0
2025-12;Aragón;Teruel;BIOETANOL;0
2025-12;Aragón;Teruel;GASOLINA  AUTO. S/PB 95 I.O.;1837
2025-12;Aragón;Teruel;GASOLINA  AUTO. S/PB 98 I.O.;88
2025-12;Aragón;Teruel;OTRAS GASOLINAS;0
2025-12;Aragón;Teruel;FUELÓLEO  BIA;52
2025-12;Aragón;Teruel;OTROS FUELÓLEOS;0
2025-12;Aragón;Teruel;QUEROSENO AVIACIÓN;143
2025-12;Aragón;Teruel;OTROS QUEROSENOS;0
2025-12;Aragón;Teruel;GLP;932
2025-12;Aragón;Zaragoza;BIODIESEL;1811
2025-12;Aragón;Zaragoza;GASÓLEO A;42660
2025-12;Aragón;Zaragoza;GASÓLEO B;11738
2025-12;Aragón;Zaragoza;GASÓLEO C;9689
2025-12;Aragón;Zaragoza;OTROS GASOLEOS;0
2025-12;Aragón;Zaragoza;BIOETANOL;0
2025-12;Aragón;Zaragoza;GASOLINA  AUTO. S/PB 95 I.O.;10916
2025-12;Aragón;Zaragoza;GASOLINA  AUTO. S/PB 98 I.O.;461
2025-12;Aragón;Zaragoza;OTRAS GASOLINAS;2
2025-12;Aragón;Zaragoza;FUELÓLEO  BIA;0
2025-12;Aragón;Zaragoza;OTROS FUELÓLEOS;344
2025-12;Aragón;Zaragoza;QUEROSENO AVIACIÓN;11065
2025-12;Aragón;Zaragoza;OTROS QUEROSENOS;0
2025-12;Aragón;Zaragoza;GLP;2901
2025-12;Asturias, Principado de;Asturias;BIODIESEL;412
2025-12;Asturias, Principado de;Asturias;GASÓLEO A;32054
2025-12;Asturias, Principado de;Asturias;GASÓLEO B;7449
2025-12;Asturias, Principado de;Asturias;GASÓLEO C;4633
2025-12;Asturias, Principado de;Asturias;OTROS GASOLEOS;2378
2025-12;Asturias, Principado de;Asturias;BIOETANOL;0
2025-12;Asturias, Principado de;Asturias;GASOLINA  AUTO. S/PB 95 I.O.;9485
2025-12;Asturias, Principado de;Asturias;GASOLINA  AUTO. S/PB 98 I.O.;603
2025-12;Asturias, Principado de;Asturias;OTRAS GASOLINAS;1
2025-12;Asturias, Principado de;Asturias;FUELÓLEO  BIA;432
2025-12;Asturias, Principado de;Asturias;OTROS FUELÓLEOS;54
2025-12;Asturias, Principado de;Asturias;QUEROSENO AVIACIÓN;1925
2025-12;Asturias, Principado de;Asturias;OTROS QUEROSENOS;0
2025-12;Asturias, Principado de;Asturias;GLP;3400
2025-12;Balears, Illes;Balears, Illes;BIODIESEL;0
2025-12;Balears, Illes;Balears, Illes;GASÓLEO A;22167
2025-12;Balears, Illes;Balears, Illes;GASÓLEO B;3707
2025-12;Balears, Illes;Balears, Illes;GASÓLEO C;10753
2025-12;Balears, Illes;Balears, Illes;OTROS GASOLEOS;2020
2025-12;Balears, Illes;Balears, Illes;BIOETANOL;0
2025-12;Balears, Illes;Balears, Illes;GASOLINA  AUTO. S/PB 95 I.O.;16517
2025-12;Balears, Illes;Balears, Illes;GASOLINA  AUTO. S/PB 98 I.O.;872
2025-12;Balears, Illes;Balears, Illes;OTRAS GASOLINAS;19
2025-12;Balears, Illes;Balears, Illes;FUELÓLEO  BIA;0
2025-12;Balears, Illes;Balears, Illes;OTROS FUELÓLEOS;0
2025-12;Balears, Illes;Balears, Illes;QUEROSENO AVIACIÓN;16099
2025-12;Balears, Illes;Balears, Illes;OTROS QUEROSENOS;0
2025-12;Balears, Illes;Balears, Illes;GLP;4514
2025-12;Canarias;Palmas, Las;BIODIESEL;495
2025-12;Canarias;Palmas, Las;GASÓLEO A;27542
2025-12;Canarias;Palmas, Las;GASÓLEO B;0
2025-12;Canarias;Palmas, Las;GASÓLEO C;0
2025-12;Canarias;Palmas, Las;OTROS GASOLEOS;90453
2025-12;Canarias;Palmas, Las;BIOETANOL;0
2025-12;Canarias;Palmas, Las;GASOLINA  AUTO. S/PB 95 I.O.;20617
2025-12;Canarias;Palmas, Las;GASOLINA  AUTO. S/PB 98 I.O.;3836
2025-12;Canarias;Palmas, Las;OTRAS GASOLINAS;3
2025-12;Canarias;Palmas, Las;FUELÓLEO  BIA;136147
2025-12;Canarias;Palmas, Las;OTROS FUELÓLEOS;54137
2025-12;Canarias;Palmas, Las;QUEROSENO AVIACIÓN;60837
2025-12;Canarias;Palmas, Las;OTROS QUEROSENOS;0
2025-12;Canarias;Palmas, Las;GLP;3730
2025-12;Canarias;Santa Cruz de Tenerife;BIODIESEL;262
2025-12;Canarias;Santa Cruz de Tenerife;GASÓLEO A;27144
2025-12;Canarias;Santa Cruz de Tenerife;GASÓLEO B;0
2025-12;Canarias;Santa Cruz de Tenerife;GASÓLEO C;0
2025-12;Canarias;Santa Cruz de Tenerife;OTROS GASOLEOS;60253
2025-12;Canarias;Santa Cruz de Tenerife;BIOETANOL;0
2025-12;Canarias;Santa Cruz de Tenerife;GASOLINA  AUTO. S/PB 95 I.O.;19674
2025-12;Canarias;Santa Cruz de Tenerife;GASOLINA  AUTO. S/PB 98 I.O.;5267
2025-12;Canarias;Santa Cruz de Tenerife;OTRAS GASOLINAS;0
2025-12;Canarias;Santa Cruz de Tenerife;FUELÓLEO  BIA;21665
2025-12;Canarias;Santa Cruz de Tenerife;OTROS FUELÓLEOS;26260
2025-12;Canarias;Santa Cruz de Tenerife;QUEROSENO AVIACIÓN;57200
2025-12;Canarias;Santa Cruz de Tenerife;OTROS QUEROSENOS;0
2025-12;Canarias;Santa Cruz de Tenerife;GLP;4748
2025-12;Cantabria;Cantabria;BIODIESEL;549
2025-12;Cantabria;Cantabria;GASÓLEO A;24489
2025-12;Cantabria;Cantabria;GASÓLEO B;5939
2025-12;Cantabria;Cantabria;GASÓLEO C;186
2025-12;Cantabria;Cantabria;OTROS GASOLEOS;535
2025-12;Cantabria;Cantabria;BIOETANOL;0
2025-12;Cantabria;Cantabria;GASOLINA  AUTO. S/PB 95 I.O.;7685
2025-12;Cantabria;Cantabria;GASOLINA  AUTO. S/PB 98 I.O.;329
2025-12;Cantabria;Cantabria;OTRAS GASOLINAS;0
2025-12;Cantabria;Cantabria;FUELÓLEO  BIA;253
2025-12;Cantabria;Cantabria;OTROS FUELÓLEOS;0
2025-12;Cantabria;Cantabria;QUEROSENO AVIACIÓN;925
2025-12;Cantabria;Cantabria;OTROS QUEROSENOS;0
2025-12;Cantabria;Cantabria;GLP;2924
2025-12;Castilla - La Mancha;Albacete;BIODIESEL;271
2025-12;Castilla - La Mancha;Albacete;GASÓLEO A;19068
2025-12;Castilla - La Mancha;Albacete;GASÓLEO B;6579
2025-12;Castilla - La Mancha;Albacete;GASÓLEO C;3696
2025-12;Castilla - La Mancha;Albacete;OTROS GASOLEOS;0
2025-12;Castilla - La Mancha;Albacete;BIOETANOL;0
2025-12;Castilla - La Mancha;Albacete;GASOLINA  AUTO. S/PB 95 I.O.;4102
2025-12;Castilla - La Mancha;Albacete;GASOLINA  AUTO. S/PB 98 I.O.;178
2025-12;Castilla - La Mancha;Albacete;OTRAS GASOLINAS;0
2025-12;Castilla - La Mancha;Albacete;FUELÓLEO  BIA;0
2025-12;Castilla - La Mancha;Albacete;OTROS FUELÓLEOS;0
2025-12;Castilla - La Mancha;Albacete;QUEROSENO AVIACIÓN;31
2025-12;Castilla - La Mancha;Albacete;OTROS QUEROSENOS;0
2025-12;Castilla - La Mancha;Albacete;GLP;1759
2025-12;Castilla - La Mancha;Ciudad Real;BIODIESEL;693
2025-12;Castilla - La Mancha;Ciudad Real;GASÓLEO A;24530
2025-12;Castilla - La Mancha;Ciudad Real;GASÓLEO B;9759
2025-12;Castilla - La Mancha;Ciudad Real;GASÓLEO C;4522
2025-12;Castilla - La Mancha;Ciudad Real;OTROS GASOLEOS;0
2025-12;Castilla - La Mancha;Ciudad Real;BIOETANOL;0
2025-12;Castilla - La Mancha;Ciudad Real;GASOLINA  AUTO. S/PB 95 I.O.;5275
2025-12;Castilla - La Mancha;Ciudad Real;GASOLINA  AUTO. S/PB 98 I.O.;166
2025-12;Castilla - La Mancha;Ciudad Real;OTRAS GASOLINAS;0
2025-12;Castilla - La Mancha;Ciudad Real;FUELÓLEO  BIA;85
2025-12;Castilla - La Mancha;Ciudad Real;OTROS FUELÓLEOS;0
2025-12;Castilla - La Mancha;Ciudad Real;QUEROSENO AVIACIÓN;0
2025-12;Castilla - La Mancha;Ciudad Real;OTROS QUEROSENOS;0
2025-12;Castilla - La Mancha;Ciudad Real;GLP;1662
2025-12;Castilla - La Mancha;Cuenca;BIODIESEL;169
2025-12;Castilla - La Mancha;Cuenca;GASÓLEO A;14790
2025-12;Castilla - La Mancha;Cuenca;GASÓLEO B;10340
2025-12;Castilla - La Mancha;Cuenca;GASÓLEO C;2390
2025-12;Castilla - La Mancha;Cuenca;OTROS GASOLEOS;0
2025-12;Castilla - La Mancha;Cuenca;BIOETANOL;0
2025-12;Castilla - La Mancha;Cuenca;GASOLINA  AUTO. S/PB 95 I.O.;3013
2025-12;Castilla - La Mancha;Cuenca;GASOLINA  AUTO. S/PB 98 I.O.;121
2025-12;Castilla - La Mancha;Cuenca;OTRAS GASOLINAS;0
2025-12;Castilla - La Mancha;Cuenca;FUELÓLEO  BIA;0
2025-12;Castilla - La Mancha;Cuenca;OTROS FUELÓLEOS;0
2025-12;Castilla - La Mancha;Cuenca;QUEROSENO AVIACIÓN;29
2025-12;Castilla - La Mancha;Cuenca;OTROS QUEROSENOS;0
2025-12;Castilla - La Mancha;Cuenca;GLP;1271
2025-12;Castilla - La Mancha;Guadalajara;BIODIESEL;294
2025-12;Castilla - La Mancha;Guadalajara;GASÓLEO A;12392
2025-12;Castilla - La Mancha;Guadalajara;GASÓLEO B;5636
2025-12;Castilla - La Mancha;Guadalajara;GASÓLEO C;2996
2025-12;Castilla - La Mancha;Guadalajara;OTROS GASOLEOS;0
2025-12;Castilla - La Mancha;Guadalajara;BIOETANOL;0
2025-12;Castilla - La Mancha;Guadalajara;GASOLINA  AUTO. S/PB 95 I.O.;4470
2025-12;Castilla - La Mancha;Guadalajara;GASOLINA  AUTO. S/PB 98 I.O.;151
2025-12;Castilla - La Mancha;Guadalajara;OTRAS GASOLINAS;0
2025-12;Castilla - La Mancha;Guadalajara;FUELÓLEO  BIA;27
2025-12;Castilla - La Mancha;Guadalajara;OTROS FUELÓLEOS;0
2025-12;Castilla - La Mancha;Guadalajara;QUEROSENO AVIACIÓN;0
2025-12;Castilla - La Mancha;Guadalajara;OTROS QUEROSENOS;0
2025-12;Castilla - La Mancha;Guadalajara;GLP;863
2025-12;Castilla - La Mancha;Toledo;BIODIESEL;661
2025-12;Castilla - La Mancha;Toledo;GASÓLEO A;36815
2025-12;Castilla - La Mancha;Toledo;GASÓLEO B;17642
2025-12;Castilla - La Mancha;Toledo;GASÓLEO C;7514
2025-12;Castilla - La Mancha;Toledo;OTROS GASOLEOS;0
2025-12;Castilla - La Mancha;Toledo;BIOETANOL;0
2025-12;Castilla - La Mancha;Toledo;GASOLINA  AUTO. S/PB 95 I.O.;9771
2025-12;Castilla - La Mancha;Toledo;GASOLINA  AUTO. S/PB 98 I.O.;397
2025-12;Castilla - La Mancha;Toledo;OTRAS GASOLINAS;0
2025-12;Castilla - La Mancha;Toledo;FUELÓLEO  BIA;133
2025-12;Castilla - La Mancha;Toledo;OTROS FUELÓLEOS;0
2025-12;Castilla - La Mancha;Toledo;QUEROSENO AVIACIÓN;12
2025-12;Castilla - La Mancha;Toledo;OTROS QUEROSENOS;0
2025-12;Castilla - La Mancha;Toledo;GLP;3318
2025-12;Castilla y León;Ávila;BIODIESEL;111
2025-12;Castilla y León;Ávila;GASÓLEO A;7193
2025-12;Castilla y León;Ávila;GASÓLEO B;4143
2025-12;Castilla y León;Ávila;GASÓLEO C;1832
2025-12;Castilla y León;Ávila;OTROS GASOLEOS;0
2025-12;Castilla y León;Ávila;BIOETANOL;0
2025-12;Castilla y León;Ávila;GASOLINA  AUTO. S/PB 95 I.O.;2058
2025-12;Castilla y León;Ávila;GASOLINA  AUTO. S/PB 98 I.O.;75
2025-12;Castilla y León;Ávila;OTRAS GASOLINAS;0
2025-12;Castilla y León;Ávila;FUELÓLEO  BIA;0
2025-12;Castilla y León;Ávila;OTROS FUELÓLEOS;0
2025-12;Castilla y León;Ávila;QUEROSENO AVIACIÓN;0
2025-12;Castilla y León;Ávila;OTROS QUEROSENOS;0
2025-12;Castilla y León;Ávila;GLP;1300
2025-12;Castilla y León;Burgos;BIODIESEL;347
2025-12;Castilla y León;Burgos;GASÓLEO A;24206
2025-12;Castilla y León;Burgos;GASÓLEO B;9576
2025-12;Castilla y León;Burgos;GASÓLEO C;1775
2025-12;Castilla y León;Burgos;OTROS GASOLEOS;0
2025-12;Castilla y León;Burgos;BIOETANOL;0
2025-12;Castilla y León;Burgos;GASOLINA  AUTO. S/PB 95 I.O.;5456
2025-12;Castilla y León;Burgos;GASOLINA  AUTO. S/PB 98 I.O.;341
2025-12;Castilla y León;Burgos;OTRAS GASOLINAS;7
2025-12;Castilla y León;Burgos;FUELÓLEO  BIA;94
2025-12;Castilla y León;Burgos;OTROS FUELÓLEOS;0
2025-12;Castilla y León;Burgos;QUEROSENO AVIACIÓN;4
2025-12;Castilla y León;Burgos;OTROS QUEROSENOS;0
2025-12;Castilla y León;Burgos;GLP;1319
2025-12;Castilla y León;León;BIODIESEL;209
2025-12;Castilla y León;León;GASÓLEO A;23365
2025-12;Castilla y León;León;GASÓLEO B;11600
2025-12;Castilla y León;León;GASÓLEO C;7804
2025-12;Castilla y León;León;OTROS GASOLEOS;0
2025-12;Castilla y León;León;BIOETANOL;0
2025-12;Castilla y León;León;GASOLINA  AUTO. S/PB 95 I.O.;5629
2025-12;Castilla y León;León;GASOLINA  AUTO. S/PB 98 I.O.;330
2025-12;Castilla y León;León;OTRAS GASOLINAS;0
2025-12;Castilla y León;León;FUELÓLEO  BIA;75
2025-12;Castilla y León;León;OTROS FUELÓLEOS;0
2025-12;Castilla y León;León;QUEROSENO AVIACIÓN;43
2025-12;Castilla y León;León;OTROS QUEROSENOS;0
2025-12;Castilla y León;León;GLP;2482
2025-12;Castilla y León;Palencia;BIODIESEL;93
2025-12;Castilla y León;Palencia;GASÓLEO A;9551
2025-12;Castilla y León;Palencia;GASÓLEO B;7150
2025-12;Castilla y León;Palencia;GASÓLEO C;1194
2025-12;Castilla y León;Palencia;OTROS GASOLEOS;0
2025-12;Castilla y León;Palencia;BIOETANOL;0
2025-12;Castilla y León;Palencia;GASOLINA  AUTO. S/PB 95 I.O.;1917
2025-12;Castilla y León;Palencia;GASOLINA  AUTO. S/PB 98 I.O.;116
2025-12;Castilla y León;Palencia;OTRAS GASOLINAS;0
2025-12;Castilla y León;Palencia;FUELÓLEO  BIA;75
2025-12;Castilla y León;Palencia;OTROS FUELÓLEOS;0
2025-12;Castilla y León;Palencia;QUEROSENO AVIACIÓN;0
2025-12;Castilla y León;Palencia;OTROS QUEROSENOS;0
2025-12;Castilla y León;Palencia;GLP;625
2025-12;Castilla y León;Salamanca;BIODIESEL;126
2025-12;Castilla y León;Salamanca;GASÓLEO A;21732
2025-12;Castilla y León;Salamanca;GASÓLEO B;6647
2025-12;Castilla y León;Salamanca;GASÓLEO C;4600
2025-12;Castilla y León;Salamanca;OTROS GASOLEOS;0
2025-12;Castilla y León;Salamanca;BIOETANOL;0
2025-12;Castilla y León;Salamanca;GASOLINA  AUTO. S/PB 95 I.O.;3810
2025-12;Castilla y León;Salamanca;GASOLINA  AUTO. S/PB 98 I.O.;232
2025-12;Castilla y León;Salamanca;OTRAS GASOLINAS;6
2025-12;Castilla y León;Salamanca;FUELÓLEO  BIA;0
2025-12;Castilla y León;Salamanca;OTROS FUELÓLEOS;0
2025-12;Castilla y León;Salamanca;QUEROSENO AVIACIÓN;16
2025-12;Castilla y León;Salamanca;OTROS QUEROSENOS;0
2025-12;Castilla y León;Salamanca;GLP;1392
2025-12;Castilla y León;Segovia;BIODIESEL;149
2025-12;Castilla y León;Segovia;GASÓLEO A;9390
2025-12;Castilla y León;Segovia;GASÓLEO B;5607
2025-12;Castilla y León;Segovia;GASÓLEO C;3238
2025-12;Castilla y León;Segovia;OTROS GASOLEOS;0
2025-12;Castilla y León;Segovia;BIOETANOL;0
2025-12;Castilla y León;Segovia;GASOLINA  AUTO. S/PB 95 I.O.;2637
2025-12;Castilla y León;Segovia;GASOLINA  AUTO. S/PB 98 I.O.;138
2025-12;Castilla y León;Segovia;OTRAS GASOLINAS;0
2025-12;Castilla y León;Segovia;FUELÓLEO  BIA;0
2025-12;Castilla y León;Segovia;OTROS FUELÓLEOS;0
2025-12;Castilla y León;Segovia;QUEROSENO AVIACIÓN;0
2025-12;Castilla y León;Segovia;OTROS QUEROSENOS;0
2025-12;Castilla y León;Segovia;GLP;1225
2025-12;Castilla y León;Soria;BIODIESEL;58
2025-12;Castilla y León;Soria;GASÓLEO A;6123
2025-12;Castilla y León;Soria;GASÓLEO B;2990
2025-12;Castilla y León;Soria;GASÓLEO C;1675
2025-12;Castilla y León;Soria;OTROS GASOLEOS;0
2025-12;Castilla y León;Soria;BIOETANOL;0
2025-12;Castilla y León;Soria;GASOLINA  AUTO. S/PB 95 I.O.;1320
2025-12;Castilla y León;Soria;GASOLINA  AUTO. S/PB 98 I.O.;60
2025-12;Castilla y León;Soria;OTRAS GASOLINAS;8
2025-12;Castilla y León;Soria;FUELÓLEO  BIA;0
2025-12;Castilla y León;Soria;OTROS FUELÓLEOS;0
2025-12;Castilla y León;Soria;QUEROSENO AVIACIÓN;0
2025-12;Castilla y León;Soria;OTROS QUEROSENOS;0
2025-12;Castilla y León;Soria;GLP;415
2025-12;Castilla y León;Valladolid;BIODIESEL;270
2025-12;Castilla y León;Valladolid;GASÓLEO A;21373
2025-12;Castilla y León;Valladolid;GASÓLEO B;7386
2025-12;Castilla y León;Valladolid;GASÓLEO C;3542
2025-12;Castilla y León;Valladolid;OTROS GASOLEOS;0
2025-12;Castilla y León;Valladolid;BIOETANOL;0
2025-12;Castilla y León;Valladolid;GASOLINA  AUTO. S/PB 95 I.O.;6103
2025-12;Castilla y León;Valladolid;GASOLINA  AUTO. S/PB 98 I.O.;293
2025-12;Castilla y León;Valladolid;OTRAS GASOLINAS;2
2025-12;Castilla y León;Valladolid;FUELÓLEO  BIA;128
2025-12;Castilla y León;Valladolid;OTROS FUELÓLEOS;0
2025-12;Castilla y León;Valladolid;QUEROSENO AVIACIÓN;132
2025-12;Castilla y León;Valladolid;OTROS QUEROSENOS;0
2025-12;Castilla y León;Valladolid;GLP;1356
2025-12;Castilla y León;Zamora;BIODIESEL;54
2025-12;Castilla y León;Zamora;GASÓLEO A;17492
2025-12;Castilla y León;Zamora;GASÓLEO B;7273
2025-12;Castilla y León;Zamora;GASÓLEO C;1170
2025-12;Castilla y León;Zamora;OTROS GASOLEOS;0
2025-12;Castilla y León;Zamora;BIOETANOL;0
2025-12;Castilla y León;Zamora;GASOLINA  AUTO. S/PB 95 I.O.;2476
2025-12;Castilla y León;Zamora;GASOLINA  AUTO. S/PB 98 I.O.;161
2025-12;Castilla y León;Zamora;OTRAS GASOLINAS;0
2025-12;Castilla y León;Zamora;FUELÓLEO  BIA;0
2025-12;Castilla y León;Zamora;OTROS FUELÓLEOS;0
2025-12;Castilla y León;Zamora;QUEROSENO AVIACIÓN;0
2025-12;Castilla y León;Zamora;OTROS QUEROSENOS;0
2025-12;Castilla y León;Zamora;GLP;792
2025-12;Cataluña;Barcelona;BIODIESEL;1918
2025-12;Cataluña;Barcelona;GASÓLEO A;137255
2025-12;Cataluña;Barcelona;GASÓLEO B;26184
2025-12;Cataluña;Barcelona;GASÓLEO C;7257
2025-12;Cataluña;Barcelona;OTROS GASOLEOS;27017
2025-12;Cataluña;Barcelona;BIOETANOL;0
2025-12;Cataluña;Barcelona;GASOLINA  AUTO. S/PB 95 I.O.;65777
2025-12;Cataluña;Barcelona;GASOLINA  AUTO. S/PB 98 I.O.;2958
2025-12;Cataluña;Barcelona;OTRAS GASOLINAS;58
2025-12;Cataluña;Barcelona;FUELÓLEO  BIA;13418
2025-12;Cataluña;Barcelona;OTROS FUELÓLEOS;51950
2025-12;Cataluña;Barcelona;QUEROSENO AVIACIÓN;107720
2025-12;Cataluña;Barcelona;OTROS QUEROSENOS;0
2025-12;Cataluña;Barcelona;GLP;8228
2025-12;Cataluña;Girona;BIODIESEL;831
2025-12;Cataluña;Girona;GASÓLEO A;114111
2025-12;Cataluña;Girona;GASÓLEO B;6775
2025-12;Cataluña;Girona;GASÓLEO C;5705
2025-12;Cataluña;Girona;OTROS GASOLEOS;365
2025-12;Cataluña;Girona;BIOETANOL;0
2025-12;Cataluña;Girona;GASOLINA  AUTO. S/PB 95 I.O.;14960
2025-12;Cataluña;Girona;GASOLINA  AUTO. S/PB 98 I.O.;779
2025-12;Cataluña;Girona;OTRAS GASOLINAS;3
2025-12;Cataluña;Girona;FUELÓLEO  BIA;53
2025-12;Cataluña;Girona;OTROS FUELÓLEOS;0
2025-12;Cataluña;Girona;QUEROSENO AVIACIÓN;848
2025-12;Cataluña;Girona;OTROS QUEROSENOS;0
2025-12;Cataluña;Girona;GLP;4689
2025-12;Cataluña;Lleida;BIODIESEL;214
2025-12;Cataluña;Lleida;GASÓLEO A;26788
2025-12;Cataluña;Lleida;GASÓLEO B;11523
2025-12;Cataluña;Lleida;GASÓLEO C;2265
2025-12;Cataluña;Lleida;OTROS GASOLEOS;0
2025-12;Cataluña;Lleida;BIOETANOL;0
2025-12;Cataluña;Lleida;GASOLINA  AUTO. S/PB 95 I.O.;7241
2025-12;Cataluña;Lleida;GASOLINA  AUTO. S/PB 98 I.O.;386
2025-12;Cataluña;Lleida;OTRAS GASOLINAS;23
2025-12;Cataluña;Lleida;FUELÓLEO  BIA;49
2025-12;Cataluña;Lleida;OTROS FUELÓLEOS;0
2025-12;Cataluña;Lleida;QUEROSENO AVIACIÓN;99
2025-12;Cataluña;Lleida;OTROS QUEROSENOS;0
2025-12;Cataluña;Lleida;GLP;4241
2025-12;Cataluña;Tarragona;BIODIESEL;399
2025-12;Cataluña;Tarragona;GASÓLEO A;31743
2025-12;Cataluña;Tarragona;GASÓLEO B;6900
2025-12;Cataluña;Tarragona;GASÓLEO C;877
2025-12;Cataluña;Tarragona;OTROS GASOLEOS;3130
2025-12;Cataluña;Tarragona;BIOETANOL;0
2025-12;Cataluña;Tarragona;GASOLINA  AUTO. S/PB 95 I.O.;12525
2025-12;Cataluña;Tarragona;GASOLINA  AUTO. S/PB 98 I.O.;512
2025-12;Cataluña;Tarragona;OTRAS GASOLINAS;8
2025-12;Cataluña;Tarragona;FUELÓLEO  BIA;24
2025-12;Cataluña;Tarragona;OTROS FUELÓLEOS;0
2025-12;Cataluña;Tarragona;QUEROSENO AVIACIÓN;83
2025-12;Cataluña;Tarragona;OTROS QUEROSENOS;0
2025-12;Cataluña;Tarragona;GLP;2811
2025-12;Ceuta;Ceuta;BIODIESEL;0
2025-12;Ceuta;Ceuta;GASÓLEO A;989
2025-12;Ceuta;Ceuta;GASÓLEO B;0
2025-12;Ceuta;Ceuta;GASÓLEO C;55
2025-12;Ceuta;Ceuta;OTROS GASOLEOS;215
2025-12;Ceuta;Ceuta;BIOETANOL;0
2025-12;Ceuta;Ceuta;GASOLINA  AUTO. S/PB 95 I.O.;518
2025-12;Ceuta;Ceuta;GASOLINA  AUTO. S/PB 98 I.O.;84
2025-12;Ceuta;Ceuta;OTRAS GASOLINAS;0
2025-12;Ceuta;Ceuta;FUELÓLEO  BIA;2600
2025-12;Ceuta;Ceuta;OTROS FUELÓLEOS;12312
2025-12;Ceuta;Ceuta;QUEROSENO AVIACIÓN;54
2025-12;Ceuta;Ceuta;OTROS QUEROSENOS;0
2025-12;Ceuta;Ceuta;GLP;257
2025-12;Comunitat Valenciana;Alicante/Alacant;BIODIESEL;625
2025-12;Comunitat Valenciana;Alicante/Alacant;GASÓLEO A;52053
2025-12;Comunitat Valenciana;Alicante/Alacant;GASÓLEO B;4540
2025-12;Comunitat Valenciana;Alicante/Alacant;GASÓLEO C;3277
2025-12;Comunitat Valenciana;Alicante/Alacant;OTROS GASOLEOS;1964
2025-12;Comunitat Valenciana;Alicante/Alacant;BIOETANOL;0
2025-12;Comunitat Valenciana;Alicante/Alacant;GASOLINA  AUTO. S/PB 95 I.O.;25028
2025-12;Comunitat Valenciana;Alicante/Alacant;GASOLINA  AUTO. S/PB 98 I.O.;1145
2025-12;Comunitat Valenciana;Alicante/Alacant;OTRAS GASOLINAS;11
2025-12;Comunitat Valenciana;Alicante/Alacant;FUELÓLEO  BIA;138
2025-12;Comunitat Valenciana;Alicante/Alacant;OTROS FUELÓLEOS;0
2025-12;Comunitat Valenciana;Alicante/Alacant;QUEROSENO AVIACIÓN;23747
2025-12;Comunitat Valenciana;Alicante/Alacant;OTROS QUEROSENOS;0
2025-12;Comunitat Valenciana;Alicante/Alacant;GLP;9073
2025-12;Comunitat Valenciana;Castellón/Castelló;BIODIESEL;42
2025-12;Comunitat Valenciana;Castellón/Castelló;GASÓLEO A;22601
2025-12;Comunitat Valenciana;Castellón/Castelló;GASÓLEO B;2106
2025-12;Comunitat Valenciana;Castellón/Castelló;GASÓLEO C;1084
2025-12;Comunitat Valenciana;Castellón/Castelló;OTROS GASOLEOS;14705
2025-12;Comunitat Valenciana;Castellón/Castelló;BIOETANOL;0
2025-12;Comunitat Valenciana;Castellón/Castelló;GASOLINA  AUTO. S/PB 95 I.O.;8005
2025-12;Comunitat Valenciana;Castellón/Castelló;GASOLINA  AUTO. S/PB 98 I.O.;374
2025-12;Comunitat Valenciana;Castellón/Castelló;OTRAS GASOLINAS;15
2025-12;Comunitat Valenciana;Castellón/Castelló;FUELÓLEO  BIA;0
2025-12;Comunitat Valenciana;Castellón/Castelló;OTROS FUELÓLEOS;0
2025-12;Comunitat Valenciana;Castellón/Castelló;QUEROSENO AVIACIÓN;291
2025-12;Comunitat Valenciana;Castellón/Castelló;OTROS QUEROSENOS;0
2025-12;Comunitat Valenciana;Castellón/Castelló;GLP;2429
2025-12;Comunitat Valenciana;Valencia/València;BIODIESEL;606
2025-12;Comunitat Valenciana;Valencia/València;GASÓLEO A;93749
2025-12;Comunitat Valenciana;Valencia/València;GASÓLEO B;12833
2025-12;Comunitat Valenciana;Valencia/València;GASÓLEO C;2445
2025-12;Comunitat Valenciana;Valencia/València;OTROS GASOLEOS;8567
2025-12;Comunitat Valenciana;Valencia/València;BIOETANOL;0
2025-12;Comunitat Valenciana;Valencia/València;GASOLINA  AUTO. S/PB 95 I.O.;31323
2025-12;Comunitat Valenciana;Valencia/València;GASOLINA  AUTO. S/PB 98 I.O.;1230
2025-12;Comunitat Valenciana;Valencia/València;OTRAS GASOLINAS;4
2025-12;Comunitat Valenciana;Valencia/València;FUELÓLEO  BIA;247
2025-12;Comunitat Valenciana;Valencia/València;OTROS FUELÓLEOS;14189
2025-12;Comunitat Valenciana;Valencia/València;QUEROSENO AVIACIÓN;13407
2025-12;Comunitat Valenciana;Valencia/València;OTROS QUEROSENOS;1
2025-12;Comunitat Valenciana;Valencia/València;GLP;7588
2025-12;Extremadura;Badajoz;BIODIESEL;259
2025-12;Extremadura;Badajoz;GASÓLEO A;39720
2025-12;Extremadura;Badajoz;GASÓLEO B;7882
2025-12;Extremadura;Badajoz;GASÓLEO C;1027
2025-12;Extremadura;Badajoz;OTROS GASOLEOS;0
2025-12;Extremadura;Badajoz;BIOETANOL;0
2025-12;Extremadura;Badajoz;GASOLINA  AUTO. S/PB 95 I.O.;6637
2025-12;Extremadura;Badajoz;GASOLINA  AUTO. S/PB 98 I.O.;198
2025-12;Extremadura;Badajoz;OTRAS GASOLINAS;1
2025-12;Extremadura;Badajoz;FUELÓLEO  BIA;71
2025-12;Extremadura;Badajoz;OTROS FUELÓLEOS;0
2025-12;Extremadura;Badajoz;QUEROSENO AVIACIÓN;72
2025-12;Extremadura;Badajoz;OTROS QUEROSENOS;0
2025-12;Extremadura;Badajoz;GLP;3731
2025-12;Extremadura;Cáceres;BIODIESEL;157
2025-12;Extremadura;Cáceres;GASÓLEO A;18507
2025-12;Extremadura;Cáceres;GASÓLEO B;4166
2025-12;Extremadura;Cáceres;GASÓLEO C;1364
2025-12;Extremadura;Cáceres;OTROS GASOLEOS;0
2025-12;Extremadura;Cáceres;BIOETANOL;0
2025-12;Extremadura;Cáceres;GASOLINA  AUTO. S/PB 95 I.O.;4399
2025-12;Extremadura;Cáceres;GASOLINA  AUTO. S/PB 98 I.O.;135
2025-12;Extremadura;Cáceres;OTRAS GASOLINAS;0
2025-12;Extremadura;Cáceres;FUELÓLEO  BIA;104
2025-12;Extremadura;Cáceres;OTROS FUELÓLEOS;0
2025-12;Extremadura;Cáceres;QUEROSENO AVIACIÓN;0
2025-12;Extremadura;Cáceres;OTROS QUEROSENOS;0
2025-12;Extremadura;Cáceres;GLP;2249
2025-12;Galicia;Coruña, A;BIODIESEL;308
2025-12;Galicia;Coruña, A;GASÓLEO A;42884
2025-12;Galicia;Coruña, A;GASÓLEO B;8975
2025-12;Galicia;Coruña, A;GASÓLEO C;8438
2025-12;Galicia;Coruña, A;OTROS GASOLEOS;3520
2025-12;Galicia;Coruña, A;BIOETANOL;0
2025-12;Galicia;Coruña, A;GASOLINA  AUTO. S/PB 95 I.O.;11628
2025-12;Galicia;Coruña, A;GASOLINA  AUTO. S/PB 98 I.O.;575
2025-12;Galicia;Coruña, A;OTRAS GASOLINAS;4
2025-12;Galicia;Coruña, A;FUELÓLEO  BIA;2980
2025-12;Galicia;Coruña, A;OTROS FUELÓLEOS;781
2025-12;Galicia;Coruña, A;QUEROSENO AVIACIÓN;3857
2025-12;Galicia;Coruña, A;OTROS QUEROSENOS;0
2025-12;Galicia;Coruña, A;GLP;5336
2025-12;Galicia;Lugo;BIODIESEL;151
2025-12;Galicia;Lugo;GASÓLEO A;18120
2025-12;Galicia;Lugo;GASÓLEO B;5269
2025-12;Galicia;Lugo;GASÓLEO C;5403
2025-12;Galicia;Lugo;OTROS GASOLEOS;1303
2025-12;Galicia;Lugo;BIOETANOL;0
2025-12;Galicia;Lugo;GASOLINA  AUTO. S/PB 95 I.O.;3167
2025-12;Galicia;Lugo;GASOLINA  AUTO. S/PB 98 I.O.;140
2025-12;Galicia;Lugo;OTRAS GASOLINAS;0
2025-12;Galicia;Lugo;FUELÓLEO  BIA;10
2025-12;Galicia;Lugo;OTROS FUELÓLEOS;0
2025-12;Galicia;Lugo;QUEROSENO AVIACIÓN;0
2025-12;Galicia;Lugo;OTROS QUEROSENOS;0
2025-12;Galicia;Lugo;GLP;2215
2025-12;Galicia;Ourense;BIODIESEL;161
2025-12;Galicia;Ourense;GASÓLEO A;13963
2025-12;Galicia;Ourense;GASÓLEO B;1960
2025-12;Galicia;Ourense;GASÓLEO C;7820
2025-12;Galicia;Ourense;OTROS GASOLEOS;0
2025-12;Galicia;Ourense;BIOETANOL;0
2025-12;Galicia;Ourense;GASOLINA  AUTO. S/PB 95 I.O.;3108
2025-12;Galicia;Ourense;GASOLINA  AUTO. S/PB 98 I.O.;256
2025-12;Galicia;Ourense;OTRAS GASOLINAS;0
2025-12;Galicia;Ourense;FUELÓLEO  BIA;106
2025-12;Galicia;Ourense;OTROS FUELÓLEOS;0
2025-12;Galicia;Ourense;QUEROSENO AVIACIÓN;8
2025-12;Galicia;Ourense;OTROS QUEROSENOS;0
2025-12;Galicia;Ourense;GLP;2270
2025-12;Galicia;Pontevedra;BIODIESEL;430
2025-12;Galicia;Pontevedra;GASÓLEO A;38016
2025-12;Galicia;Pontevedra;GASÓLEO B;6172
2025-12;Galicia;Pontevedra;GASÓLEO C;8549
2025-12;Galicia;Pontevedra;OTROS GASOLEOS;9868
2025-12;Galicia;Pontevedra;BIOETANOL;0
2025-12;Galicia;Pontevedra;GASOLINA  AUTO. S/PB 95 I.O.;9719
2025-12;Galicia;Pontevedra;GASOLINA  AUTO. S/PB 98 I.O.;567
2025-12;Galicia;Pontevedra;OTRAS GASOLINAS;1
2025-12;Galicia;Pontevedra;FUELÓLEO  BIA;639
2025-12;Galicia;Pontevedra;OTROS FUELÓLEOS;446
2025-12;Galicia;Pontevedra;QUEROSENO AVIACIÓN;1060
2025-12;Galicia;Pontevedra;OTROS QUEROSENOS;0
2025-12;Galicia;Pontevedra;GLP;4790
2025-12;Madrid, Comunidad de;Madrid;BIODIESEL;2975
2025-12;Madrid, Comunidad de;Madrid;GASÓLEO A;150534
2025-12;Madrid, Comunidad de;Madrid;GASÓLEO B;15783
2025-12;Madrid, Comunidad de;Madrid;GASÓLEO C;31554
2025-12;Madrid, Comunidad de;Madrid;OTROS GASOLEOS;50
2025-12;Madrid, Comunidad de;Madrid;BIOETANOL;0
2025-12;Madrid, Comunidad de;Madrid;GASOLINA  AUTO. S/PB 95 I.O.;80494
2025-12;Madrid, Comunidad de;Madrid;GASOLINA  AUTO. S/PB 98 I.O.;3091
2025-12;Madrid, Comunidad de;Madrid;OTRAS GASOLINAS;39
2025-12;Madrid, Comunidad de;Madrid;FUELÓLEO  BIA;227
2025-12;Madrid, Comunidad de;Madrid;OTROS FUELÓLEOS;1500
2025-12;Madrid, Comunidad de;Madrid;QUEROSENO AVIACIÓN;245543
2025-12;Madrid, Comunidad de;Madrid;OTROS QUEROSENOS;0
2025-12;Madrid, Comunidad de;Madrid;GLP;12992
2025-12;Melilla;Melilla;BIODIESEL;0
2025-12;Melilla;Melilla;GASÓLEO A;1244
2025-12;Melilla;Melilla;GASÓLEO B;0
2025-12;Melilla;Melilla;GASÓLEO C;0
2025-12;Melilla;Melilla;OTROS GASOLEOS;0
2025-12;Melilla;Melilla;BIOETANOL;0
2025-12;Melilla;Melilla;GASOLINA  AUTO. S/PB 95 I.O.;630
2025-12;Melilla;Melilla;GASOLINA  AUTO. S/PB 98 I.O.;0
2025-12;Melilla;Melilla;OTRAS GASOLINAS;0
2025-12;Melilla;Melilla;FUELÓLEO  BIA;2708
2025-12;Melilla;Melilla;OTROS FUELÓLEOS;0
2025-12;Melilla;Melilla;QUEROSENO AVIACIÓN;174
2025-12;Melilla;Melilla;OTROS QUEROSENOS;0
2025-12;Melilla;Melilla;GLP;206
2025-12;Murcia, Región de;Murcia;BIODIESEL;1955
2025-12;Murcia, Región de;Murcia;GASÓLEO A;79347
2025-12;Murcia, Región de;Murcia;GASÓLEO B;12906
2025-12;Murcia, Región de;Murcia;GASÓLEO C;1642
2025-12;Murcia, Región de;Murcia;OTROS GASOLEOS;2371
2025-12;Murcia, Región de;Murcia;BIOETANOL;0
2025-12;Murcia, Región de;Murcia;GASOLINA  AUTO. S/PB 95 I.O.;15664
2025-12;Murcia, Región de;Murcia;GASOLINA  AUTO. S/PB 98 I.O.;766
2025-12;Murcia, Región de;Murcia;OTRAS GASOLINAS;4
2025-12;Murcia, Región de;Murcia;FUELÓLEO  BIA;171
2025-12;Murcia, Región de;Murcia;OTROS FUELÓLEOS;0
2025-12;Murcia, Región de;Murcia;QUEROSENO AVIACIÓN;856
2025-12;Murcia, Región de;Murcia;OTROS QUEROSENOS;0
2025-12;Murcia, Región de;Murcia;GLP;5970
2025-12;Navarra, Comunidad Foral de;Navarra;BIODIESEL;645
2025-12;Navarra, Comunidad Foral de;Navarra;GASÓLEO A;51482
2025-12;Navarra, Comunidad Foral de;Navarra;GASÓLEO B;9102
2025-12;Navarra, Comunidad Foral de;Navarra;GASÓLEO C;1475
2025-12;Navarra, Comunidad Foral de;Navarra;OTROS GASOLEOS;0
2025-12;Navarra, Comunidad Foral de;Navarra;BIOETANOL;0
2025-12;Navarra, Comunidad Foral de;Navarra;GASOLINA  AUTO. S/PB 95 I.O.;7644
2025-12;Navarra, Comunidad Foral de;Navarra;GASOLINA  AUTO. S/PB 98 I.O.;272
2025-12;Navarra, Comunidad Foral de;Navarra;OTRAS GASOLINAS;1
2025-12;Navarra, Comunidad Foral de;Navarra;FUELÓLEO  BIA;294
2025-12;Navarra, Comunidad Foral de;Navarra;OTROS FUELÓLEOS;0
2025-12;Navarra, Comunidad Foral de;Navarra;QUEROSENO AVIACIÓN;85
2025-12;Navarra, Comunidad Foral de;Navarra;OTROS QUEROSENOS;0
2025-12;Navarra, Comunidad Foral de;Navarra;GLP;1726
2025-12;País Vasco;Araba/Álava;BIODIESEL;314
2025-12;País Vasco;Araba/Álava;GASÓLEO A;40851
2025-12;País Vasco;Araba/Álava;GASÓLEO B;3192
2025-12;País Vasco;Araba/Álava;GASÓLEO C;1521
2025-12;País Vasco;Araba/Álava;OTROS GASOLEOS;0
2025-12;País Vasco;Araba/Álava;BIOETANOL;0
2025-12;País Vasco;Araba/Álava;GASOLINA  AUTO. S/PB 95 I.O.;2930
2025-12;País Vasco;Araba/Álava;GASOLINA  AUTO. S/PB 98 I.O.;186
2025-12;País Vasco;Araba/Álava;OTRAS GASOLINAS;0
2025-12;País Vasco;Araba/Álava;FUELÓLEO  BIA;25
2025-12;País Vasco;Araba/Álava;OTROS FUELÓLEOS;0
2025-12;País Vasco;Araba/Álava;QUEROSENO AVIACIÓN;1133
2025-12;País Vasco;Araba/Álava;OTROS QUEROSENOS;0
2025-12;País Vasco;Araba/Álava;GLP;792
2025-12;País Vasco;Bizkaia;BIODIESEL;861
2025-12;País Vasco;Bizkaia;GASÓLEO A;31852
2025-12;País Vasco;Bizkaia;GASÓLEO B;8497
2025-12;País Vasco;Bizkaia;GASÓLEO C;5168
2025-12;País Vasco;Bizkaia;OTROS GASOLEOS;1205
2025-12;País Vasco;Bizkaia;BIOETANOL;0
2025-12;País Vasco;Bizkaia;GASOLINA  AUTO. S/PB 95 I.O.;9297
2025-12;País Vasco;Bizkaia;GASOLINA  AUTO. S/PB 98 I.O.;506
2025-12;País Vasco;Bizkaia;OTRAS GASOLINAS;1
2025-12;País Vasco;Bizkaia;FUELÓLEO  BIA;129
2025-12;País Vasco;Bizkaia;OTROS FUELÓLEOS;0
2025-12;País Vasco;Bizkaia;QUEROSENO AVIACIÓN;6656
2025-12;País Vasco;Bizkaia;OTROS QUEROSENOS;0
2025-12;País Vasco;Bizkaia;GLP;2001
2025-12;País Vasco;Gipuzkoa;BIODIESEL;340
2025-12;País Vasco;Gipuzkoa;GASÓLEO A;53897
2025-12;País Vasco;Gipuzkoa;GASÓLEO B;1856
2025-12;País Vasco;Gipuzkoa;GASÓLEO C;454
2025-12;País Vasco;Gipuzkoa;OTROS GASOLEOS;459
2025-12;País Vasco;Gipuzkoa;BIOETANOL;0
2025-12;País Vasco;Gipuzkoa;GASOLINA  AUTO. S/PB 95 I.O.;7324
2025-12;País Vasco;Gipuzkoa;GASOLINA  AUTO. S/PB 98 I.O.;462
2025-12;País Vasco;Gipuzkoa;OTRAS GASOLINAS;1
2025-12;País Vasco;Gipuzkoa;FUELÓLEO  BIA;25
2025-12;País Vasco;Gipuzkoa;OTROS FUELÓLEOS;0
2025-12;País Vasco;Gipuzkoa;QUEROSENO AVIACIÓN;430
2025-12;País Vasco;Gipuzkoa;OTROS QUEROSENOS;0
2025-12;País Vasco;Gipuzkoa;GLP;2267
2025-12;Rioja, La;Rioja, La;BIODIESEL;177
2025-12;Rioja, La;Rioja, La;GASÓLEO A;13346
2025-12;Rioja, La;Rioja, La;GASÓLEO B;4372
2025-12;Rioja, La;Rioja, La;GASÓLEO C;2999
2025-12;Rioja, La;Rioja, La;OTROS GASOLEOS;0
2025-12;Rioja, La;Rioja, La;BIOETANOL;0
2025-12;Rioja, La;Rioja, La;GASOLINA  AUTO. S/PB 95 I.O.;3106
2025-12;Rioja, La;Rioja, La;GASOLINA  AUTO. S/PB 98 I.O.;140
2025-12;Rioja, La;Rioja, La;OTRAS GASOLINAS;4
2025-12;Rioja, La;Rioja, La;FUELÓLEO  BIA;51
2025-12;Rioja, La;Rioja, La;OTROS FUELÓLEOS;0
2025-12;Rioja, La;Rioja, La;QUEROSENO AVIACIÓN;29
2025-12;Rioja, La;Rioja, La;OTROS QUEROSENOS;0
2025-12;Rioja, La;Rioja, La;GLP;756
